"num_empenho_orcamento";"num_processo_sist_elet_info"
"3280200012500037027";"03222982025000835627"
"1960100032400041933";"01949752024007055386"
"1960100032400076982";"01949752024007755361"
"2110100072200003704";"02121362022000291263"
"1110100382100028124";"01156142021003830297"
"1110100382100028299";"01156142021003144695"
"2080101042300004020";"030175312023022559420"
"1960100032300079845";"01949752023016236575"
"3410100012400010205";"042172942024000112734"
"1960100032100110113";"01949752021013197925"
"1960100032100112566";"01949752021013576861"
"1110100942300010012";"01155712023006780684"
"1130300012400027657";"07174782024002417498"
"1960100031900046048";"01949752019001175112"
"3410100022500003472";"04228292025000051969"
"1960100032500053340";"01949752025008221701"
"1960100032400013522";"01949752024002647790"
"1960100032400057813";"01949752024003577183"
"2220100011900016910";"05445862019000249052"
"1110100462300041298";"01155792023006345978"
"2080101032400002507";"030161182024019625509"
"2080100232400002393";"030150102024021283786"
"1960100032500077861";"01949752025017543481"
"1960100032500012458";"01949752025002447538"
"1960100032500051781";"01949752025009648458"
"1960100032500017212";"01949752025003654456"
"1130300012500040372";"07174782025002777533"
"2130100012100014574";"06914652021000083469"
"2130100012100013977";"06914652021000083469"
"1960100032300063507";"01949752023010624182"
"1050100012200016820";"03249452022000640797"
"2080100962400012018";"03026692024019727104"
"2080100962400011917";"03026692024019727104"
"2080100952400026828";"03026852024024597675"
"2080100952400014579";"03026852024016724591"
"1960100032100103532";"01949752021011362139"
"1960100032100114135";"01949752021014236541"
"1960100032100052301";"01949752021002619106"
"1960100032100130769";"01949752021014216010"
"1960100032400038193";"01949752024002609944"
"1110100382200009914";"01156142022006864576"
"3280200012400003705";"03222982024000070409"
"3280200012400047524";"03222982024000555755"
"1960100032300076234";"01949752023016208610"
"1960100032300081009";"01949752023016576597"
"3210100032500000903";"03213132025000040873"
"3210100032500020106";"03213132025000815531"
"1960100032000011399";"01949752019011701992"
"1110100382500020729";"01156182025002865979"
"1960100031900097580";"01949752019013511007"
"1960100032500052336";"01949752025008221116"
"1960100032400061667";"019155652024011503411"
"1960100032400043669";"01949752024004993938"
"1960100032400094190";"01949752024010272911"
"1960100032400094379";"01949752024019115818"
"1960100032000094715";"01949752020012357839"
"1110100462300039587";"01155792023006205963"
"1960100032200027296";"01949752022004835915"
"1960100032200014771";"01949752022003245651"
"1960100032200039162";"01949752022006795171"
"1960100032200096301";"01949752022018227807"
"2080100232400002334";"030150102024021283786"
"1960100032500110433";"01950502025021518018"
"1960100032500006849";"01949752025000534191"
"1960100032500077304";"01949752025017546740"
"1960100032500000972";"01949752025000526767"
"1960100032500006903";"01949752025000561597"
"1960100032500070717";"01949752025015298161"
"1960100032500023433";"01949752025003654880"
"1960100032500031568";"01949752025006603071"
"1960100032500094500";"019127922025012381713"
"1960100032500108439";"01949752025023889491"
"1960100032200052363";"01949752022008405711"
"2130100012100019908";"06914652021000361370"
"3280200012500019479";"03222982025000197248"
"3280200012500020361";"03222982025000406424"
"1960100032100102285";"01949752021011781531"
"1960100032100111187";"01949752021014232554"
"1960100032400078314";"01949752024007755361"
"1960100032400080017";"01949752024014539822"
"1960100032400079582";"01949752024014539822"
"1110100462200064097";"01155792022007145050"
"1010100012400018977";"01023912024000263900"
"1960100032300051363";"01949752023010794266"
"1960100032300016339";"01949752023003445413"
"1960100032300108047";"01949752023021414788"
"3210100032500023997";"03213132025000633009"
"3210100032500032899";"03213132025001253480"
"1130100322300000530";"07478542023003376906"
"2130100012400001471";"06914652023000652384"
"3410100012400009207";"042172942024000113030"
"1960100032100101564";"01949752021010914901"
"1110100382500012971";"01156182024000106972"
"1130300012400043741";"07174782024004024418"
"1960100031900091930";"01949752019010096734"
"1960100031900046013";"01949752019001175112"
"1960100031900093763";"01949752019010097200"
"1960100542500019508";"01985312025015385007"
"2220100012300011114";"05445792023000294325"
"1960100032400079361";"01949752024013347113"
"1960100032400034651";"01950502023018544737"
"1960100032400012135";"01949752024002073921"
"1960100032400109147";"01949752024022037261"
"1960100032400102843";"01949752024020861269"
"2130100012500017478";"06914862025000167054"
"1110100942500013985";"01155712025008538661"
"1960100032500014132";"01949752025001340616"
"1110100942500014681";"01155742025006901477"
"1960100032200012124";"01949752022002698155"
"1960100032200022448";"01949752022004428431"
"1960100032200026567";"01949752022004835583"
"1960100032200015670";"01949752022002946582"
"1960100032200105130";"01949752022019598159"
"1960100032500109893";"01949752025024212371"
"1960100032500050406";"01949752025010438674"
"1960100032500070679";"01949752025015297866"
"1960100032500035121";"01949752025006598646"
"1960100032500023107";"01949752025002421318"
"1960100032500005516";"01949752025000563883"
"2130100012100014280";"06914652021000083469"
"2130100012100013691";"06914652021000083469"
"3280200012600005677";"03222982026000208721"
"1050100011900015282";"03249432019000419456"
"3280200012500018324";"03222982024001216679"
"3280200012500041725";"03222982025000698701"
"3280200012500036391";"03222982025000725619"
"1960100032100017296";"01949752021002883628"
"1960100032100024438";"01949752021002980071"
"1960100032100102854";"01949752021011531691"
"1960100032100105446";"01949752021011089114"
"1110100382300013276";"01155202023005686243"
"1110100382000002633";"01156162020001338259"
"1960100032400079833";"01949752024014539822"
"2810100012100009256";"02822052021000218314"
"3280200012400052501";"03222982024000606414"
"1960100032300050911";"01949752023010852215"
"1960100032300080673";"01949752023016236575"
"3210100032500020701";"03213132025000591080"
"3210100032500014009";"03213132025000517785"
"3210100032500021889";"03213132025000869380"
"3210100032500009811";"03213132025000185928"
"1960100042300016301";"01951552023010962078"
"1130200012400065891";"07241552024003962111"
"3410100022500004045";"04228292025000086835"
"1110100382500011533";"01156182024000106972"
"1960100031900064437";"01949752019007812416"
"1960100031900024389";"01949752019001128378"
"1960100031900064542";"01949752019007825496"
"1960100032400017137";"01949752024001416859"
"1960100032400011971";"01949752024002131122"
"1960100032400018567";"01949752024003571142"
"1960100032400054350";"01949752024010274956"
"1960100032400013311";"01949752024002649067"
"1960100032400053613";"01950502023016828690"
"1960100032400053508";"01950502023016828690"
"1110100942500005796";"01155712025006266311"
"1110100382100034681";"01156162021004920880"
"1110100382100034728";"01156162021004920880"
"1960100032000032825";"01949752020002789931"
"1960100032200101747";"01949752022018526898"
"1960100032200027288";"01949752022004835915"
"1960100032200079474";"01949752022014292396"
"1960100032200027784";"01949752022004838922"
"1960100032200012558";"01949752022002877327"
"1960100032500109753";"01949752025024212371"
"1960100032500070571";"01949752025015297866"
"1960100032500001601";"01949752025000521536"
"1960100032500030081";"01949752025006602007"
"1960100032500065500";"01949752025010864851"
"1960100032500103429";"01949752025023890406"
"1960100032500108919";"01949752025023889491"
"1960100032500030545";"01949752025002440100"
"1130300012100020655";"07174782021001790117"
"1960100032200052355";"01949752022008405711"
"2130100012100014051";"06914652021000083469"
"1960100032000104575";"01949752020014071347"
"1960100032300047129";"01949752023009148101"
"3280200012500037760";"03222982025000707467"
"3280200012500013942";"03222982025000137261"
"3280200012500037681";"03222982025000750630"
"3280200012500037779";"03222982025000755275"
"3280200012500018316";"03222982025000251714"
"3280200012500027730";"03222982025000436099"
"2080100962400012115";"03026692024019727104"
"1960100032100011263";"01949752021001966112"
"1110100382300013081";"01155202023005686243"
"3210100032400004637";"03213132024000391306"
"1010100012400016494";"01023912024000234128"
"1110100832400001873";"01192542024009908306"
"3280200012400051866";"03222982024000661601"
"1110100381900014252";"01156142019006505947"
"1960100032300061814";"01949752023013344342"
"1960100032300017971";"01949752023003445090"
"1960100032300075629";"01949752023016234360"
"1960100032300109191";"01950502023016868993"
"1960100032300053961";"01949752023010875185"
"1960100032300078733";"01949752023016231859"
"3210100032500020637";"03213132025000749724"
"3210100032500023164";"03213132025000941757"
"2080101042500003424";"030175312025019317862"
"1960100032100112116";"01949752021013576861"
"1960100032100104891";"01949752021011091780"
"2130100012400009276";"06914862024000154211"
"1960100031900064836";"01949752019007814702"
"1960100031900038444";"01949752019001481141"
"2210100012500020910";"02222422025000410547"
"1960100032500052050";"01949752025008221116"
"1960100032400084136";"01949752024007920150"
"1960100032400046196";"01949752024005119549"
"1960100032400102754";"01949752024020848327"
"1960100032400012021";"01949752024002131122"
"1960100032400078411";"01949752024015483049"
"1960100032400022823";"01949752024003592654"
"1960100032400094621";"01949752024019115818"
"2130100011900028114";"06914652019000104412"
"1960100032000032728";"01949752020002470616"
"1960100032000076075";"01949752020009307397"
"1110100462300029107";"01155772023003827535"
"1110100462300041344";"01155792023006372860"
"1960100032200068553";"01949752022012486762"
"1960100032200026052";"01949752022004835231"
"1960100032200060935";"01949752022011411971"
"1960100032200068669";"01949752022012468276"
"1960100032200079709";"01949752022014292558"
"1960100032200096433";"01949752022018175491"
"1960100032200037755";"01949752022006418203"
"1960100032200037712";"01949752022006418203"
"1960100032200068987";"01949752022012345603"
"1960100032500081506";"01949752025017545697"
"1960100032500001804";"01949752025000568923"
"1960100032500057583";"01949752025012156099"
"1960100032500035415";"01949752025006598646"
"1960100032500035024";"01949752025006598646"
"1960100032500102023";"01949752025023889815"
"1960100032500081824";"01949752025017547550"
"1110100832300001869";"01192542023008735482"
"2130100012100014256";"06914652021000083469"
"2130100012100012652";"06914692021000197234"
"1960100032300111511";"01949752023017144313"
"1960100032300063302";"01949752023010624182"
"1130300012500036758";"07132902025003473576"
"3280200012500012660";"03222982025000036236"
"3280200012500018014";"03222982025000133941"
"1960100032100033437";"01949752021002983924"
"1960100032400038045";"01949752024002609944"
"1050100012100016923";"03249452021000390811"
"1110100382200002626";"01156142022003596007"
"3280200012400061802";"03222982024000706630"
"3280200012400051858";"03222982024000691691"
"1110100832200002249";"01192542022009352314"
"1960100032300107156";"01949752023021418856"
"1960100032300076064";"01949752023016235170"
"1960100032300075378";"01949752023016230615"
"3210100032500023989";"03213132025000784121"
"3210100032500013835";"03213132025000517866"
"2080101042500000433";"030175312025004378933"
"2080300132400008422";"08993462024004855478"
"3410100022500004312";"04228292025000081876"
"1110100012500066885";"011163272025005461479"
"3410100022500002263";"04228292025000051705"
"1960100032400102827";"01949752024020848327"
"1960100032400023201";"01949752024003577931"
"1960100032400108248";"01949752024021591311"
"1960100032400022025";"01949752024003612949"
"1960100032400018842";"01949752024003572718"
"1960100031900085299";"01949752019010397513"
"1960100032200026184";"01949752022004835231"
"1960100032200087965";"01949752022016414839"
"1960100032200079652";"01949752022014292558"
"1960100032200068332";"01949752022012335128"
"1130300012400032774";"07136562024003545193"
"1960100032500105669";"01949752025023889319"
"1960100032500007225";"01949752025000561597"
"1960100032500007268";"01949752025000561597"
"1960100032500103240";"01949752025023904636"
"1960100032500002533";"01949752025000557212"
"1960100032200052320";"01949752022008405711"
"1130300012500041379";"07137362025002743220"
"2130100012100013829";"06914652021000083469"
"2130100012100012636";"06914692021000197234"
"2230100011900020294";"06219832019000354346"
"2230100011900018834";"06219832019000326725"
"2230100011900018664";"06219832019000329911"
"2080100942400017813";"030156672024016687454"
"1960100032100113686";"01949752021014507162"
"1960100032100105438";"01949752021011089114"
"1960100032400042050";"01949752024007055386"
"1960100032400038037";"01949752024002609944"
"1960100032400038101";"01949752024002609944"
"1110100462200078128";"01155792022007594792"
"2080101002300009678";"030132152023014407197"
"2810100012100009302";"02822052021000218314"
"1110100462500034047";"01155772025007976049"
"1050100012000013111";"03249472020000345801"
"1960100032300016657";"01949752023003445090"
"3210100032500011727";"03213132025000438991"
"1960100032100110083";"01949752021013197925"
"1960100031900090519";"01949752019008973031"
"1960100031900089774";"01949752019011894006"
"1960100031900064658";"01949752019007826115"
"1960100032500051984";"01949752025008221116"
"1960100032500039631";"01949752025008171763"
"1960100032500058431";"01949752025008221701"
"1960100032400054679";"01949752024010272155"
"1960100032400033086";"01949752024006134801"
"1960100032400108523";"01949752024021591311"
"1110100382100034841";"01156162021004920880"
"1110100461900154366";"01155782019005453325"
"1960100032000094774";"01949752020012352012"
"1960100032000081168";"01949752020009635050"
"1960100032000090795";"01949752020009547789"
"1960100032000095657";"01949752020009075160"
"1960100032200027040";"01949752022004852593"
"1960100032200024191";"01949752022004851783"
"1960100032500006768";"01949752025000534191"
"1960100032500105685";"01949752025023889319"
"1960100032500030626";"01949752025003655347"
"1960100032500092923";"019127922025012373702"
"1960100032500002231";"01949752025000557212"
"1960100032500081832";"01949752025017547550"
"2130100012100020450";"06914652021000361370"
"1960100032300082544";"01949752023011815062"
"3810100032400010598";"08217392024000390565"
"3280200012500042251";"03222982025000004466"
"1960100032100010402";"01949752021001978471"
"1960100032100105608";"01949752021011116952"
"1110100382000002471";"01156162020001338259"
"1960100032400080041";"01949752024014539822"
"1960100032400076699";"01949752024007755361"
"1110100382100035058";"01156142021006475145"
"1960100012500121295";"01951862025024217840"
"1110100462400011824";"01155792024005558260"
"3280200012400047338";"03222982024000611680"
"1960100032300112109";"01949752023021831117"
"1960100032300017718";"01949752023003446576"
"1960100032300078423";"01949752023016231859"
"3210100032500018462";"03213132025000663412"
"3210100032500005387";"03213132025000166389"
"3210100032500004607";"03213132025000223013"
"3410100012400010256";"042172942024000112734"
"1960100032000011291";"01949752019011701992"
"1960100042300016281";"01951552023010935348"
"3410100022500001437";"04228292025000027910"
"2080100252100000282";"030147792021002729019"
"1960100031900025180";"01949752019001250505"
"1110100012500073490";"011163272025009482373"
"1960100032500104646";"01949752025023653111"
"1130300012500053164";"07137362025004743481"
"1960100032400058526";"01949752024010271698"
"1960100032400011031";"01949752024002090001"
"1960100032400020421";"01949752024003570502"
"1960100032400023048";"01949752024003577931"
"1960100032400021800";"01949752024003612949"
"1960100032500101469";"01949752025019813443"
"1110100942500014914";"01155742025007737271"
"1110100462300047032";"01155792023007058000"
"1960100032200096220";"01949752022018068903"
"1960100032200024289";"01949752022004834510"
"1960100032200096298";"01949752022018227807"
"1960100032200069622";"01949752022012345603"
"1960100032500081409";"01949752025017545697"
"1960100032500005656";"01949752025000563883"
"1960100032500063656";"01949752025010864851"
"1130100212200002436";"07471292022004206034"
"2130100012200009621";"06914652022000165458"
"2080100732500033813";"030196362025014613111"
"2230100011900019016";"06219832019000336101"
"3280200012500028443";"03222982025000390595"
"1960100032100016192";"01949752021001718216"
"1960100032100100738";"01949752021011115557"
"1960100032100111322";"01949752021014232988"
"2130100012200016210";"06914652022000175925"
"3210100032600005810";"03213132026000155108"
"1960100032400076656";"01949752024007755361"
"1110100832400001903";"01192542024009466524"
"2220100012400014381";"05445822024000214506"
"3280200012400048581";"03222982024000657671"
"3280200012400054822";"03222982024000656861"
"3280200012400026330";"03222982024000391892"
"1960100032300099447";"01949752023019996902"
"1960100032300061695";"01949752023013338024"
"1960100032300098815";"01950502023019773713"
"3210100032500009994";"03213132025000327064"
"3410100012400009061";"042172942024000112653"
"1960100032100109956";"01949752021013197925"
"1960100031900097610";"01949752019013511007"
"1960100032500104654";"01949752025023653111"
"1960100032400013573";"01949752024002647790"
"1960100032400058461";"01949752024010271698"
"1960100032400054482";"01949752024010274956"
"1960100032400034732";"01950502023018544737"
"1960100032400085566";"01949752024016706815"
"1960100032400020049";"01949752024003578155"
"1960100032400103211";"01949752024020861269"
"1110100382400005989";"01156182024000106972"
"1110100382400005148";"01156182023010564191"
"1960100032500003122";"01949752025000792815"
"1960100032500015791";"01949752025001340616"
"1110100461900154341";"01155782019005453163"
"1960100032000053687";"01949752020002789779"
"2080100252200000139";"030147792022001913003"
"1960100032200012205";"01949752022002698155"
"1960100032200012043";"01949752022002880204"
"1960100032500070733";"01949752025015298161"
"1960100032500051631";"01949752025009648458"
"1960100032500037345";"01949752025007491896"
"1960100032500002614";"01949752025000557212"
"1960100032500009880";"01949752025002460216"
"3410100012100008637";"042149732021000037696"
"1960100032100113971";"01949752021014507162"
"1130300012300039659";"07174782023002435967"
"1960100032400079957";"01949752024014539822"
"3010100042300001292";"004173302023000148629"
"1110100382100035155";"01156142021005047727"
"3280200012400052552";"03222982024000722244"
"3280200012400057937";"03222982024000665267"
"3280200012400053532";"03222982024000598136"
"1960100032300051878";"01949752023010995750"
"1960100032300107253";"01949752023021418856"
"1960100032300075701";"01949752023016234360"
"1960100032300075645";"01949752023016234360"
"1960100032300010594";"01949752023002103241"
"1960100032300075191";"01949752023013241888"
"3210100032500018098";"03213132025000664737"
"3210100032500028859";"03213132025001164380"
"1130300012400025883";"07174782023003564809"
"1960100031900096452";"01949752019011927966"
"1960100031900060989";"01949752019007825496"
"1110100012500054844";"011163272025008973730"
"2010200012500009132";"09981442025000281551"
"1960100032500039518";"01949752025008171763"
"1960100032400028678";"01949752024004987881"
"1960100032400053583";"01950502023016828690"
"1960100032400029550";"01949752024005135749"
"2130100011900028130";"06914652019000104412"
"1050100012500012679";"03249452025000533071"
"1960100032200068561";"01949752022012486762"
"1960100032200025374";"01949752022004838418"
"1960100032500103992";"01949752025023890074"
"1960100032500070806";"01949752025015298161"
"1960100032500001995";"01949752025000546954"
"1960100032500103925";"01949752025023902935"
"1960100032500057060";"019149562024012679839"
"1960100032500010031";"01949752025002460216"
"1960100032200052185";"01949752022008405711"
"1960100032200074741";"01949752022008440621"
"2210100012200018900";"02222352022000318597"
"2130100012100014681";"06914652021000083469"
"2130100012100014620";"06914652021000083469"
"2230100011900018907";"06219832019000329074"
"2230100011900021886";"06219832019000390733"
"3280200012600005839";"03222982026000210547"
"2080100942400017848";"030156672024016687454"
"1960100032100111063";"01949752021014217164"
"1960100032100092921";"01949752021002627711"
"1960100032100105373";"01949752021011089114"
"1960100032400079515";"01949752024014539822"
"3410100012200004581";"042151342022000014860"
"1110100382100034345";"01156142021005607293"
"3280200012400043642";"03222982024000652874"
"1960100032300076323";"01949752023016234793"
"1960100032300019311";"01949752023003304194"
"1960100032300096405";"01949752023019990700"
"1960100032300078555";"01949752023016231859"
"3210100032500023970";"03213132025000784716"
"3210100032500010852";"03213132025000415192"
"3210100032500009463";"03213132025000349033"
"3210100032500009455";"03213132025000349033"
"3210100032500017695";"03213132025000571488"
"1130100092300004252";"07469332023000322776"
"2130100012400005696";"06914652024000026026"
"1960100032100109999";"01949752021013197925"
"1960100032100110350";"01949752021013197925"
"1960100031900070674";"01949752019007812165"
"3410100022500004037";"04228292025000086835"
"1960100032400102711";"01949752024020848327"
"1960100032400054652";"01949752024010272155"
"1960100032400097513";"01949752024020226245"
"1960100032400008782";"01949752024001419793"
"1960100032400058666";"01949752024010274280"
"1960100032400023153";"01949752024003577931"
"1960100032400085779";"01949752024016706815"
"1960100032400040309";"01950502023016870629"
"1110100382400005156";"01156182023010564191"
"1960100032000032711";"01949752020002470616"
"1960100032000081257";"01949752020009636021"
"2080100032200000451";"03030262022005003187"
"1960100031900057201";"01949752019005464381"
"1960100032200027016";"01949752022004852593"
"1960100032200027709";"01949752022004838922"
"1960100032200079245";"01949752022014290342"
"1960100032500002479";"01949752025000557212"
"1960100032500080828";"01949752025018269936"
"1130100212200004390";"07471292022004209301"
"2130100012100014418";"06914652021000083469"
"2130100012100012806";"06914692021000197234"
"1110100012200064265";"01155712022008393881"
"1960100032000104257";"01949752020013925105"
"1960100032300082625";"01949752023011815062"
"1960100032300046920";"01949752023009148101"
"2210100052500000188";"02222422025000511220"
"1110100382300013209";"01155202023005686243"
"1960100032400076648";"01949752024007755361"
"1110100462200084675";"01155792022008141279"
"3210100032400004671";"03213132024000336623"
"2080101002300009422";"030132152023002223789"
"2710100052300001362";"027134382023000327865"
"3280200012400050241";"03222982024000665003"
"1960100032300010519";"01949752023002102946"
"1960100032300016363";"01949752023003445413"
"3210100032500019205";"03213132025000650604"
"3210100032500006383";"03213132025000251220"
"3210100032500011247";"03213132025000452217"
"3210100032500004593";"03213132025000223013"
"1130100092300006980";"07478812023003894335"
"1960100031900064518";"01949752019007205943"
"1960100031900064755";"01949752019007391470"
"1960100031900093682";"01949752019011927028"
"1960100031900021177";"01949752019001252541"
"1110100012500073504";"011163272025009268614"
"1960100542500019451";"01985312025015393018"
"1960100032400021649";"01949752024003578741"
"1960100032400079310";"01949752024013347113"
"1960100032400023021";"01949752024003577931"
"1960100032400053710";"01950502023016828690"
"1960100032400053524";"01950502023016828690"
"1960100032400019393";"01949752024003591097"
"1960100032400058216";"01949752024010274875"
"1960100032400029437";"01949752024005135749"
"1960100032400040171";"01950502023016870629"
"2130100012500035700";"06914652025000468739"
"1960100032500088675";"01949752025017089829"
"1960100032000090841";"01949752020009547789"
"1960100032000083640";"01949752020009000071"
"1110100462300047318";"01155792023007058930"
"1960100032200020909";"01949752022003215158"
"1960100032500110506";"01950502025021518018"
"1960100032500023360";"01949752025003654880"
"1960100032500001790";"01949752025000568923"
"1960100032500074259";"01949752025015031599"
"1960100032500002282";"01949752025000557212"
"1960100032500108889";"01949752025023889491"
"1960100032500108587";"01949752025023889491"
"2130100012100012865";"06914692021000197234"
"1960100032000104087";"01949752020013994093"
"1960100032300063401";"01949752023010624182"
"2230100011900021231";"06219832019000384768"
"3280200012500039550";"03222982025000587623"
"2080100732400034998";"030132222024022417738"
"2080100942400017775";"030156672024016687110"
"1960100032100017253";"01949752021002883628"
"1960100032100111004";"01949752021014217164"
"2130100012200016199";"06914652022000175925"
"1110100382000002331";"01156162020001338259"
"1110100382000002595";"01156162020001338259"
"1110100382100034329";"01156142021005607293"
"1110100831900002578";"01192542019008362193"
"3280200012400061268";"03222982024001165403"
"3280200012400054806";"03222982024000613712"
"1960100032300050871";"01949752023010852215"
"1960100032300010314";"01949752023002360562"
"1960100032300016045";"01949752023003307029"
"1960100032300020050";"01949752023003451316"
"1960100032300080886";"01949752023016576597"
"1960100032300018404";"01949752023003066153"
"1960100032300054087";"01949752023010875185"
"1960100032300078628";"01949752023016231859"
"3210100032500020531";"03213132025000836881"
"3210100032500011271";"03213132025000410981"
"3210100032500007096";"03213132025000187467"
"3210100032500009821";"03213132025000337027"
"1130100302500006111";"07478452025007008114"
"1960100031900020758";"01949752019001129269"
"1960100031900025989";"01949752019001481141"
"1960100031900038452";"01949752019001481141"
"1110100012500073644";"011163272025010315230"
"1960100542500019321";"01985312025015374145"
"3410100022500003987";"04228292025000119512"
"1960100032400054954";"01949752024010274611"
"1960100032500010651";"01949752025001352967"
"1960100032000086119";"01949752020010833129"
"1960100032000081192";"01949752020009636021"
"1960100032200012094";"01949752022002880204"
"1960100032200025366";"01949752022004838418"
"1960100032200026141";"01949752022004835231"
"1960100032200096379";"01949752022018073494"
"1960100032200024750";"01949752022004833114"
"1960100032500012350";"01949752025002447538"
"1960100032500070873";"01949752025015298161"
"1960100032500007101";"01949752025000561597"
"1960100032500001863";"01949752025000521536"
"1960100032500103178";"01949752025023904636"
"1960100032500103887";"01949752025023902935"
"1960100032500031258";"01949752025006603071"
"1130300012500024326";"07107252025002641802"
"1960100032300046858";"01949752023009148101"
"1130300012500037878";"07132902025003800950"
"3280200012500039232";"03222982025000586651"
"3280200012500034206";"03222982025000586228"
"2080100962400011951";"03026692024019727104"
"1960100032100103575";"01949752021011788624"
"1110100382000002382";"01156162020001338259"
"1960100032400014421";"01949752024000762478"
"1110100462200005252";"01155772022001767798"
"1110100012400061791";"011163272024005540751"
"3280200012400050614";"03222982024000677354"
"1960100032300075238";"01949752023016230615"
"3210100032500032929";"03213132025001253480"
"3210100032500020351";"03213132025000302746"
"3410100012400009177";"042172942024000113030"
"1110100382500020745";"01156182025002865979"
"1110100012500055247";"011163272025009028311"
"1960100032400102770";"01949752024020848327"
"1960100032400008618";"01949752024001421186"
"1960100032400023137";"01949752024003577931"
"1960100032400017773";"01949752024002148793"
"1960100032400022203";"01949752024003612949"
"1110100942500013950";"01155712025008538661"
"1110100942500007098";"01155712025007790545"
"1960100032000080943";"01949752020009613919"
"1110100462300034992";"01155792023005450212"
"1960100032200025080";"01949752022004850469"
"1960100032200024343";"01949752022004834510"
"2130100012100014922";"06914752021000040201"
"1960100032500012369";"01949752025002447538"
"1960100032500105642";"01949752025023889319"
"1960100032500014361";"01949752025002462928"
"1960100032500017336";"01949752025003653999"
"1960100032500021831";"01949752025005141499"
"1960100032500074240";"01949752025015031599"
"1960100032500057885";"01949752025012156099"
"1960100032500002584";"01949752025000557212"
"1960100032500026327";"01949752025003655690"
"1960100032500103062";"01949752025023890236"
"1960100032200052274";"01949752022008405711"
"2130100012100014248";"06914652021000083469"
"2130100012100013799";"06914652021000083469"
"2130100012100020094";"06914652021000361370"
"1960100032300046963";"01949752023009148101"
"1130400012300058142";"07385262023003416771"
"2230100011900020359";"06219832019000354516"
"2010100012500006075";"03099642025002568817"
"1050100011900014863";"03287022019000309299"
"3280200012500035857";"03222982025000808735"
"3280200012500034540";"03222982025000667571"
"2080100732400036869";"030196362024023807046"
"2130100012200016172";"06914652022000175925"
"1960100032400076710";"01949752024007755361"
"1110100462200092831";"01155792022008341448"
"1110100832400001679";"01192542024006258483"
"1110100382200011498";"01187502022004204213"
"1960100012400114049";"01983582024021800373"
"3280200012400062701";"03222982024000709655"
"1960100032300016606";"01949752023003446576"
"1960100032300075599";"01949752023016234360"
"1960100032300016169";"01949752023003307029"
"1960100032300106923";"01949752023021409601"
"3210100032500011344";"03213132025000437323"
"3210100032500022321";"03213132025000625839"
"3210100032500009889";"03213132025000374496"
"3210100032500018268";"03213132025000634315"
"3210100032500011557";"03213132025000364857"
"2080300132400008376";"08993462024004856610"
"1960100031900091851";"01949752019001253512"
"1960100031900061748";"01949752019007633589"
"1960100031900062051";"01949752019007826115"
"2210100012500019548";"02222422025000347411"
"1960100032400018435";"01949752024003571142"
"1960100032400061527";"019155652024011503411"
"1960100032400023080";"01949752024003577931"
"1960100032400046625";"01949752024004997330"
"1960100032400021363";"01949752024003578155"
"1960100032400058259";"01949752024010274875"
"1110100382100034809";"01156162021004920880"
"1110100461900157810";"01155782019005452787"
"1960100032000089630";"01949752020011143401"
"1960100032200027271";"01949752022004835915"
"1960100032200024531";"01949752022004833114"
"1960100032200068421";"01949752022012335128"
"1960100032200015107";"01949752022002946582"
"1960100032200064981";"01949752022011895308"
"2080100112300001160";"030126962023014057078"
"1960100032500077673";"01949752025017543481"
"1960100032500110050";"01949752025024212371"
"1960100032500008205";"01949752025000560604"
"1960100032500002207";"01949752025000556755"
"1960100032500066337";"01949752025010864851"
"1960100032500103615";"01949752025023890406"
"1960100032500002649";"01949752025000557212"
"1960100032500030723";"01949752025002440100"
"1960100032500080798";"01949752025018269936"
"2130100012100014019";"06914652021000083469"
"2130100012100013608";"06914652021000083469"
"2130100012100014191";"06914652021000083469"
"2130100012100012776";"06914692021000197234"
"1960101082000001239";"01990372020003825933"
"1960100032300063558";"01949752023010624182"
"2230100011900021878";"06219832019000392515"
"3280200012500042365";"03222982025000221645"
"2080100272400004751";"030193292024022897563"
"2080100272400004761";"030193292024022897482"
"1960100032100098997";"01949752021011088304"
"1110100382000002481";"01156162020001338259"
"3210100032600004326";"03213132026000043644"
"1960100032400042336";"01949752024007055386"
"1960100032400037715";"01949752024002609944"
"1960100012500112970";"01951862025023613237"
"3210100032400008543";"03213132024000753658"
"2080100942300014788";"030156672023021287182"
"1110100462000049151";"01155762020003069053"
"1130300012500027902";"07136652025002972063"
"1110100381900017561";"01156142019007794900"
"3210100032500011638";"03213132025000448520"
"3210100032500018241";"03213132025000631995"
"3210100032500030578";"03213132025001215472"
"3210100032500017911";"03213132025000576617"
"2130100012400005793";"06914652024000026026"
"1960100032400092481";"01949752024011230448"
"1960100032500104591";"01949752025023653111"
"1960100032400019636";"01949752024003613414"
"1960100032400020332";"01949752024003570502"
"1960100032000085414";"01949752020010545921"
"1960100032000091112";"01949752020009619798"
"1960100032000089940";"01949752020011106468"
"1960100032200012604";"01949752022002719845"
"1960100032200014666";"01949752022003245651"
"1960100032200015311";"01949752022003216472"
"1960100032200096239";"01949752022018227807"
"1960100032500008094";"01949752025000560604"
"1960100032500007586";"01949752025000560191"
"1960100032500007616";"01949752025000560191"
"1960100032500063621";"01949752025010864851"
"1960100032500031347";"01949752025006603071"
"1960100032500002411";"01949752025000557212"
"2080100272500003431";"030193292025021457056"
"2130100012100020019";"06914652021000361370"
"3280200012600002856";"03222982025001281412"
"3280200012500037744";"03222982025000931006"
"1960100032100111330";"01949752021014232988"
"2110100072400007850";"02121142024000014612"
"1110100382200005153";"01156142022004343854"
"1110100382200011587";"01187502022004204213"
"3280200012400057988";"03222982024000654575"
"1110100832200002257";"01192542022009113166"
"1960100032300066972";"01949752023013340789"
"1960100032300075459";"01949752023016234360"
"1960100032300010306";"01949752023002360562"
"1960100032300016207";"01949752023003445413"
"3210100032500011468";"03213132025000411014"
"1130100322300000344";"07478542023002644044"
"3410100012400009126";"042172942024000113030"
"1960100032100110016";"01949752021013197925"
"1960100031900078543";"01949752019004772821"
"1110100382500020761";"01156182025002865979"
"1960100031900067381";"01949752019007392794"
"1960100031900046293";"01949752019001175112"
"1960100031900062043";"01949752019007826115"
"1960100032500052281";"01949752025008221116"
"1960100032400084071";"01949752024007920150"
"1960100032400018494";"01949752024003571142"
"1960100032400020510";"01949752024003570502"
"1960100032400019377";"01949752024003591097"
"1960100032400102886";"01949752024020861269"
"1960100032400102924";"01949752024020861269"
"1960100032400040163";"01950502023016870629"
"1110100382400006020";"01156182024000106972"
"2130100012500035603";"06914652025000469468"
"1960100032500035717";"01949752025004219907"
"1960100032500013489";"01949752025001340616"
"1130100202100004593";"07477752021005973688"
"1110100462300047059";"01155792023007058182"
"1960100032200027032";"01949752022004852593"
"1960100032200096204";"01949752022018175491"
"1960100032500109877";"01949752025024212371"
"1960100032500006741";"01949752025000534191"
"1960100032500006873";"01949752025000561597"
"1960100032500002517";"01949752025000557212"
"1960100032500081921";"01949752025017547550"
"2130100012100013713";"06914652021000083469"
"2230100011900020278";"06219832019000354427"
"2230100011900019423";"06219832019000335635"
"3280200012500041628";"03222982025000627943"
"1960100032400076702";"01949752024007755361"
"1960100032400037634";"01949752024002609944"
"1210100032100000427";"08217452021000371506"
"1110100462200057171";"01155772022002534126"
"2810100012100009213";"02822052021000218314"
"1110100012400061714";"011163272024009472474"
"1110100462400007169";"01155792024004198502"
"1110100462400051109";"01155772024009763025"
"3280200012400055063";"03222982024000653927"
"1960100032300017076";"01949752023003442741"
"1960100032300111102";"01949752023021417116"
"1960100032300107131";"01949752023021418856"
"1960100032300052122";"01949752023010794266"
"1960100032300076390";"01949752023016208610"
"1960100032300079837";"01949752023016236575"
"1960100032300078741";"01949752023016231859"
"3210100032500025760";"03213132025000913117"
"3410100012400008952";"042172942024000112904"
"1960100032000011364";"01949752019011701992"
"3410100022400001866";"042172962024000097471"
"1130300012400047038";"07174782024004047451"
"2130100012400023104";"06914862024000468312"
"1130300012400031786";"07134412024002904803"
"1960100031900038223";"01949752019001168914"
"1960100031900031199";"01949752019001329195"
"2220100012400014705";"05445812024000425488"
"1110100012500056200";"011163272025008963262"
"1960100012400117943";"01983582024022204383"
"1960100032500104271";"01949752025023653111"
"1960100032500040109";"01949752025008171763"
"1960100032500094659";"01949752025019762512"
"1960100032400079124";"01949752024015669223"
"1960100032400084063";"01949752024007920150"
"1960100032400023072";"01949752024003577931"
"1960100032400023110";"01949752024003577931"
"1960100032400108541";"01949752024021591311"
"1960100032400094409";"01949752024019115818"
"1110100942500014833";"01155742025011377276"
"1960100032000089754";"01949752020011555262"
"1960100032000032736";"01949752020002470616"
"1960100032000078711";"01949752020009002952"
"1960100032000089703";"01949752020011193336"
"1960100032000101401";"01949752020009216162"
"2080100252200002700";"030147792022019454728"
"1960100031900085256";"01949752019010397513"
"1110100462300035735";"01155792023005519514"
"1960100032200025447";"01949752022004838418"
"1960100032200060854";"01949752022011411971"
"1960100032200068456";"01949752022012335128"
"1960100032500077797";"01949752025017543481"
"1960100032500110395";"01949752025024212371"
"1960100032500031185";"01949752025006603071"
"1960100032500005664";"01949752025000563883"
"3810100032500012994";"08217412025000449089"
"3410100032500003399";"042151342025000112741"
"2210100012200019818";"02222352022000371307"
"2130100012100014507";"06914652021000083469"
"2130100012100014264";"06914652021000083469"
"2130100012100012873";"06914692021000197234"
"1960100032300063531";"01949752023010624182"
"1960100032300046939";"01949752023009148101"
"2230100011900019040";"06219832019000331567"
"3280200012500041776";"03222982025000667490"
"3280200012500042330";"03222982025000197914"
"1960100032100063964";"01949752021002627117"
"1110100382300013217";"01155202023005686243"
"2110100072400007869";"02121142024000014612"
"1130100322000000916";"07485542020002576117"
"3280200012400055055";"03222982024000682013"
"3280200012400059123";"03222982024000611841"
"1960100032300017191";"01949752023003445090"
"1960100032300075971";"01949752023016234793"
"1960100032300016215";"01949752023003445413"
"1960100032300076031";"01949752023016235170"
"1960100032300106850";"01949752023021409601"
"1960100032300079926";"01949752023016236575"
"3210100032500005158";"03213132025000185251"
"3210100032500020041";"03213132025000590199"
"2130100012400007753";"06914652024000125512"
"3410100012400008936";"042172942024000112904"
"1960100032100101947";"01949752021010914901"
"2080100162100003541";"03026942021011821888"
"1960100031900091663";"01949752019012332982"
"1960100031900064623";"01949752019007826115"
"1110100012500053521";"011163272025005050096"
"1110100012500067075";"011163272025010288755"
"1960100032400097610";"01949752024020227306"
"1960100032400013409";"01949752024002071472"
"1960100032400054504";"01949752024010274956"
"1960100032400019717";"01949752024003613414"
"1960100032400078403";"01949752024015483049"
"1960100032400057831";"01949752024003577183"
"1960100032400020431";"01949752024003573439"
"1960100032400109120";"01949752024022037261"
"1960100032400109181";"01949752024022037261"
"1960100032400018990";"01949752024003572718"
"1110100382400005725";"01156182024000106972"
"1960100032500011516";"01949752025001252661"
"1110100382100034612";"01156162021004920880"
"1960100032000087646";"01949752020011147067"
"1960100032200060927";"01949752022011411971"
"1960100032200079628";"01949752022014292558"
"1960100032500104026";"01949752025023901530"
"1960100032500104034";"01949752025023901530"
"1960100032500007314";"01949752025000561597"
"1960100032500103909";"01949752025023902935"
"1960100032500010277";"01949752025002438628"
"1960100032500037531";"01949752025007491896"
"1960100032500074712";"01949752025015031599"
"1960100032500030502";"01949752025002440100"
"1960100032500010013";"01949752025002460216"
"2080100272500002516";"030193292025013955620"
"1110100942400011449";"01155712024009233405"
"3280200012500028508";"03222982025000016634"
"3280200012500018529";"03222982025000251986"
"2080100272400005431";"030193292024024418093"
"1960100032100116928";"01949752021014235651"
"2130100012200016245";"06914652022000175925"
"1110100382000002676";"01156162020001338259"
"1110100382000002390";"01156162020001338259"
"1960100032400042514";"01949752024007055386"
"1960100032400042468";"01949752024007055386"
"1960100032400014677";"01949752024000762478"
"1960100032400079590";"01949752024014539822"
"1960100012500101235";"01951862025021539251"
"1110100831900001911";"01192542019007889406"
"2080100202300001070";"030120772023006629906"
"1960100032300080452";"01949752023016249634"
"1960100032300106915";"01949752023021409601"
"1960100032300099511";"01950502023019773713"
"1960100032300054060";"01949752023010875185"
"3210100032500013703";"03213132025000518676"
"3210100032500024241";"03213132025000867093"
"3210100032500031590";"03213132025001255342"
"3210100032500022443";"03213132025000891555"
"3210100032500017504";"03213132025000497229"
"2130100012400005823";"06914652024000026026"
"1960100032100112329";"01949752021013576861"
"1960100032100109980";"01949752021013197925"
"1960100031900088905";"01949752019011927290"
"1960100032500051925";"01949752025008221116"
"1960100032400034473";"01949752024006104138"
"1960100032400061561";"019155652024011503411"
"1960100032400094311";"01949752024019115818"
"1960100032400040201";"01950502023016870629"
"1110100382400005792";"01156182024000106972"
"1110100382400005164";"01156182023010564191"
"2130100012500035336";"06914652025000467686"
"1110100942500006652";"01155712025006414604"
"1110100382100034701";"01156162021004920880"
"1960100032000091333";"01949752020011118806"
"1960100032000086161";"01949752020011093714"
"1960100032000075745";"01949752020009045333"
"1960100031900085371";"01949752019010397513"
"1960100032200012833";"01949752022002879885"
"1960100032200025005";"01949752022004850469"
"2080100232400002792";"030150102024021283786"
"1960100032500077691";"01949752025017543481"
"1960100032500110360";"01949752025024212371"
"1960100032500050597";"01949752025010438674"
"1960100032500017379";"01949752025003653999"
"1960100032500021902";"01949752025005141499"
"1960100032500108978";"01949752025023889491"
"2080100732500033805";"030196362025014613111"
"2130100012100013985";"06914652021000083469"
"2130100012100019940";"06914652021000361370"
"2230100011900018801";"06219832019000325834"
"3280200012500040974";"03222982025001007183"
"3280200012500035865";"03222982025000793282"
"3280200012500042098";"03222982025000142265"
"1960100032100100721";"01949752021011103621"
"1960100032100130483";"01949752021012894355"
"2220100012400015027";"02222422024000737791"
"3210100032600004679";"03213132026000154390"
"1960100032400079949";"01949752024014539822"
"1960100032400079663";"01949752024014539822"
"1960100032400080122";"01949752024014539822"
"1110100832400001946";"01192542024009464319"
"1110100462400006227";"01155792024003804573"
"3280200012400058313";"03222982024000685292"
"3280200012400049381";"03222982024000692914"
"3280200012400057198";"03222982024000301222"
"1960100032300075841";"01949752023016214920"
"1960100032300108454";"01949752023021543677"
"1960100032300016282";"01949752023003445413"
"1960100032300109248";"01950502023016868993"
"1960100032300112206";"01949752023021401295"
"3210100032500018535";"03213132025000665113"
"3210100032500020394";"03213132025000302746"
"2130100012400001518";"06914652023000652384"
"1130300012400043814";"07174782024000234582"
"1960100031900046307";"01949752019001175112"
"1110100012500073776";"011163272025011534326"
"1960100542500019524";"01985312025015388529"
"1960100032500039615";"01949752025008171763"
"1960100032400079086";"01949752024015669223"
"1960100032400075641";"01949752024014894215"
"1960100032400075463";"01949752024014910784"
"1960100032400007700";"01949752024001419360"
"1960100032400019741";"01949752024003613414"
"1960100032400046668";"01949752024004997330"
"1960100032400020669";"01949752024003573439"
"1960100032400020529";"01949752024003573439"
"1960100032400020189";"01949752024003578155"
"1960100032400056035";"01949752024010272236"
"1960100032400102878";"01949752024020861269"
"1960100032400094352";"01949752024019115818"
"1960100032400094468";"01949752024019115818"
"1110100942500006628";"01155712025006344801"
"1960100032500035598";"01949752025004219907"
"1110100381900018444";"01156142019004393386"
"1960100032000038734";"01949752020002776791"
"1960100032000030075";"01949752020002445760"
"1960100032000081265";"01949752020009636021"
"1960100032000075931";"01949752020009307982"
"1960100032200027024";"01949752022004852593"
"1960100032200060870";"01949752022011411971"
"1960100032200024221";"01949752022004834510"
"1960100032500101388";"01949752025023889572"
"1960100032500007470";"01949752025000560191"
"1960100032500051690";"01949752025009648458"
"1960100032500009791";"01949752025002460216"
"3410100032500003348";"042172942025000111861"
"2080100272500004071";"030193292025024750633"
"1960100032000103803";"01949752020013988522"
"1960100032300046912";"01949752023009148101"
"1110100382100034965";"01156142021006473878"
"3280200012500028397";"03222982025000583474"
"2080100272400004875";"030193292024023492443"
"2080100942400021871";"030156672024021859934"
"1960100032100100827";"01949752021002574757"
"1960100032100130505";"01949752021012894355"
"3210100032600002277";"03213132026000004584"
"1960100032400042352";"01949752024007055386"
"1960100032400014782";"01949752024000762478"
"1960100032400076990";"01949752024007755361"
"1110100462400011360";"01155792024005380266"
"1960100032300021359";"01949752023003452380"
"1960100032300019931";"01949752023003451316"
"1960100032300019036";"01949752023003304194"
"1960100032300018481";"01949752023003066153"
"1960100032300099153";"01950502023019773713"
"1960100032300112559";"01949752023021401295"
"1960100032300078717";"01949752023016231859"
"3210100032500023008";"03213132025000898304"
"3210100032500022176";"03213132025000612184"
"2080100732500014940";"030196342025011374294"
"2080100942500015211";"030156672025016846375"
"2130100012400001526";"06914652023000652384"
"2130100012400006471";"06914652024000026026"
"1960100032100101671";"01949752021010914901"
"1960100032100112442";"01949752021013576861"
"3280200012300004241";"03222982023000290173"
"1960100032400040856";"01949752024001725720"
"1960100031900079043";"01949752019004772821"
"1130300012400042877";"07174782024004079816"
"3410100032400002991";"042172962024000096741"
"1960100031900064801";"01949752019007633589"
"1960100031900025997";"01949752019001481141"
"1110100012500055557";"011163272025008209070"
"1110100012500073598";"011163272025010313610"
"1960100542500019419";"01985312025015390931"
"1130100292200000423";"07478062022001267192"
"1960100032500053235";"01949752025008221701"
"1960100032400046757";"01949752024004997330"
"1960100032400017714";"01949752024002148793"
"1960100032400053664";"01950502023016828690"
"1960100032400108361";"01949752024021591311"
"1960100032400022416";"01949752024003612949"
"2130100012500036340";"06914652025000470989"
"1110100942500004366";"01155712025005780755"
"1110100942500012059";"01155712025008777810"
"1110100942500009201";"01155712025006874605"
"1960100032500101175";"01949752025019813443"
"1110100382100034574";"01156162021004920880"
"1960100032000096866";"01949752020012767221"
"1960100032200079032";"01949752022014290342"
"1960100032500077355";"01949752025017546740"
"1960100032500008371";"01949752025000560604"
"1960100032500101701";"01949752025023889815"
"1960100032500030928";"01949752025002440100"
"2080100732500033872";"030196362025014614011"
"2130100012500018091";"06914862025000175235"
"2130100012500024733";"06914862025000355055"
"2080100272400005308";"030193292024024030613"
"2080100272400005261";"030193292024024268512"
"1110100382300014507";"01155172023006873998"
"1960100012500127145";"019188432025024597099"
"1110100012400061587";"011163272024004497860"
"3280200012400062272";"03222982024000783111"
"3280200012400058631";"03222982024000657167"
"1110100381900017571";"01156142019007794900"
"1960100032300075531";"01949752023016214920"
"1960100032300112028";"01949752023021824251"
"1960100032300019354";"01949752023003304194"
"3210100032500017245";"03213132025000552696"
"3410100012400008898";"042172942024000112904"
"1960100032100112485";"01949752021013576861"
"3410100022500003723";"04228292025000100251"
"1960100031900037847";"01949752019001478271"
"1960100031900021215";"01949752019001252541"
"1110100012500066818";"011163272025008285175"
"1960100542500019397";"01985312025015385694"
"1960100032500104638";"01949752025023653111"
"1960100032500039887";"01949752025008171763"
"1960100032400083989";"01949752024007920150"
"1960100032400013441";"01949752024002071472"
"1960100032400020723";"01949752024003578155"
"1960100032400021959";"01949752024003612949"
"1960100032400022092";"01949752024003612949"
"1960100032400103254";"01949752024020861269"
"2130100011900028181";"06914652019000104412"
"1110100942500006751";"01155712025006318478"
"1960100032000078604";"01949752020009002952"
"1960100032000090906";"01949752020011556153"
"1110100462300035530";"01155792023005495658"
"1960100032200022502";"01949752022004428431"
"1960100032200067840";"01949752022012441408"
"1960100032200067591";"01949752022012471498"
"1960100032200024483";"01949752022004833114"
"1960100032200068995";"01949752022012345603"
"1130300012400037016";"07137242024002998421"
"1960100032500022070";"01949752025004969817"
"1960100032500021783";"01949752025005141499"
"1960100032500014566";"01949752025003281757"
"1960100032200052290";"01949752022008405711"
"2130100012100013861";"06914652021000083469"
"2130100012100020353";"06914652021000361370"
"1110100012200064362";"01155712022008401574"
"1960100032300047099";"01949752023009148101"
"2230100011900019059";"06219832019000332610"
"2130100012500032264";"06914862025000373541"
"3280200012500041784";"03222982025000713513"
"3280200012500028400";"03222982025000582583"
"1960100032100122774";"01949752021002625688"
"1960100032100111160";"01949752021014237947"
"1960100032100100819";"01949752021002574757"
"1960100032100111081";"01949752021014238838"
"3210100032600005713";"03213132026000030071"
"1960100032400079922";"01949752024014539822"
"1960100032400037987";"01949752024002609944"
"2710100052400002802";"02714372024000450011"
"1110100462400006243";"01155792024003805201"
"1960100032300051843";"01949752023010995750"
"1960100032300010470";"01949752023002103161"
"1960100032300015782";"01949752023003450417"
"1960100032300112877";"01949752023021401295"
"3210100032500008467";"03213132025000338511"
"3210100032500011441";"03213132025000473397"
"3210100032500011689";"03213132025000438991"
"2130100012300028304";"06914862023000613168"
"2080101042500000441";"030175312025004378933"
"1960100032100112213";"01949752021013576861"
"1960100031900090500";"01949752019008973031"
"1960100031900037911";"01949752019001172199"
"1960100031900021134";"01949752019001195482"
"1960100032500053081";"01949752025008221701"
"1960100032400084101";"01949752024007920150"
"1960100032400078608";"01949752024014968014"
"1960100032400058704";"01949752024010274280"
"1960100032400046651";"01949752024004997330"
"1960100032400020065";"01949752024003578155"
"1960100032400013298";"01949752024002649067"
"1960100032500011419";"01949752025001252661"
"1960100032000069079";"01949752020009303057"
"1960100032200079301";"01949752022014239916"
"1960100032200018580";"01949752022003695770"
"1960100032200065007";"01949752022011895308"
"2080100032300001797";"03030262023015294860"
"1960100032500007721";"01949752025000560191"
"1960100032500030065";"01949752025006602007"
"1960100032500012326";"01949752025002458904"
"1960100032200074774";"01949752022008440621"
"3910100022400005056";"09317602024000348241"
"1960100032300063647";"01949752023010624182"
"2230100011900020316";"06219832019000354265"
"2230100011900018672";"06219832019000328931"
"3280200012600002112";"03222982026000152911"
"2130100012500022803";"06914862025000166759"
"3280200012500034291";"03222982025000628419"
"3280200012500044392";"03222982025001226225"
"1960100032100011239";"01949752021001966112"
"1960100032100099039";"01949752021011088304"
"1960100032100110962";"01949752021014217164"
"2130100012200016301";"06914652022000175925"
"1960100032400042328";"01949752024007055386"
"1960100032400037855";"01949752024002609944"
"2080100192300005113";"03001402023016203222"
"1010100012400019000";"01023912024000263900"
"1960100032300107148";"01949752023021418856"
"1960100032300080541";"01949752023016249634"
"3210100032500016753";"03213132025000635711"
"3210100032500003694";"03213132025000110162"
"2130100012400005513";"06914652024000026026"
"1960100032500052948";"01949752025008221701"
"1960100032500052700";"01949752025008221116"
"1960100032500039445";"01949752025008171763"
"1960100032400013611";"01949752024002647790"
"1960100032400032985";"01949752024003576535"
"1960100032400053605";"01950502023016828690"
"1110100382100034760";"01156162021004920880"
"1960100032000090760";"01949752020009547789"
"1960100032000086259";"01949752020011118121"
"1960100032000083683";"01949752020009000071"
"1960100032200079458";"01949752022014292396"
"2080100722400006822";"03023762024016613602"
"1960100032500050562";"01949752025010438674"
"1960100032500050309";"01949752025010438674"
"1960100032500016739";"01949752025003655266"
"1960100032500070709";"01949752025015298161"
"1960100032500008000";"01949752025000560604"
"1960100032500030030";"01949752025006602007"
"1960100032500103542";"01949752025023890406"
"2080100842300002996";"030166482023022266463"
"1960100032500026319";"01949752025003655690"
"1960100032500010048";"01949752025002460216"
"1960100032200052339";"01949752022008405711"
"1130300012500047687";"07134412025003189556"
"2080100272500004251";"030193102025023908819"
"2130100012100012733";"06914692021000197234"
"1960100032000104249";"01949752020013880322"
"1960100032000104222";"01949752020013950398"
"3280200012500027714";"03222982025000583717"
"1960100032100099225";"01949752021011088304"
"1960100032400079892";"01949752024014539822"
"3280200012400064054";"03222982024000655717"
"1110100381900014090";"01156142019005655112"
"1960100032300015898";"01949752023003446576"
"1960100032300016932";"01949752023003308181"
"1960100032300099889";"01950502023019773713"
"1130300012400043032";"07174782024004336134"
"1960100031900090616";"01949752019005344997"
"1960100031900037820";"01949752019001478271"
"1960100031900093781";"01949752019010097200"
"1960100542500019559";"01985312025015323231"
"1960100032500104451";"01949752025023653111"
"1960100032500104603";"01949752025023653111"
"1960100032500094810";"01949752025019762512"
"1960100032400057503";"01949752024010274794"
"1960100032400059603";"01949752024010274441"
"1960100032400061551";"019155652024011503411"
"1960100032400061659";"019155652024011503411"
"1960100032400019369";"01949752024003591097"
"1960100032400108485";"01949752024021591311"
"1130100152500003564";"07484562025001406327"
"1110100382400005954";"01156182024000106972"
"1960100032000091392";"01949752020009691049"
"1960100032000032752";"01949752020002470616"
"1960100032000075702";"01949752020009008306"
"1960100032000083675";"01949752020009000071"
"1110100462300058141";"01155772023006624546"
"1110100382000003176";"01156142020005204406"
"1960100032200012061";"01949752022002880204"
"1960100032200068626";"01949752022012468276"
"1960100032200014658";"01949752022003245651"
"1960100032500006830";"01949752025000534191"
"1960100032500050538";"01949752025010438674"
"1960100032500014426";"01949752025002462928"
"1960100032500077274";"01949752025017546740"
"1960100032500108897";"01949752025023889491"
"1960100032500017174";"01949752025003654456"
"1960100032500005737";"01949752025000563883"
"3210100032300008857";"03213132023000862685"
"1960101082000001115";"01951202020004193906"
"1960101082000001263";"01990372020004732114"
"2230100011900019091";"06219832019000333420"
"2130100012500024725";"06914862025000170438"
"3280200012500033749";"03222982025000650333"
"3280200012500042519";"03222982025001226314"
"1960100032100110938";"01949752021014217164"
"1960100032100105411";"01949752021011089114"
"1110100382000002714";"01156162020001338259"
"1960100032400042204";"01949752024007055386"
"2080100292200004052";"030154142022019135723"
"1110100382300007276";"01156142023004030407"
"1110100382200010408";"01156142022006390761"
"3280200012400060741";"03222982024000685705"
"1110100381900019343";"01156142019006885162"
"1960100032300016061";"01949752023003307029"
"1960100032300106966";"01949752023021409601"
"1960100032300075386";"01949752023016230615"
"1960100032300112291";"01949752023021401295"
"3210100032500019094";"03213132025000662874"
"3210100032500020335";"03213132025000734883"
"3210100032500004941";"03213132025000251220"
"3210100032500027429";"03213132025001134804"
"3210100032500007746";"03213132025000248016"
"3210100032500000873";"03213132025000049072"
"3210100032500014017";"03213132025000472820"
"2080101042500005583";"030175312025025093873"
"1960100032100110067";"01949752021013197925"
"1130300012400038446";"07174782024003074721"
"2130100012400021187";"06914862024000415464"
"1960100031900061901";"01949752019007814702"
"1960100031900093828";"01949752019010097200"
"1110100012500055220";"011163272025009022887"
"1960100542500019583";"01985312025015368412"
"1960100032500039501";"01949752025008171763"
"1960100032400007247";"01949752024001408830"
"1960100032400085698";"01949752024016706815"
"1960100032400020634";"01949752024003573439"
"1960100032400053621";"01950502023016828690"
"1960100032400018907";"01949752024003572718"
"1960100032400019016";"01949752024003572718"
"1960100032500011370";"01949752025001252661"
"1960100032000086739";"01949752020011114215"
"1960100031900085000";"01949752019010397513"
"1110100462300018628";"01155772023002042437"
"1960100032200027229";"01949752022004835915"
"1960100032200067921";"01949752022012441408"
"1960100032200067611";"01949752022012471498"
"1960100032200015654";"01949752022002946582"
"2080100302300006176";"030148922023013035811"
"1960100032500105693";"01949752025023889319"
"1960100032500007179";"01949752025000561597"
"1960100032500002142";"01949752025000556755"
"1960100032500026361";"01949752025003655690"
"1960100032500080704";"01949752025018269936"
"1960100032500009961";"01949752025002460216"
"2130100012100014485";"06914652021000083469"
"2130100012100020140";"06914652021000361370"
"1960100462000003301";"01950772020003966054"
"2230100011900019695";"06219832019000348532"
"2130100012500049353";"06914862025000653587"
"1960100032100012693";"01949752021002554489"
"1960100032100050994";"01949752021002964971"
"1960100032100092948";"01949752021002627711"
"1110100382300013365";"01155202023005686243"
"1960100032400076672";"01949752024007755361"
"1960100032400014642";"01949752024000762478"
"1110100462100039802";"01155772021006423361"
"3410100032300001875";"042172942023000160959"
"1110100382100033357";"01156142021005132414"
"1010100012400010968";"01023912024000148981"
"1010100012400010976";"01023912024000148981"
"1110100382300007306";"01156142023004030407"
"1960100032300016789";"01949752023002885363"
"1960100032300017270";"01949752023003445090"
"1960100032300076188";"01949752023016234793"
"1960100032300092515";"01949752023018791479"
"1960100032300051381";"01949752023010794266"
"1960100032300075262";"01949752023016230615"
"1960100032300078679";"01949752023016231859"
"3210100032500011743";"03213132025000444451"
"3210100032500019061";"03213132025000600097"
"2130100012400008008";"06914652024000125512"
"1960100032400040872";"01949752024001725720"
"1110100382500020826";"01156182025002865979"
"1960100031900070003";"01949752019007812165"
"1960100032500052131";"01949752025008221116"
"1960100032400053575";"01950502023016828690"
"1960100032400010833";"01949752024001831830"
"1960100032400019288";"01949752024003591097"
"1960100032400019466";"01949752024003591097"
"1960100032400094506";"01949752024019115818"
"1960100032500011321";"01949752025001252661"
"1110100462300041425";"01155792023006461293"
"1110100462300035557";"01155792023005499726"
"1110100462300025349";"01155772023003273025"
"1960100032200026133";"01949752022004835231"
"1960100032200018424";"01949752022003695770"
"1960100032200037186";"01949752022006389262"
"2080100232400002301";"030150102024021283786"
"2080100022300003441";"030174272023013192685"
"1050100012300017701";"03249452023000802976"
"1960100032500077606";"01949752025017543481"
"1960100032500077290";"01949752025017546740"
"1960100032500007640";"01949752025000560191"
"2080100842300002724";"030166482023021095266"
"1960100032500012301";"01949752025002458904"
"1960100032300082552";"01949752023011815062"
"2230100011900020553";"06219832019000364813"
"3280200012500013111";"03222982025000054811"
"3280200012500042047";"03222982025000197418"
"3280200012500044759";"03222982025001257881"
"2080100942400012048";"030156672024011264547"
"2080100962400011941";"03026692024019727104"
"1960100032100017288";"01949752021002883628"
"1960100032100111314";"01949752021014232988"
"2110100072400007079";"02121292023000703711"
"1960100032400076923";"01949752024007755361"
"1960100032400038096";"01949752024002609944"
"1960100032400079930";"01949752024014539822"
"3280200012400058917";"03222982024000685616"
"1960100032300021286";"01949752023003452380"
"1960100032300016274";"01949752023003445413"
"1960100032300108004";"01949752023021414788"
"1960100032300080797";"01949752023016576597"
"1960100032300109140";"01950502023016868993"
"1960100032300098971";"01950502023019773713"
"1960100032300112761";"01949752023021401295"
"3210100032500018446";"03213132025000740778"
"3210100032500010895";"03213132025000437838"
"3210100032500010380";"03213132025000345801"
"3210100032500019035";"03213132025000586833"
"1960100012500127161";"01983582025024598312"
"1960100032100101904";"01949752021010914901"
"1960100032100112639";"01949752021013576861"
"1960100032100109931";"01949752021013197925"
"3410100022500004320";"04228292025000081876"
"1110100012500073539";"011163272025010223971"
"1960100032400008601";"01949752024001421186"
"1960100032400043537";"01949752024004993938"
"1960100032400075374";"01949752024014975991"
"1960100032400094263";"01949752024019115818"
"1960100032400039750";"01949752023021401295"
"1110100382100034744";"01156162021004920880"
"1110100461900273934";"01155772019004941795"
"1960100032000082598";"01949752020009637184"
"1110100942400013352";"01155362024003709115"
"1960100032200079350";"01949752022014239916"
"1960100032200025382";"01949752022004838418"
"1960100032200022340";"01949752022004428431"
"1960100032200096174";"01949752022018187074"
"1960100032200014798";"01949752022003245651"
"1960100032200015271";"01949752022003216472"
"1960100032200041991";"01949752022006390279"
"2080100722400006830";"03023762024016613602"
"2080100052300004952";"030147772023016679075"
"1050100012300019095";"03249452023000976613"
"1960100032500110425";"01950502025021518018"
"1960100032500017417";"01949752025003653999"
"1960100032500014612";"01949752025003281757"
"1960100032500008132";"01949752025000560604"
"1960100032500057001";"019149562024012679839"
"1960100032500002355";"01949752025000557212"
"2080100272500000920";"030193292025004004146"
"2130100012100019894";"06914652021000361370"
"1110100381900003544";"01156182019000336361"
"2230100011900018990";"06219832019000329317"
"2230100011900018702";"06219832019000330242"
"3280200012500041857";"03222982025000712380"
"3280200012500038430";"03222982025001055234"
"2080100732400034971";"030132222024022418891"
"2080100732400036451";"030196362024023025684"
"1960100032100099195";"01949752021011088304"
"1960100032400037758";"01949752024002609944"
"1110100462100037222";"01155792021006163312"
"2220100012200006841";"05445742022000126344"
"1110100462200095871";"01155772022007971532"
"1960100032300099455";"01949752023019996902"
"1960100032300075807";"01949752023016214920"
"1960100032300108837";"01949752023021414788"
"1960100032300075254";"01949752023016230615"
"1960100032300078407";"01949752023016231859"
"3210100032500017652";"03213132025000547005"
"3210100032500006162";"03213132025000176007"
"2080100942500015173";"030156672025016846375"
"1960100032100112035";"01949752021013576861"
"1960100032100112231";"01949752021013576861"
"1960100032100104806";"01949752021011091780"
"1960100032400092546";"01949752024011230448"
"1960100031900038207";"01949752019001168914"
"1960100031900070690";"01949752019007812165"
"1960100031900093771";"01949752019010097200"
"1960100031900025873";"01949752019001481141"
"1960100031900021142";"01949752019001195482"
"2080101112500003992";"030179942025008370629"
"2220100012500013983";"05445812025000304444"
"1960100032500039682";"01949752025008171763"
"1960100032400078632";"01949752024014968014"
"1960100032400013931";"01949752024001967731"
"1960100032400027401";"01949752024004991722"
"1960100032400061624";"019155652024011503411"
"1960100032400057791";"01949752024003577183"
"1960100032400033051";"01949752024006134801"
"1960100032400029607";"01949752024005135749"
"1130300012200025511";"07174782022001644146"
"1960100032500035636";"01949752025004219907"
"1110100382100034604";"01156162021004920880"
"1110100461900273950";"01155792019007999799"
"1960100032200012213";"01949752022002698155"
"1960100032200026044";"01949752022004835231"
"2080100232400002377";"030150102024021283786"
"1960100032500109982";"01949752025024212371"
"1960100032500103224";"01949752025023904636"
"1960100032500007659";"01949752025000560191"
"1960100032500074747";"01949752025015031599"
"1960100032500002460";"01949752025000557212"
"1960100032500009899";"01949752025002460216"
"2080100732500033831";"030196362025014614011"
"2130100012100020442";"06914652021000361370"
"1110100012200067353";"01155712022008582773"
"2210100012500021755";"02222422025000392204"
"2230100011900019202";"06219832019000335473"
"3280200012600005251";"03222982026000144731"
"3280200012500042055";"03222982025000016804"
"2080100952400026305";"03026852024024003805"
"2080100732400035031";"030132222024022418033"
"2080100272400002732";"03025632024010277425"
"1960100032100073161";"01949752021004164092"
"1110100462200097807";"01155792022008421395"
"3280200012400049081";"03222982024000670856"
"1960100032300076668";"01949752023016229617"
"1960100032300076250";"01949752023016208610"
"1960100032300109231";"01950502023016868993"
"3210100032500018195";"03213132025000630590"
"3210100032500017636";"03213132025000530455"
"1960100032100110008";"01949752021013197925"
"1110100382500011673";"01156182024000106972"
"2130100012400036915";"06914752024000623608"
"2130100012400025263";"06914862024000487376"
"1960100032500051917";"01949752025008221116"
"1960100032500058423";"01949752025008221701"
"1960100032400011996";"01949752024002131122"
"1960100032400018893";"01949752024003572718"
"1960100032400040228";"01950502023016870629"
"1960100032000095223";"01949752020012353922"
"1960100032000101363";"01949752020009216162"
"1960100032200049958";"01949752022009239318"
"1960100032200022431";"01949752022004428431"
"1960100032200024505";"01949752022004833114"
"1960100032200024300";"01949752022004833114"
"1960100032200015727";"01949752022002946582"
"1960100032500077878";"01949752025017543481"
"1960100032500074364";"01949752025015031599"
"1960100032500103763";"01949752025023900819"
"2080101042300003997";"030175312023022559268"
"1960100032500002241";"01949752025000557212"
"1960100032500002606";"01949752025000557212"
"2130100012100014558";"06914652021000083469"
"2130100012100012660";"06914692021000197234"
"1960100032300063280";"01949752023010624182"
"3410100022300001142";"04285612023000067225"
"1960100032100119684";"01949752021014497183"
"1960100032100104342";"01949752021011528398"
"1110100382300013152";"01155202023005686243"
"1110100382000003273";"01156162020001338259"
"1960100032400014871";"01949752024000762478"
"1110100462200050223";"01155772022005674760"
"2810100012100009248";"02822052021000218314"
"1130300012500055574";"07137242025003553962"
"1110100462400011311";"01155792024005358414"
"3280200012400062663";"03222982024000709655"
"1960100032300063736";"01949752023013339934"
"1960100032300099498";"01949752023019996902"
"1960100032300016096";"01949752023003307029"
"1960100032300109396";"01950502023016868993"
"2080101042500001332";"030175312025009481627"
"2080100942500015963";"030156672025016846375"
"2130100012400005599";"06914652024000026026"
"1960100032100101858";"01949752021010914901"
"1960100031900024508";"01949752019001196969"
"1960100032500039747";"01949752025008171763"
"1960100032500052697";"01949752025008221116"
"1960100032400009231";"01949752024001418550"
"1960100032400012275";"01949752024002073921"
"2130100011900028270";"06914652019000104412"
"1960100032500010668";"01949752025001352967"
"1960100032500011354";"01949752025001252661"
"1110100382100034582";"01156162021004920880"
"1110100461900057506";"01155772019001723843"
"1960100032200031560";"01949752022005296635"
"1960100032200050001";"01949752022009239318"
"1960100032200026605";"01949752022004835583"
"2080100042300004297";"03030272023020245810"
"1050100012300019850";"03249452023000973789"
"1960100032500007241";"01949752025000561597"
"1960100032500007330";"01949752025000561597"
"1960100032500057850";"01949752025012156099"
"1960100032500008183";"01949752025000560604"
"1960100032500057125";"019149562024012679839"
"1960100032500057141";"019149562024012679839"
"3410100032500003402";"042151342025000112741"
"2130100012100014671";"06914652021000083469"
"3280200012500037711";"03222982025000709168"
"1960100032100113643";"01949752021014236118"
"1130300012300036315";"07133242023002700810"
"1960100032400042281";"01949752024007055386"
"1110100462100029289";"01155772021003659878"
"1010100012400013622";"01023912024000186999"
"3280200012400058240";"03222982024000985504"
"3280200012400048636";"03222982024000726584"
"1960100032300066948";"01949752023013340789"
"1960100032300016800";"01949752023002885363"
"1960100032300017890";"01949752023003072633"
"1960100032300016649";"01949752023003445090"
"1960100032300080479";"01949752023016249634"
"1960100032300076072";"01949752023016208610"
"1960100032300019044";"01949752023003304194"
"1960100032300019338";"01949752023003304194"
"1960100032300014905";"01949752023003064118"
"3210100032500024012";"03213132025000971664"
"3210100032500003295";"03213132025000038976"
"3210100032500004151";"03213132025000185413"
"2080100942500022420";"030156672025024650093"
"2130100012400001445";"06914652023000652384"
"1960100032100110032";"01949752021013197925"
"3810100032400010611";"08217412024000393091"
"3410100022500003936";"04228292025000083739"
"1130300012400043628";"07134412024004024665"
"1110100012500073581";"011163272025009655227"
"1960100032500039925";"01949752025008171763"
"1960100032400060954";"01950502023016813820"
"1960100032400011236";"01949752024002090001"
"1960100032400054709";"01949752024010272155"
"1960100032400094093";"01949752024010272911"
"1960100032400029453";"01949752024005135749"
"1960100032400040457";"01950502023016870629"
"1110100382100034566";"01156162021004920880"
"1960100032000087255";"01949752020011095326"
"1960100032000097285";"01949752020012768715"
"1960100032200031498";"01949752022005296635"
"1960100032200025420";"01949752022004838418"
"1960100032200100971";"01949752022018427130"
"1960100032200015409";"01949752022003216472"
"1960100032200037054";"01949752022006389262"
"1960100032200041981";"01949752022006390279"
"1960100032500050376";"01949752025010438674"
"1960100032500070660";"01949752025015297866"
"1960100032500006865";"01949752025000561597"
"1960100032500035156";"01949752025006598646"
"1960100032500026408";"01949752025003655690"
"1960100032500094306";"019127922025012381713"
"1960100032500005753";"01949752025000563883"
"2130100012100012741";"06914692021000197234"
"1110100012200069801";"01155712022008795416"
"1960100462000003296";"01950772020003966054"
"1110100942400011740";"01155712024009386651"
"1960100062300069612";"01951862023009567094"
"1960100062300067997";"01951862023004883737"
"1960100032300063418";"01949752023010624182"
"1960100032300111838";"01949752023017144313"
"3410100012300011507";"04285612023000170077"
"2230100011900019113";"06219832019000331991"
"3280200012500019487";"03222982025000196942"
"2110100072400001585";"02121142024000014612"
"1110100462200084683";"01155792022008175092"
"3210100032400013091";"03213132024001043221"
"1960100032300016711";"01949752023003445090"
"1960100032300017785";"01949752023003450417"
"1960100032300108111";"01949752023021414788"
"1960100032300014931";"01949752023003064118"
"3210100032500019191";"03213132025000606117"
"3210100032500026661";"03213132025000497733"
"2130100012400005548";"06914652024000026026"
"1960100042300017138";"01951552023010984047"
"1130300012400034513";"07132832024003663574"
"3410100012100006251";"042149732021000043408"
"2220200012300014133";"05713642023000129191"
"1960100032500051968";"01949752025008221116"
"1960100032500052255";"01949752025008221116"
"1960100032400018524";"01949752024003571142"
"1960100032400034597";"01950502023018544737"
"1960100032400020146";"01949752024003578155"
"1960100032400075331";"01949752024014975991"
"1960100032400019318";"01949752024003591097"
"1960100032400056043";"01949752024010272236"
"1960100032400018931";"01949752024003572718"
"1960100032400040260";"01950502023016870629"
"1110100942500013934";"01155712025008538661"
"1110100942500009805";"01155712025006724972"
"1960100032000093824";"01949752020012356191"
"2220200012400013362";"05719392024000183803"
"1960100032200027148";"01949752022004835915"
"1960100032200013066";"01949752022002728241"
"1960100032200067697";"01949752022012441408"
"1960100032200025013";"01949752022004850469"
"1960100032200018343";"01949752022003695770"
"1960100032200065058";"01949752022011895308"
"1050100012300014417";"03249452023000784111"
"1960100032500109710";"01949752025024212371"
"1960100032500006962";"01949752025000534191"
"1960100032500006891";"01949752025000534191"
"1960100032500077266";"01949752025017546740"
"1960100032500012334";"01949752025002458904"
"1960100032500051682";"01949752025009648458"
"1960100032500023069";"01949752025002421318"
"1960100032500101981";"01949752025023889815"
"1960100032500005524";"01949752025000563883"
"2130100012100019878";"06914652021000361370"
"1110100012200042946";"01155712022005891368"
"1110100942400007530";"01155712024006040312"
"2230100011900018877";"06219832019000326814"
"3280200012500018464";"03222982025000427341"
"2080100942400017864";"030156672024016687454"
"1960100032100011281";"01949752021001966112"
"3210100032600007155";"03213132026000177501"
"1960100032400042301";"01949752024007055386"
"1110100462200092848";"01155792022008343220"
"1110100462500015891";"01155772025006220145"
"3280200012400054857";"03222982024000685535"
"3280200012400063465";"03222982024001191668"
"1960100032300017742";"01949752023003072633"
"1960100032300111951";"01949752023021831117"
"1960100032300015944";"01949752023003450417"
"1960100032300021367";"01949752023003452380"
"1960100032300019982";"01949752023003451316"
"1960100032300075211";"01949752023013241888"
"1960100032300108081";"01949752023021414788"
"1960100032300051126";"01949752023010854421"
"1960100032300078865";"01949752023016231859"
"2130100012400005701";"06914652024000026026"
"1960100032100112361";"01949752021013576861"
"1960100032100105012";"01949752021011091780"
"1960100042300016263";"01951552023004883579"
"3410100022500004363";"04228292025000081795"
"2080100252100000371";"030147792021005632482"
"1960100031900092236";"01949752019005344997"
"3410100022500003243";"04228292025000052264"
"3410100022500003091";"04228292025000052183"
"1210100021900001938";"08217172019000751573"
"1960100032500053472";"01949752025008221701"
"1960100032500039569";"01949752025008171763"
"1960100032400011961";"01949752024002131122"
"1960100032400009967";"01949752024001418550"
"1960100032400079329";"01949752024013347113"
"1960100032400059727";"01949752024010274441"
"1960100032400020413";"01949752024003570502"
"1960100032400058631";"01949752024010274280"
"1960100032400020588";"01949752024003573439"
"1960100032400022785";"01949752024003592654"
"1960100032400102932";"01949752024020861269"
"1960100032400102894";"01949752024020861269"
"1960100032400018982";"01949752024003572718"
"1110100942500007322";"01155712025007278445"
"1960100032500011303";"01949752025001252661"
"2080100272300001578";"03025632023016490910"
"1960100032000089614";"01949752020011118717"
"1960100032000084027";"01949752020009545905"
"1110100462300007618";"01155772023000685951"
"1960100032200024904";"01949752022002819475"
"2080100052300006122";"030147772023021938792"
"1960100032500077827";"01949752025017543481"
"1960100032500105820";"01949752025023889319"
"1960100032500070857";"01949752025015298161"
"1960100032500037388";"01949752025007491896"
"1960100032500064997";"019149322025005019445"
"1960100032500101191";"01949752025023889815"
"2080100112300000581";"030126962023009062069"
"2130100012100013845";"06914652021000083469"
"1960100032300046971";"01949752023009148101"
"1960100032300082668";"01949752023011815062"
"1960100032600006444";"01949752026001154830"
"2230100011900020340";"06219832019000355075"
"3280200012500037221";"03222982025000685129"
"1960100032100105391";"01949752021011089114"
"1960100032400079711";"01949752024014539822"
"1110100462100024041";"01155792021003910541"
"1110100382100034418";"01156142021004988960"
"1110100462200097793";"01155792022008421042"
"1110100462500026494";"01155772025008135374"
"1110100381900017227";"01156142019006934988"
"1960100032300018412";"01949752023003072633"
"1960100032300075912";"01949752023016230615"
"1960100032300014956";"01949752023003064118"
"3210100032500011141";"03213132025000403852"
"3210100032500018489";"03213132025000645945"
"3210100032500003538";"03213132025000022620"
"1130100152300006554";"07477562023007400100"
"2080101042500002657";"030175312025015590718"
"1960100032100112531";"01949752021013576861"
"1110100382500020923";"01156182025002865979"
"1110100382500020915";"01156182025002865979"
"2080100302100006353";"030148922021012431010"
"2080100042100002791";"03030272021014916374"
"1960100031900020601";"01949752019001260641"
"1960100031900061497";"01949752019007815938"
"1960100032500053448";"01949752025008221701"
"1960100032500039895";"01949752025008171763"
"1960100032400057422";"01949752024010274794"
"1960100032400074041";"01949752024014910865"
"1960100032400023056";"01949752024003577931"
"1960100032400020502";"01949752024003573439"
"1110100942500006830";"01155712025007409302"
"1960100032500012628";"01949752025001345081"
"1050100012500018901";"03249452025001187193"
"1960100032000087247";"01949752020011095326"
"1960100032000086917";"01949752020011112271"
"2080100252200000430";"030147792022003886003"
"1960100031900085388";"01949752019010397513"
"1960100031900085272";"01949752019010397513"
"1960100032200049850";"01949752022009239318"
"1960100032200015700";"01949752022002946582"
"1050100012300010268";"03249452023000439286"
"1960100032500103208";"01949752025023904636"
"1960100032500074224";"01949752025015031599"
"1960100032500103550";"01949752025023890406"
"1960100032500034990";"01949752025006598646"
"2080100272500003989";"030193102025024105566"
"2130100012100020221";"06914652021000361370"
"1960100032300047102";"01949752023009148101"
"2220100012500013045";"05445882025000249819"
"1110100381900003511";"01156182019000349004"
"3280200012600003992";"03222982026000181423"
"3280200012500039135";"03222982025000225471"
"3280200012500035581";"03222982025000702074"
"1960100032100039125";"01949752021003717314"
"1960100032400037693";"01949752024002609944"
"1050100012100015137";"03249452021000270913"
"1110100462200090969";"01155792022008414691"
"1110100462400006391";"01155792024003866765"
"3280200012400049152";"03222982024000691519"
"3280200012400014820";"03222982024000186610"
"3280200012400055217";"03222982024000985415"
"1110100381900017243";"01156142019004036354"
"1960100032300107210";"01949752023021418856"
"1960100032300017998";"01949752023003445090"
"1960100032300016312";"01949752023003445413"
"1960100032300081122";"01949752023016576597"
"1960100032300078873";"01949752023016231859"
"3210100032500017598";"03213132025000465025"
"3210100032500014521";"03213132025000479247"
"3210100032500030187";"03213132025001193649"
"3210100032500015137";"03213132025000573936"
"3210100032500030251";"03213132025001221103"
"1960100032400092554";"01949752024011230448"
"1960100032400092538";"01949752024011230448"
"1960100031900092112";"01949752019012332630"
"1960100031900064631";"01949752019007826115"
"1960100032500053324";"01949752025008221701"
"1960100032500039828";"01949752025008171763"
"1960100032500039542";"01949752025008171763"
"1960100032400084128";"01949752024007920150"
"1960100032400083970";"01949752024007920150"
"1960100032400046765";"01949752024004997330"
"1960100032400102819";"01949752024020861269"
"1110100382100034698";"01156162021004920880"
"1110100382100034787";"01156162021004920880"
"1960100032000087727";"01949752020011147067"
"1960100032000094847";"01949752020012338702"
"1960100032200027717";"01949752022004838922"
"1960100032200079687";"01949752022014292558"
"1960100032500101523";"01949752025023889572"
"1960100032500070792";"01949752025015298161"
"1960100032500030618";"01949752025002440100"
"1960100032500101485";"01949752025023889815"
"1960100032000104133";"01949752020014044374"
"1110100942400013263";"01155742024010066632"
"2230100011900018761";"06219832019000317220"
"1960100012400114006";"01983582024021724766"
"3280200012600001299";"03222982026000121013"
"3280200012500017735";"03222982024001214714"
"3280200012500029067";"03222982025000583121"
"1960100032400042425";"01949752024007055386"
"1960100032400014911";"01949752024000762478"
"1110100462200048628";"01155792022006350954"
"1110100012400068786";"011163272024007101827"
"1110100462400013762";"01155792024005934695"
"1110100832500001878";"01192542025008525871"
"3280200012400014316";"03222982024000050041"
"1960100032400097386";"01949752024020224714"
"1960100032300015669";"01949752023003450417"
"1960100032300017734";"01949752023003446576"
"3210100032500014114";"03213132025000517432"
"3210100032500022168";"03213132025000785011"
"2080300132400008414";"08993462024004855478"
"3410100022400001017";"04285612024000052059"
"3410100022500004150";"04228292025000115282"
"1960100031900020650";"01949752019001129269"
"1960100031900064704";"01949752019007815938"
"1110100012500054860";"011163272025008973659"
"3410100012100005931";"042149732021000045362"
"1960100032500039941";"01949752025008171763"
"1960100032500039461";"01949752025008171763"
"1010100012500005063";"01023912025000086103"
"1960100032400027469";"01949752024004991722"
"1960100032400023013";"01949752024003577931"
"1960100032400012224";"01949752024002073921"
"1110100382400005751";"01156182024000106972"
"2130100011900028157";"06914652019000104412"
"1960100032000095721";"01949752020009075160"
"1960100032200026907";"01949752022004852593"
"1960100032200025390";"01949752022004838418"
"1960100032200040111";"01949752022006793551"
"1960100032200012991";"01949752022002728241"
"1960100032200018394";"01949752022003695770"
"1960100032200019821";"01949752022002875383"
"1130300012400028785";"07137242024003037939"
"1050100012300009545";"03249452023000333887"
"1960100032500077371";"01949752025017546740"
"1960100032500031398";"01949752025006603071"
"1960100032500102171";"01949752025023889815"
"3810100032500011211";"08217372025000409394"
"2080100102300005223";"030135692023021907652"
"2130100012100014175";"06914652021000083469"
"1110100942400014014";"01155712024010230678"
"1960100032300082560";"01949752023011815062"
"1110100381900003579";"01156182019000336361"
"2230100011900021649";"06219832019000391624"
"2080100952400013009";"03026852024015367174"
"2080100272400005243";"030193292024024256336"
"1960100032100051028";"01949752021002964971"
"1960100032100039117";"01949752021003717314"
"1960100032100045478";"01949752021003097855"
"1110100382000002552";"01156162020001338259"
"3210100032600003461";"03213132026000013141"
"1010100012400014106";"01023912024000200576"
"3280200012400019997";"03222982024000366863"
"1960100032300019958";"01949752023003451316"
"3210100032500024586";"03213132025000962673"
"3210100032500012340";"03213132025000452802"
"2080100942500022471";"030156672025024650093"
"2130100012400001410";"06914652023000652384"
"1960100032100112310";"01949752021013576861"
"1960100031900020979";"01949752019001249329"
"1960100031900064909";"01949752019007812416"
"1960100031900093666";"01949752019011927028"
"2210100011900001652";"02222382019000018753"
"1110100012500055085";"011163272025008790066"
"3410100012100007010";"042149732021000045613"
"3410100012100006812";"042149732021000043581"
"1960100032500053170";"01949752025008221701"
"1960100032400027434";"01949752024004991722"
"1960100032400033078";"01949752024006134801"
"1960100032400109201";"01949752024022037261"
"1960100032400058127";"01949752024010274875"
"2130100012500036431";"06914652025000470806"
"1110100462300047075";"01155792023007058425"
"1110100382000003206";"01156142020005204406"
"1960100032200066984";"01949752022012341284"
"1960100032200015761";"01949752022002946582"
"2010200012400018102";"09981442024000954202"
"2080100722400006814";"03023762024016613602"
"1960100032500081298";"01949752025017545697"
"1960100032500016682";"01949752025003655266"
"1960100032500014256";"01949752025002462928"
"1960100032500051836";"01949752025009648458"
"2130100012100013926";"06914652021000083469"
"3280200012500041237";"03222982025001164289"
"1960100032100033445";"01949752021002983924"
"1960100032100016265";"01949752021002883202"
"1960100032400077253";"01949752024007755361"
"1960100032400014839";"01949752024000762478"
"1960100032400079744";"01949752024014539822"
"1130200012400062165";"072104202024003820684"
"1960100012500113871";"01951862025023584385"
"3210100032400013105";"03213132024001043221"
"1110100462400011425";"01155792024005385063"
"1110100832500001924";"01192542025011296682"
"3280200012400049411";"03222982024000697711"
"3280200012400020006";"03222982024000092399"
"1960100032300066931";"01949752023013340789"
"1960100032300010527";"01949752023002102946"
"1960100032300010500";"01949752023002102946"
"1960100032300111005";"01949752023021417116"
"1960100032300017467";"01949752023003444018"
"3210100032500004852";"03213132025000176180"
"2080101042500002991";"030175312025016759686"
"2080101042500002614";"030175312025015589116"
"2080300132400008716";"08993472024005240521"
"1960100032400040724";"01949752024001726459"
"3410100022400001513";"04285612024000072599"
"2080100252100001815";"030147792021015712101"
"1130300012400048931";"07137242024004098516"
"1130300012400032227";"07136652024003473094"
"2210100012400033589";"02222422024000732811"
"1960100012400114022";"01983582024021669056"
"2210100012500019580";"02222422025000244604"
"1960100032500053383";"01949752025008221701"
"1960100032400097475";"01949752024020227306"
"1960100032400019652";"01949752024003613414"
"1960100032400094638";"01949752024019115818"
"1110100382400005776";"01156182024000106972"
"1960100032000090930";"01949752020011560347"
"1960100032000086887";"01949752020011112786"
"1110100462300039447";"01155772023005214786"
"1960100032200106341";"01949752022019614022"
"1960100032200079423";"01949752022014254621"
"1960100032200023861";"01949752022004832568"
"1960100032500077614";"01949752025017543481"
"1960100032500014523";"01949752025003281757"
"1960100032500007608";"01949752025000560191"
"1960100032500002304";"01949752025000557212"
"1960100032500094365";"019127922025012381713"
"2130100012100014434";"06914652021000083469"
"2130100012100012601";"06914692021000197234"
"3410100012100008262";"04228292021000082101"
"3280200012500020159";"03222982025000076297"
"3280200012500039291";"03222982025000032087"
"3280200012500020132";"03222982025000075991"
"3280200012500034281";"03222982025000701001"
"3280200012500015872";"03222982025000202420"
"1960100032100110271";"01949752021014237351"
"1960100032100122758";"01949752021002625688"
"1110100382000002684";"01156162020001338259"
"3210100032600003311";"03213132026000061715"
"3210100032600006817";"03213132026000226641"
"1960100012500127250";"019188432025024592453"
"1110100382200011870";"01156142022008216300"
"1110100382200009574";"01187502022004204213"
"3280200012400062698";"03222982024000709655"
"1960100032300016436";"01949752023003308181"
"1960100032300076161";"01949752023016235170"
"1960100032300018471";"01949752023003066153"
"1960100032300098963";"01950502023019773713"
"1960100032300053978";"01949752023010875185"
"1960100032300078512";"01949752023016231859"
"3210100032500015171";"03213132025000581289"
"3210100032500022699";"03213132025000923937"
"1960100032400040880";"01949752024001725720"
"1960100031900025210";"01949752019001250505"
"1960100031900064720";"01949752019007815938"
"1960100542500019532";"01985312025015267730"
"2220100012400015108";"05445882024000443789"
"3410100012100006367";"042149732021000045281"
"1960100032500051976";"01949752025008221116"
"1960100032400021517";"01949752024003578741"
"1960100032400009681";"01949752024001418550"
"1960100032400085620";"01949752024016706815"
"1960100032400032845";"01949752024003576535"
"1960100032400057880";"01949752024003577183"
"1960100032400030877";"01949752024005133291"
"1960100032400055055";"01949752024010274611"
"1960100032400058135";"01949752024010274875"
"1110100382100034541";"01156162021004920880"
"1960100031900057112";"01949752019005464381"
"1110100462300047334";"01155792023007085074"
"1960100032200022383";"01949752022004428431"
"1960100032200067662";"01949752022012471498"
"2080100722400006156";"03023762024015743600"
"1960100032500075492";"01949752025015031599"
"1960100032500080631";"01949752025018269936"
"1960100032500005605";"01949752025000563883"
"1960100032300013135";"01949752022007852616"
"1960100012300107755";"01983582023021899620"
"2130100012100013934";"06914652021000083469"
"2230100011900019407";"06219832019000334311"
"3280200012500028044";"03222982025000518575"
"2080100272400003313";"03025632024013925720"
"1960100032100110989";"01949752021014217164"
"1110100462200064100";"01155792022007145050"
"3280200012400050320";"03222982024000692078"
"3280200012400058739";"03222982024000115607"
"3280200012400051920";"03222982024000779947"
"3280200012400059522";"03222982024000685616"
"1960100032300018048";"01949752023003442741"
"1960100032300112621";"01949752023021831974"
"1960100032300050901";"01949752023010852215"
"1960100032300108489";"01949752023021543677"
"1960100032300019052";"01949752023003304194"
"3210100032500017555";"03213132025000527152"
"2080100732500018911";"030196362025015766744"
"2130100012400001399";"06914652023000652384"
"2130100012400031972";"06914862024000597040"
"3410100012400009071";"042172942024000112653"
"2080100302000004273";"030148922020010911471"
"1960100031900037987";"01949752019001327494"
"1960100031900031121";"01949752019001329357"
"1960100031900045998";"01949752019001175112"
"1960100031900038037";"01949752019001247890"
"1960100032500053227";"01949752025008221701"
"1960100032500052271";"01949752025008221116"
"1960100032500058326";"01949752025008221701"
"1960100032500052484";"01949752025008221116"
"1960100032400013433";"01949752024002071472"
"1960100032400013476";"01949752024002071472"
"1960100032400013808";"01949752024001967731"
"1960100032400034562";"01950502023018544737"
"1960100032400020121";"01949752024003578155"
"1960100032400075323";"01949752024014975991"
"1960100032400108477";"01949752024021591311"
"1110100942500006148";"01155712025007270461"
"1110100942500006891";"01155712025006282937"
"2210100012400034100";"02222422024000741470"
"1110100461900095440";"01155772019003392038"
"1960100032200012817";"01949752022002816883"
"1960100032200067654";"01949752022012471498"
"1960100032200024173";"01949752022004851783"
"2080100302300006168";"030148922023013035225"
"1960100032500077738";"01949752025017543481"
"1960100032500103232";"01949752025023904636"
"1960100032500005648";"01949752025000563883"
"1960100032500030091";"01949752025006602007"
"2080101042300004012";"030175312023022559349"
"1960100032500035148";"01949752025006598646"
"1960100032500051704";"01949752025009648458"
"1960100032500030529";"01949752025002440100"
"1960100032500080542";"01949752025018269936"
"1960100032500080720";"01949752025018269936"
"1960100032300013208";"01949752022007852616"
"1110100832300001842";"01192542023008729598"
"2230100011900020308";"06219832019000356632"
"3280200012600001671";"03222982026000045830"
"3280200012500036179";"03222982025000836356"
"3280200012500019241";"03222982025000481809"
"1960100032100111055";"01949752021014217164"
"1960100032100130459";"01949752021012894355"
"1960100032100111268";"01949752021014232554"
"1110100382000002455";"01156162020001338259"
"3210100032600001823";"03213132026000034734"
"1110100462100027022";"01155792021004471907"
"2080100702300001129";"03097792023010391939"
"1010100012400010666";"01023912024000154876"
"1110100382200004211";"01156142022004171620"
"1110100382200009590";"01187502022004204213"
"1110100462400006235";"01155792024003805111"
"1960100032300015960";"01949752023003450417"
"1960100032300081718";"01949752023016567504"
"1960100032300019109";"01949752023003304194"
"3210100032500015481";"03213132025000514093"
"3210100032500013053";"03213132025000416831"
"3210100032500011451";"03213132025000473397"
"3410100012400010264";"042172942024000112734"
"1960100032100112043";"01949752021013576861"
"1130300012400016132";"07174782024001535721"
"1130300012400042907";"07174782024002525711"
"1960100031900064445";"01949752019007812416"
"2080101112500008961";"030179942025018701440"
"1960100032500104549";"01949752025023653111"
"1960100032500039674";"01949752025008171763"
"1960100032400054393";"01949752024010274956"
"1960100032400020375";"01949752024003570502"
"1960100032400034457";"01949752024006104138"
"1960100032400058801";"01949752024010274280"
"1960100032400058739";"01949752024010274280"
"1960100032400058641";"01949752024010274280"
"1960100032400085612";"01949752024016706815"
"1960100032400020154";"01949752024003578155"
"1110100942500007063";"01155712025006837408"
"1960100032500011461";"01949752025001252661"
"1960100032500010609";"01949752025001352967"
"1960100032000055183";"01949752020002789779"
"1960100032000086909";"01949752020011112271"
"1960100031900057074";"01949752019005464381"
"1110100462300031411";"01155772023003607845"
"1960100032200027210";"01949752022004835915"
"1960100032200012681";"01949752022002878137"
"1960100032200018572";"01949752022003695770"
"2080100722400006121";"03023762024015743600"
"1050100012300019818";"03249452023001001152"
"1960100032500050546";"01949752025010438674"
"1960100032500101043";"01949752025023890317"
"1960100032500007667";"01949752025000560191"
"1960100032500057044";"019149562024012679839"
"1960100032500103747";"01949752025023900819"
"1960100032500012318";"01949752025002458904"
"1960100032500080844";"01949752025018269936"
"1960100032500080585";"01949752025018269936"
"2130100012100020485";"06914652021000361370"
"1110100942400013034";"01155742024010057218"
"3280200012500037094";"03222982025000916899"
"2080101102400009621";"030177672024023709250"
"2080100272400002181";"03025632024009816555"
"1960100032100016184";"01949752021001718216"
"3210100032600004555";"03213132026000052392"
"1110100382100034991";"01156142021006475145"
"1110100382200002601";"01156142022003596007"
"1110100382200010361";"01156142022006390761"
"3280200012400064135";"03222982024000713253"
"1960100032400097394";"01949752024014755100"
"1960100032300017556";"01949752023003444018"
"1960100032300109299";"01950502023016868993"
"1960100032300018390";"01949752023003066153"
"2130100012400001542";"06914652023000652384"
"3410100012400009045";"042172942024000112653"
"1960100032100112558";"01949752021013576861"
"1960100032100101531";"01949752021010914901"
"1960100031900090608";"01949752019005344997"
"1960100031900065034";"01949752019007392280"
"1960100542500019206";"01985282025016768052"
"1130400012500044231";"07385262025002267749"
"1960100032400021509";"01949752024003578741"
"1960100032400079388";"01949752024013347113"
"1960100032400056906";"01949752024010272821"
"1960100032400034511";"01950502023018544737"
"1960100032400073991";"01949752024014910865"
"1960100032400061683";"019155652024011503411"
"1960100032400061640";"019155652024011503411"
"1960100032400030826";"01949752024005133291"
"2130100012500051285";"06914652025000655768"
"1110100942500004358";"01155712025005780755"
"1110100382100034779";"01156162021004920880"
"1960100032000032833";"01949752020002789931"
"1960100032200031552";"01949752022005296635"
"1960100032200025498";"01949752022004838418"
"1960100032200067700";"01949752022012441408"
"1960100032200067913";"01949752022012441408"
"1960100032200037194";"01949752022006389262"
"1960100032200069045";"01949752022012345603"
"1960100032200012515";"01949752022002879371"
"1960100032500104001";"01949752025023901530"
"1960100032500022089";"01949752025004969817"
"1960100032500057176";"019149562024012679839"
"1960100032500057036";"019149562024012679839"
"1960100032500074658";"01949752025015031599"
"2220100011900015851";"05445772019000203070"
"2210100012200020158";"02222352022000318597"
"1110100381900003528";"01156182019000336361"
"2230100011900019253";"06219832019000337093"
"2230100011900018648";"06219832019000321413"
"2130100012500042278";"06914862025000439666"
"3280200012500036233";"03222982025000196012"
"1960100032100113694";"01949752021014499551"
"1110100382300013144";"01155202023005686243"
"3210100032600003478";"03213132026000031557"
"1960100032400042360";"01949752024007055386"
"1110100382200009604";"01187502022004204213"
"1130100282000001227";"07477982020002480692"
"1110100462400007193";"01155792024004224350"
"3280200012400056612";"03222982024000672981"
"3280200012400016033";"03222982024000258114"
"3280200012400056981";"03222982024000483827"
"3280200012400014758";"03222982024000121089"
"3280200012400058534";"03222982024000680223"
"1960100032300066956";"01949752023013340789"
"1960100032300063760";"01949752023013339934"
"1960100032300019060";"01949752023003304194"
"1960100032300096571";"01949752023019986427"
"3210100032500011182";"03213132025000417641"
"1960100032000011372";"01949752019011701992"
"1960100032100104873";"01949752021011091780"
"1960100032100104636";"01949752021011091780"
"3810100032400010954";"08217412024000402421"
"1050100011900015339";"03249472019000409336"
"1010100012500012906";"01006022025000179893"
"1960100032500053197";"01949752025008221701"
"1960100032400057945";"01949752024003577183"
"1960100032400020626";"01949752024003573439"
"1110100942500006563";"01155712025007499379"
"1960100032000090817";"01949752020009547789"
"1960100032000090167";"01949752020011559098"
"1960100032000022218";"01949752020002774313"
"1960100031900057082";"01949752019005464381"
"1110100462300018644";"01155772023002081092"
"1960100032200067603";"01949752022012471498"
"2080100042300002197";"03030272023006967013"
"2080100162300004311";"03026942023013638616"
"1960100032500103682";"01949752025023901530"
"1960100032500081425";"01949752025017545697"
"1960100032500016658";"01949752025003655266"
"1960100032500007160";"01949752025000561597"
"1960100032500012296";"01949752025002458904"
"1960100032500002339";"01949752025000557212"
"1960100032500002266";"01949752025000557212"
"1960100032500005567";"01949752025000563883"
"1960100032300019516";"01949752023003393782"
"1130100212200002444";"07471292022004169244"
"1960100032200052061";"01949752022008405711"
"2130100012100014140";"06914652021000083469"
"2130100012100014213";"06914652021000083469"
"2130100012100019991";"06914652021000361370"
"1960101082000001220";"01951202020004193906"
"1960100032300063353";"01949752023010624182"
"1960100032100130742";"01949752021014216010"
"1960100032100092905";"01949752021002627711"
"1960100032400080114";"01949752024014539822"
"1110100462000040340";"01155762020002961955"
"1110100832400001938";"01192542024009345735"
"1110100382200011862";"01156142022008216300"
"1110100462400010275";"01155792024005087046"
"1110100462500034101";"01155792025012521521"
"3280200012400057961";"03222982024000690709"
"1960100032300108403";"01949752023021543677"
"1960100032300098882";"01950502023019773713"
"3210100032500024403";"03213132025000989792"
"3210100032500004879";"03213132025000176180"
"2080101042500000409";"030175312025004378933"
"1960100012500127196";"01983582025024598827"
"1960100032100101971";"01949752021010914901"
"1960100032100101645";"01949752021010914901"
"2110100032400012359";"02121412024000207141"
"3410100022400001254";"04285612024000124653"
"1960100031900090713";"01949752019011927885"
"1110100012500073717";"011163272025009970921"
"2230100012300016304";"06220002023000313370"
"1960100032500052115";"01949752025008221116"
"1960100032400011732";"01949752024001950332"
"1960100032400060822";"01950502023016813820"
"1960100032400057104";"01949752024010188952"
"1960100032400011252";"01949752024002090001"
"1960100032400022858";"01949752024003592654"
"1960100032400075341";"01949752024014975991"
"1960100032400054857";"01949752024010274611"
"1960100032400103025";"01949752024020861269"
"1110100942500006741";"01155712025006371611"
"1110100942500011834";"01155712025007524403"
"1960100032500035652";"01949752025004219907"
"1960100032000087581";"01949752020011110066"
"1960100032000095762";"01949752020009075160"
"1960100032200105661";"01949752022019592118"
"1960100032200022499";"01949752022004428431"
"1960100032200067719";"01949752022012441408"
"1960100032200079741";"01949752022014292558"
"1960100032200105165";"01949752022019598159"
"1960100032200078958";"01949752022014290342"
"1960100032500014477";"01949752025002462928"
"1960100032500081883";"01949752025017547550"
"1960100032500037477";"01949752025007491896"
"1960100032500002551";"01949752025000556755"
"2080100842300002759";"030166482023021095347"
"1960100032500092974";"019127922025012373702"
"1960100032500108773";"01949752025023889491"
"1960100032500102971";"01949752025023890236"
"2080100732500033821";"030196362025014614011"
"1960100032300063523";"01949752023010624182"
"2230100011900020146";"06219832019000349695"
"2230100011900019490";"06219832019000338812"
"2130100012500045609";"06914862025000524426"
"3280200012500037574";"03222982025000620345"
"3280200012500042276";"03222982025000140726"
"2080100732400036508";"030196362024023037429"
"2080100952400014587";"03026852024016726453"
"1960100032100063956";"01949752021002627117"
"1960100032100016737";"01949752021002981042"
"1960100032100130440";"01949752021012894355"
"1960100032400014790";"01949752024000762478"
"1960100032400076818";"01949752024007755361"
"1960100032400037741";"01949752024002609944"
"3280200012400058641";"03222982024000657591"
"3280200012400048709";"03222982024000656357"
"1960100032300107199";"01949752023021418856"
"1960100032300017661";"01949752023003444018"
"3210100032500024136";"03213132025000951477"
"2130100012400008253";"06914652024000125512"
"1960100542400030868";"01985342024018327297"
"3410100022400001327";"042172962024000097217"
"2080200062500040160";"012182112025007842794"
"1960100031900096479";"01949752019011927966"
"1960100031900064712";"01949752019007815938"
"2110100092400001849";"02121072024000662695"
"1960100032500052018";"01949752025008221116"
"1960100032500052638";"01949752025008221116"
"1960100032500052174";"01949752025008221116"
"1960100032400084012";"01949752024007920150"
"1960100032400018461";"01949752024003571142"
"1960100032400019946";"01949752024003613414"
"1960100032400027371";"01949752024004991722"
"1960100032400034546";"01950502023018544737"
"1960100032400034503";"01950502023018544737"
"1960100032400097491";"01949752024020226245"
"1960100032400032901";"01949752024003576535"
"1110100382400005911";"01156182024000106972"
"1130300012200018051";"07174782022001644570"
"1960100032500088764";"01949752025017089829"
"1110100461900157799";"01155782019005452515"
"1960100032000095691";"01949752020009075160"
"1960100032200079334";"01949752022014239916"
"1960100032200027202";"01949752022004835915"
"1960100032200026060";"01949752022004835231"
"1960100032200012019";"01949752022002880549"
"1960100032200012825";"01949752022002879885"
"2080100232400002938";"030150102024021283786"
"1960100032500103720";"01949752025023901530"
"1960100032500010307";"01949752025002438628"
"1960100032500008361";"01949752025000560604"
"1960100032500093156";"019127922025012373702"
"1960100032500080747";"01949752025018269936"
"1130300012500049256";"07107252025002641802"
"2130100012100014566";"06914652021000083469"
"1110100942400013093";"01155742024010103511"
"2080100942400012110";"030156672024011264547"
"1960100032100102692";"01949752021011782341"
"1960100032400038002";"01949752024002609944"
"1960100032400076761";"01949752024007755361"
"1960100032400038169";"01949752024002609944"
"2080100992200005983";"030123042022016050292"
"1110100462000040091";"01155762020002960398"
"1110100462500016057";"01155772025006416988"
"3280200012400064161";"03222982024000722830"
"1110100381900014236";"01156142019006943201"
"1960100032300017173";"01949752023003442741"
"3210100032500003708";"03213132025000110162"
"2810100012300007653";"02822072023000170784"
"2130100012400008180";"06914652024000125512"
"3810100032400009761";"08217412024000366441"
"1110100382500020559";"01156182025002865979"
"1960100032500104565";"01949752025023653111"
"1960100032500058520";"01949752025008221701"
"1960100032500052654";"01949752025008221116"
"1960100032400056949";"01949752024010275090"
"1960100032400078667";"01949752024014968014"
"1960100032400013492";"01949752024002071472"
"1960100032400032934";"01949752024003576535"
"1960100032400020456";"01949752024003573439"
"1960100032400019326";"01949752024003591097"
"1960100032400011351";"01949752024001952114"
"1960100032500035628";"01949752025004219907"
"1960100032500088772";"01949752025017089829"
"1960100032000069281";"01949752020009008306"
"1960100032000083799";"01949752020009000071"
"1960100032000101312";"01949752020009216162"
"2080100052200006967";"030147772022018795624"
"1960100032200036988";"01949752022006415441"
"1960100032200012371";"01949752022002878811"
"1960100032200012574";"01949752022002719845"
"1960100032200024211";"01949752022004833114"
"1960100032200105221";"01949752022019598159"
"1960100032200024335";"01949752022004834510"
"2080100232400002342";"030150102024021283786"
"1960100032500012474";"01949752025002447538"
"1960100032500110379";"01949752025024212371"
"1960100032500105677";"01949752025023889319"
"1960100032500103135";"01949752025023904636"
"1960100032500021953";"01949752025005141499"
"1960100032500023271";"01949752025003654880"
"1960100032500007551";"01949752025000560191"
"1960100032500057613";"01949752025012156099"
"1960100032500108870";"01949752025023889491"
"2130100012100013896";"06914652021000083469"
"1960100032000105032";"01949752020013918826"
"1960100032000103838";"01949752020013880080"
"2230100011900018869";"06219832019000327454"
"2130100012500022056";"06914862025000241980"
"2130100012500023419";"06914862025000324508"
"3280200012500033773";"03222982025000624766"
"3280200012500028516";"03222982025000016472"
"1960100032100105594";"01949752021011116952"
"2080100272300001780";"03025632023017520111"
"1110100462000040103";"01155762020002962170"
"1960100012500101227";"01951862025021573785"
"3280200012400044940";"03222982024000549780"
"1960100032300017920";"01949752023003072633"
"1960100032300076684";"01949752023016229617"
"1960100032300016223";"01949752023003445413"
"1960100032300109213";"01950502023016868993"
"3210100032500003732";"03213132025000136471"
"3210100032500030438";"03213132025001209588"
"2130100012400023521";"06914652024000320994"
"2130100012400023511";"06914652024000320994"
"2080300132400008473";"08993462024004854315"
"3410100012400010620";"042172942024000112815"
"1960100032100111942";"01949752021013576861"
"1960100031900091825";"01949752019012320976"
"1960100542500019214";"01985312025015265958"
"1960100032500052344";"01949752025008221116"
"1960100032500058334";"01949752025008221701"
"1960100032500094861";"01949752025019762512"
"1960100032400075498";"01949752024014910784"
"1960100032400027590";"01949752024004991722"
"1960100032400057864";"01949752024003577183"
"1960100032400056108";"01949752024010272236"
"1960100032400094328";"01949752024019115818"
"1110100942500011826";"01155712025006739317"
"1960100032000038769";"01949752020002776791"
"1960100032000038726";"01949752020002776791"
"1960100032000088677";"01949752020009619283"
"1960100032000103412";"01949752020012767735"
"1960100032200105610";"01949752022019453932"
"1960100032200079326";"01949752022014239916"
"1960100032200031439";"01949752022005296635"
"1960100032200027245";"01949752022004835915"
"1960100032200096271";"01949752022018227807"
"2080101032400003228";"030161182024024120061"
"2080100032300002300";"03025222023015917038"
"2080100042300002235";"03030272023006967013"
"1960100032500100977";"01949752025023889572"
"2080100842300003011";"030166482023022262981"
"3410100032500003283";"042172942025000111518"
"2080100272500003849";"030193292025023630448"
"2130100012100013705";"06914652021000083469"
"2130100012100014183";"06914652021000083469"
"1960100032600004336";"01949752026000795921"
"3010100022500003011";"004173392025000128595"
"3280200012500028583";"03222982025000055028"
"3280200012500039161";"03222982025000891705"
"3280200012500035903";"03222982025000608728"
"2080100952400018558";"03026852024019709720"
"2080100732400025451";"030132222024014895006"
"1960100032100017261";"01949752021002883628"
"1960100032100099071";"01949752021011088304"
"1960100032100039168";"01949752021003717314"
"1960100032100092964";"01949752021002627711"
"1960100032400076680";"01949752024007755361"
"1050100012100008831";"03249452021000279538"
"1110100462400002124";"01155792024001804827"
"3280200012400064178";"03222982024000722830"
"1960100032300015758";"01949752023003446576"
"1960100032300019419";"01949752023003304194"
"1960100032300099110";"01950502023019773713"
"1960100032300073154";"01949752023010871015"
"1960100032300054095";"01949752023010875185"
"1960100032300098858";"01950502023019773713"
"1960100032300096626";"01949752023019986427"
"1960100032100104784";"01949752021011091780"
"3010100042400002104";"004173302024000105246"
"1110100382500011622";"01156182024000106972"
"2080200062500007831";"012182112025000614559"
"1960100032500052123";"01949752025008221116"
"1960100032400078586";"01949752024014968014"
"1960100032400054334";"01949752024010274956"
"1960100032400085701";"01949752024016706815"
"1960100032400109211";"01949752024022037261"
"1960100032400055047";"01949752024010274611"
"1130300012500055671";"07137242025003553962"
"1110100461900156113";"01155782019005452434"
"1110100382000003168";"01156142020005204406"
"1960100032200049966";"01949752022009239318"
"1960100032200018416";"01949752022003695770"
"1960100032200078974";"01949752022014290342"
"1960100032500077770";"01949752025017543481"
"1960100032500050511";"01949752025010438674"
"1960100032500001510";"01949752025000521536"
"1960100032500017387";"01949752025003653999"
"1960100032500014590";"01949752025003281757"
"1960100032500057648";"01949752025012156099"
"1960100032500005087";"019497520250000537611"
"1960100032500030499";"01949752025002440100"
"1960100032500002630";"01949752025000557212"
"1960100032500094470";"019127922025012381713"
"1960100032500080755";"01949752025018269936"
"1960100032000104621";"01949752020014071347"
"1960100032300063639";"01949752023010624182"
"3410100012100008254";"042149732021000088843"
"2230100011900018931";"06219832019000328779"
"3280200012500020183";"03222982025000173144"
"3280200012500042292";"03222982025000665527"
"1960100032400079965";"01949752024014539822"
"1110100462100027138";"01155792021004471907"
"1110100462200084640";"01155792022008140892"
"1010100012400014661";"01023912024000209280"
"1130100292000001526";"07478062020002568305"
"1960100032300016738";"01949752023003445090"
"1960100032300021227";"01949752023003452380"
"1960100032300017386";"01949752023003444018"
"1960100032300017483";"01949752023003444018"
"1960100032300080843";"01949752023016576597"
"1960100032300076129";"01949752023016235170"
"3210100032500011166";"03213132025000437242"
"3210100032500019175";"03213132025000691718"
"3210100032500011581";"03213132025000389256"
"3210100032500022966";"03213132025000846509"
"2130100012100020752";"06914792021000189963"
"1110100942300009693";"01155712023007270183"
"3410100022400001531";"042172962024000097551"
"3410100022500003766";"04228292025000042111"
"3410100012100007169";"042149732021000044986"
"2010200012500009108";"09981442025000281551"
"1960100032500052328";"01949752025008221116"
"1960100032500039763";"01949752025008171763"
"1960100032400056930";"01949752024010275090"
"1960100032400028740";"01949752024004987881"
"1960100032400091681";"01949752024007920150"
"1960100032400053567";"01950502023016828690"
"1960100032400094182";"01949752024010272911"
"1960100032500101426";"01949752025019813443"
"1960100032000093808";"01949752020012214485"
"1960100032000087001";"01949752020010834010"
"1110100462300039595";"01155792023006206269"
"1960100032200036937";"01949752022006415441"
"1960100032200067069";"01949752022012341284"
"1960100032200027725";"01949752022004838922"
"1960100032200037216";"01949752022006389262"
"2080100042300003398";"03030272023014522521"
"2080100032300001770";"03030262023015293545"
"1960100032500012377";"01949752025002447538"
"1960100032500081344";"01949752025017545697"
"1960100032500018936";"01949752025004245819"
"1960100032500057117";"019149562024012679839"
"1960100032500030111";"01949752025006602007"
"1960100032500035113";"01949752025006598646"
"2130100012100014401";"06914652021000083469"
"2080100962400011895";"03026692024019727104"
"3210100032600001841";"03213132026000033096"
"1960100032400042131";"01949752024007055386"
"1960100032400014553";"01949752024000762478"
"1110100382100028061";"01156142021003830297"
"2810100012100008888";"02822222021000117039"
"1960100032300017084";"01949752023003442741"
"1960100032300054044";"01949752023010875185"
"3210100032500017431";"03213132025000570678"
"3210100032500022265";"03213132025000884346"
"1130100322300000425";"07478532023002296863"
"2080300132400008058";"08993472024005237813"
"2080300132400008333";"08993472024005260475"
"3410100012400010639";"042172942024000112815"
"1960100032100101610";"01949752021010914901"
"1110100382500020575";"01156182025002865979"
"1960100032400075668";"01949752024014894215"
"1960100032400043588";"01949752024004993938"
"1960100032400019423";"01949752024003591097"
"1960100032400021991";"01949752024003612949"
"1960100032400094298";"01949752024019115818"
"2130100012500047490";"06914862025000585212"
"1110100942500013969";"01155712025008538661"
"1960100032500101329";"01949752025019813443"
"1960100032000089861";"01949752020002444445"
"1960100032000086763";"01949752020011113758"
"1960100032200037011";"01949752022006415441"
"1960100032200031651";"01949752022005296635"
"1960100032200079121";"01949752022014292396"
"1960100032200011901";"01949752022002727601"
"1960100032200049931";"01949752022009239318"
"1960100032500110336";"01949752025024212371"
"1960100032500109729";"01949752025024212371"
"1960100032500007349";"01949752025000561597"
"1960100032500001618";"01949752025000521536"
"1960100032500101061";"01949752025023890317"
"1960100032500030741";"01949752025003655347"
"1960100032500014515";"01949752025003281757"
"1960100032500063710";"01949752025010864851"
"1960100032500031304";"01949752025006603071"
"1960100032500026270";"01949752025003655690"
"1960100032200074782";"01949752022008440621"
"2130100012100014663";"06914652021000083469"
"2130100012100014531";"06914652021000083469"
"2130100012100012784";"06914692021000197234"
"2230100011900020537";"06219832019000364571"
"3280200012500042187";"03222982025000693814"
"3280200012500017131";"03222982025000393772"
"3280200012500045976";"03222982025001252811"
"3280200012500037019";"03222982025000586147"
"1110100382300013314";"01155202023005686243"
"2110100072400001593";"02121142024000014612"
"1960100032400042484";"01949752024007055386"
"1960100032400077067";"01949752024007755361"
"1210100032100000486";"08217452021000371760"
"2080100842200001497";"030166482022018740813"
"1110100382200009671";"01187502022004204213"
"2110100072500003256";"02121292023000700798"
"1110100462400010305";"01155792024005088956"
"1960100032300067111";"01949752023013340789"
"1960100032300091136";"01949752023018767250"
"1960100032300095001";"01949752023018766105"
"1960100032300016517";"01949752023003446576"
"1960100032300016622";"01949752023003446576"
"1960100032300106801";"01949752023021409601"
"3210100032500011621";"03213132025000459301"
"3210100032500005360";"03213132025000193602"
"1960100032100101981";"01949752021010914901"
"1960100032100101955";"01949752021010914901"
"1960100031900024486";"01949752019001196969"
"1960100031900064674";"01949752019007826115"
"1110100012500066478";"011163272025010392226"
"1960100032500104281";"01949752025023653111"
"1010100012500005128";"01023912025000079310"
"1960100032400021606";"01949752024003578741"
"1960100032400109228";"01949752024022037261"
"1960100032400012161";"01949752024002073921"
"2130100011900028149";"06914652019000104412"
"1110100942500014094";"01155712025008523982"
"1960100032500088748";"01949752025017089829"
"1960100032000068943";"01949752020009045333"
"1960100032000085422";"01949752020010545921"
"1960100032200025463";"01949752022004838418"
"1960100032200060862";"01949752022011411971"
"1960100032200012493";"01949752022002719845"
"1960100032200020828";"01949752022003215158"
"1960100032200096247";"01949752022018227807"
"1960100032500077851";"01949752025017543481"
"1960100032500023328";"01949752025003654880"
"1960100032500005672";"01949752025000563883"
"1960100032500010056";"01949752025002460216"
"1960100032300019461";"01949752023003393782"
"1960100032200052282";"01949752022008405711"
"2080100102300005207";"030135692023021907652"
"2130100012100020477";"06914652021000361370"
"2210100012500022001";"02222422025000385330"
"1050100011900014936";"03249432019000203798"
"3280200012500039305";"03222982025000523811"
"3280200012500038244";"03222982025000835546"
"3280200012500037817";"03222982025000714081"
"2080100952400013068";"03026852024015388333"
"1960100032100113805";"01949752021014502446"
"1110100382000002374";"01156162020001338259"
"1960100032400037626";"01949752024002609944"
"1110100462200048679";"01155772022005717248"
"3280200012400053834";"03222982024000606767"
"3280200012400061810";"03222982024000706630"
"3280200012400058283";"03222982024000676463"
"3280200012400015517";"03222982024000257738"
"1960100032300050839";"01949752023010852215"
"1960100032300075483";"01949752023016234360"
"1960100032300092507";"01949752023018791479"
"1960100032300018072";"01949752023003307029"
"3210100032500018748";"03213132025000568428"
"3410100022400001998";"04285612024000130548"
"3410100022400001769";"04285612024000141400"
"1960100031900020669";"01949752019001129269"
"1960100031900070550";"01949752019007929518"
"1960100032500039811";"01949752025008171763"
"1960100032400034465";"01949752024006104138"
"1960100032400023145";"01949752024003577931"
"1960100032400056124";"01949752024010272236"
"2130100012500035621";"06914652025000468658"
"1960100032500011346";"01949752025001252661"
"1960100032500101116";"01949752025019813443"
"1960100032000089932";"01949752020011113243"
"1960100032000078655";"01949752020009002952"
"1960100032000094731";"01949752020012357413"
"1960100032000075893";"01949752020009307982"
"1110100462300041328";"01155792023006371626"
"1960100032200104088";"01949752022018527789"
"1960100032200024858";"01949752022004850469"
"1960100032200015387";"01949752022003216472"
"1960100032200020852";"01949752022003215158"
"1960100012400114030";"01983582024021720345"
"1960100032500105618";"01949752025023889319"
"1960100032500070581";"01949752025015297866"
"1960100032500006997";"01949752025000561597"
"1960100032500007306";"01949752025000561597"
"1960100032500030715";"01949752025003655347"
"1960100032500031223";"01949752025006603071"
"1960100032500031355";"01949752025006603071"
"1960100032500102201";"01949752025023889815"
"1130100212100003144";"07471292021004304370"
"1960100032000103811";"01949752020013988522"
"1960100032300111455";"01949752023017144313"
"1960100032300082641";"01949752023011815062"
"2230100011900019709";"06219832019000349857"
"2230100011900019148";"06219832019000329236"
"1130300012500036251";"07132902025003474114"
"3280200012500015902";"03222982025000149600"
"3280200012500042217";"03222982025000196608"
"1960100032400042409";"01949752024007055386"
"1960100032400014601";"01949752024000762478"
"1960100032400014618";"01949752024000762478"
"1960100032400080173";"01949752024014539822"
"1960100032400038118";"01949752024002609944"
"1010100012400010992";"01023912024000148639"
"1110100382200009620";"01187502022004204213"
"2710100052400002977";"02714372024000472911"
"3280200012400057759";"03222982024000743411"
"3280200012400057546";"03222982024000692582"
"3280200012400062000";"03222982024001113012"
"1960100032300015847";"01949752023003450417"
"1960100032300109256";"01950502023016868993"
"1960100032300098823";"01950502023019773713"
"1960100032300078687";"01949752023016231859"
"3210100032500009641";"03213132025000348738"
"3210100032500021897";"03213132025000783825"
"1130100322300000433";"07478542023002735198"
"1130100302500007035";"07478452025009737105"
"1960100032100112345";"01949752021013576861"
"3010100022400002347";"00420392024000131391"
"3410100022500003332";"04228292025000053317"
"1960100031900092082";"01949752019012320895"
"1210100021900001865";"08217272019000694649"
"1960100032500053421";"01949752025008221701"
"1960100032400011759";"01949752024001950332"
"1960100032400073975";"01949752024014910865"
"1960100032400020081";"01949752024003578155"
"1960100032400105400";"01949752024020825203"
"2130100012500013367";"06914862025000193136"
"1960100032200027652";"01949752022004838922"
"1960100032200064965";"01949752022011895308"
"1960100032200079008";"01949752022014290342"
"2080100942400024127";"030156672024024042459"
"1050100012300017742";"03249452023000802976"
"1960100032500081476";"01949752025017545697"
"1960100032500001960";"01949752025000546954"
"1960100032500023387";"01949752025003654880"
"1960100032500007446";"01949752025000560191"
"1960100032500057079";"019149562024012679839"
"1960100032500065462";"01949752025010864851"
"2080100842300002767";"030166482023021096157"
"1960100032500035318";"01949752025006598646"
"1960100032500081875";"01949752025017547550"
"2130100012100013683";"06914652021000083469"
"2130100012100020027";"06914652021000361370"
"1920100012500012251";"05630622025000157263"
"1110100381900003625";"01156182019000336361"
"3280200012500041008";"03222982025001006021"
"1960100032100130432";"01949752021012894355"
"1960100032100092972";"01949752021002627711"
"1960100032400042115";"01949752024007055386"
"1960100032400076869";"01949752024007755361"
"1110100382200009698";"01187502022004204213"
"1110100462400013754";"01155792024005875231"
"3280200012400061535";"03222982024000686515"
"1960100032300010535";"01949752023002102946"
"1960100032300078301";"01949752023016571102"
"1960100032300016444";"01949752023003308181"
"1960100032300108101";"01949752023021414788"
"1960100032300099005";"01950502023019773713"
"3210100032500019388";"03213132025000689306"
"2080101042500000395";"030175312025004378933"
"2080101042500003300";"030175312025019313875"
"2130100012400005467";"06914652024000026026"
"3410100022500003855";"04228292025000042030"
"1130300012400049685";"07174782024003127868"
"1960100031900064781";"01949752019007633589"
"1960100031900038428";"01949752019001481141"
"1960100032400011767";"01949752024001950332"
"1960100032400009630";"01949752024001418550"
"1960100032400023218";"01949752024003577931"
"1960100032400008855";"01949752024001418801"
"2130100012500036162";"06914652025000471012"
"2130100012500035735";"06914862025000440915"
"1960100032000084051";"01949752020009869212"
"1960100032200027792";"01949752022004838922"
"1960100032200026540";"01949752022004835583"
"1960100032200068650";"01949752022012468276"
"1960100032200014461";"01949752022002922560"
"1960100032200067115";"01949752022012337171"
"1960100032200067131";"01949752022012337171"
"1050100012300014425";"03249452023000784111"
"1960100032500081514";"01949752025017545697"
"1960100032500070725";"01949752025015298161"
"1960100032500016607";"01949752025003655266"
"1960100032500007081";"01949752025000561597"
"1960100032500074534";"01949752025015031599"
"1130300012500040615";"07174782025003436241"
"1960100032000104761";"01949752020014076900"
"1110100381900003641";"01156182019000336361"
"3280200012500028540";"03222982025000016715"
"2080100732400034963";"030132222024022417312"
"1960100032100105586";"01949752021011116952"
"1110100382300013251";"01155202023005686243"
"1960100032400014881";"01949752024000762478"
"1960100032400037650";"01949752024002609944"
"1110100382100028205";"01156142021003144695"
"1110100382200002642";"01156142022003596007"
"3410100022500003741";"04228292025000084972"
"3280200012400053591";"03222982024000554601"
"3280200012400057600";"03222982024000117995"
"3280200012400058496";"03222982024000722414"
"1110100381900017251";"01156142019004036354"
"1960100032300015685";"01949752023003450417"
"1960100032300019397";"01949752023003304194"
"1960100032300081106";"01949752023016576597"
"1960100032300075289";"01949752023016230615"
"1960100032300078482";"01949752023016231859"
"3210100032500018438";"03213132025000642687"
"2130100012400005564";"06914652024000026026"
"2130100012400014131";"06914652024000254321"
"2130100012400005645";"06914652024000026026"
"1960100032100112264";"01949752021013576861"
"1110100382500011649";"01156182024000106972"
"1960100031900093615";"01949752019010096734"
"2080101112500008943";"030179942025018701440"
"1110100012500073601";"011163272025010141312"
"1960100032500052093";"01949752025008221116"
"1960100032500053049";"01949752025008221701"
"1960100032400017099";"01949752024001416859"
"1960100032400054458";"01949752024010274956"
"1960100032400043650";"01949752024004993938"
"1960100032400033027";"01949752024003576535"
"1960100032400058240";"01949752024010274875"
"1960100032400032322";"01949752024005491022"
"1960100032400019520";"01949752024003572718"
"2130100012500035689";"06914652025000469034"
"1110100942500005443";"01155712025006641686"
"1960100032000021920";"01949752020001636499"
"1110100462300041360";"01155792023006373751"
"1110100462300039951";"01155792023006206340"
"1960100032200087930";"01949752022016415649"
"1960100032200100937";"01949752022018427130"
"1960100032200068634";"01949752022012468276"
"1960100032200079611";"01949752022014292558"
"1960100032200014471";"01949752022002922560"
"1960100032200096263";"01949752022018227807"
"2080100042300002189";"03030272023006967013"
"1960100032500006857";"01949752025000534191"
"1960100032500051119";"01949752025010438674"
"1960100032500070776";"01949752025015298161"
"1960100032500016577";"01949752025003655266"
"1960100032500023158";"01949752025002421318"
"1110100942400005856";"01155712024005316713"
"1960100032300063477";"01949752023010624182"
"2080100272400004816";"030193292024023517454"
"2080100952400014552";"03026852024016717896"
"1960100032100106981";"01949752021011786338"
"1960100032100039176";"01949752021003717314"
"1960100032100111098";"01949752021014238838"
"1110100382000002366";"01156162020001338259"
"1960100032400037881";"01949752024002609944"
"2210100012100018809";"02222362021000314814"
"1110100382100034337";"01156142021005607293"
"1110100382100035015";"01156142021006475145"
"1110100382100035171";"01156142021005047727"
"1010100012400010658";"01023912024000154876"
"1010100012400014084";"01023912024000140140"
"1960100012500071451";"01983582025018817261"
"1110100462400014084";"01155772024005696935"
"1960100032300015839";"01949752023003446576"
"1960100032300061792";"01949752023013338024"
"1960100032300075580";"01949752023016234360"
"1960100032300016118";"01949752023003307029"
"3210100032500018322";"03213132025000566646"
"3210100032500028603";"03213132025001165351"
"3210100032500017237";"03213132025000532661"
"3210100032500010089";"03213132025000371217"
"3210100032500018217";"03213132025000633262"
"2080100732500014851";"030196362025012289350"
"2130100012400005661";"06914652024000026026"
"1960100032100104776";"01949752021011091780"
"1960100032100104857";"01949752021011091780"
"1960100031900065301";"01949752019007207130"
"2220100012400015086";"05445882024000443789"
"1960100032500039577";"01949752025008171763"
"1960100032400060946";"01950502023016813820"
"1960100032400097645";"01949752024020227306"
"1960100032400010183";"01949752024001417821"
"1960100032400020782";"01949752024003578155"
"1960100032400008911";"01949752024001418801"
"1960100032400020650";"01949752024003573439"
"1960100032400094549";"01949752024019115818"
"1960100032400040333";"01950502023016870629"
"1130200012500049732";"07242192025003291845"
"1130100152500004757";"07477572025005376821"
"1960100032000089746";"01949752020011555262"
"1960100032000094448";"01949752020002441004"
"1960100032000078590";"01949752020009002952"
"1960100031900085337";"01949752019010397513"
"1960100032200079342";"01949752022014239916"
"1960100032200039030";"01949752022006804260"
"1960100032200024610";"01949752022004833114"
"1960100032200014331";"01949752022002922560"
"2080100112300001179";"030126962023014058473"
"1960100032500050449";"01949752025010438674"
"1960100032500010323";"01949752025002438628"
"1960100032500074313";"01949752025015031599"
"1960100032500080712";"01949752025018269936"
"1960100032500005591";"01949752025000563883"
"2130100012100012768";"06914692021000197234"
"1110100012200065628";"01155712022008437846"
"1110100942400006208";"01155712024005486899"
"3280200012500040400";"03222982025000180604"
"3280200012500044341";"03222982025001221932"
"1110100382000002511";"01156162020001338259"
"3210100032600007511";"03213132026000161841"
"1960100032400076826";"01949752024007755361"
"1110100382100028183";"01156142021003144695"
"1960100012500127676";"019188432025024676983"
"3280200012400049071";"03222982024000657086"
"3280200012400056401";"03222982024000556646"
"3280200012400058615";"03222982024000701417"
"1960100032300050820";"01949752023010852215"
"3210100032500024004";"03213132025000939264"
"2080101042500002983";"030175312025016759686"
"2080100852500001831";"03094042025014759307"
"2130100012400005785";"06914652024000026026"
"3410100012400010221";"042172942024000112734"
"1960100032100104938";"01949752021011091780"
"1960100032100104741";"01949752021011091780"
"3410100032400002721";"04285612024000121212"
"1960100031900037881";"01949752019001172199"
"1960100031900027752";"01949752019001172199"
"1960100031900046129";"01949752019001175112"
"1960100031900097564";"01949752019013511007"
"1110100012500073733";"011163272025010364109"
"1050100011900015347";"03249472019000409336"
"3410100012100006898";"042149732021000044471"
"1960100032500051933";"01949752025008221116"
"1960100032500052522";"01949752025008221116"
"1960100032400102800";"01949752024020848327"
"1960100032400017811";"01949752024002148793"
"1960100032400022165";"01949752024003612949"
"1960100032400102851";"01949752024020861269"
"1960100032400009886";"01949752024001952114"
"1110100942500004269";"01155712025005725142"
"1960100032500011486";"01949752025001252661"
"1960100032500035725";"01949752025004219907"
"1960100032000086151";"01949752020011093714"
"1960100032000094014";"01949752020012337811"
"1960100031900084985";"01949752019010397513"
"1960100031900085264";"01949752019010397513"
"1960100032200012191";"01949752022002698155"
"1960100032200068685";"01949752022012468276"
"1960100032200069053";"01949752022012345603"
"1960100032500110484";"01950502025021518018"
"1960100032500110573";"01950502025021518018"
"1960100032500050430";"01949752025010438674"
"1960100032500007942";"01949752025000560604"
"1960100032500074501";"01949752025015031599"
"1960100032500080682";"01949752025018269936"
"1960100032000104346";"01949752020013918583"
"2230100011900018710";"06219832019000321928"
"1960100032100131420";"01949752021017636095"
"1960100032100116855";"01949752021014235651"
"1960100032400042034";"01949752024007055386"
"1960100032400014464";"01949752024000762478"
"1960100032400080181";"01949752024014539822"
"1960100032400038185";"01949752024002609944"
"1960100032400014146";"01949752024000762478"
"1110100462200010965";"01155792022003559631"
"1960100012500127137";"01983582025024597855"
"2110100072500010309";"02121292023000700798"
"1110100462500028403";"01155772025007612195"
"3280200012400056671";"03222982024000740498"
"3280200012400057430";"03222982024000579344"
"3280200012400052528";"03222982024000612066"
"1960100032300075981";"01949752023016214920"
"1960100032300112060";"01949752023021831117"
"1960100032300076552";"01949752023016249634"
"1960100032300016355";"01949752023003445413"
"1960100032300107024";"01949752023021409601"
"1960100032300073146";"01949752023010871015"
"1960100032300112605";"01949752023021401295"
"3210100032500017822";"03213132025000580215"
"3210100032500011591";"03213132025000417489"
"2080101042500000761";"030175312025006677598"
"2080100942500022463";"030156672025024650093"
"1960100032000011356";"01949752019011701992"
"1960100032100104687";"01949752021011091780"
"1960100032100101866";"01949752021010914901"
"2110100052400003583";"02121222024000340341"
"1960100032400105036";"01949752024001726025"
"3410100022400001122";"042172962024000110914"
"1960100031900023013";"01949752019001328113"
"1960100542500019291";"01985312025015372959"
"3410100012100007150";"042149732021000050013"
"1960100032500039550";"01949752025008171763"
"1960100032500052042";"01949752025008221116"
"1960100032400057112";"01949752024010188952"
"1960100032400019687";"01949752024003613414"
"1960100032400033000";"01949752024003576535"
"1960100032400109252";"01949752024022037261"
"1960100032400022009";"01949752024003612949"
"1960100032400019504";"01949752024003572718"
"1960100032000083667";"01949752020009000071"
"1110100462300047369";"01155792023007086470"
"2110100072300011894";"02121292023000703711"
"1960100032200027008";"01949752022004852593"
"1960100032200026958";"01949752022004852593"
"1960100032200013041";"01949752022002728241"
"1960100032200011985";"01949752022002880549"
"1960100032200104061";"01949752022018527789"
"1960100032500022097";"01949752025004969817"
"1960100032500081336";"01949752025017545697"
"1960100032500070784";"01949752025015298161"
"1960100032500030650";"01949752025003655347"
"1960100032500023344";"01949752025003654880"
"1130100322200002741";"07478562022001494646"
"1960100032200052193";"01949752022008405711"
"2080100102300004782";"030135692023020290007"
"2130100012100020507";"06914652021000361370"
"3280200012500034362";"03222982025000736998"
"3280200012500033692";"03222982025000707033"
"3280200012500034321";"03222982025000706738"
"3280200012500036411";"03222982025000791239"
"3280200012500034974";"03222982025000792715"
"2080100952400022350";"03026852024023732005"
"2080100272400005456";"030193292024024417879"
"1960100032100099209";"01949752021011088304"
"2220100012400004599";"05445822024000149259"
"1110100382200011481";"01187502022004204213"
"3280200012400044762";"03222982024000665691"
"1110100381900019750";"01156142019006885162"
"1960100032300063809";"01949752023013339934"
"1960100032300107202";"01949752023021418856"
"1960100032300050847";"01949752023010856806"
"1960100032300076196";"01949752023016235170"
"1960100032300079691";"01949752023016236575"
"3210100032500024861";"03213132025000734701"
"3210100032500023350";"03213132025000910525"
"3410100012400010299";"042172942024000112734"
"1110100942300010871";"01155712023007300601"
"1130300012400042885";"07174782024004079816"
"1110100382500020974";"01156182025002865979"
"1960100031900020898";"01949752019001245927"
"1110100012500073652";"011163272025009152152"
"1110100012500073571";"011163272025009209448"
"1960100542500019461";"01985312025015393107"
"3410100012100007185";"042149732021000044714"
"1960100032500094845";"01949752025019762512"
"1960100032400060997";"01950502023016813820"
"1960100032400011279";"01949752024002090001"
"1960100032400056851";"01949752024010272821"
"1960100032400018583";"01949752024003571142"
"1960100032400043561";"01949752024004993938"
"1960100032400020571";"01949752024003573439"
"1960100032400054921";"01949752024010274611"
"1960100032400029577";"01949752024005135749"
"1110100382400005644";"01156182024000106972"
"1960100032000032418";"01949752020001455354"
"1110100462300032337";"01155772023004336683"
"1960100032200012167";"01949752022002698155"
"1960100032200067670";"01949752022012471498"
"1960100032200037151";"01949752022006389262"
"1960100032500077630";"01949752025017543481"
"1960100032500110239";"01949752025024212371"
"1960100032500000964";"01949752025000526767"
"1960100032500008061";"01949752025000560604"
"1960100032500030049";"01949752025006602007"
"1960100032500002258";"01949752025000557212"
"1960100032500108676";"01949752025023889491"
"1960100032500017115";"01949752025003654456"
"1960100032500102090";"01949752025023889815"
"1130100112100004871";"07479102021005185716"
"2130100012100014647";"06914652021000083469"
"2130100012100012628";"06914692021000197234"
"2220100012500013711";"05445862025000312214"
"2080100942400017759";"030156672024016687110"
"2080100942400017767";"030156672024016687110"
"2080100732400035072";"030132222024022418629"
"1960100032100052245";"01949752021002619106"
"1960100032400076958";"01949752024007755361"
"3410100012200005268";"04228292022000044617"
"1110100462000058789";"01155762020003134301"
"2220100012400009310";"05445822024000204888"
"3280200012400051890";"03222982024000661946"
"3280200012400013689";"03222982024000114546"
"1960100032300066891";"01949752023013340789"
"1960100032300063698";"01949752023013339934"
"1960100032300106941";"01949752023021409601"
"1960100032300098793";"01950502023019773713"
"1960100032300097241";"01949752023019990700"
"1960100032300078695";"01949752023016231859"
"3210100032500018292";"03213132025000634919"
"3210100032500002655";"03213132025000021658"
"1960100032100112061";"01949752021013576861"
"1960100031900092023";"01949752019012322162"
"1960100031900021010";"01949752019001249329"
"1960100031900069668";"01949752019007929518"
"1960100032500104557";"01949752025023653111"
"1960100032400102495";"01949752024020848327"
"1960100032400020383";"01949752024003570502"
"1960100032400061535";"019155652024011503411"
"1960100032400103173";"01949752024020861269"
"1960100032400094581";"01949752024019115818"
"1110100942500015473";"01155712025012499713"
"1110100382100034655";"01156162021004920880"
"1960100032000068846";"01949752020009045333"
"1960100032000090515";"01949752020011557800"
"1960100031900085248";"01949752019010397513"
"1110100462300035565";"01155792023005499726"
"1960100032200012116";"01949752022002698155"
"1960100032200022413";"01949752022004428431"
"1960100032200014496";"01949752022002922560"
"1960100032500081263";"01949752025017545697"
"1960100032500070652";"01949752025015297866"
"1960100032500007977";"01949752025000560604"
"1960100032500057151";"019149562024012679839"
"1960100032500074585";"01949752025015031599"
"1960100032500106029";"01949752025023902269"
"1960100032500005494";"01949752025000563883"
"3410100032500003615";"042172942025000113812"
"2130100012100014027";"06914652021000083469"
"2130100012100014094";"06914652021000083469"
"2130100012100020159";"06914652021000361370"
"1960100032300047218";"01949752023009148101"
"1960100032600004220";"01949752026000795921"
"3280200012500033722";"03222982025000587542"
"3280200012500003157";"03222982025000001955"
"2080100732400035005";"030132222024022418891"
"2080100272400005294";"030193292024024030524"
"2080100732400025441";"030132222024014894964"
"2080100962400012050";"03026692024019727104"
"1110100382300013195";"01155202023005686243"
"1960100032300063728";"01949752023013339934"
"1960100032300021219";"01949752023003452380"
"2080100942500022439";"030156672025024650093"
"2130100012400005841";"06914652024000026026"
"3410100012400009193";"042172942024000113030"
"1110100012000042996";"01155712020004410895"
"1960100032100109921";"01949752021013197925"
"1960100032400092562";"01949752024011230448"
"1960100031900064811";"01949752019007814702"
"1960100031900024265";"01949752019001478271"
"1960100542500019400";"01985312025015389177"
"1960100032500039951";"01949752025008171763"
"1960100032400102592";"01949752024020848327"
"1960100032400027541";"01949752024004991722"
"1960100032400010841";"01949752024001417821"
"1960100032400030850";"01949752024005133291"
"1960100032400094395";"01949752024019115818"
"2730100012500069061";"01717962025000181890"
"1960100032000021904";"01949752020001636499"
"1960100032000094375";"01949752020002441004"
"1960100031900085078";"01949752019010397513"
"1960100032200024246";"01949752022004833114"
"1960100032500031215";"01949752025006603071"
"1960100032500094489";"019127922025012381713"
"1960100032500101728";"01949752025023889815"
"2130100012100014337";"06914652021000083469"
"2130100012100013810";"06914652021000083469"
"1960100032000104567";"01949752020014071347"
"1960100032000104184";"01949752020014079089"
"1960100032300063248";"01949752023010624182"
"2080100732400034858";"030132222024022418891"
"2080100952400018701";"03026852024019936467"
"2080101092400012654";"030178122024024463278"
"1960100032100024403";"01949752021002980071"
"1960100032100012677";"01949752021002554489"
"1960100032100024454";"01949752021002982367"
"1110100382300013101";"01155202023005686243"
"3210100032600007171";"03213132026000219190"
"1960100032400014235";"01949752024000762478"
"1050100012100011719";"03249452021000349170"
"1110100382200005293";"01156142022004343854"
"1110100382200002790";"01156142022003644338"
"1960100032300017165";"01949752023003442741"
"1960100032300099481";"01949752023019996902"
"1960100032300010421";"01949752023002103161"
"1960100032300016479";"01949752023003308181"
"1960100032300010322";"01949752023002360562"
"1960100032300076633";"01949752023016229617"
"1960100032300017572";"01949752023003444018"
"1960100032300109124";"01950502023016868993"
"1960100032300078571";"01949752023016231859"
"3210100032500018276";"03213132025000634404"
"3210100032500019167";"03213132025000691114"
"3210100032500003058";"03213132025000067054"
"2130100012400008156";"06914652024000125512"
"1960100032100104611";"01949752021011091780"
"1960100032000038998";"01949752020001455273"
"2080100042100001459";"03030272021008098380"
"1960100011900077135";"01983582019014372293"
"1960100031900020715";"01949752019001129269"
"1960100031900070046";"01949752019007812165"
"1110100012500055263";"011163272025008926731"
"3410100012100008564";"042151342021000022276"
"1960100032500039909";"01949752025008171763"
"1960100032400054369";"01949752024010274956"
"1960100032400043626";"01949752024004993938"
"1960100032400053699";"01950502023016828690"
"1960100032400108507";"01949752024021591311"
"1960100032400040406";"01950502023016870629"
"1110100942500005818";"01155712025006266311"
"1960100032500011397";"01949752025001252661"
"1050100012500018881";"03249452025001187193"
"1960100032000095703";"01949752020009075160"
"1110100462300086429";"01155792023009856591"
"1960100032200067018";"01949752022012341284"
"1960100032200104029";"01949752022018527789"
"1960100032200024866";"01949752022004850469"
"1960100032200079695";"01949752022014292558"
"1960100032200068979";"01949752022012345603"
"1960100032200079288";"01949752022014290342"
"1960100032500007276";"01949752025000561597"
"1960100032500018901";"01949752025004245819"
"1960100032500101086";"01949752025023890317"
"1960100032500021899";"01949752025005141499"
"1960100032300013259";"01949752022007852616"
"3810100032500013001";"08217412025000449160"
"1110100012200042520";"01155712022005899776"
"1960100032300082587";"01949752023011815062"
"1110100381900003757";"01156182019000336361"
"1110100381900003560";"01156182019000336361"
"2130100012500023036";"06914862025000281345"
"3280200012500028370";"03222982025000295509"
"2080100952400012975";"03026852024015354013"
"1960100032100100185";"01949752021011103621"
"1960100032100111349";"01949752021014232988"
"1960100032400079681";"01949752024014539822"
"1130100062400003137";"07478252024005993235"
"3210100032400005382";"03213132024000409108"
"2080100242300000601";"030148512023004534343"
"3280200012400053818";"03222982024000554945"
"1960100032300067022";"01949752023013340789"
"1960100032300076676";"01949752023016229617"
"1960100032300106869";"01949752023021409601"
"1960100032300098785";"01950502023019773713"
"3210100032500011522";"03213132025000335598"
"3210100032500021668";"03213132025000833865"
"3210100032500015412";"03213132025000577176"
"1960100032100110210";"01949752021013197925"
"1130100222400004080";"074158702024003987343"
"2080200052100001417";"01289092021004614907"
"1960100031900090705";"01949752019010096734"
"2080100722500003771";"03023762025012013105"
"1960100032500104484";"01949752025023653111"
"1960100032500058350";"01949752025008221701"
"1960100032400030494";"01949752024003621859"
"1960100032400073983";"01949752024014910865"
"1960100032400046560";"01949752024004997330"
"1960100032400008812";"01949752024001418801"
"1960100032400019301";"01949752024003591097"
"1960100032400094131";"01949752024010272911"
"1960100032400056116";"01949752024010272236"
"1960100032400094344";"01949752024019115818"
"1960100032400040279";"01950502023016870629"
"1110100942500006903";"01155712025006282937"
"1960100032500035644";"01949752025004219907"
"1960100032500035695";"01949752025004219907"
"1960100032000088685";"01949752020009619283"
"1960100032000088936";"01949752020009619283"
"1960100032200079318";"01949752022014239916"
"1960100032200014445";"01949752022002922560"
"1960100032200079091";"01949752022014290342"
"1960100032500007357";"01949752025000561597"
"1960100032500023247";"01949752025003654880"
"1960100032500031134";"01949752025006603071"
"1960100032500012271";"01949752025002458904"
"1960100032500026394";"01949752025003655690"
"1960100032500108900";"01949752025023889491"
"1960100032500009864";"01949752025002460216"
"1130100322200002685";"07484762022005671807"
"2130100012100013802";"06914652021000083469"
"2130100012100013993";"06914652021000083469"
"1960100032000104338";"01949752020013918583"
"1960100032300063612";"01949752023010624182"
"1960100032300047137";"01949752023009148101"
"1960100032300082676";"01949752023011815062"
"3280200012600001248";"03222982026000116109"
"3280200012500042322";"03222982025000665527"
"3280200012500013977";"03222982025000187102"
"1960100032400042441";"01949752024007055386"
"1110100462200009371";"01155792022003438095"
"3210100032400009647";"03213132024000794176"
"1110100462400007185";"01155792024004224279"
"1110100462400010291";"01155792024005088875"
"1110100832200001854";"01192542022008053208"
"1110100381900014260";"01156142019006505947"
"1960100032300111013";"01949752023021417116"
"1960100032300075947";"01949752023016234793"
"1960100032300076439";"01949752023016208610"
"1960100032300075246";"01949752023016230615"
"1960100032300112524";"01949752023021401295"
"3210100032500018500";"03213132025000659318"
"2080101042500000417";"030175312025004378933"
"2080100252000001088";"030147792020010472179"
"1960100032100101548";"01949752021010914901"
"3010100022400000964";"00420392024000073766"
"1130300012400039426";"07137242024004098851"
"1960100031900092139";"01949752019012330181"
"1960100031900091698";"01949752019008973031"
"1960100032500040001";"01949752025008171763"
"1960100032400013591";"01949752024002647790"
"1960100032400094050";"01949752024010272911"
"1960100032400013281";"01949752024002649067"
"1960100032400054865";"01949752024010274611"
"1110100382400005202";"01156182023010564191"
"1960100032500011443";"01949752025001252661"
"1110100381900018428";"01156142019004393386"
"1960100032000068803";"01949752020009045333"
"1960100032000069311";"01949752020009008306"
"1960100032200024920";"01949752022004850469"
"1960100032200019811";"01949752022002875383"
"1050100012300021820";"03249452023001019876"
"1960100032500078734";"01949752025017543481"
"1960100032500109907";"01949752025024212371"
"1960100032500006881";"01949752025000534191"
"1960100032500057605";"01949752025012156099"
"1960100032500010153";"01949752025002438628"
"1960100032500037485";"01949752025007491896"
"1960100032500057680";"01949752025012156099"
"1960100032500030766";"01949752025002440100"
"1110100012200065636";"01155712022008437846"
"1960100032300046904";"01949752023009148101"
"3210100032600004636";"03213132026000112638"
"1960100032400037766";"01949752024002609944"
"1960100032400038071";"01949752024002609944"
"1960100032400037596";"01949752024002609944"
"1960100032400076729";"01949752024007755361"
"1110100382100035120";"01156142021005047727"
"1110100462200094468";"01155772022007527888"
"1960100012500071344";"01983582025018702103"
"1960100032300018307";"01949752023003445413"
"1960100032300080959";"01949752023016576597"
"3210100032500008483";"03213132025000328460"
"2130100012400008091";"06914652024000125512"
"2130100012400014032";"06914652024000254321"
"3410100012400010647";"042172942024000112815"
"1960100032000011402";"01949752019011701992"
"1960100032100101831";"01949752021010914901"
"1130300012400043040";"07174782024003074306"
"1110100382500026557";"01156182025002865979"
"3410100032400002800";"04285612024000073722"
"1110100012500073792";"011163272025010279250"
"3410100022500002621";"04228292025000051888"
"1960100032400032055";"01949752024006133740"
"1960100032400046201";"01949752024005119549"
"1960100032400075439";"01949752024014910784"
"1960100032400020286";"01949752024003570502"
"1960100032400023064";"01949752024003577931"
"1960100032400018958";"01949752024003572718"
"1960100032400053672";"01950502023016828690"
"1960100032400030869";"01949752024005133291"
"1960100032400094174";"01949752024010272911"
"1960100032400055020";"01949752024010274611"
"1960100032400054962";"01949752024010274611"
"1960100032500012611";"01949752025001345081"
"1110100382100034957";"01156162021004920880"
"1960100032000088766";"01949752020011107278"
"1960100032000089126";"01949752020011192445"
"1960100032200027180";"01949752022004835915"
"1960100032200039189";"01949752022006806211"
"1960100032200039022";"01949752022006793128"
"2080100942400024119";"030156672024024042459"
"1960100032500017301";"01949752025003653999"
"1960100032500037493";"01949752025007491896"
"1960100032500002525";"01949752025000557212"
"1960100032500026297";"01949752025003655690"
"1960100032500101698";"01949752025023889815"
"3410100032500003331";"042172942025000111861"
"1130300012500034968";"07174782025003279987"
"2130100012200003852";"06914652022000068509"
"2080100272500003997";"030193102025024105566"
"2130100012100020175";"06914652021000361370"
"2130100012100012891";"06914692021000197234"
"1960100032300082481";"01949752023011815062"
"1960100032300047080";"01949752023009148101"
"2230100011900019008";"06219832019000333772"
"2130100012500039307";"06914862025000456838"
"3280200012500020140";"03222982024001216750"
"3280200012500027722";"03222982025000586490"
"1960100032100103508";"01949752021011787814"
"1960100032100115107";"01949752021014503094"
"1960100032400037707";"01949752024002609944"
"1960100032400077059";"01949752024007755361"
"1110100382100034213";"01156142021004988960"
"3280200012400055004";"03222982024000743594"
"3280200012400050339";"03222982024000653099"
"1960100032300050928";"01949752023010852215"
"1960100032300019370";"01949752023003304194"
"1960100032300106893";"01949752023021409601"
"1960100032300080789";"01949752023016576597"
"2130100012400001461";"06914652023000652384"
"2130100012400005777";"06914652024000026026"
"1960100032100104849";"01949752021011091780"
"1050100012400019725";"03249452024001190550"
"1110100382500011691";"01156182024000106972"
"2130100012400025808";"06914862024000516228"
"1960100031900061756";"01949752019007633589"
"2080101112500008986";"030179942025018701440"
"1110100012500067441";"011163272025010110514"
"1050100011900015320";"03249472019000409336"
"1960100032500039704";"01949752025008171763"
"1960100032400011661";"01949752024001950332"
"1960100032400032918";"01949752024003576535"
"1960100032400057783";"01949752024003577183"
"1960100032400026896";"01949752024003592654"
"1960100032400094115";"01949752024010272911"
"2080100272300001586";"03025632023016490758"
"1960100032000091384";"01949752020009691049"
"1960100032000038750";"01949752020002776791"
"1110100462300045501";"01155792023006779382"
"1960100032200026941";"01949752022004852593"
"1960100032200049923";"01949752022009239318"
"1960100032200022421";"01949752022004428431"
"1960100032200015281";"01949752022003216472"
"1960100032200015735";"01949752022002946582"
"1960100032200068944";"01949752022012345603"
"1960100032500103798";"01949752025023901530"
"1960100032500006938";"01949752025000534191"
"1960100032500081328";"01949752025017545697"
"1960100032500007136";"01949752025000561597"
"1960100032500065497";"01949752025010864851"
"1960100032500103739";"01949752025023900819"
"1960100032500092982";"019127922025012373702"
"1960100032500023281";"01949752025002421318"
"1960100032500009953";"01949752025002460216"
"2710100032000000925";"02714572020000153113"
"1960100032000104151";"01949752020014079089"
"1960100032300082633";"01949752023011815062"
"1110100381900003609";"01156182019000336361"
"2230100011900019636";"06219832019000321847"
"3810100032400010601";"08217392024000390565"
"3280200012600006010";"03222982026000237666"
"3280200012500045021";"03222982025001243669"
"1960100032400079566";"01949752024014539822"
"1960100032400079671";"01949752024014539822"
"3410100012200002951";"042151342022000014606"
"1110100382100028035";"01156142021003830297"
"1960100012500121252";"01951862025024198951"
"3210100032400004661";"03213132024000230043"
"2810100012100009221";"02822052021000218314"
"3280200012400054458";"03222982024000848515"
"3280200012400057783";"03222982024000980880"
"1960100032300066999";"01949752023013340789"
"1960100032300107237";"01949752023021418856"
"1960100032300061687";"01949752023013338024"
"1960100032300076285";"01949752023016234793"
"1960100032300016452";"01949752023003308181"
"1960100032300109401";"01950502023016868993"
"1960100032300096782";"01949752023019986427"
"1960100032300078709";"01949752023016231859"
"1960100032300078466";"01949752023016231859"
"3210100032500009439";"03213132025000349467"
"3210100032500008122";"03213132025000306733"
"1130100092300009513";"07478812023006031761"
"2130100012400013605";"06914652024000125512"
"3410100012400008804";"042172942024000112653"
"3410100022500004169";"04228292025000115282"
"1960100031900020952";"01949752019001245927"
"2220100012500009447";"05445812025000130519"
"1960100032500053332";"01949752025008221701"
"1960100032400021614";"01949752024003578741"
"1960100032400054571";"01949752024010274956"
"1960100032400027450";"01949752024004991722"
"1960100032400103149";"01949752024020964661"
"1960100032400058747";"01949752024010274280"
"1960100032400046536";"01949752024004997330"
"1960100032400030818";"01949752024005133291"
"1960100032500101396";"01949752025019813443"
"1960100032500088731";"01949752025017089829"
"1110100942500014957";"01155742025009091140"
"1110100461900237921";"01155782019006338198"
"1960100032000081176";"01949752020009635050"
"1960100032000089721";"01949752020011553812"
"1960100032000021882";"01949752020001636499"
"1960100032000042588";"01949752020002776791"
"1960100032000029298";"01949752020002452201"
"1960100032000095770";"01949752020009075160"
"1960100032000095754";"01949752020009075160"
"1960100032200027644";"01949752022004838922"
"1960100032200024912";"01949752022004850469"
"1960100032200015621";"01949752022002946582"
"1960100032200014356";"01949752022002922560"
"1960100032200064868";"01949752022011895308"
"1960100032200041965";"01949752022006390279"
"1960100032200079059";"01949752022014290342"
"1960100032500050554";"01949752025010438674"
"1960100032500005230";"01949752025000563883"
"1960100032500101930";"01949752025023889815"
"1960100032500102198";"01949752025023889815"
"1960100032200052223";"01949752022008405711"
"2210100012200019834";"02222352022000292008"
"2130100012100012814";"06914692021000197234"
"1960100032300063604";"01949752023010624182"
"2130100012500023281";"06914862025000275884"
"3010100022500002910";"00420392025000120021"
"3280200012500024804";"03222982025000295681"
"3280200012500042063";"03222982025000431372"
"1960100032100017271";"01949752021002883628"
"1960100032100130718";"01949752021014216010"
"1960100032100105357";"01949752021011089114"
"1960100032100105365";"01949752021011089114"
"1110100382300013330";"01155202023005686243"
"1960100032400079991";"01949752024014539822"
"1960100032400037847";"01949752024002609944"
"2080101042200001645";"030166122022017278013"
"1110100462200082354";"01155772022002534126"
"1960100032300111234";"01949752023021825656"
"1960100032300061679";"01949752023013338024"
"1960100032300019400";"01949752023003304194"
"1960100032300107911";"01949752023021414788"
"1960100032300098998";"01950502023019773713"
"3210100032500010844";"03213132025000415192"
"2080101042500001294";"030175312025010000904"
"2130100012400005483";"06914652024000026026"
"2130100012400023201";"06914652024000182079"
"3410100012400009029";"042172942024000112653"
"3410100012400009185";"042172942024000113030"
"1960100032100104652";"01949752021011091780"
"1130300012400043253";"07174782024004002783"
"2130100012400025141";"06914862024000472263"
"1960100031900067452";"01949752019007904281"
"1960100542500019346";"01985312025015376601"
"1960100542500019249";"01985312025015319551"
"1210100021900002160";"08217272019000732753"
"1960100032400060814";"01950502023016813820"
"1960100032400021525";"01949752024003578741"
"1960100032400079108";"01949752024015669223"
"1960100032400079401";"01949752024013347113"
"1960100032400019921";"01949752024003613414"
"1960100032400097521";"01949752024020226245"
"1960100032400058712";"01949752024010274280"
"1960100032400020790";"01949752024003578155"
"1960100032400030885";"01949752024005133291"
"1130100152500010129";"07484562025009074374"
"1110100382400005636";"01156182024000106972"
"2130100012500036944";"06914652025000470636"
"1110100942500004420";"01155712025005780755"
"1960100032500101132";"01949752025019813443"
"1960100032500013535";"01949752025001340616"
"1960100032500013470";"01949752025001340616"
"1960100032000090825";"01949752020009547789"
"1960100032000078698";"01949752020009002952"
"1110100462300041239";"01155772023001475259"
"1960100032200027326";"01949752022004835915"
"1960100032200026281";"01949752022004835231"
"1960100032200024051";"01949752022004851783"
"1960100032200012698";"01949752022002879371"
"2080100702400002555";"03097792024017569629"
"2080100232400002318";"030150102024021283786"
"2080100202400004866";"030120772024024267213"
"2080100302300006151";"030148922023013034768"
"1960100032500081727";"01949752025017545697"
"1960100032500081441";"01949752025017545697"
"1960100032500105723";"01949752025023889319"
"1960100032500006954";"01949752025000561597"
"1960100032500074550";"01949752025015031599"
"1960100032500035016";"01949752025006598646"
"1960100032500002363";"01949752025000557212"
"1960100032500095337";"019127922025012381713"
"1960100032500103070";"01949752025023890236"
"1960100032500023263";"01949752025002421318"
"1960100032500005265";"01949752025000563883"
"1130300012500026604";"07136652025002884288"
"3010100022500004409";"00420392025000160597"
"3280200012500020213";"03222982025000161138"
"2080100732400035013";"030132222024022418891"
"1960100032100016656";"01949752021002583667"
"1960100032100113661";"01949752021014507162"
"1960100032100130467";"01949752021012894355"
"2130100012200016180";"06914652022000175925"
"1130100092300009564";"07478832023008063088"
"1960100032400037901";"01949752024002609944"
"1110100012100033012";"01155712021003039914"
"3280200012400058331";"03222982024000838978"
"1960100032300017807";"01949752023003072633"
"1960100032300021391";"01949752023003452380"
"1960100032300096529";"01949752023019986427"
"1960100032300078611";"01949752023016231859"
"1960100032300097312";"01949752023019986427"
"3210100032500017121";"03213132025000580398"
"3210100032500011530";"03213132025000350392"
"1960100032100112469";"01949752021013576861"
"3410100022400000800";"04285612024000066271"
"1960100031900024532";"01949752019001196969"
"1960100031900060873";"01949752019007825496"
"1960100542500019362";"01985312025015380897"
"3410100012100008599";"042149732021000045796"
"1010100012500005111";"01023912025000079310"
"1960100032400079469";"01949752024015669223"
"1960100032400057015";"01949752024010275090"
"1960100032400059697";"01949752024010274441"
"1960100032400046579";"01949752024004997330"
"1960100032400085663";"01949752024016706815"
"1960100032400094387";"01949752024019115818"
"1960100032400029429";"01949752024005135749"
"1110100942500009368";"01155712025007385101"
"1960100032000032817";"01949752020002789931"
"1960100032000054691";"01949752020007631821"
"1960100031900085035";"01949752019010397513"
"1130100042500006403";"07499712025004244024"
"1050100012300011817";"03249452023000320807"
"1960100032500108528";"01949752025023889491"
"1960100032200052258";"01949752022008405711"
"2080100732500033791";"030196362025014613111"
"2080100272500004527";"030193292025020483860"
"2130100012100019827";"06914652021000361370"
"2230100011900020618";"06219832019000364651"
"2230100011900020545";"06219832019000364732"
"3280200012500037965";"03222982025000854095"
"3280200012500025088";"03222982025000187013"
"2080100732400035021";"030132222024022418891"
"1960100032100016206";"01949752021001718216"
"1960100032100033429";"01949752021002983924"
"1960100032100111217";"01949752021014232554"
"2130100012200016131";"06914652022000175925"
"1960100032400042451";"01949752024007055386"
"1960100032400079868";"01949752024014539822"
"3210100032400005978";"03213132024000425561"
"1110100382200011471";"01187502022004204213"
"3280200012400047419";"03222982024000676030"
"3280200012400057945";"03222982024000673952"
"1960100032300063795";"01949752023013339934"
"1960100032300017671";"01949752023003444018"
"1960100032300080967";"01949752023016576597"
"1960100032300018463";"01949752023003066153"
"1960100032300098955";"01950502023019773713"
"1960100032300112265";"01949752023021401295"
"3210100032500020866";"03213132025000767463"
"3210100032500017891";"03213132025000594186"
"1130100322300000395";"07478542023002750073"
"1960100032100112140";"01949752021013576861"
"1960100032100110253";"01949752021013197925"
"1110100382500020796";"01156182025002865979"
"1110100382500020699";"01156182025002865979"
"2080100252100001831";"030147792021015701169"
"1960100031900022955";"01949752019001329781"
"2210100012400036200";"02222422024000757635"
"1960100542500019338";"01985312025015374901"
"1960100032400021576";"01949752024003578741"
"1960100032400019830";"01949752024003613414"
"1960100032400013905";"01949752024001967731"
"1960100032400074017";"01949752024014910865"
"1960100032400053540";"01950502023016828690"
"1960100032400022815";"01949752024003592654"
"1110100942500007829";"01155712025006646645"
"1960100032000087271";"01949752020011096641"
"1110100462300030725";"01155772023003634494"
"1960100032200012140";"01949752022002698155"
"1960100032200068601";"01949752022012468276"
"1960100032500001006";"01949752025000526767"
"1960100032500108609";"01949752025023889491"
"1960100032300019486";"01949752023003393782"
"1960100032300013399";"01949752022007852616"
"1130100322200002375";"07478562022001494646"
"2130100012100014450";"06914652021000083469"
"1960100032300082943";"01949752023011815062"
"2010100012500005605";"02045492025001259221"
"3280200012600001833";"03222982026000146199"
"3280200012500036421";"03222982025000791158"
"2080100272400005618";"030193292024024572921"
"1960100032100103931";"01949752021011059622"
"1960100032100039109";"01949752021003717314"
"2130100012200016164";"06914652022000175925"
"3210100032600006795";"03213132026000222816"
"1960100032400042492";"01949752024007055386"
"1960100032400014812";"01949752024000762478"
"1110100462200099230";"01155772022008236771"
"1110100382200002294";"01156142022002995188"
"1110100382200009681";"01187502022004204213"
"3280200012400055748";"03222982024000115861"
"1960100032300010391";"01949752023002103161"
"3210100032500024497";"03213132025000956789"
"3410100012400008911";"042172942024000112904"
"1960100032100111977";"01949752021013576861"
"3410100022500003863";"04228292025000042030"
"3410100022500004071";"04228292025000107000"
"1110100382500013269";"01156182024000106972"
"1960100031900061705";"01949752019007633589"
"1110100012500073482";"011163272025010195404"
"1960100032400027477";"01949752024004991722"
"1960100032400085574";"01949752024016706815"
"1960100032400075587";"01949752024010272911"
"1960100032400061187";"01949752024010271515"
"1960100032400012143";"01949752024002073921"
"1110100382400005903";"01156182024000106972"
"1110100942500012024";"01155712025007220102"
"1050100012500016038";"03249452025000648308"
"1110100461900304775";"01155772019008255748"
"1960100032000088741";"01949752020011107278"
"1960100032000069230";"01949752020009008306"
"1960100032000039005";"01949752020001455273"
"1960100032000022226";"01949752020002774313"
"1110100462300086437";"01155792023009872448"
"1960100032200015794";"01949752022002946582"
"1050100012300010233";"03249452023000439286"
"1960100032500012512";"01949752025002447538"
"1960100032500070997";"01949752025015298161"
"1960100032500077398";"01949752025017546740"
"1960100032500077381";"01949752025017546740"
"1960100032500030881";"01949752025003655347"
"1960100032500074275";"01949752025015031599"
"1960100032500031266";"01949752025006603071"
"1960100032500031150";"01949752025006603071"
"1960100032500031207";"01949752025006603071"
"1960100032500101671";"01949752025023889815"
"1960100032500005771";"01949752025000563883"
"2080100112300000611";"030126962023009085603"
"2130100012100020061";"06914652021000361370"
"1960100032300063582";"01949752023010624182"
"2230100011900018796";"06219832019000325834"
"2230100011900018788";"06219832019000325672"
"3280200012500022313";"03222982025000196357"
"1960100032100100797";"01949752021002574757"
"1960100032100039151";"01949752021003717314"
"1110100382300013373";"01155202023005686243"
"1960100032400079736";"01949752024014539822"
"1960100032400076966";"01949752024007755361"
"1110100462100027121";"01155792021004471907"
"1110100382100035147";"01156142021005047727"
"3210100032400015272";"03213132024001153085"
"1960100032300075963";"01949752023016214920"
"1960100032300091543";"01949752023018791479"
"1960100032300089689";"01949752023018769546"
"1960100032300079675";"01949752023016236575"
"3210100032500026317";"03213132025000282028"
"3210100032500019124";"03213132025000568932"
"3210100032500020890";"03213132025000847572"
"3210100032500011085";"03213132025000410395"
"3210100032500002663";"03213132025000105088"
"3210100032500011573";"03213132025000374062"
"2080101042500001308";"030175312025008425006"
"2130100012400005807";"06914652024000026026"
"1960100032000022250";"01949752020002774313"
"1960100032100110164";"01949752021013197925"
"1960100042300016247";"01951552023015023967"
"3410100022500003448";"04228292025000099490"
"1960100031900090438";"01949752019010096734"
"1960100031900093674";"01949752019011927028"
"1960100542500019389";"01985312025015379023"
"1960100542500019575";"01985312025015326680"
"1960100032500039771";"01949752025008171763"
"1960100032500053537";"01949752025008221701"
"1960100032500039836";"01949752025008171763"
"1130300012500052095";"07133332025005101829"
"1960100032400021592";"01949752024003578741"
"1960100032400079396";"01949752024013347113"
"1960100032400053648";"01950502023016828690"
"2130100011900028106";"06914652019000104412"
"1110100942500007837";"01155712025006628914"
"1960100032000032809";"01949752020002789931"
"1960100032000087883";"01949752020011111542"
"1960100032000086100";"01949752020010833129"
"1960100032000022234";"01949752020002774313"
"2080100252200001844";"030147792022014053890"
"1960100032200027751";"01949752022004838922"
"1960100032200096158";"01949752022018130803"
"2080100302300006141";"030148922023013031076"
"1960100032500006911";"01949752025000534191"
"1960100032500016593";"01949752025003655266"
"1960100032500023417";"01949752025003654880"
"1960100032500074321";"01949752025015031599"
"3410100032500003135";"04206382025000045011"
"3410100012100007411";"042149732021000038315"
"1960101082000001123";"01951202020004193906"
"1960100032300047201";"01949752023009148101"
"1960100032300063590";"01949752023010624182"
"2230100011900020405";"06219832019000354184"
"2230100011900019474";"06219832019000335988"
"1730100012300007252";"037152652023000150491"
"1050100011900014960";"03249432019000284691"
"2080100942400017740";"030156672024016687110"
"1960100032100077043";"01949752021002882656"
"3210100032600006310";"03213132026000115491"
"1960100032400043391";"01949752024007055386"
"1960100032400038088";"01949752024002609944"
"1960100032400014707";"01949752024000762478"
"3410100012200004611";"042151342022000039692"
"1110100382100028213";"01156142021003144695"
"3280200012400058151";"03222982024000118967"
"1960100032300010543";"01949752023002102946"
"1960100032300063701";"01949752023013339934"
"1960100032300017297";"01949752023003445090"
"1960100032300016428";"01949752023003308181"
"1960100032300109183";"01950502023016868993"
"1960100032300018447";"01949752023003066153"
"1960100032300079748";"01949752023016236575"
"2080101042500001324";"030175312025008425006"
"1110100382500011517";"01156182024000106972"
"1110100382500013935";"01156182024000106972"
"2080100302100006345";"030148922021012428213"
"1960100031900046145";"01949752019001175112"
"1960100031900064747";"01949752019007815938"
"2220200012500011070";"05719392025000051827"
"1960100032500104573";"01949752025023653111"
"1960100032500053261";"01949752025008221701"
"1960100032400060911";"01950502023016813820"
"1960100032400017110";"01949752024001416859"
"1960100032400084020";"01949752024007920150"
"1960100032400075455";"01949752024014910784"
"1960100032400034635";"01950502023018544737"
"1960100032400043642";"01949752024004993938"
"1960100032400057856";"01949752024003577183"
"1110100942500009767";"01155712025008361044"
"1960100032000083713";"01949752020009000071"
"1960100032000083802";"01949752020009000071"
"1960100032200012396";"01949752022002878811"
"1960100032200096190";"01949752022018175491"
"1960100032200014399";"01949752022002922560"
"1960100032200024327";"01949752022004834510"
"1960100032200024440";"01949752022004834510"
"1960100032200069037";"01949752022012345603"
"1960100032500081352";"01949752025017545697"
"1960100032500070431";"01949752025015297866"
"1960100032500014401";"01949752025002462928"
"1960100032500001561";"01949752025000521536"
"1960100032500007500";"01949752025000560191"
"1960100032500035369";"01949752025006598646"
"1960100032300013232";"01949752022007852616"
"2130100012100013888";"06914652021000083469"
"1110100381900003692";"01156182019000336361"
"3280200012500028478";"03222982025000313256"
"1960100032100102722";"01949752021011783916"
"1960100032100105578";"01949752021011116952"
"1960100032400042247";"01949752024007055386"
"1960100032400042190";"01949752024007055386"
"1110100462200094476";"01155792022008414691"
"1110100382200009922";"01156142022006864576"
"1110100462400052202";"01155772024009746104"
"3280200012400048997";"03222982024000611256"
"1960100032300015774";"01949752023003446576"
"1960100032300108446";"01949752023021543677"
"1960100032300061741";"01949752023013338024"
"1960100032300061921";"01949752023013338024"
"3210100032500025035";"03213132025000734964"
"1960100032100104644";"01949752021011091780"
"1960100032100104660";"01949752021011091780"
"1960100032100104814";"01949752021011091780"
"1130300012400043199";"07174782024002986433"
"1960100031900064496";"01949752019007392107"
"1960100031900064585";"01949752019007825496"
"1960100542500019370";"01985312025015395738"
"1960100032500052001";"01949752025008221116"
"1960100032400060989";"01950502023016813820"
"1960100032400027604";"01949752024004991722"
"1960100032400099036";"01949752024020259178"
"1960100032400058208";"01949752024010274875"
"1110100942500009287";"01155742025002127416"
"1130300012100016119";"07174782021001909441"
"1210100032100000680";"08217642021000525711"
"1960100032000022188";"01949752020001630458"
"1110100462300047350";"01155792023007086127"
"1960100032200012159";"01949752022002698155"
"1960100032200037682";"01949752022006418203"
"1960100032200023878";"01949752022004832568"
"1960100032200041744";"01949752022006794361"
"1050100012300017777";"03249452023000802976"
"1960100032500037469";"01949752025007491896"
"1960100032500051747";"01949752025009648458"
"1960100032500094284";"019127922025012381713"
"1960100032500051811";"01949752025009648458"
"1960100032500023204";"01949752025002421318"
"1960101082000001204";"01990372020004534070"
"2230100011900018850";"06219832019000327292"
"2230100011900018974";"06219832019000333934"
"1960100032100016664";"01949752021002583667"
"1960100032100012650";"01949752021002554489"
"1960100032100016230";"01949752021002883202"
"1110100382000003281";"01156162020001338259"
"1960100032400014901";"01949752024000762478"
"2080100732300063975";"030132222023010383611"
"3280200012400058161";"03222982024000706711"
"1960100032300061830";"01949752023013303662"
"1960100032300010268";"01949752023002360562"
"1960100032300076404";"01949752023016208610"
"1960100032300020956";"01949752023003451316"
"1960100032300020018";"01949752023003451316"
"1960100032300098912";"01950502023019773713"
"3210100032500015021";"03213132025000478941"
"2130100012400008131";"06914652024000125512"
"1960100032400040831";"01949752024001725720"
"3410100022500004282";"04228292025000086088"
"1110100012500055239";"011163272025008795378"
"1110100012500073555";"011163272025010292787"
"1960100032500052069";"01949752025008221116"
"1960100032400013621";"01949752024002647790"
"1960100032400060921";"01950502023016813820"
"1960100032400009614";"01949752024001421186"
"1960100032400094492";"01949752024019115818"
"1960100032500035784";"01949752025004219907"
"1110100461900154358";"01155782019005453244"
"1960100032200079148";"01949752022014292396"
"1960100032200026087";"01949752022004835231"
"1960100032200012868";"01949752022002879885"
"1960100032200067832";"01949752022012441408"
"1960100032200027628";"01949752022004838922"
"1960100032200026508";"01949752022004835583"
"1960100032200039855";"01949752022006797115"
"1960100032200018361";"01949752022003695770"
"1960100032500077789";"01949752025017543481"
"1960100032500008167";"01949752025000560604"
"1960100032500002541";"01949752025000557212"
"1960100032500094373";"019127922025012381713"
"1110100942400007115";"01155712024005740191"
"1960100032600004395";"01949752026000795921"
"3410100022300001363";"04285612023000067144"
"3280200012500035164";"03222982025000651496"
"3280200012500027765";"03222982025000038522"
"3280200012500042128";"03222982025000196195"
"3280200012500013969";"03222982025000196438"
"3280200012500042225";"03222982025000180272"
"2080100272400000942";"03025632024006383224"
"1960100032100024519";"01949752021002982367"
"1960100032100115166";"01949752019005112603"
"1960100032100024446";"01949752021002982367"
"1960100032400014741";"01949752024000762478"
"1960100032400014588";"01949752024000762478"
"1050100012100008297";"03287022021000253369"
"1110100382200002650";"01156142022003596007"
"2710100052400002942";"02714372024000472759"
"1110100832200001803";"01192542022008934662"
"1960100032300095931";"01949752023019964377"
"1960100032300021294";"01949752023003452380"
"1960100032300018099";"01949752023003307029"
"1960100032300017599";"01949752023003444018"
"1960100032300108055";"01949752023021414788"
"1960100032300109426";"01950502023016868993"
"3210100032500017776";"03213132025000626215"
"3210100032500020092";"03213132025000808321"
"2130100012400007915";"06914652024000125512"
"3410100012400008820";"042172942024000112904"
"3410100012400010167";"042172942024000112734"
"1960100032100112272";"01949752021013576861"
"1960100032100112299";"01949752021013576861"
"1110100382500020664";"01156182025002865979"
"2130100012400025662";"06914862024000492027"
"1130300012400027339";"07174782024002819707"
"1960100031900091981";"01949752019011927885"
"1960100031900088921";"01949752019011927290"
"1960100031900069617";"01949752019007929518"
"1960100031900097602";"01949752019013511007"
"1110100012500065870";"011163272025008656688"
"1960100542500019281";"01985312025015308193"
"1960100032400102738";"01949752024020848327"
"1960100032400019849";"01949752024003613414"
"1960100032400018400";"01949752024003571142"
"1960100032400034724";"01950502023018544737"
"1960100032400057929";"01949752024003577183"
"1960100032400017803";"01949752024002148793"
"1960100032400018915";"01949752024003572718"
"1110100382400005199";"01156182023010564191"
"2130100012500035581";"06914652025000467414"
"1110100942500013810";"01155712025008558697"
"1960100032500011508";"01949752025001252661"
"1960100032500035611";"01949752025004219907"
"1960100032500088683";"01949752025017089829"
"1110100942500014851";"01155742025011122791"
"1960100032000075915";"01949752020009307982"
"2080100252200002360";"030147792022018837879"
"1960100031900085205";"01949752019010397513"
"1960100032200022405";"01949752022004428431"
"1960100032200079751";"01949752022014292558"
"1960100032200068480";"01949752022012335128"
"1960100032200069010";"01949752022012345603"
"1960100032200079202";"01949752022014290342"
"1960100032500077886";"01949752025017543481"
"1960100032500050457";"01949752025010438674"
"1960100032500037450";"01949752025007491896"
"1960100032500080674";"01949752025018269936"
"1960100032500023182";"01949752025002421318"
"1960100032500010005";"01949752025002460216"
"2080100102300005193";"030135692023021907652"
"2130100012100013764";"06914652021000083469"
"1960100032300063371";"01949752023010624182"
"2130100012500039692";"06914862025000323285"
"1960100032100047748";"01949752021002984572"
"1960100032100110970";"01949752021014217164"
"1960100032400014448";"01949752024000762478"
"1110100382100000505";"01156142021002005365"
"1110100462200038037";"01155792022005750843"
"1110100831900002896";"01192542019008641157"
"2210100012300032756";"02222472023000386209"
"1110100382200011579";"01187502022004204213"
"3280200012400053435";"03222982024000555160"
"3280200012400053389";"03222982024000701751"
"1960100032300111218";"01949752023021825656"
"1960100032300076544";"01949752023016249634"
"1960100032300075432";"01949752023016234360"
"1960100032300019941";"01949752023003451316"
"1960100032300078598";"01949752023016231859"
"3210100032500017873";"03213132025000635044"
"3210100032500018111";"03213132025000612427"
"3210100032500017792";"03213132025000578652"
"2080101042500000727";"030175312025006188040"
"1130100302500005164";"07470152025005318890"
"1960100032100104962";"01949752021011091780"
"1960100032100104628";"01949752021011091780"
"1960100032100109972";"01949752021013197925"
"1960100031900025131";"01949752019001250505"
"1960100031900090691";"01949752019010096734"
"1960100032400060938";"01950502023016813820"
"1960100032400020405";"01949752024003570502"
"1960100032400085655";"01949752024016706815"
"1960100032400063171";"01949752024010271515"
"1960100032400033094";"01949752024006134801"
"1960100032400109155";"01949752024022037261"
"1960100032400021975";"01949752024003612949"
"1960100032400058232";"01949752024010274875"
"1960100032400094281";"01949752024019115818"
"2130100012500035271";"06914652025000467929"
"2080100272300001594";"03025632023015939751"
"1960100032000095673";"01949752020009075160"
"1960100032200067808";"01949752022012441408"
"1960100032200100988";"01949752022018427130"
"1960100032200011896";"01949752022002811491"
"2080100722400006806";"03023762024016613602"
"1960100032500037541";"01949752025007491896"
"1960100032500023301";"01949752025003654880"
"1960100032500008027";"01949752025000560604"
"1960100032500057087";"019149562024012679839"
"1960100032500012288";"01949752025002458904"
"1960100032500092990";"019127922025012373702"
"1960100032500093024";"019127922025012373702"
"1960100032500051674";"01949752025009648458"
"1960100032500081840";"01949752025017547550"
"1960100032500010099";"01949752025002460216"
"2130100012100014612";"06914652021000083469"
"2230100011900019024";"06219832019000332296"
"1130300012500036243";"07132902025003409487"
"2080100732400035056";"030132222024022418891"
"1960100032100051001";"01949752021002964971"
"1960100032100010445";"01949752021001978471"
"1960100032100130521";"01949752021012894355"
"1110100382300013063";"01155202023005686243"
"1110100382000002501";"01156162020001338259"
"1960100032400042433";"01949752024007055386"
"1110100462100036765";"01155792021006163312"
"3210100032400015671";"03213132024000419243"
"1110100382200006370";"01156142022006023423"
"1110100382200009655";"01187502022004204213"
"1110100382200009531";"01187502022004204213"
"1960100032300017157";"01949752023003442741"
"1960100032300016770";"01949752023003445090"
"1960100032300108470";"01949752023021543677"
"1960100032300099021";"01950502023019773713"
"1960100032100112604";"01949752021013576861"
"1960100032100104921";"01949752021011091780"
"3280200012300028671";"03222982023000531804"
"1110100382500020567";"01156182025002865979"
"1130300012400035870";"07132832024003663906"
"1960100031900038045";"01949752019001247890"
"1960100031900061993";"01949752019007826115"
"1960100032500039879";"01949752025008171763"
"1960100032400011783";"01949752024001950332"
"1960100032400046218";"01949752024005119549"
"1960100032400007468";"01949752024001419360"
"1960100032400012003";"01949752024002131122"
"1960100032400018427";"01949752024003571142"
"1960100032400019644";"01949752024003613414"
"1960100032400034449";"01949752024006104138"
"1960100032400020596";"01949752024003573439"
"1960100032400063181";"01949752024010271515"
"1960100032400055063";"01949752024010274611"
"1960100032400056086";"01949752024010272236"
"1110100382400005865";"01156182024000106972"
"1110100942500005427";"01155712025006456862"
"1960100032000083691";"01949752020009000071"
"2080100252200002158";"030147792022017119352"
"1960100032200012851";"01949752022002879885"
"1960100032200041884";"01949752022006390279"
"1960100032200041949";"01949752022006390279"
"2080100162300006800";"030159742023021434844"
"1050100012300010251";"03249452023000439286"
"1960100032500110387";"01949752025024212371"
"1960100032500030677";"01949752025003655347"
"1960100032500017123";"01949752025003654456"
"3410100032500003569";"042172942025000113812"
"1110100012200052429";"01155712022006985218"
"1960100032300063515";"01949752023010624182"
"1960100032300082463";"01949752023011815062"
"2130100012500032213";"06914862025000357937"
"3280200012500030499";"03222982025000582231"
"2080100952400013386";"03026852024015944660"
"2080101102400009646";"030177672024023712714"
"2080100732400036461";"030196362024023036881"
"2210100012400029107";"02222472024000606781"
"1110100382000002307";"01156162020001338259"
"3210100032600003486";"03213132026000031557"
"1960100032400041976";"01949752024007055386"
"1960100032400076974";"01949752024007755361"
"1960100032400076907";"01949752024007755361"
"2080100962300004043";"03026692023009235275"
"2080100082300003915";"030120742023015424546"
"1010100012400011182";"01023912024000130268"
"1110100462400002280";"01155792024001973262"
"3280200012400029518";"03222982024000118118"
"2710100032100002691";"02714522021000145701"
"1960100032300016991";"01949752023003308181"
"1960100032300076341";"01949752023016208610"
"1960100032300106958";"01949752023021409601"
"1960100032300112311";"01949752023021401295"
"1960100032300078857";"01949752023016231859"
"1960100032300081394";"01949752023016231859"
"3210100032500009900";"03213132025000372108"
"3210100032500018128";"03213132025000629150"
"3210100032500019043";"03213132025000661801"
"1960100031900091744";"01949752019008973031"
"1960100031900024273";"01949752019001478271"
"1960100032500053103";"01949752025008221701"
"1960100032500039437";"01949752025008171763"
"1960100032400020367";"01949752024003570502"
"1960100032400020391";"01949752024003570502"
"1960100032400099060";"01949752024020259178"
"1110100382000003141";"01156142020005204406"
"1960100032200031633";"01949752022005296635"
"1960100032200014402";"01949752022002922560"
"2080100232400002946";"030150102024021283786"
"2080100042300002227";"03030272023006967013"
"1960100032500077746";"01949752025017543481"
"1960100032500103097";"01949752025023890236"
"2130100012100013640";"06914652021000083469"
"1960100032300063485";"01949752023010624182"
"1110100381900003617";"01156182019000336361"
"3410100022300001622";"04285612023000067314"
"3410100022300001606";"04228292023000171407"
"2230100011900021266";"06219832019000384849"
"2230100011900020170";"06219832019000349512"
"2230100011900018893";"06219832019000328850"
"1960100032100016257";"01949752021002883202"
"1960100032400079604";"01949752024014539822"
"1960100032400037871";"01949752024002609944"
"1960100031900090586";"01949752019005344997"
"1110100382100028027";"01156142021003830297"
"1110100462200038029";"01155792022005742743"
"2220100012600003001";"05445822026000062503"
"2810100012100009299";"02822052021000218314"
"1110100382200010963";"01156142022003596007"
"1110100012400061811";"011163272024006338891"
"1110100381900014287";"01156142019005655112"
"1960100032300075866";"01949752023016214920"
"1960100032300075777";"01949752023016234360"
"1960100032300020948";"01949752023003451316"
"3210100032500004585";"03213132025000180969"
"2080101042500003327";"030175312025019822320"
"1960100032100112515";"01949752021013576861"
"1960100032100102005";"01949752021010914901"
"1960100032100101912";"01949752021010914901"
"1960100032100111950";"01949752021013576861"
"1110100942300009758";"01155712023006141916"
"2130100012600002718";"06914862026000053491"
"3410100022400001025";"04285612024000065975"
"1960100032000038165";"01949752020001454714"
"1960100031900021193";"01949752019001252541"
"1960100031900097548";"01949752019013511007"
"1110100012500068012";"011163272025009331910"
"1960100542500019745";"01985312025016788750"
"1960100032400019822";"01949752024003613414"
"1960100032400056841";"01949752024010272821"
"1960100032400058585";"01949752024010274280"
"1960100032400075544";"01949752024010272911"
"1960100032400075382";"01949752024014975991"
"1960100032400012240";"01949752024002073921"
"1110100942500006849";"01155712025007409302"
"1050100012500020779";"03249452025001227756"
"1110100382100034833";"01156162021004920880"
"1960100032000094383";"01949752020002441004"
"1960100032000078663";"01949752020009002952"
"1960100032000089541";"01949752020011192615"
"1960100032000053679";"01949752020002789779"
"1960100032000087913";"01949752020011115378"
"1960100032200060919";"01949752022011411971"
"1960100032200020887";"01949752022003215158"
"1960100032500006784";"01949752025000534191"
"1960100032500023311";"01949752025003654880"
"1960100032500108404";"01949752025023889491"
"1110100381900003501";"01156182019000349004"
"1110100382200009949";"01156142022006864576"
"1110100462400007150";"01155792024004198171"
"3280200012400058259";"03222982024000717836"
"3280200012400054830";"03222982024000662322"
"3280200012400060474";"03222982024000654141"
"1960100032300067049";"01949752023013340789"
"1960100032300067103";"01949752023013340789"
"1960100032300016894";"01949752023003442741"
"1960100032300016819";"01949752023002885363"
"1960100032300108462";"01949752023021543677"
"1960100032300076455";"01949752023016208610"
"3210100032500018403";"03213132025000635559"
"3210100032500004501";"03213132025000138334"
"2130100012400005831";"06914652024000026026"
"1960100032000011267";"01949752019011701992"
"1960100032100112396";"01949752021013576861"
"1960100032100135884";"01949752021015990011"
"1960100542400032607";"01985342024021638397"
"3410100022400001653";"04285612024000061805"
"2230100012500348626";"02222472025000870129"
"1960100031900078561";"01949752019004772821"
"1110100382500011606";"01156182024000106972"
"1110100382500020850";"01156182025002865979"
"1960100031900061799";"01949752019007633589"
"1960100032500052077";"01949752025008221116"
"1960100032400102568";"01949752024020848327"
"1960100032400027639";"01949752024004991722"
"1960100032400027566";"01949752024004991722"
"1960100032400056051";"01949752024010272236"
"1960100032400058062";"01949752024010274875"
"1960100032400029569";"01949752024005135749"
"1110100942500013802";"01155712025008558697"
"1110100942500009171";"01155742025007649143"
"1960100032000032701";"01949752020002470616"
"1960100032200018378";"01949752022003695770"
"1960100032200065066";"01949752022011895308"
"1960100032500007217";"01949752025000561597"
"1960100032500030634";"01949752025003655347"
"1960100032500023115";"01949752025002421318"
"1960100032500080615";"01949752025018269936"
"1960100032200074758";"01949752022008440621"
"1960100032300063620";"01949752023010624182"
"2230100011900019441";"06219832019000338651"
"3280200012500019371";"03222982025000196276"
"2080100732400034920";"030132222024022417312"
"1960100032100111136";"01949752021014237947"
"1960100032100063999";"01949752021002627117"
"1960100032100024500";"01949752021002982367"
"2210100012400033600";"02222472024000624844"
"3210100032400007636";"03213132024000520980"
"3280200012400058178";"03222982024000706711"
"3280200012400058321";"03222982024000680061"
"1110100381900019742";"01156142019006885162"
"1960100032300063752";"01949752023013339934"
"1960100032300075564";"01949752023016214920"
"1960100032300075874";"01949752023016234793"
"1960100032300016975";"01949752023003308181"
"1960100032300079861";"01949752023016236575"
"1130100092300009602";"07478812023007990541"
"1050100012100010488";"03249482021000335243"
"1960100031900092155";"01949752019012324530"
"1960100031900020634";"01949752019001260641"
"3410100022500004411";"04228292025000081795"
"2220200012500011127";"02222422025000210611"
"1960100032500052298";"01949752025008221116"
"1960100032400060873";"01950502023016813820"
"1960100032400084081";"01949752024007920150"
"1960100032400059638";"01949752024010274441"
"1960100032400013921";"01949752024001967731"
"1960100032400097505";"01949752024020226245"
"1960100032400023102";"01949752024003577931"
"1960100032400022191";"01949752024003612949"
"1960100032400102584";"01949752024020849056"
"1960100032400102551";"01949752024020849056"
"1960100032000068854";"01949752020009045333"
"1960100031900085116";"01949752019010397513"
"1960100032200096255";"01949752022018227807"
"2080100732400032588";"030132222024021642487"
"2080100722400009090";"03023762024024006086"
"1960100032500110409";"01949752025024212371"
"1960100032500006822";"01949752025000534191"
"1960100032500077320";"01949752025017546740"
"1960100032500101019";"01949752025023889904"
"1960100032500008175";"01949752025000560604"
"1960100032500103453";"01949752025023890406"
"1960100032500026351";"01949752025003655690"
"1960100032500051720";"01949752025009648458"
"1960100032500009929";"01949752025002460216"
"3410100032500003410";"042151342025000112741"
"2130100012100020299";"06914652021000361370"
"1960100032300063310";"01949752023010624182"
"1110100381900003536";"01156182019000336361"
"2230100011900018818";"06219832019000325753"
"2230100011900018680";"06219832019000321766"
"1110100011900081766";"01155712019006773713"
"3280200012500034303";"03222982025000706495"
"1960100032100024421";"01949752021002980071"
"1960100032100099241";"01949752021011058812"
"1960100032100116901";"01949752021014235651"
"1110100462100037214";"01155792021006163312"
"3810100022400003421";"08217272024000366906"
"1110100832200000939";"01192542022005641443"
"1960100032300063779";"01949752023013339934"
"1960100032300078271";"01949752023016571102"
"1960100032300076366";"01949752023016208610"
"1960100032300076201";"01949752023016208610"
"1960100032300019966";"01949752023003451316"
"3210100032500015110";"03213132025000546114"
"1130100322300005400";"07478542023008763371"
"2080300132400008120";"08993472024005238038"
"1960100032100104751";"01949752021011091780"
"1960100042300016298";"01951552023011480701"
"1130300012400048778";"07137242024000635631"
"1130100142400001871";"07471642024001483445"
"1960100031900037855";"01949752019001478271"
"1960100031900093917";"01949752019010097200"
"3410100012100008580";"042151342021000022276"
"2210100012500019254";"02222422025000216651"
"1960100032400032047";"01949752024006133740"
"1960100032400060830";"01950502023016813820"
"1960100032400057449";"01949752024010274794"
"1960100032400084111";"01949752024007920150"
"1960100032400084047";"01949752024007920150"
"1960100032400054598";"01949752024010272155"
"1960100032400058569";"01949752024010274280"
"1960100032400009861";"01949752024001952114"
"1960100032400058070";"01949752024010274875"
"1960100032400058224";"01949752024010274875"
"1130300012500055566";"07137242025003553962"
"1110100382400005881";"01156182024000106972"
"2130100012500036200";"06914652025000469891"
"1960100032500012571";"01949752025001345081"
"1960100032200031684";"01949752022005296635"
"1960100032200067034";"01949752022012341284"
"1960100032200067761";"01949752022012441408"
"1960100032200012523";"01949752022002877327"
"2080100052300004898";"030147772023016528883"
"1960100032500110344";"01949752025024212371"
"1960100032500101094";"01949752025023890317"
"1960100032500103879";"01949752025023902935"
"1960100032500010374";"01949752025002438628"
"1960100032500074348";"01949752025015031599"
"1960100032500109011";"01949752025023889491"
"1960100032300013410";"01949752022007852616"
"2130100012100013721";"06914652021000083469"
"1960100032300046831";"01949752023009148101"
"1960100032600004425";"01949752026000795921"
"1960100032600004239";"01949752026000795921"
"3280200012600003429";"03222982026000198580"
"3280200012600001221";"03222982026000115714"
"1050100011900017277";"03249432019000419537"
"3280200012500027757";"03222982025000436251"
"3280200012500013918";"03222982025000135307"
"3280200012500036251";"03222982025000777597"
"1960100032100099179";"01949752021011088304"
"1960100032100100177";"01949752021011102064"
"1960100032100110301";"01949752021014237351"
"1960100032100012642";"01949752021002554489"
"1960100032100130491";"01949752021012894355"
"1110100382300013322";"01155202023005686243"
"3210100032600001890";"03213132026000010126"
"1960100032400080130";"01949752024014539822"
"1960100032400079541";"01949752024014539822"
"1050100012100010143";"03249452021000151311"
"1110100382100034272";"01156142021004988960"
"1110100462200097785";"01155792022008420828"
"3210100032400001298";"03213132024000091337"
"1110100382200009612";"01187502022004204213"
"3280200012400064089";"03222982024000965651"
"1960100032300010586";"01949752023002103241"
"1960100032300091519";"01949752023018791479"
"3210100032500018284";"03213132025000634820"
"2130100012400001534";"06914652023000652384"
"1110100942300009782";"01155712023006686319"
"3410100022400001343";"042172962024000099171"
"1960100031900069633";"01949752019007929518"
"1960100031900024524";"01949752019001196969"
"1960100032400054431";"01949752024010274956"
"1960100032400034554";"01950502023018544737"
"1960100032400022051";"01949752024003612949"
"1960100032400103165";"01949752024020861269"
"2130100012500046631";"06914652025000603709"
"1960100032500110611";"01949752025024479530"
"1960100032500035679";"01949752025004219907"
"1050100012500016021";"03249452025000648308"
"1960100032200026931";"01949752022004852593"
"1960100032200022480";"01949752022004428431"
"1960100032200096395";"01949752022018076833"
"1960100032200037771";"01949752022006418203"
"1960100032200037119";"01949752022006389262"
"1960100032500012482";"01949752025002447538"
"1960100032500105855";"01949752025023889319"
"1960100032500070881";"01949752025015298161"
"1960100032500077282";"01949752025017546740"
"1960100032500007292";"01949752025000561597"
"1960100032500030758";"01949752025003655347"
"1960100032500035131";"01949752025006598646"
"1960100032500057869";"01949752025012156099"
"1960100032500017131";"01949752025003654456"
"1960100032500005613";"01949752025000563883"
"1130100322200002367";"07478562022001494646"
"2080100102300004960";"030135692023021265791"
"2130100012100013748";"06914652021000083469"
"1110100381900003676";"01156182019000336361"
"2230100011900019032";"06219832019000332458"
"2130100012500017400";"06914862025000209407"
"2130100012500040453";"06914862025000486401"
"3280200012500042012";"03222982025000431372"
"3280200012500042233";"03222982025000647545"
"2080100272400004913";"030193292024023493504"
"1960100032100110326";"01949752021014237351"
"1110100382300013284";"01155202023005686243"
"1960100032400076621";"01949752024007755361"
"1110100462000044842";"01155792020004305461"
"1110100382200010394";"01156142022006390761"
"2710100052400002985";"02714372024000472911"
"1110100381900019777";"01156142019006885162"
"1960100032300075955";"01949752023016214920"
"1960100032300092477";"01949752023018791479"
"1960100032300107954";"01949752023021414788"
"3210100032500014051";"03213132025000497903"
"3210100032500022346";"03213132025000890915"
"2130100012400005637";"06914652024000026026"
"1960100032100104946";"01949752021011091780"
"1960100032400040708";"01949752024001726459"
"1130100092400004852";"07478832024001069103"
"1130300012400038438";"07174782024003074721"
"1960100032500053553";"01949752025008221701"
"1960100032500053251";"01949752025008221701"
"1010100012500005047";"01023912025000086103"
"1960100032400057279";"01949752024010274794"
"1960100032400007522";"01949752024001419360"
"1960100032400102691";"01949752024020848327"
"1960100032400012011";"01949752024002131122"
"1960100032400019938";"01949752024003613414"
"1960100032400032111";"01949752024006135793"
"1960100032400061578";"019155652024011503411"
"1960100032400032853";"01949752024003576535"
"1960100032400022866";"01949752024003592654"
"1960100032400040147";"01950502023016870629"
"1960100032400058100";"01949752024010274875"
"1960100032400040155";"01950502023016870629"
"1110100942500008851";"01155712025006487822"
"1110100942500009732";"01155712025006431797"
"1960100032500003165";"01949752025000792815"
"1960100032000032671";"01949752020002470616"
"1960100031900084993";"01949752019010397513"
"1110100462300041395";"01155792023006460301"
"1960100032200031595";"01949752022005296635"
"1960100032200031511";"01949752022005296635"
"1960100032200012930";"01949752022002879885"
"1960100032200066992";"01949752022012341284"
"1960100032200020895";"01949752022003215158"
"1960100032200012507";"01949752022002877327"
"1960100032500016690";"01949752025003655266"
"1960100032500007144";"01949752025000561597"
"1960100032500037507";"01949752025007491896"
"1960100032500017190";"01949752025003654456"
"2130100012100014221";"06914652021000083469"
"2130100012100013772";"06914652021000083469"
"2130100012100020329";"06914652021000361370"
"2130100012100012725";"06914692021000197234"
"1110100012200064273";"01155712022008401574"
"1960100462000003288";"01951532020003948491"
"1960100032300082579";"01949752023011815062"
"2230100012500345503";"02222422025000303627"
"2230100011900020251";"06219832019000356551"
"3280200012500020485";"03222982025000174710"
"2080100272400003720";"030193292024017373217"
"2080100942400025001";"030156672024024419226"
"1960100032100016877";"01949752021002981042"
"1960100032100115141";"01949752019005112603"
"1110100382300013128";"01155202023005686243"
"1960100032400079574";"01949752024014539822"
"3210100032400015711";"03213132024000846231"
"1110100012400033321";"011163272024004462811"
"1110100462500034055";"01155772025007976049"
"3280200012400052536";"03222982024000613381"
"1960100032300067081";"01949752023013340789"
"1960100032300061733";"01949752023013338024"
"1960100032300010551";"01949752023002103241"
"1960100032300112001";"01949752023021824251"
"1960100032300020026";"01949752023003451316"
"1960100032300096545";"01949752023019986427"
"3210100032500018594";"03213132025000700806"
"3210100032500011735";"03213132025000457511"
"3210100032500024063";"03213132025000963301"
"1960100032000011313";"01949752019011701992"
"1960100032100110199";"01949752021013197925"
"1960100032100112248";"01949752021013576861"
"1960100031900061527";"01949752019007815938"
"1110100012500054992";"011163272025008264411"
"1960100032500039798";"01949752025008171763"
"1960100032400011775";"01949752024001950332"
"1960100032400011945";"01949752024002131122"
"1960100032400011953";"01949752024002131122"
"1960100032400058593";"01949752024010274280"
"1960100032400012151";"01949752024002073921"
"1110100382100034671";"01156162021004920880"
"1960100032000078566";"01949752020009002952"
"1960100032200079441";"01949752022014292396"
"1960100032200079717";"01949752022014292558"
"1960100032200024459";"01949752022004833114"
"1960100032200041930";"01949752022006390279"
"1960100032500110468";"01950502025021518018"
"1960100032500110001";"01949752025024212371"
"1960100032500050422";"01949752025010438674"
"1960100032500077258";"01949752025017546740"
"1960100032500007535";"01949752025000560191"
"1960100032500029970";"01949752025006602007"
"2080101042300003989";"030175312023022559187"
"1960100032500005095";"019497520250000537611"
"2130100012100013780";"06914652021000083469"
"2130100012100020434";"06914652021000361370"
"1960100032300047072";"01949752023009148101"
"3280200012500028575";"03222982025000193412"
"3210100032600003281";"03213132026000044705"
"1010100012400012553";"01023912024000172777"
"1010100012400011077";"01023912024000148639"
"1110100382200001964";"01156142022003025603"
"3280200012400057856";"03222982024000801381"
"3280200012400044932";"03222982024000611418"
"1960100032300076013";"01949752023016214920"
"1960100032300107008";"01949752023021409601"
"1960100032300106818";"01949752023021409601"
"1960100032300018455";"01949752023003066153"
"1960100032300018684";"01949752023003066153"
"1960100032300098841";"01950502023019773713"
"3210100032500015420";"03213132025000538863"
"3210100032500030373";"03213132025001212457"
"3210100032500011158";"03213132025000402538"
"1960100032100104970";"01949752021011091780"
"3810100032400010628";"08217412024000390237"
"2010100011900001184";"02045102019000029451"
"1110100942300010810";"01155712023005947356"
"1130300012400038640";"07174782024003074055"
"3410100022500003715";"04228292025000100251"
"1960100031900046056";"01949752019001175112"
"1960100031900028112";"01949752019001247890"
"1960100031900020626";"01949752019001260641"
"1110100012500056170";"011163272025007359001"
"1960100032500104530";"01949752025023653111"
"1960100032400032081";"01949752024006133740"
"1960100032400056876";"01949752024010272821"
"1960100032400034661";"01950502023018544737"
"1960100032400034600";"01950502023018544737"
"1960100032400009622";"01949752024001421186"
"1960100032400022793";"01949752024003592654"
"1960100032400109171";"01949752024022037261"
"1960100032400032306";"01949752024005491022"
"1960100032400040341";"01950502023016870629"
"1960100032400040317";"01950502023016870629"
"1960100032000081222";"01949752020009636021"
"1110100462300025330";"01155772023003238891"
"1960100032200012132";"01949752022002698155"
"1960100032200040756";"01949752022006807366"
"1960100032200014453";"01949752022002922560"
"1960100032200020836";"01949752022003215158"
"1960100032500100985";"01949752025023889572"
"1960100032500070865";"01949752025015298161"
"1960100032500005079";"019497520250000537611"
"1960100032500026378";"01949752025003655690"
"1960100032500101477";"01949752025023889815"
"1960100032500101493";"01949752025023889815"
"1960100032500101310";"01949752025023889815"
"1960100032500005621";"01949752025000563883"
"1960100032500005540";"01949752025000563883"
"2130100012200002317";"06914692022000025981"
"2080100272500003741";"030193292025023081754"
"2080100952500024226";"030192252025023521083"
"2130100012100014159";"06914652021000083469"
"2130100012100020272";"06914652021000361370"
"1960100032000104265";"01949752020013930524"
"3280200012500034346";"03222982025000667651"
"2080100732400036516";"030196362024023026818"
"2080100962400011755";"03026692024019727104"
"2080100942400012099";"030156672024011264547"
"2080100732400037067";"030196362024023810268"
"2130100012200016156";"06914652022000175925"
"1960100032400042417";"01949752024007055386"
"2080100842200001462";"030166482022018734686"
"1110100382100035198";"01156142021005047727"
"1110100831900002659";"01192542019008378014"
"1110100382200003649";"01156142022004171620"
"1110100462500026451";"01155772025007574081"
"3280200012400062574";"03222982024000675904"
"3280200012400046595";"03222982024000115780"
"3280200012400059549";"03222982024000707873"
"1960100032300073359";"01949752023013240482"
"1960100032300075661";"01949752023016214920"
"1960100032300017793";"01949752023003308181"
"1960100032300095468";"01949752023019970857"
"1960100032300020001";"01949752023003451316"
"1960100032300107989";"01949752023021414788"
"1960100032300096685";"01949752023019986427"
"1960100032300078504";"01949752023016231859"
"3210100032500022532";"03213132025000892101"
"3210100032500020068";"03213132025000675186"
"2710100032100002673";"02714482021000147689"
"2130100012400005556";"06914652024000026026"
"2130100012400014148";"06914652024000254321"
"1960100032100101939";"01949752021010914901"
"1960100032100101841";"01949752021010914901"
"2080200052100001387";"01289092021006938033"
"1110100012500066419";"011163272025010369836"
"1130100292200000431";"07478062022001227301"
"1960100032500053464";"01949752025008221701"
"1960100032400060857";"01950502023016813820"
"1960100032400030524";"01949752024003621859"
"1960100032400083997";"01949752024007920150"
"1960100032400102657";"01949752024020848327"
"1960100032400059719";"01949752024010274441"
"1960100032400027388";"01949752024004991722"
"1960100032400020359";"01949752024003570502"
"1960100032400043707";"01949752024004993938"
"1960100032400053680";"01950502023016828690"
"1960100032400094158";"01949752024010272911"
"1110100942500009902";"01155712025007228774"
"1960100032000083160";"01949752020009864083"
"1960100032000091171";"01949752020002774313"
"1960100032200069101";"01949752022012487904"
"1960100032200049941";"01949752022009239318"
"1960100032200026151";"01949752022004835231"
"3410100012400010892";"04285612024000122871"
"2080100232400002385";"030150102024021283786"
"1010100012200022718";"01091562022000160531"
"1960100032500070601";"01949752025015297866"
"1960100032500016623";"01949752025003655266"
"1960100032500103852";"01949752025023902935"
"1960100032500031551";"01949752025006603071"
"1960100032500023174";"01949752025002421318"
"2130100012100019851";"06914652021000361370"
"1960100032300046955";"01949752023009148101"
"1730100012300008755";"03775742023000132361"
"3280200012500028311";"03222982025000161057"
"3280200012500042144";"03222982025000197167"
"3280200012500039259";"03222982025000701264"
"2080100952400012991";"03026852024015363772"
"1960100032100110296";"01949752021014237351"
"1110100382300013391";"01155202023005686243"
"1960100032400014121";"01949752024000762478"
"1960100032400014804";"01949752024000762478"
"1960100032400079507";"01949752024014539822"
"1110100462100024015";"01155772021002401141"
"1110100462200090195";"01155772022007524196"
"1110100832500002221";"01192542025012281514"
"3280200012400064062";"03222982024000728528"
"1960100032300107229";"01949752023021418856"
"1960100032300061806";"01949752023013344342"
"1960100032300061776";"01949752023013338024"
"1960100032300051401";"01949752023010794266"
"1960100032300018064";"01949752023003444018"
"1960100032300109310";"01950502023016868993"
"3410100012400010191";"042172942024000112734"
"1960100032100102013";"01949752021010914901"
"3210100032300001879";"03213132023000089684"
"1960100042300018363";"01951552023010932594"
"2080100052100002339";"030147772021009480208"
"1960100031900064682";"01949752019007826115"
"1960100031900064739";"01949752019007815938"
"1960100031900064690";"01949752019007826115"
"1960100031900071506";"01949752019007825496"
"1210100021900001962";"08217272019000764019"
"1960100032500053065";"01949752025008221701"
"1960100032400021541";"01949752024003578741"
"1960100032400019571";"01949752024003613414"
"1960100032400094107";"01949752024010272911"
"1960100032400017791";"01949752024002148793"
"1130300012500054586";"07174782025004098625"
"2130100012500047121";"06914652025000603113"
"1110100942500009791";"01155712025006644359"
"1050100012500020299";"03249452025000932103"
"1960100032000090175";"01949752020011559098"
"1960100032000086879";"01949752020011112786"
"1110100462300047806";"01155792023007081591"
"1960100032200037003";"01949752022006415441"
"1960100032200012078";"01949752022002880204"
"1960100032200037143";"01949752022006389262"
"2080100732400035080";"030196362024023275281"
"1960100032500077649";"01949752025017543481"
"1960100032500077835";"01949752025017543481"
"1960100032500070768";"01949752025015298161"
"1960100032500035288";"01949752025006598646"
"1960100032500023050";"01949752025002421318"
"2080100272500004292";"030193102025023908819"
"2130100012100014108";"06914652021000083469"
"1960100032000104060";"01949752020014082977"
"1960100032300063345";"01949752023010624182"
"2080100272400003712";"030193292024017376747"
"2080100732400025433";"030132222024014894883"
"2080100272400005146";"030193292024024024630"
"2080100732400034882";"030132222024022419862"
"1960100032100052271";"01949752021002619106"
"1960100032100111144";"01949752021014232554"
"1960100032400042379";"01949752024007055386"
"1960100032400076745";"01949752024007755361"
"1130300012500027414";"07107252025000203964"
"3280200012400060571";"03222982024000713091"
"3280200012400057872";"03222982024000654311"
"3280200012400060301";"03222982024001130871"
"3280200012400062019";"03222982024001113012"
"3280200012400018281";"03222982024000299813"
"1960100032300075491";"01949752023016214920"
"1960100032300071453";"01949752023013308974"
"1960100032300016576";"01949752023003446576"
"1960100032300015741";"01949752023003450417"
"1960100032300076560";"01949752023016249634"
"1960100032300017629";"01949752023003444018"
"1960100032300107997";"01949752023021414788"
"1960100032300096669";"01949752023019986427"
"1960100032300078660";"01949752023016231859"
"3210100032500008475";"03213132025000341482"
"3210100032500019086";"03213132025000633696"
"1960100031900094026";"01949752019012322596"
"2080101112500008951";"030179942025018701440"
"1960100032500039917";"01949752025008171763"
"1130300012500052109";"07133332025005104500"
"1960100032400018532";"01949752024003571142"
"1960100032400019628";"01949752024003613414"
"1960100032400034686";"01950502023018544737"
"1960100032400058607";"01949752024010274280"
"1960100032400057937";"01949752024003577183"
"1960100032400040252";"01950502023016870629"
"1110100382400005601";"01156182024000106972"
"1110100942500005494";"01155712025006456862"
"1130300012100022283";"07137412021002302351"
"1960100032000087344";"01949752020011108835"
"1960100031900085094";"01949752019010397513"
"1960100032200025481";"01949752022004838418"
"1960100032200022359";"01949752022004428431"
"1960100032200078990";"01949752022014261911"
"2080100232400002296";"030150102024021283786"
"2080100042300002170";"03030272023006930276"
"1960100032500081522";"01949752025017545697"
"1960100032500014329";"01949752025002462928"
"1960100032500005745";"01949752025000563883"
"1960100032300019559";"01949752023003393782"
"2080100272500004047";"030193292025024759932"
"2130100012100013624";"06914652021000083469"
"1960100032300046947";"01949752023009148101"
"1960100032300063450";"01949752023010624182"
"1130300012500036431";"07132902025003473819"
"3280200012500037132";"03222982025000655564"
"3280200012500033285";"03222982025000697640"
"2080100272400004840";"030193292024023488683"
"1960100032100010429";"01949752021001978471"
"1960100032100113635";"01949752021014236118"
"3210100032600004350";"03213132026000006285"
"1110100462200009363";"01155792022003434774"
"1110100832500002149";"01192542025012251950"
"1110100381900017588";"01156142019007794900"
"1960100032300017912";"01949752023003072633"
"1960100032300010616";"01949752023002103241"
"1960100032300081696";"01949752023016567504"
"1960100032300016134";"01949752023003307029"
"1960100032300019028";"01949752023003304194"
"1960100032300107891";"01949752023021414788"
"1960100032300099145";"01950502023019773713"
"2080100942500015181";"030156672025016846375"
"2130100012400005572";"06914652024000026026"
"2130100012400005602";"06914652024000026026"
"2130100012400005815";"06914652024000026026"
"3410100012400008847";"042172942024000112904"
"1960100032000011569";"01949752019011914473"
"1960100032100112019";"01949752021013576861"
"3410100022400000908";"04285612024000066017"
"3410100022500002611";"04228292025000063975"
"1130100282400001492";"07477982024002848014"
"1960100031900046102";"01949752019001175112"
"1960100031900020901";"01949752019001245927"
"1110100012500073687";"011163272025010157901"
"1110100012500066796";"011163272025010387311"
"1960100012400115967";"01983582024022004457"
"1960100032500052662";"01949752025008221116"
"1960100032500053030";"01949752025008221701"
"1960100032400028767";"01949752024004987881"
"1960100032400011211";"01949752024002090001"
"1960100032400013761";"01949752024001967731"
"1960100032400020111";"01949752024003578155"
"1960100032400020138";"01949752024003578155"
"1960100032400053591";"01950502023016828690"
"1960100032400019415";"01949752024003591097"
"1960100032400108388";"01949752024021591311"
"1960100032400054970";"01949752024010274611"
"2130100011900028084";"06914652019000104412"
"1960100032000108244";"01949752020014061716"
"1960100032000087220";"01949752020011177136"
"1960100032000101290";"01949752020009216162"
"2080100252200000597";"030147792022004966825"
"2080100302200007605";"030148922022012350614"
"1960100032200036971";"01949752022006415441"
"1960100032200013007";"01949752022002728241"
"1960100032200087949";"01949752022016401265"
"1960100032200027776";"01949752022004838922"
"1960100032200012450";"01949752022002879371"
"1960100032500077681";"01949752025017543481"
"1960100032500070849";"01949752025015298161"
"1960100032500002002";"01949752025000546954"
"1960100032500108498";"01949752025023889491"
"1960100032500010358";"01949752025002438628"
"1960100032500008213";"01949752025000560604"
"1960100032500017093";"01949752025003654456"
"1960100032500080577";"01949752025018269936"
"3280200012500033668";"03222982025000417035"
"3280200012500042314";"03222982025000004466"
"3280200012500020337";"03222982025000406424"
"2080101102400009638";"030177672024023706404"
"1960100032100130696";"01949752021014216010"
"1960100032100100789";"01949752021011115557"
"1110100382300013187";"01155202023005686243"
"2080100842200001489";"030166482022018734686"
"1010100012400014629";"01023912024000209107"
"1010100012400014688";"01023912024000209280"
"2810100012100009280";"02822052021000218314"
"3280200012400058135";"03222982024000118967"
"1960100032300075475";"01949752023016234360"
"1960100032300075671";"01949752023016234360"
"1960100032300092485";"01949752023018791479"
"1960100032300078415";"01949752023016231859"
"3210100032500020858";"03213132025000826575"
"3210100032500000881";"03213132025000038895"
"3210100032500010518";"03213132025000436947"
"1130100322300005729";"07478542023008665523"
"1960100012500107063";"01983582025020384539"
"3410100012400008839";"042172942024000112904"
"1960100032100112493";"01949752021013576861"
"1960100032400092589";"01949752024011230448"
"1110100942300010527";"01155712023009251542"
"1110100382500020648";"01156182025002865979"
"1960100031900091728";"01949752019008973031"
"1960100031900038193";"01949752019001168914"
"1960100031900064879";"01949752019007814702"
"1960100031900092031";"01949752019012322839"
"1110100012500073695";"011163272025008778449"
"1960100542500019273";"01985312025015305259"
"1960100032500053316";"01949752025008221701"
"1960100032400057457";"01949752024010274794"
"1960100032400017102";"01949752024001416859"
"1960100032400057406";"01949752024010274794"
"1960100032400079302";"01949752024013347113"
"1960100032400058143";"01949752024010274875"
"2130100011900028246";"06914652019000104412"
"1960100032500013454";"01949752025001340616"
"1110100382100034736";"01156162021004920880"
"2080100272300002124";"03025632023021922571"
"1110100462300051447";"01155792023007581993"
"1960100032200022324";"01949752022004428431"
"1960100032200014739";"01949752022003245651"
"1960100032200027131";"01949752022002639493"
"1960100032500014371";"01949752025002462928"
"1960100032500074615";"01949752025015031599"
"1960100032500002290";"01949752025000557212"
"1960100032500101442";"01949752025023889815"
"3410100032500003607";"042172942025000113812"
"2130100012100012717";"06914692021000197234"
"1960100032300063396";"01949752023010624182"
"2230100011900019318";"06219832019000338731"
"2230100011900019164";"06219832019000331214"
"3280200012500041792";"03222982025000713513"
"3280200012500044503";"03222982025000938434"
"2080100732400037237";"030196362024023829449"
"2080100272400004514";"030193102024019774888"
"1960100032100111233";"01949752021014218641"
"1110100382300013111";"01155202023005686243"
"3210100032600003435";"03213132026000006013"
"1960100032400079728";"01949752024014539822"
"2080100962300003721";"03026692023008386199"
"2080100052300001686";"030147772023006912516"
"2810100012100009231";"02822052021000218314"
"2110100072500010821";"02121142024000014612"
"3280200012400058275";"03222982024000717160"
"3280200012400058267";"03222982024000660621"
"1960100032300075653";"01949752023016234360"
"1960100032300108063";"01949752023021414788"
"1960100032300099013";"01950502023019773713"
"3210100032500019132";"03213132025000634072"
"3210100032500015161";"03213132025000571216"
"3210100032500025779";"03213132025001068747"
"2080101042500000451";"030175312025004378933"
"1960100032100104725";"01949752021011091780"
"1960100031900020839";"01949752019001260055"
"1110100012500073520";"011163272025009298106"
"1960100032500058441";"01949752025008221701"
"1960100032500094667";"01949752025019762512"
"1960100032400058453";"01949752024010271698"
"1960100032400102630";"01949752024020848327"
"1960100032400009096";"01949752024001418550"
"1960100032400056884";"01949752024010272821"
"1960100032400058781";"01949752024010274280"
"1960100032400019202";"01949752024003604768"
"1960100032400022130";"01949752024003612949"
"1960100032400040181";"01950502023016870629"
"2130100011900028122";"06914652019000104412"
"1110100942500004242";"01155712025005725142"
"1110100382100034752";"01156162021004920880"
"1960100032000042571";"01949752020001454714"
"2080100252200000422";"030147792022003886003"
"1110100462300018636";"01155772023002081092"
"1960100032200027695";"01949752022004838922"
"1960100032200024491";"01949752022004833114"
"1960100032200024106";"01949752022004851783"
"1960100032500014280";"01949752025002462928"
"1960100032500077401";"01949752025017546740"
"1960100032500077312";"01949752025017546740"
"1960100032500021813";"01949752025005141499"
"1960100032500008086";"01949752025000560604"
"1960100032500002169";"01949752025000556755"
"1960100032500023409";"01949752025002421318"
"2130100012100020418";"06914652021000361370"
"1110100012200064664";"01155712022008415281"
"1110100381900003765";"01156182019000336361"
"3280200012500003211";"03222982025000045651"
"3280200012500027692";"03222982025000498795"
"3280200012500038961";"03222982025000697135"
"2080100732400036524";"030196362024023028608"
"2080100732400036443";"030196362024023022740"
"1960100032100100029";"01949752021011373416"
"1960100032100100541";"01949752021011371987"
"1110100382300013071";"01155202023005686243"
"1960100032400041984";"01949752024007055386"
"1960100032400080157";"01949752024014539822"
"1960100032400038134";"01949752024002609944"
"1960100032400037936";"01949752024002609944"
"1050100012100012553";"03249452021000284116"
"2080100092200005609";"03023222022019058194"
"1110100382100034353";"01156142021005607293"
"1110100462200084667";"01155792022008141279"
"1110100462200085681";"01155792022008178946"
"1110100462200034007";"01155792022005708308"
"1110100751900000913";"01176322019007348435"
"1110100012500073751";"011163272025010206961"
"1110100382200009930";"01156142022006864576"
"1110100012400068840";"011163272024006138531"
"1110100462400007177";"01155792024004224198"
"3280200012400054997";"03222982024000666239"
"3280200012400051963";"03222982024000678245"
"1960100032300099463";"01949752023019996902"
"1960100032300080525";"01949752023016249634"
"1960100032300075548";"01949752023016234360"
"3210100032500020270";"03213132025000663846"
"3210100032500024667";"03213132025001050708"
"3210100032500004577";"03213132025000172605"
"3210100032500020807";"03213132025000722281"
"2130100012400008199";"06914652024000125512"
"1960100032400040937";"01949752024001726459"
"1110100382500020737";"01156182025002865979"
"1960100031900070712";"01949752019007812165"
"1960100031900064615";"01949752019007826115"
"1210100021900001954";"08217272019000728641"
"1960100032400013778";"01949752024001967731"
"1960100032400019725";"01949752024003613414"
"1960100032400043618";"01949752024004993938"
"1960100032400094123";"01949752024010272911"
"1960100032400054938";"01949752024010274611"
"2130100011900028173";"06914652019000104412"
"2130100012500036324";"06914652025000470041"
"1110100942500009899";"01155712025007228774"
"1050100012500020914";"03249452025000966857"
"1960100032000067548";"01949752020009036008"
"1960100031900085231";"01949752019010397513"
"1960100032200026923";"01949752022004852593"
"1960100032200025439";"01949752022004838418"
"2080100302300006192";"030148922023013036621"
"1960100032500030669";"01949752025003655347"
"1960100032500007543";"01949752025000560191"
"1960100032500103054";"01949752025023890236"
"2130100012100014371";"06914652021000083469"
"2210100012500019467";"02222422025000365223"
"2220100012500012359";"05445822025000043362"
"2230100011900020383";"06219832019000354770"
"2230100011900019385";"06219832019000339118"
"3280200012500045011";"03222982025001244126"
"3280200012500020345";"03222982025000004032"
"3280200012500038155";"03222982025000755518"
"1960100032100016249";"01949752021002883202"
"1960100032400014480";"01949752024000762478"
"2010200012300006353";"01717742022000166602"
"1960100032300063681";"01949752023013339934"
"1960100032300051800";"01949752023010995750"
"1960100032300111226";"01949752023021825656"
"1960100032300061725";"01949752023013338024"
"1960100032300112257";"01949752023021824251"
"1960100032300021421";"01949752023003452380"
"2080300132400008465";"08993462024004854315"
"3410100022500004088";"04228292025000080802"
"3410100022500002638";"04228292025000063975"
"1960100031900037812";"01949752019001190847"
"1210100021900002705";"08217182019000840310"
"1960100032500039666";"01949752025008171763"
"1960100032400075651";"01949752024014894215"
"1960100032400011937";"01949752024002131122"
"1960100032400097483";"01949752024020226245"
"1960100032400023196";"01949752024003577931"
"1960100032400043571";"01949752024004993938"
"1110100942500015491";"01155712025012499713"
"1050100012500011818";"03249452025000640668"
"1960100032000094464";"01949752020002441004"
"2220200012400009853";"05719392024000110911"
"2610100042400002246";"02822072024000256507"
"1960100032200097383";"01949752022018428292"
"1960100032200063446";"01949752022011400007"
"1960100032200026192";"01949752022004835231"
"1960100032200026451";"01949752022004835583"
"1960100032200014429";"01949752022002922560"
"1960100032200079016";"01949752022014261911"
"2080100032300002750";"03030262023019470166"
"1960100032500070611";"01949752025015297866"
"1960100032500037515";"01949752025007491896"
"1960100032500103496";"01949752025023890406"
"1960100032500031401";"01949752025006603071"
"1960100032500002622";"01949752025000557212"
"1130300012500040348";"07174782025002777533"
"2130100012100013969";"06914652021000083469"
"2130100012100019975";"06914652021000361370"
"2130100012100012751";"06914692021000197234"
"2230100011900018885";"06219832019000328345"
"2230100011900021673";"06219832019000392353"
"1730100012300007244";"037152652023000150571"
"2130100012500031888";"06914862025000372499"
"3010100022500004158";"00420392025000167842"
"3280200012500037167";"03222982025000625495"
"3280200012500042357";"03222982025000150527"
"1960100032100110921";"01949752021014217164"
"1960100032100113521";"01949752021014506786"
"1960100032400037723";"01949752024002609944"
"1110100462200091035";"01155792022008432168"
"2080100032300000219";"03030262023003246270"
"2080100572300001011";"03026962023006481418"
"1130100282000001243";"07477982020002481915"
"3280200012400057899";"03222982024000690539"
"3280200012400064046";"03222982024000679993"
"1960100032300110971";"01949752023021417116"
"1960100032300016525";"01949752023003446576"
"1960100032300076110";"01949752023016234793"
"1960100032300016371";"01949752023003308181"
"1960100032300080908";"01949752023016576597"
"1960100032300075297";"01949752023016230615"
"1960100032300097347";"01949752023019986427"
"1960100032300079853";"01949752023016236575"
"3210100032500024829";"03213132025001023484"
"3210100032500010771";"03213132025000417811"
"3210100032500002825";"03213132025000081804"
"2080101042500004579";"030175312025024423985"
"2130100012400001569";"06914652023000652384"
"2130100012400005734";"06914652024000026026"
"3410100012400010681";"042172942024000112815"
"1960100032100112620";"01949752021013576861"
"1960100032100112027";"01949752021013576861"
"3410100022400001701";"042172962024000100013"
"3410100022500004428";"04228292025000083313"
"1110100382500011614";"01156182024000106972"
"1960100032500053391";"01949752025008221701"
"1960100032400030508";"01949752024003621859"
"1960100032400023005";"01949752024003577931"
"1960100032400032871";"01949752024003576535"
"1960100032400009916";"01949752024001952114"
"1960100032000068961";"01949752020009045333"
"1960100032000053768";"01949752020002789779"
"1130300012500050981";"07136562025005072951"
"1110100462300045511";"01155792023006780216"
"1960100032200012841";"01949752022002816883"
"1960100032200027164";"01949752022004835915"
"1960100032200025341";"01949752022004838418"
"1960100032200103995";"01949752022018527789"
"1960100032200014781";"01949752022003245651"
"1960100032200015719";"01949752022002946582"
"1960100032200024181";"01949752022004851783"
"1960100032500007624";"01949752025000560191"
"1960100032500074471";"01949752025015031599"
"1960100032500101957";"01949752025023889815"
"1960100032200052231";"01949752022008405711"
"2210100012200018803";"02222352022000371307"
"2210100012200012481";"02222672022000255394"
"1110100012200046631";"01155712022005328019"
"1110100381900003706";"01156182019000336361"
"2230100011900018915";"06219832019000327705"
"2210100052500000285";"02222422025000480839"
"2080100952400014560";"03026852024016721818"
"2080100732400036435";"030196362024023022740"
"1960100032100104067";"01949752021011124971"
"1960100032100100800";"01949752021011115557"
"1110100382300013292";"01155202023005686243"
"1960100032400042387";"01949752024007055386"
"1110100462200050991";"01155792022006363266"
"1110100382200009477";"01187502022004204213"
"1960100032300075939";"01949752023016214920"
"1960100032300017874";"01949752023003072633"
"1960100032300021197";"01949752023003452380"
"1960100032300076358";"01949752023016208610"
"3210100032500020548";"03213132025000635711"
"3210100032500017563";"03213132025000551029"
"3210100032500020408";"03213132025000302746"
"3410100022400000959";"042172962024000097632"
"1130300012400016991";"07174782024001550950"
"1130100242400000454";"07478272024002608700"
"1960100031900038215";"01949752019001168914"
"1960100031900037804";"01949752019001190847"
"1960100031900022998";"01949752019001329519"
"2080101112500008935";"030179942025018701440"
"1960100032500039976";"01949752025008171763"
"1960100032500039933";"01949752025008171763"
"1960100032500039471";"01949752025008171763"
"1960100032400054520";"01949752024010274956"
"1960100032400059662";"01949752024010274441"
"1960100032400018591";"01949752024003571142"
"1960100032400058674";"01949752024010274280"
"1960100032400058186";"01949752024010274875"
"1110100382100034639";"01156162021004920880"
"1960100032200097375";"01949752022018428292"
"1960100032500070504";"01949752025015297866"
"1960100032500010293";"01949752025002438628"
"1960100032500008248";"01949752025000560604"
"1960100032500008231";"01949752025000560604"
"1960100032500092915";"019127922025012373702"
"1960100032500030901";"01949752025002440100"
"2080100272500000890";"030193292025004004651"
"2230100011900019539";"06219832019000334663"
"3280200012600000438";"03222982026000076042"
"3280200012500037361";"03222982025000869106"
"2080100942400025492";"030156672024024419226"
"2080100732400034939";"030132222024022417312"
"1960100032100114143";"01949752021014236541"
"1960100032100100010";"01949752021011370581"
"1960100032100076993";"01949752021002882656"
"1110100382000002323";"01156162020001338259"
"1960100032400080106";"01949752024014539822"
"1010100012400018993";"01023912024000263900"
"2220100012400011137";"05445822024000329311"
"1960100032300076056";"01949752023016234793"
"1960100032300076005";"01949752023016234793"
"1960100032300016967";"01949752023003308181"
"1960100032300021251";"01949752023003452380"
"1960100032300078563";"01949752023016231859"
"3210100032500009781";"03213132025000360355"
"3210100032500030284";"03213132025000904479"
"3210100032500009862";"03213132025000321619"
"2080100942500022447";"030156672025024650093"
"1960100032100101793";"01949752021010914901"
"1130100272400003031";"07477842024004030536"
"1110100942300009634";"01155712023007291938"
"2010200012400022533";"09981442024001032287"
"1130300012400038802";"07137242024004104761"
"3410100022500003502";"04228292025000084387"
"1960100031900060938";"01949752019007825496"
"3410100012100006294";"042149732021000044633"
"1960100032500052611";"01949752025008221116"
"1960100032500052565";"01949752025008221116"
"1960100032400060903";"01950502023016813820"
"1960100032400013832";"01949752024001967731"
"1960100032400020324";"01949752024003570502"
"1960100032400046749";"01949752024004997330"
"1960100032400085744";"01949752024016706815"
"1960100032400040430";"01950502023016870629"
"2130100012500036367";"06914652025000471101"
"1960100032500011400";"01949752025001252661"
"1960100032000068900";"01949752020009045333"
"1960100032000068870";"01949752020009045333"
"1960100032000069291";"01949752020009008306"
"1960100032000089711";"01949752020011552671"
"1960100032000083756";"01949752020009000071"
"2080100252200001021";"030147792022008175431"
"2080100252200002141";"030147792022017115616"
"1960100032200026591";"01949752022004835583"
"1960100032200024981";"01949752022004850469"
"1960100032200024033";"01949752022004851783"
"1050100012300021601";"03249452023001087529"
"1960100032500110522";"01949752025024471806"
"1960100032500016771";"01949752025003655266"
"1960100032500108821";"01949752025023889491"
"2080100102300004804";"030135692023020292808"
"2130100012100012687";"06914692021000197234"
"1960100032300063574";"01949752023010624182"
"1960100032300063272";"01949752023010624182"
"3280200012500038899";"03222982025000697135"
"1960100032100010607";"01949752021001966112"
"1960100032100102862";"01949752021011668815"
"1960100032100100592";"01949752021011140586"
"1960100032400042123";"01949752024007055386"
"1110100462200011211";"01155792022003585802"
"3210100032500024594";"03213132025000962673"
"2220100012400014950";"05445822024000355070"
"1960100032300089867";"01949752023018768817"
"1960100032300111201";"01949752023021825656"
"1960100032300017238";"01949752023003445090"
"1960100032300021170";"01949752023003452380"
"1960100032300109132";"01950502023016868993"
"1960100032300112184";"01949752023021401295"
"3210100032500020564";"03213132025000775644"
"2080100942500015203";"030156672025016846375"
"1960100012500127153";"01983582025024599394"
"3280200012300027527";"03222982023000599352"
"3280200012300028655";"03222982023000495735"
"3010100022400003947";"00420392024000219302"
"1130100242400003143";"07478272024005286860"
"1960100032500052158";"01949752025008221116"
"1960100032400060865";"01950502023016813820"
"1960100032400009150";"01949752024001418550"
"1960100032400011988";"01949752024002131122"
"1960100032400032969";"01949752024003576535"
"1960100032400057910";"01949752024003577183"
"1960100032400020618";"01949752024003573439"
"2130100012500047857";"06914862025000508811"
"1960100032500088667";"01949752025017089829"
"1960100032000087077";"01949752020011118555"
"1960100032000053741";"01949752020002789779"
"1960100032200031668";"01949752022005296635"
"1960100032200069118";"01949752022012487904"
"1960100032200079598";"01949752022014292558"
"1960100032200024572";"01949752022004833114"
"1960100032200024130";"01949752022004851783"
"1960100032200079261";"01949752022014290342"
"1960100032500077843";"01949752025017543481"
"1960100032500012407";"01949752025002447538"
"1960100032500070458";"01949752025015297866"
"1960100032500001499";"01949752025000521536"
"1960100032500007578";"01949752025000560191"
"1960100032500057575";"01949752025012156099"
"1960100032500002320";"01949752025000557212"
"1960100032500017141";"01949752025003654456"
"1960100032300019478";"01949752023003393782"
"2130100012100013616";"06914652021000083469"
"2130100012100014310";"06914652021000083469"
"1960100032000104311";"01949752020013918583"
"1960100032300082498";"01949752023011815062"
"2230100011900019342";"06219832019000336950"
"3010100022500003119";"00420392025000137773"
"1130300012500036456";"07132902025003409215"
"1130300012500036944";"07132902025003408324"
"3280200012500038198";"03222982025001024193"
"3280200012500028559";"03222982025000038441"
"3280200012500039143";"03222982025000608647"
"2080100732400037245";"030196362024023813798"
"1960100032100011255";"01949752021001966112"
"1960100032100010593";"01949752021001966112"
"1960100032100110946";"01949752021014217164"
"1960100032100113619";"01949752021014236118"
"1960100032400078330";"01949752024007755361"
"1960100032400014200";"01949752024000762478"
"2110100072200007343";"02121292022000192252"
"1110100382200011501";"01187502022004204213"
"3280200012400058704";"03222982024000682609"
"1110100381900017553";"01156142019007786214"
"1960100032300017149";"01949752023003442741"
"1960100032300016861";"01949752023003442741"
"1960100032300108438";"01949752023021543677"
"1960100032300075742";"01949752023016234360"
"1960100032300017394";"01949752023003444018"
"1960100032300019389";"01949752023003304194"
"1960100032300019346";"01949752023003304194"
"2080300132400008457";"08993462024004854315"
"1960100031900021101";"01949752019001249329"
"1960100031900090683";"01949752019010096734"
"1960100031900020642";"01949752019001260641"
"1960100032500039860";"01949752025008171763"
"1960100032400057546";"01949752024010274794"
"1960100032400057465";"01949752024010274794"
"1960100032400013506";"01949752024002071472"
"1960100032400054385";"01949752024010274956"
"1960100032400013840";"01949752024001967731"
"1960100032400018656";"01949752024003571142"
"1960100032400061675";"019155652024011503411"
"1960100032400019407";"01949752024003591097"
"1960100032400054891";"01949752024010274611"
"1130100222500005014";"07469832025003640411"
"1960100032500088691";"01949752025017089829"
"1050100012500013594";"03249452025000473915"
"1110100382100034558";"01156162021004920880"
"2210100012400036383";"02222422024000778985"
"1960100032000076083";"01949752020009307397"
"1960100032200067689";"01949752022012441408"
"1960100032200067727";"01949752022012441408"
"1960100032200014380";"01949752022002922560"
"1960100032500007012";"01949752025000534191"
"1960100032500070751";"01949752025015298161"
"1960100032500103161";"01949752025023904636"
"1960100032500021805";"01949752025005141499"
"1960100032500026289";"01949752025003655690"
"1960100032500051658";"01949752025009648458"
"1960100032500081956";"01949752025017547550"
"1960100032500010064";"01949752025002460216"
"2130100012100013756";"06914652021000083469"
"1960100032300047242";"01949752023009148101"
"3010100022500005316";"00420392025000229031"
"1130400012300058101";"07385262023002652705"
"3410100022300001371";"04285612023000067659"
"2230100011900018842";"06219832019000327373"
"2230100011900018656";"06219832019000327535"
"2130100012500032256";"06914862025000373541"
"3280200012500027706";"03222982025000519628"
"2080100962400012093";"03026692024019727104"
"2080100942400017783";"030156672024016687454"
"2080100952400013041";"03026852024015378702"
"1960100032100010437";"01949752021001978471"
"3210100032600005780";"03213132026000150131"
"3210100032600006371";"03213132026000167530"
"1960100032400014456";"01949752024000762478"
"1010100012400010984";"01023912024000148981"
"1110100382200003665";"01156142022004171620"
"1110100381900014120";"01156142019005655112"
"1960100032300067091";"01949752023013340789"
"1960100032300073367";"01949752023013240482"
"1960100032300089697";"01949752023018745281"
"1960100032300021261";"01949752023003452380"
"1960100032300112249";"01949752023021401295"
"1960100032300096588";"01949752023019986427"
"1960100032300079772";"01949752023016236575"
"3210100032500008270";"03213132025000251068"
"3210100032500004445";"03213132025000174306"
"1960100032100112280";"01949752021013576861"
"1960100032400040821";"01949752024001725720"
"1960100031900092147";"01949752019012321603"
"1960100031900061888";"01949752019007814702"
"1110100012500073709";"011163272025008104138"
"1960100032500104621";"01949752025023653111"
"1960100032500094802";"01949752025019762512"
"1960100032400054581";"01949752024010272155"
"1960100032400059654";"01949752024010274441"
"1960100032400054474";"01949752024010274956"
"1960100032400046730";"01949752024004997330"
"1960100032400013328";"01949752024002649067"
"1960100032400108299";"01949752024021591311"
"1110100942500006342";"01155712025007442776"
"1960100032500035792";"01949752025004219907"
"1960100032500088756";"01949752025017089829"
"1050100012500020787";"03249452025001227756"
"1960100032000101320";"01949752020009216162"
"1110100462300007693";"01155792023002272747"
"1960100032200049842";"01949752022009239318"
"1960100032200039146";"01949752022006791265"
"1960100032200068464";"01949752022012335128"
"1960100032200011934";"01949752022002726116"
"1050100012300010241";"03249452023000439286"
"1050100012300017718";"03249452023000802976"
"1960100032500105707";"01949752025023889319"
"2130100012100020361";"06914652021000361370"
"2130100012100012679";"06914692021000197234"
"1960100032300010330";"01949752023002360562"
"3280200012500020191";"03222982025000383033"
"2080100942400025484";"030156672024024419226"
"1960100032100039133";"01949752021003717314"
"1110100382000002315";"01156162020001338259"
"1110100462100035211";"01155772021002148314"
"3210100032400001301";"03213132024000091337"
"1110100012400033400";"011163272024004438341"
"3280200012400058909";"03222982024000587525"
"1960100032300066905";"01949752023013340789"
"1960100032300112631";"01949752023021831974"
"1960100032300061709";"01949752023013338024"
"1960100032300062594";"01949752023013441623"
"1960100032300076021";"01949752023016208610"
"1960100032300019095";"01949752023003304194"
"1960100032300079705";"01949752023016236575"
"3210100032500018543";"03213132025000661550"
"2810100012300009605";"02822072022000271440"
"2130100012400005629";"06914652024000026026"
"1960100012500121236";"01951862025023793979"
"1960100032400040732";"01949752024001726459"
"1960100031900064860";"01949752019007814702"
"1960100031900065281";"01949752019007206672"
"1110100012500073679";"011163272025010369674"
"1960100012400117821";"01983582024022199444"
"1960100032500104662";"01949752025023653111"
"1960100032500052999";"01949752025008221701"
"1960100032500053154";"01949752025008221701"
"1960100032400075684";"01949752024014894215"
"1960100032400078462";"01949752024015375661"
"1960100032400075447";"01949752024014910784"
"1960100032400057775";"01949752024003577183"
"1960100032400053631";"01950502023016828690"
"1960100032400095091";"01949752024019115818"
"1110100382400005873";"01156182024000106972"
"1110100942500013977";"01155712025008538661"
"1960100032000032655";"01949752020002470616"
"1960100032000021912";"01949752020001636499"
"1960100031900085221";"01949752019010397513"
"1110100462300047024";"01155792023007056139"
"1960100032200037224";"01949752022006389262"
"2080100032300001754";"03030262023015265762"
"2080100042300002154";"03030272023006930276"
"2080100022300003482";"030174272023013205337"
"1050100012300011795";"03249452023000320807"
"1960100032500012466";"01949752025002447538"
"1960100032500000999";"01949752025000526767"
"1960100032500007098";"01949752025000561597"
"1960100032500103445";"01949752025023890406"
"1960100032500094292";"019127922025012381713"
"1960100032500023093";"01949752025002421318"
"1960100032500030871";"01949752025002440100"
"1960100012300095560";"01951862023020667865"
"2130100012100013659";"06914652021000083469"
"2130100012100014582";"06914652021000083469"
"1960100062300067989";"01951862023006550085"
"2230100011900018771";"06219832019000322312"
"3280200012500041253";"03222982025001160615"
"3280200012500044181";"03222982025001230923"
"1110100382300014493";"01155172023006873998"
"3010100022400003955";"00420392024000219302"
"1960100032400079752";"01949752024014539822"
"1130300012500029786";"07136652025003135203"
"1110100462500016049";"01155772025006085264"
"3280200012400057414";"03222982024000681971"
"3280200012400055128";"03222982024000673286"
"1960100032300016843";"01949752023003442741"
"1960100032300078288";"01949752023016571102"
"3210100032500018081";"03213132025000668309"
"3210100032500018497";"03213132025000658842"
"3210100032500004186";"03213132025000134428"
"2080100732500014932";"030196342025010272161"
"2130100012400001501";"06914652023000652384"
"1960100032100112574";"01949752021013576861"
"1210100022100000446";"08217272021000465766"
"1960100031900037901";"01949752019001172199"
"1960100031900093811";"01949752019010097200"
"1110100012500073547";"011163272025008148348"
"1960100032500052621";"01949752025008221116"
"1960100032400057139";"01949752024010188952"
"1960100032400032993";"01949752024003576535"
"1960100032400094433";"01949752024019115818"
"1110100942500004838";"01155712025006264017"
"1110100462300022404";"01155772023000675564"
"1960100032200025501";"01949752022004838418"
"1960100032200015352";"01949752022003216472"
"1960100032200068472";"01949752022012335128"
"1960100032200015263";"01949752022003216472"
"1960100032200105238";"01949752022019598159"
"1050100012300021839";"03249452023001019876"
"1960100032500007020";"01949752025000534191"
"1960100032500070423";"01949752025015297866"
"1960100032500007233";"01949752025000561597"
"1960100032500021945";"01949752025005141499"
"1960100032500074283";"01949752025015031599"
"1960100032500051801";"01949752025009648458"
"1960100032500081964";"01949752025017547550"
"1960100032200074731";"01949752022008440621"
"1110100381900003684";"01156182019000336361"
"3280200012600001183";"03222982026000108858"
"3280200012500028052";"03222982025000518222"
"3280200012500014965";"03222982025000308767"
"2080100942400012137";"030156672024011264547"
"1960100032100051036";"01949752021002964971"
"1960100032100047731";"01949752021002984572"
"1960100032100113597";"01949752021014236118"
"1110100382300013136";"01155202023005686243"
"1960100032400078901";"01949752024007755361"
"1960100032400014529";"01949752024000762478"
"2080100232200002315";"030150102022016194558"
"2080100272200002306";"03025632022018779045"
"1110100462400002922";"01155792024002521730"
"3280200012400059141";"03222982024000690881"
"1960100032300017130";"01949752023003442741"
"1960100032300020042";"01949752023003451316"
"1960100032300080861";"01949752023016576597"
"3210100032500011611";"03213132025000459301"
"3210100032500002711";"03213132025000079907"
"1130100092300008721";"07478812023007145558"
"2130100012400008121";"06914652024000125512"
"2080300132400008392";"08993462024004856610"
"1960100032000011283";"01949752019011993241"
"1960100032100101653";"01949752021010914901"
"1960100032400092491";"01949752024011230448"
"3410100032500003739";"042172942025000113481"
"1110100382500020834";"01156182025002865979"
"1010100012500005055";"01023912025000086103"
"1960100032400075420";"01949752024014910784"
"1960100032400034521";"01950502023018544737"
"1960100032400108280";"01949752024021591311"
"1960100032400040198";"01950502023016870629"
"1110100382400005962";"01156182024000106972"
"2130100012500047091";"06914652025000603377"
"1960100032500011338";"01949752025001252661"
"1960100032000101339";"01949752020009216162"
"1960100032200026206";"01949752022004835231"
"1960100032200041582";"01949752022007575850"
"1960100032200024262";"01949752022004834510"
"1130300012400038071";"07132832024003664112"
"1050100012300017726";"03249452023000802976"
"1960100032500110476";"01950502025021518018"
"1960100032500077703";"01949752025017543481"
"1960100032500050317";"01949752025010438674"
"1960100032500105812";"01949752025023889319"
"1960100032500051666";"01949752025009648458"
"1960100032500021937";"01949752025005141499"
"1960100032500014582";"01949752025003281757"
"1960100032500008078";"01949752025000560604"
"1960100032500030057";"01949752025006602007"
"1960100032500029962";"01949752025006602007"
"1960100032500094462";"019127922025012381713"
"1960100032500017239";"01949752025003654456"
"2080100272500000904";"030193292025004004570"
"2080100732500033856";"030196362025014614011"
"2130100012100019886";"06914652021000361370"
"2130100012100020493";"06914652021000361370"
"2130100012100012644";"06914692021000197234"
"1960100032000104281";"01949752020013930524"
"1960100032300047021";"01949752023009148101"
"1110100381900003668";"01156182019000336361"
"3280200012600003437";"03222982026000193014"
"2130100012500049124";"06914862025000594211"
"3280200012500035911";"03222982025000710921"
"3280200012500038503";"03222982025001059817"
"1960100032100016842";"01949752021002981042"
"1960100032100111209";"01949752021014218641"
"3210100032600004342";"03213132026000017813"
"1960100032400037731";"01949752024002609944"
"1010100012400014637";"01023912024000209107"
"2110100072500006816";"02121142024000014612"
"1960100032300015812";"01949752023003450417"
"3210100032500018365";"03213132025000632614"
"3210100032500000857";"03213132025000016310"
"3210100032500011883";"03213132025000390009"
"2810100012300007696";"02822072022000271369"
"2130100012400036850";"06914692024000482314"
"1960100032100112337";"01949752021013576861"
"3410100022400001564";"042172962024000096822"
"3410100022500003510";"04228292025000084387"
"1960100031900027760";"01949752019001172199"
"1960100032500039593";"01949752025008171763"
"1960100032500052591";"01949752025008221116"
"1960100032400085752";"01949752024016706815"
"1960100032400075293";"01949752024014975991"
"1960100032400019458";"01949752024003591097"
"1960100032400054881";"01949752024010274611"
"1110100942500009211";"01155712025006465268"
"1960100032500003149";"01949752025000792815"
"1960100032000097307";"01949752020012741779"
"1960100032000090019";"01949752020011556919"
"1960100032000081281";"01949752020009636021"
"1110100462300041220";"01155772023001475259"
"1960100032200012221";"01949752022002698155"
"1960100032200060897";"01949752022011411971"
"1960100032200087914";"01949752022016416530"
"1960100032200096409";"01949752022018074113"
"1960100032200024068";"01949752022004851783"
"1960100032200024297";"01949752022004834510"
"2080101032400002493";"030161182024019624448"
"1050100012300009537";"03249452023000333887"
"1960100032500109745";"01949752025024212371"
"1960100032500110311";"01949752025024212371"
"1960100032500070598";"01949752025015297866"
"1960100032500021929";"01949752025005141499"
"1960100032500092941";"019127922025012373702"
"1960100032500108935";"01949752025023889491"
"1960100032300013291";"01949752022007852616"
"1110100832300001850";"01192542023008719797"
"2130100012100014515";"06914652021000083469"
"3410100012100008051";"042149732021000082721"
"1960100032600004263";"01949752026000795921"
"3280200012500013934";"03222982025000132626"
"3280200012500039224";"03222982025000726259"
"3210100032600004547";"03213132026000051914"
"1960100032400014634";"01949752024000762478"
"1110100462200005325";"01155792022002383718"
"1110100462200006666";"01155772022001769146"
"1110100462400011441";"01155792024005387601"
"3280200012400014324";"03222982024000049973"
"3280200012400057767";"03222982024000742351"
"1960100032300075440";"01949752023016214920"
"1960100032300106753";"01949752023021409601"
"1960100032300099137";"01950502023019773713"
"1960100032300098866";"01950502023019773713"
"3210100032500007045";"03213132025000251491"
"3210100032500004161";"03213132025000185413"
"2130100012400014016";"06914652024000254321"
"2080100022000002195";"03030252020011296540"
"3810100032400008161";"08217392024000332361"
"1960100031900091353";"01949752019012320542"
"1960100031900027779";"01949752019001172199"
"1210100021900002306";"08217272019000763128"
"1960100032500053601";"01949752025008221701"
"1960100032400011791";"01949752024001950332"
"1960100032400020464";"01949752024003570502"
"1960100032400057821";"01949752024003577183"
"1960100032400010094";"01949752024001952114"
"2130100012500051218";"06914862025000670414"
"1960100032000032681";"01949752020002470616"
"1960100032000095681";"01949752020009075160"
"1510100012400027969";"01540202024000474730"
"1110100462300036111";"01155792023005526553"
"1960100032200027679";"01949752022004838922"
"1960100032200026613";"01949752022004835583"
"1960100032200079733";"01949752022014292558"
"1960100032200068359";"01949752022012335128"
"2080100702400002547";"03097792024017569629"
"2080100702400001621";"03097792024012513641"
"1960100032500007004";"01949752025000534191"
"1960100032500051593";"01949752025010438674"
"1960100032500070520";"01949752025015297866"
"1960100032500070644";"01949752025015297866"
"1960100032500008019";"01949752025000560604"
"1960100032500103771";"01949752025023900819"
"1960100032500057621";"01949752025012156099"
"1960100011900077038";"01983582019014316113"
"1130300012500052818";"07137362025004743481"
"1960100032300063442";"01949752023010624182"
"2230100011900019431";"06219832019000339037"
"2230100011900019121";"06219832019000333519"
"3280200012500040761";"03222982025000667732"
"2080100732400036486";"030196362024023033199"
"1960100032100116839";"01949752021014235651"
"3210100032600005748";"03213132026000143941"
"1960100032400014413";"01949752024000762478"
"3210100032400015541";"03213132024000815513"
"1110100012100050383";"01155712021005883674"
"1110100831900001997";"01192542019007528641"
"1960100032300016878";"01949752023003442741"
"1960100032300016126";"01949752023003307029"
"1960100032300076218";"01949752023016235170"
"1960100032300078601";"01949752023016231859"
"3210100032500011565";"03213132025000374062"
"3210100032500002639";"03213132025000079656"
"2130100012400001380";"06914652023000652384"
"3410100012400010566";"042172942024000112815"
"1960100032100101580";"01949752021010914901"
"1960100542500019230";"01985312025015395061"
"1960100032500053200";"01949752025008221701"
"1960100032400017129";"01949752024001416859"
"1960100032400021487";"01949752024003578741"
"1960100032400027647";"01949752024004991722"
"1960100032400085604";"01949752024016706815"
"1960100032400046587";"01949752024004997330"
"1960100032400019342";"01949752024003591097"
"1960100032400029461";"01949752024005135749"
"1110100942500014086";"01155712025008523982"
"1960100032500088713";"01949752025017089829"
"2210100012400012001";"02222472024000252793"
"1960100032000094367";"01949752020002441004"
"1960100032000086143";"01949752020009768793"
"1110100462300034984";"01155792023005442881"
"1960100032200036945";"01949752022006415441"
"1960100032200100910";"01949752022018427130"
"1960100032200105191";"01949752022019598159"
"1960100032200067107";"01949752022012337171"
"1960100032200024386";"01949752022004834510"
"1960100032500103781";"01949752025023901530"
"1960100032500022100";"01949752025004969817"
"1960100032500081492";"01949752025017545697"
"1960100032500070814";"01949752025015298161"
"1960100032500103186";"01949752025023904636"
"1960100032500008035";"01949752025000560604"
"1960100032500031126";"01949752025006603071"
"1960100032500080801";"01949752025018269936"
"3410100012100007681";"042149732021000038234"
"2130100012100014116";"06914652021000083469"
"2130100012100012695";"06914692021000197234"
"1960100032000104591";"01949752020014071347"
"1960100032000103821";"01949752020013880080"
"1960100032600006436";"01949752026001154830"
"2230100011900019415";"06219832019000335121"
"3280200012500040745";"03222982025001006292"
"1960100032100131382";"01949752021017638110"
"2080100732200013297";"030132222022017395118"
"1110100382200009582";"01187502022004204213"
"1110100382200011536";"01187502022004204213"
"3280200012400058712";"03222982024000668614"
"3280200012400057864";"03222982024000801462"
"1960100032300016541";"01949752023003446576"
"1960100032300076382";"01949752023016208610"
"3210100032500024421";"03213132025000979304"
"3210100032500009633";"03213132025000348738"
"3210100032500013819";"03213132025000497148"
"2130100012400001453";"06914652023000652384"
"1960100032100101688";"01949752021010914901"
"1960100032100101718";"01949752021010914901"
"1960100032100112221";"01949752021013576861"
"1960100032400040767";"01949752024001726459"
"1960100031900090411";"01949752019008973031"
"1960100031900064461";"01949752019007812416"
"1960100031900025172";"01949752019001250505"
"1960100031900064666";"01949752019007826115"
"1960100032400057805";"01949752024003577183"
"1960100032400046609";"01949752024004997330"
"1960100032400021932";"01949752024003612949"
"1960100032400102576";"01949752024020849056"
"1960100032500035751";"01949752025004219907"
"1960100032500015805";"01949752025001340616"
"1960100032200067816";"01949752022012441408"
"1960100032200024939";"01949752022004850469"
"1960100032200079644";"01949752022014292558"
"1960100032200014712";"01949752022003245651"
"1960100032200019765";"01949752022002875383"
"1960100032500081484";"01949752025017545697"
"1960100032500051755";"01949752025009648458"
"1960100032500005559";"01949752025000563883"
"2130100012100014493";"06914652021000083469"
"1960100032300063469";"01949752023010624182"
"2230100011900019512";"06219832019000338901"
"2230100011900019555";"06219832019000329660"
"3280200012500020124";"03222982025000187285"
"2080100952400013033";"03026852024015376416"
"1960100032100010801";"01949752021001981006"
"1960100032100064006";"01949752021002627117"
"1960100032100116898";"01949752021014235651"
"2130100012200016202";"06914652022000175925"
"1110100382000002404";"01156162020001338259"
"3210100032600005799";"03213132026000157313"
"3210100032600005888";"03213132026000219602"
"1960100032400042271";"01949752024007055386"
"1960100032400014723";"01949752024000762478"
"1960100032400014693";"01949752024000762478"
"1960100032400079851";"01949752024014539822"
"1960100032400014499";"01949752024000762478"
"1110100382100028043";"01156142021003830297"
"2080101042300004004";"030175312023022559349"
"1010100012400011158";"01023912024000130268"
"3280200012400058666";"03222982024000656781"
"3280200012400061519";"03222982024000686515"
"1960100032300061751";"01949752023013338024"
"1960100032300108020";"01949752023021414788"
"3210100032500019159";"03213132025000688679"
"3210100032500022990";"03213132025000926448"
"3210100032500009935";"03213132025000323409"
"3210100032500011034";"03213132025000374143"
"3210100032500011352";"03213132025000473397"
"3210100032500003627";"03213132025000138091"
"3210100032500017229";"03213132025000452390"
"2080101042500003319";"030175312025019820971"
"3410100012400010280";"042172942024000112734"
"1960100032100111985";"01949752021013576861"
"3810100032400010245";"08217392024000367822"
"1960100032400092465";"01949752024011230448"
"1130300012400050330";"07132862024002037540"
"1050100012400005813";"03249452024000193440"
"3410100022500002271";"04228292025000053155"
"1110100012500073660";"011163272025008810946"
"1960100032500052141";"01949752025008221116"
"1960100032500058342";"01949752025008221701"
"1960100032400079213";"01949752024015669223"
"1960100032400110676";"01949752024022121645"
"1960100032400013816";"01949752024001967731"
"1960100032400018664";"01949752024003571142"
"1960100032400020448";"01949752024003570502"
"1960100032400108272";"01949752024021591311"
"1960100032400102649";"01949752024020849056"
"1960100032400102606";"01949752024020849056"
"1960100032400012178";"01949752024002073921"
"1110100942500013675";"01155742025007670851"
"1960100032000095789";"01949752020009075160"
"3410100022400001807";"04285612024000141311"
"1960100032200012035";"01949752022002880204"
"1960100032200069142";"01949752022012487904"
"1960100032200067867";"01949752022012441408"
"1960100032200104037";"01949752022018527789"
"1960100032200012760";"01949752022002878137"
"1960100032200025072";"01949752022004850469"
"1960100032200068294";"01949752022012468276"
"1960100032200015360";"01949752022003216472"
"1960100032500103518";"01949752025023890406"
"1960100032500108854";"01949752025023889491"
"1960100032500103046";"01949752025023890236"
"2130100012100020124";"06914652021000361370"
"1960100032300047145";"01949752023009148101"
"1110100381900003552";"01156182019000336361"
"2230100011900021908";"06219832019000393678"
"3280200012500003221";"03222982025000013881"
"3280200012500036160";"03222982025000894216"
"2080100942400012072";"030156672024011264547"
"1960100032400042182";"01949752024007055386"
"1960100032400080076";"01949752024014539822"
"1110100831900002667";"01192542019008446613"
"1110100382200010386";"01156142022006390761"
"1110100462400002140";"01155792024001808903"
"3280200012400053443";"03222982024000554864"
"1960100032300108411";"01949752023021543677"
"1960100032300080401";"01949752023016249634"
"1960100032300062586";"01949752023013442786"
"1960100032300080835";"01949752023016576597"
"1960100032300076102";"01949752023016235170"
"1960100032300099129";"01950502023019773713"
"3210100032500019027";"03213132025000631561"
"2080100732500014924";"030196342025010272161"
"2130100012400005769";"06914652024000026026"
"1960100032100112507";"01949752021013576861"
"1960100032100102021";"01949752021010914901"
"3410100022400001191";"042172962024000100285"
"1110100382500011630";"01156182024000106972"
"2080100022100000849";"03030252021003094055"
"1110100012500066494";"011163272025008967764"
"1960100032400056914";"01949752024010272821"
"1960100032400018605";"01949752024003571142"
"1960100032400075560";"01949752024010272911"
"1960100032400032349";"01949752024005491022"
"1960100032400040376";"01950502023016870629"
"1110100382400005652";"01156182024000106972"
"1110100382400005891";"01156182024000106972"
"1960100032500035776";"01949752025004219907"
"1960100032000083144";"01949752020009867422"
"1960100032000029271";"01949752020002445760"
"1960100032000090892";"01949752020011556153"
"1960100032000095711";"01949752020009075160"
"1960100032200025323";"01949752022004838418"
"1960100032200012361";"01949752022002878811"
"2080100052300006114";"030147772023021937982"
"1960100032500077819";"01949752025017543481"
"1960100032500018911";"01949752025004245819"
"1960100032500002029";"01949752025000546954"
"1960100032500005680";"01949752025000563883"
"1960100032500009848";"01949752025002460216"
"1960100032200052312";"01949752022008405711"
"2080100272500004039";"030193292025024756241"
"2080100272500003970";"030193102025024105566"
"2130100012100014205";"06914652021000083469"
"2130100012100014086";"06914652021000083469"
"1960100032000104079";"01949752020014082977"
"3280200012600001019";"03222982026000110411"
"3280200012500037795";"03222982025000583211"
"2080100272400005286";"030193292024024030362"
"1960100032100102277";"01949752021011754819"
"3210100032600006833";"03213132026000226994"
"1960100032400014758";"01949752024000762478"
"1960100032300075602";"01949752023016214920"
"1960100032300108497";"01949752023021543677"
"1960100032300106745";"01949752023021409601"
"3210100032500020815";"03213132025000825927"
"3210100032500012359";"03213132025000452802"
"1960100032100101696";"01949752021010914901"
"1960100032100101637";"01949752021010914901"
"1130300012400047216";"07174782024002074272"
"1110100382500020753";"01156182025002865979"
"1960100031900037790";"01949752019001250505"
"1960100031900024559";"01949752019001196969"
"1960100032500039607";"01949752025008171763"
"1960100032400078675";"01949752024014968014"
"1960100032400102509";"01949752024020848327"
"1960100032400022882";"01949752024003592654"
"1960100032400013263";"01949752024002649067"
"1960100032400029488";"01949752024005135749"
"1960100032000088693";"01949752020009619283"
"1960100032000069273";"01949752020009008306"
"1960100032200027261";"01949752022004835915"
"1960100032200022472";"01949752022004428431"
"1960100032200068405";"01949752022012335128"
"1960100032200024025";"01949752022004851783"
"1960100032500110492";"01950502025021518018"
"1960100032500110621";"01949752025024524349"
"2080100842300003259";"030166482023022555651"
"1960100032500057699";"01949752025012156099"
"1960100032500017107";"01949752025003654456"
"2130100012100014655";"06914652021000083469"
"2130100012100014541";"06914652021000083469"
"2710100032100002703";"02714352021000133612"
"1050100012200014577";"03249452022000510401"
"3280200012500036381";"03222982025000699774"
"2080100732400036850";"030196362024023804021"
"1960100032100100754";"01949752021011115557"
"1960100032400014391";"01949752024000762478"
"1960100032400076664";"01949752024007755361"
"1960100032400077024";"01949752024007755361"
"3960100012500123861";"09317642025000340398"
"1960100032300080851";"01949752023016576597"
"1960100032300078636";"01949752023016231859"
"1960100032300078458";"01949752023016231859"
"3210100032500018586";"03213132025000662360"
"1130100322300000360";"07478542023002749571"
"1960100032500052085";"01949752025008221116"
"1960100032400028805";"01949752024004987881"
"1960100032400020545";"01949752024003570502"
"1960100032400043677";"01949752024004993938"
"1960100032400040287";"01950502023016870629"
"1110100382400006081";"01156182024000106972"
"2130100012500036227";"06914652025000469719"
"1960100032000087212";"01949752020011177136"
"1960100032000089959";"01949752020011106468"
"1960100032200026893";"01949752022004852593"
"1960100032200014704";"01949752022003245651"
"1960100032200068367";"01949752022012335128"
"1960100032200105653";"01949752022019598159"
"1960100032200012434";"01949752022002879371"
"1960100032200078966";"01949752022014261911"
"1960100032500037523";"01949752025007491896"
"2080100732500033864";"030196362025014614011"
"3010100022500005278";"00420392025000228817"
"2230100011900019717";"06219832019000348290"
"1960100032100099004";"01949752021011088304"
"3210100032600001785";"03213132026000059729"
"1960100032400079531";"01949752024014539822"
"1110100462200094484";"01155792022008414933"
"1010100012400010755";"01023912024000154876"
"1110100012400061870";"011163272024004426334"
"1110100462400002906";"01155792024002521578"
"1110100832500001908";"01192542025011309768"
"3280200012400062051";"03222982024001113012"
"1960100032300067057";"01949752023013340789"
"1960100032300016258";"01949752023003445413"
"1960100032300017416";"01949752023003444018"
"1960100032300051118";"01949752023010854421"
"1960100032300078644";"01949752023016231859"
"3210100032500020831";"03213132025000840641"
"3210100032500009803";"03213132025000337027"
"3410100012400010671";"042172942024000112815"
"1110100382500011576";"01156182024000106972"
"2080100252100001823";"030147792021015713680"
"1960100031900064763";"01949752019007629212"
"1960100031900030117";"01949752019001262511"
"1960100031900064641";"01949752019007826115"
"1960100031900021126";"01949752019001195482"
"1960100032500039585";"01949752025008171763"
"1960100032400027582";"01949752024004991722"
"1960100032400008626";"01949752024001421186"
"1960100032400053656";"01950502023016828690"
"1960100032400108221";"01949752024021591311"
"1960100032400103246";"01949752024020861269"
"1960100032400058178";"01949752024010274875"
"1110100942500013837";"01155712025008558697"
"1050100011900017269";"03249432019000419537"
"2080100102200003372";"030135692022016154004"
"1960100032200025412";"01949752022004838418"
"1960100032200069096";"01949752022012487904"
"1210100032100000745";"08217412021000508201"
"1960100032500077622";"01949752025017543481"
"1960100032500050521";"01949752025010438674"
"1960100032500070407";"01949752025015297866"
"1960100032500016755";"01949752025003655266"
"1960100032500002509";"01949752025000557212"
"1960100032500051771";"01949752025009648458"
"2130100012100013950";"06914652021000083469"
"2130100012500018229";"06914652025000244547"
"3280200012500028664";"03222982025000112862"
"2080100272400004824";"030193292024023488098"
"2080100272400004719";"030193292024022897211"
"2080100272400003496";"030193292024017010092"
"1960100032100011271";"01949752021001966112"
"1960100032100063980";"01949752021002627117"
"1960100032100100150";"01949752021011057255"
"1960100032400079698";"01949752024014539822"
"1960100032400037588";"01949752024002609944"
"1110100462100021377";"01155772021002196891"
"1050100012100015145";"03249452021000270913"
"1110100382100035163";"01156142021005047727"
"1010100012400011050";"01023912024000148639"
"1130300012500024342";"07107252025002641802"
"1960100032300018031";"01949752023003442741"
"1960100032300111961";"01949752023021831117"
"1960100032300016193";"01949752023003445413"
"1960100032300076153";"01949752023016235170"
"3210100032500014866";"03213132025000451822"
"3210100032500014327";"03213132025000476655"
"3210100032500022451";"03213132025000678959"
"3210100032500020165";"03213132025000534795"
"2130100012400001496";"06914652023000652384"
"3410100012400009169";"042172942024000113030"
"1960100031900090535";"01949752019004773126"
"1960100031900078551";"01949752019004772821"
"2080100302100006361";"030148922021012432083"
"1960100031900031105";"01949752019001328547"
"1960100031900038185";"01949752019001168914"
"1960100031900092252";"01949752019005344997"
"1960100031900092163";"01949752019012323649"
"1960100031900096444";"01949752019011927966"
"1960100032500104492";"01949752025023653111"
"1960100032500052166";"01949752025008221116"
"1960100032400011740";"01949752024001950332"
"1960100032400028732";"01949752024004987881"
"1960100032400028775";"01949752024004987881"
"1960100032400084098";"01949752024007920150"
"1960100032400019563";"01949752024003613414"
"1960100032400061616";"019155652024011503411"
"1960100032400009673";"01949752024001418801"
"1960100032400022084";"01949752024003612949"
"1960100032400056061";"01949752024010272236"
"1110100942500004171";"01155712025005542145"
"1960100032500012687";"01949752025001345081"
"1960100032000068951";"01949752020009045333"
"1960100032000090833";"01949752020009547789"
"1960100032000087352";"01949752020011108835"
"1960100032000089118";"01949752020011192445"
"1960100031900085061";"01949752019010397513"
"1960100032200079105";"01949752022014292396"
"1960100032200024882";"01949752022004850469"
"1960100032200079679";"01949752022014292558"
"1960100032500022127";"01949752025004969817"
"1960100032500105650";"01949752025023889319"
"1960100032500001979";"01949752025000546954"
"1960100032500080836";"01949752025018269936"
"2080100102300004790";"030135692023020291402"
"2080100272500002397";"030193292025012733941"
"1960100032300111498";"01949752023017144313"
"2130100012500018237";"06914862025000213935"
"2080100942400017831";"030156672024016687454"
"1960100032100110954";"01949752021014217164"
"2130100012200016148";"06914652022000175925"
"1110100382000002293";"01156162020001338259"
"3210100032600003036";"03213132026000042419"
"1960100032400037677";"01949752024002609944"
"1110100382100028221";"01156142021003144695"
"2080100232300002095";"030150102023017617844"
"1010100012400010887";"01023912024000161571"
"3280200012400054814";"03222982024000657248"
"3280200012400051912";"03222982024000665186"
"3280200012400051841";"03222982024000667804"
"3280200012400064143";"03222982024000713253"
"1960100032300075696";"01949752023016214920"
"1960100032300099161";"01950502023019773713"
"1960100032300097355";"01949752023019986427"
"3210100032500025027";"03213132025000676239"
"3210100032500011476";"03213132025000411014"
"1130100302500006128";"07478452025007008114"
"1960100031900091876";"01949752019004773126"
"1960100031900021071";"01949752019001249329"
"1960100031900090675";"01949752019010096734"
"1960100031900046110";"01949752019001175112"
"1960100031900030095";"01949752019001262511"
"1960100031900094042";"01949752019010097200"
"1960100032500039992";"01949752025008171763"
"1960100032400058471";"01949752024010271698"
"1960100032400028120";"01949752024005046819"
"1960100032400079353";"01949752024013347113"
"1960100032400059670";"01949752024010274441"
"1960100032400034619";"01950502023018544737"
"1960100032400034694";"01950502023018544737"
"1960100032400058658";"01949752024010274280"
"1960100032500010625";"01949752025001352967"
"1110100462300041387";"01155792023006458586"
"1110100462300036121";"01155792023005550349"
"1960100032200064851";"01949752022011895308"
"1960100032200024270";"01949752022004834510"
"2130100012500045897";"06914862025000338550"
"1960100032500016704";"01949752025003655266"
"1960100032500074232";"01949752025015031599"
"3910100022400005064";"09317602024000348241"
"2130100012100014231";"06914652021000083469"
"2130100012100020043";"06914652021000361370"
"2130100012100012611";"06914692021000197234"
"1110100012200050000";"01155712022006683629"
"1960100032300047196";"01949752023009148101"
"3280200012600000292";"03222982026000040366"
"2130100012500022994";"06914862025000305112"
"3280200012500020248";"03222982025000430996"
"3280200012500020329";"03222982025000406424"
"2080100272400004727";"030193292024022897814"
"1960100032100052253";"01949752021002619106"
"1110100382300014523";"01155172023006873998"
"1960100032400014510";"01949752024000762478"
"1110100462100027111";"01155792021004471141"
"2080100502200004633";"03026592022014912908"
"1110100462200094441";"01155772022007212542"
"2080200062100012130";"01265222021003509078"
"1110100462500026486";"01155772025008135374"
"1960100032300063876";"01949752023013339934"
"1960100032300017696";"01949752023003446576"
"1960100032300017823";"01949752023003308181"
"1960100032300021243";"01949752023003452380"
"1960100032300106761";"01949752023021409601"
"1960100032300080991";"01949752023016576597"
"1960100032300014948";"01949752023003064118"
"1960100032300112321";"01949752023021401295"
"1960100032300079802";"01949752023016236575"
"3210100032500027968";"03213132025001149585"
"2080101042500003416";"030175312025019350720"
"1960100032100112051";"01949752021013576861"
"1960100032100110040";"01949752021013197925"
"1960100032400092511";"01949752024011230448"
"3410100022400001955";"04285612024000051672"
"1960100031900090489";"01949752019008973031"
"1960100031900092074";"01949752019011927290"
"1110100012500073814";"011163272025007167861"
"1960100542500019265";"01985312025015295270"
"2080100822500006327";"030165632025022629704"
"1210100021900002292";"08217272019000763128"
"1960100032500053413";"01949752025008221701"
"1960100032400021754";"01949752024003578741"
"1960100032400013451";"01949752024002071472"
"1960100032400019768";"01949752024003613414"
"1960100032400018451";"01949752024003571142"
"1960100032400109775";"01949752024022037776"
"1960100032400102975";"01949752024020861269"
"1960100032400012267";"01949752024002073921"
"1960100032400040422";"01950502023016870629"
"1130300012500036227";"07174782025003056171"
"2110100062500001272";"02121362025000589389"
"1960100032500011362";"01949752025001252661"
"1960100032500011451";"01949752025001252661"
"1960100032500010633";"01949752025001352967"
"1960100032000068927";"01949752020009045333"
"2220200012400008229";"05719392024000120631"
"1110100462300041301";"01155792023006366207"
"1960100032200027318";"01949752022004835915"
"1960100032200042627";"01949752022004838418"
"1960100032200026532";"01949752022004835583"
"1960100032200024890";"01949752022004850469"
"1960100032200011942";"01949752022002726116"
"1960100032200014372";"01949752022002922560"
"1960100032200024076";"01949752022004851783"
"1960100032500070482";"01949752025015297866"
"1960100032500017360";"01949752025003653999"
"1960100032500101035";"01949752025023890317"
"1960100032500007926";"01949752025000560604"
"1960100032500005109";"019497520250000537611"
"1960100032500081980";"01949752025017547550"
"1960100032500081931";"01949752025017547550"
"2130100012100014590";"06914652021000083469"
"2130100012100020116";"06914652021000361370"
"3280200012600002058";"03222982026000156402"
"3280200012600005383";"03222982026000210202"
"2080100272400003755";"030193292024017847111"
"1960100032100100746";"01949752021011115557"
"1130300012300044581";"07174782023003855790"
"3210100032600007181";"03213132026000101946"
"1960100032400080092";"01949752024014539822"
"1960100032400014596";"01949752024000762478"
"1110100462400011352";"01155792024005360231"
"3280200012400057422";"03222982024000358178"
"1960100032300067030";"01949752023013340789"
"1960100032300109272";"01950502023016868993"
"1960100032300098807";"01950502023019773713"
"3210100032500018470";"03213132025000660405"
"1130100322300005702";"07478542023008664047"
"2080300132400008066";"08993472024005237902"
"1960100032000011577";"01949752019011914473"
"1960100032100112541";"01949752021013576861"
"1960100032400038282";"01949752024001726530"
"2210100012400033317";"02222422024000744061"
"1960100031900078527";"01949752019004772821"
"1960100031900092090";"01949752019012331587"
"1960100031900046072";"01949752019001175112"
"1960100031900028147";"01949752019001247890"
"1960100031900093798";"01949752019010097200"
"3410100012100007118";"042149732021000045010"
"1960100032500053294";"01949752025008221701"
"1960100032500052514";"01949752025008221116"
"1960100032500052451";"01949752025008221116"
"1010100012500005101";"01023912025000079310"
"1960100032400058445";"01949752024010271698"
"1960100032400060970";"01950502023016813820"
"1960100032400057481";"01949752024010274794"
"1960100032400060881";"01950502023016813820"
"1960100032400078624";"01949752024014968014"
"1960100032400018672";"01949752024003571142"
"1960100032400020308";"01949752024003570502"
"1960100032400032136";"01949752024006135793"
"1960100032400021878";"01949752024003612949"
"1960100032400058161";"01949752024010274875"
"1110100942500007055";"01155712025006328511"
"1110100942500006296";"01155712025007125371"
"1050100012500015414";"03249452025000614152"
"1960100031900085167";"01949752019010397513"
"1960100032200027660";"01949752022004838922"
"1960100032200012590";"01949752022002719845"
"1050100012300012406";"03249452023000439448"
"1960100032500101507";"01949752025023889572"
"1960100032500070741";"01949752025015298161"
"1960100032500001529";"01949752025000521536"
"1960100032500075514";"01949752025015031599"
"1960100032500017158";"01949752025003654456"
"2080100272500004004";"030193292025024748655"
"1960100032300047048";"01949752023009148101"
"1960100032300046882";"01949752023009148101"
"3280200012500020167";"03222982025000186475"
"3280200012500015880";"03222982025000036821"
"3280200012500043965";"03222982025001242000"
"1960100032100016648";"01949752021002583667"
"1110100382200002669";"01156142022003596007"
"3280200012400049391";"03222982024000120945"
"1960100032300080649";"01949752023016249634"
"1960100032300076242";"01949752023016234793"
"1960100032300051436";"01949752023010794266"
"1130100302500007043";"07478452025009737105"
"2110100052400003605";"02121222024000344096"
"1960100032400092521";"01949752024011230448"
"1960100031900020911";"01949752019001245927"
"1960100031900021096";"01949752019001195482"
"1960100032500053308";"01949752025008221701"
"1960100032500039844";"01949752025008171763"
"1960100032500039526";"01949752025008171763"
"1960100032500053138";"01949752025008221701"
"1960100032400013484";"01949752024002071472"
"1960100032400020340";"01949752024003570502"
"1960100032400074051";"01949752024014910865"
"1960100032400043553";"01949752024004993938"
"1960100032400053532";"01950502023016828690"
"1960100032400094204";"01949752024010272911"
"1960100032400056078";"01949752024010272236"
"1960100032400018826";"01949752024003572718"
"1960100032400040211";"01950502023016870629"
"1960100032400040368";"01950502023016870629"
"1110100382400005946";"01156182024000106972"
"1110100382400005131";"01156182023010564191"
"1110100382100034711";"01156162021004920880"
"1960100032000101274";"01949752020009216162"
"2080100252200000600";"030147792022003581407"
"2080100142200005730";"03020902022014730190"
"1960100031900084977";"01949752019010397513"
"1960100032200026079";"01949752022004835231"
"1960100032200022391";"01949752022004428431"
"1960100032200014641";"01949752022003235779"
"1960100032500007195";"01949752025000561597"
"1960100032500021971";"01949752025005141499"
"1960100032500065454";"01949752025010864851"
"1960100032500030685";"01949752025002440100"
"1960100032500102147";"01949752025023889815"
"1960100032200074766";"01949752022008440621"
"2130100012100020086";"06914652021000361370"
"1960100032300082471";"01949752023011815062"
"3280200012500012512";"03222982024001217641"
"3280200012500042241";"03222982025000202772"
"2080100952400017500";"03026852024019138218"
"1960100032100011247";"01949752021001966112"
"2220100012400015035";"05445882024000338489"
"1050100012100015633";"03249452021000489001"
"1010100012400018942";"01023912024000263900"
"1110100382200011560";"01187502022004204213"
"3280200012400051440";"03222982024000744132"
"1960100032300107970";"01949752023021414788"
"1960100032300072761";"01949752023015707744"
"1960100032300075424";"01949752023016230615"
"1960100032300014921";"01949752023003064118"
"1960100032300078474";"01949752023016231859"
"3210100032500017814";"03213132025000586329"
"3210100032500024411";"03213132025000993714"
"3210100032500027437";"03213132025001134804"
"3210100032500009358";"03213132025000346441"
"2130100012400023600";"06914692024000481768"
"3410100012400009010";"042172942024000112653"
"1960100032100101823";"01949752021010914901"
"1960100031900021037";"01949752019001249329"
"1960100032500104522";"01949752025023653111"
"1960100032400020316";"01949752024003570502"
"1960100032400020499";"01949752024003570502"
"1960100032400027558";"01949752024004991722"
"1960100032400032829";"01949752024003576535"
"1960100032400102525";"01949752024020849056"
"1960100032400075390";"01949752024014975991"
"2080300132300002061";"08931842022003540555"
"1960100032500003157";"01949752025000792815"
"2080100272300001675";"03025632023016490677"
"1960100032000083152";"01949752020009869476"
"1960100032000029263";"01949752020002445760"
"1960100031900057155";"01949752019005464381"
"1110100462300041263";"01155772023001475259"
"1960100032200036996";"01949752022006415441"
"1960100032200097391";"01949752022018428292"
"1960100032200101992";"01949752022018371240"
"1960100032200105211";"01949752022019598159"
"1960100032200024092";"01949752022004851783"
"2080100722400006792";"03023762024016613602"
"2080100032300001789";"03030262023015294355"
"1960100032500105741";"01949752025023889319"
"1960100032500029989";"01949752025006602007"
"1960100032500076448";"01949752025015031599"
"1960100032500031231";"01949752025006603071"
"1960100032300013143";"01949752022007852616"
"2080100272500003946";"030193102025023961973"
"2130100012100019835";"06914652021000361370"
"2130100012500034933";"06914862025000405095"
"3280200012500037728";"03222982025000873472"
"3280200012500041075";"03222982025000587038"
"3280200012500041733";"03222982025000698701"
"3280200012500015864";"03222982025000183298"
"1960100032100010763";"01949752021001981006"
"3210100032600007198";"03213132026000236612"
"1960100032400037618";"01949752024002609944"
"1960100032400014774";"01949752024000762478"
"1110100382200002308";"01156142022002995188"
"3280200012400060393";"03222982024000728447"
"3280200012400052511";"03222982024000482006"
"3280200012400054288";"03222982024000657833"
"1960100032300010489";"01949752023002102946"
"1960100032300017831";"01949752023003072633"
"1960100032300076587";"01949752023016229617"
"1960100032300080800";"01949752023016576597"
"1960100032300075300";"01949752023016230615"
"1960100032300098981";"01950502023019773713"
"1960100032300078725";"01949752023016231859"
"3210100032500004402";"03213132025000107455"
"2080101042500002142";"030175312025012464398"
"1110100942300009863";"01155712023005951116"
"1130100242400000462";"07478272024002608700"
"1110100382500020583";"01156182025002865979"
"1960100031900092066";"01949752019011927290"
"1010100012500005071";"01023912025000086103"
"1960100032400009312";"01949752024001410494"
"1960100032400058615";"01949752024010274280"
"1960100032400043529";"01949752024004993938"
"1960100032400033019";"01949752024003576535"
"1960100032400020103";"01949752024003578155"
"1960100032400018923";"01949752024003572718"
"2130100011900028092";"06914652019000104412"
"1110100942500015503";"01155712025012499713"
"1960100032500035601";"01949752025004219907"
"1960100032000068889";"01949752020009045333"
"1960100032200031617";"01949752022005296635"
"1960100032200020811";"01949752022003215158"
"1960100032200024238";"01949752022004834510"
"1960100032500101027";"01949752025023890317"
"1960100032500030022";"01949752025006602007"
"1960100032500074331";"01949752025015031599"
"1960100032000105891";"01949752020014047471"
"1110100381900003587";"01156182019000336361"
"2230100011900019547";"06219832019000327969"
"1960100032100045486";"01949752021003097855"
"1960100032100105381";"01949752021011089114"
"1110100382000002439";"01156162020001338259"
"1110100382000002528";"01156162020001338259"
"3210100032600003729";"03213132026000112476"
"3210100032600007279";"03213132026000236442"
"3410100012200004598";"042151342022000039692"
"1110100382100034981";"01156142021006475145"
"1110100382200009485";"01187502022004204213"
"1110100381900014279";"01156142019006505947"
"1960100032300075815";"01949752023016214920"
"1960100032300075769";"01949752023016214920"
"1960100032300016266";"01949752023003445413"
"1960100032300076315";"01949752023016208610"
"1960100032300106885";"01949752023021409601"
"1960100032300014867";"01949752023003064118"
"1960100032300098904";"01950502023019773713"
"1960100032300112583";"01949752023021401295"
"3210100032500019752";"03213132025000651678"
"3210100032500017180";"03213132025000539169"
"3210100032500023202";"03213132025000980817"
"3210100032500024276";"03213132025000983590"
"1960100032100111993";"01949752021013576861"
"1110100382500020982";"01156182025002865979"
"1960100031900064577";"01949752019007825496"
"2220200012300010308";"05719392023000109483"
"1960100032500053359";"01949752025008221701"
"1960100032400032071";"01949752024006133740"
"1960100032400079116";"01949752024015669223"
"1960100032400011041";"01949752024002090001"
"1960100032400054342";"01949752024010274956"
"1960100032400034570";"01950502023018544737"
"1960100032400075277";"01949752024014975991"
"1960100032400053559";"01950502023016828690"
"1960100032400094301";"01949752024019115818"
"1960100032400018966";"01949752024003572718"
"2130100012500022412";"06914862025000277666"
"1960100032000094804";"01949752020012340278"
"1960100032000033090";"01949752020001453734"
"1960100031900085086";"01949752019010397513"
"1960100031900057198";"01949752019005464381"
"1130300012500049264";"07136562025004983772"
"1110100462300051439";"01155792023007506860"
"1960100032200068571";"01949752022012486762"
"1960100032200106366";"01949752022019614022"
"1960100032200036783";"01949752022006415441"
"1960100032200026095";"01949752022004835231"
"1960100032200012876";"01949752022002879885"
"1960100032200026461";"01949752022004835583"
"1960100032200068286";"01949752022012335128"
"1960100032200019773";"01949752022002875383"
"1960100032200065120";"01949752022011895308"
"1960100032500077657";"01949752025017543481"
"1960100032500081573";"01949752025017545697"
"1960100032500010341";"01949752025002438628"
"1960100032500021856";"01949752025005141499"
"1960100032500065470";"01949752025010864851"
"1960100032500080641";"01949752025018269936"
"1130300012500025527";"07132832025002780420"
"1130300012500024334";"07107252025002641802"
"2130100012100014167";"06914652021000083469"
"2130100012100014353";"06914652021000083469"
"2230100011900020626";"06219832019000364490"
"2230100011900019083";"06219832019000333268"
"1050100012200014569";"03249452022000510401"
"2130100012500020460";"06914862025000232051"
"3280200012500036535";"03222982025000004385"
"2080100942400017856";"030156672024016687454"
"1960100032100111292";"01949752021014232988"
"1960100032100039214";"01949752021003717314"
"1960100032400042212";"01949752024007055386"
"1960100032400076788";"01949752024007755361"
"3280200012400051645";"03222982024000556051"
"1960100032300063711";"01949752023013339934"
"1960100032300063655";"01949752023013339934"
"1960100032300051894";"01949752023010995750"
"1960100032300017750";"01949752023003450417"
"1960100032300010284";"01949752023002360562"
"1960100032300111986";"01949752023021824251"
"1960100032300080940";"01949752023016576597"
"1960100032300075319";"01949752023016230615"
"1960100032300079667";"01949752023016236575"
"3210100032500018381";"03213132025000649266"
"3210100032500003724";"03213132025000127995"
"3210100032500017962";"03213132025000609477"
"3210100032500018373";"03213132025000661711"
"3410100012400009223";"042172942024000113030"
"1130300012400044543";"07174782024004558030"
"1050100012400005511";"03249452024000195906"
"2130100012400006420";"06914862024000080934"
"1960100031900037871";"01949752019001172199"
"1960100031900046080";"01949752019001175112"
"1960100031900093801";"01949752019010097200"
"1960100031900070593";"01949752019007929518"
"1960100032400097602";"01949752024020227306"
"1960100032400102541";"01949752024020848327"
"1960100032400023188";"01949752024003577931"
"1960100032400085736";"01949752024016706815"
"1960100032400020480";"01949752024003573439"
"1960100032400017765";"01949752024002148793"
"1960100032400102940";"01949752024020861269"
"1960100032000069265";"01949752020009008306"
"2080100102200004255";"030135692022017510017"
"1110100382000003151";"01156142020005204406"
"1960100032200012752";"01949752022002879371"
"1960100032500070636";"01949752025015297866"
"1960100032500030790";"01949752025003655347"
"1960100032500030103";"01949752025006602007"
"1960100032500023255";"01949752025002421318"
"1960100032500051623";"01949752025009648458"
"1960100032200052177";"01949752022008405711"
"2130100012100020213";"06914652021000361370"
"2130100012100020078";"06914652021000361370"
"1960100032300082501";"01949752023011815062"
"3010100022500005308";"00420392025000224234"
"3280200012600005782";"03222982026000182152"
"3280200012500020221";"03222982025000195466"
"3280200012500044511";"03222982025000940251"
"2080100942400017732";"030156672024016687110"
"1960100032100010798";"01949752021001981006"
"1960100032100092999";"01949752021002627711"
"2220100012400013628";"05445882024000331395"
"2110100072400001607";"02121142024000014612"
"1960100032400041992";"01949752024007055386"
"1960100032400037979";"01949752024002609944"
"2110100092500002009";"02121072025000427875"
"1110100382200003681";"01156142022004171620"
"1110100382200001921";"01156142022003025603"
"3280200012400061993";"03222982024000488713"
"3280200012400058887";"03222982024000620590"
"1960100032300051861";"01949752023010995750"
"1960100032300010411";"01949752023002103161"
"1960100032300009057";"01949752023002305626"
"1960100032300016381";"01949752023003445413"
"1960100032300076447";"01949752023016208610"
"1960100032300079871";"01949752023016236575"
"3210100032500027585";"03213132025001105618"
"3210100032500018561";"03213132025000666519"
"3210100032500020696";"03213132025000823126"
"2130100012400005531";"06914652024000026026"
"3280200012300003261";"03222982023000216798"
"1960100042300016271";"01951552023016570121"
"1110100382500020631";"01156182025002865979"
"1960100031900063661";"01949752019007812416"
"1960100031900028139";"01949752019001247890"
"1960100031900097599";"01949752019013511007"
"1960100032500039453";"01949752025008171763"
"1960100032500053057";"01949752025008221701"
"1960100032400034589";"01950502023018544737"
"1960100032400046722";"01949752024004997330"
"1960100032400108450";"01949752024021591311"
"1110100382400005822";"01156182024000106972"
"1110100382400005814";"01156182024000106972"
"2130100011900028165";"06914652019000104412"
"2130100012500036308";"06914652025000470474"
"1110100382100034590";"01156162021004920880"
"1960100032000091422";"01949752020009313010"
"1960100031900057139";"01949752019005464381"
"1960100032200026974";"01949752022004852593"
"1960100032200039138";"01949752022006796224"
"1960100032200022367";"01949752022004428431"
"1960100032200024998";"01949752022004850469"
"1960100032200024394";"01949752022004834510"
"2080100202400004238";"030120772024022385936"
"1960100032500109842";"01949752025024212371"
"1960100032500016631";"01949752025003655266"
"1960100032500014213";"01949752025002462928"
"1960100032500002010";"01949752025000546954"
"1960100032500108951";"01949752025023889491"
"1960100032500005575";"01949752025000563883"
"2130100012100014345";"06914652021000083469"
"1210100032200000553";"08217452022000378102"
"2130100012500034781";"06914862025000348351"
"2080100952400013025";"03026852024015370124"
"1960100032100106965";"01949752021011371553"
"1960100032100101475";"01949752021011382164"
"1960100032100016869";"01949752021002981042"
"2210100012400036472";"02222422024000751947"
"1960100032400042395";"01949752024007055386"
"1960100032400014219";"01949752024000762478"
"1960100032400079906";"01949752024014539822"
"1110100462200015347";"01155772022003058204"
"2080100772300001901";"03027242023016888037"
"3280200012400054849";"03222982024000665429"
"3280200012400059530";"03222982024000690377"
"1960100032300066921";"01949752023013340789"
"1960100032300066964";"01949752023013340789"
"1960100032300112648";"01949752023021831974"
"1960100032300050855";"01949752023010852215"
"1960100032300071461";"01949752023013308974"
"1960100032300016411";"01949752023003308181"
"1960100032300078520";"01949752023016231859"
"3210100032500004194";"03213132025000134428"
"3210100032500024391";"03213132025000904126"
"2130100012400001437";"06914652023000652384"
"3410100012400009002";"042172942024000112653"
"1960100032100112302";"01949752021013576861"
"3410100022400000967";"042172962024000097632"
"1960100031900038266";"01949752019001247890"
"1960100031900091973";"01949752019011927885"
"1960100031900097556";"01949752019013511007"
"1110100012500065722";"011163272025010119210"
"1960100542500019427";"01985312025015392399"
"1210100021900001946";"08217272019000727750"
"1960100032500053278";"01949752025008221701"
"1960100032500039720";"01949752025008171763"
"1960100032500052204";"01949752025008221116"
"1960100032400057511";"01949752024010274794"
"1960100032400054601";"01949752024010272155"
"1960100032400054636";"01949752024010272155"
"1960100032400020561";"01949752024003573439"
"1960100032400019334";"01949752024003591097"
"1960100032400094611";"01949752024019115818"
"1110100382400005563";"01156182024000106972"
"1110100382400005628";"01156182024000106972"
"2130100012500046771";"06914652025000603962"
"1110100462300041417";"01155792023006463237"
"1960100032200101720";"01949752022018526898"
"1960100032200011993";"01949752022002880549"
"1960100032200012787";"01949752022002878137"
"1960100032200015328";"01949752022003216472"
"1960100032200068324";"01949752022012335128"
"2080100162300004905";"030159742023016472504"
"2080100022300003423";"030174272023013174512"
"1050100012300015308";"03249452023000800094"
"1960100032500023379";"01949752025003654880"
"1960100032500002215";"01949752025000556755"
"1960100032500002185";"01949752025000556755"
"2080100842300002775";"030166482023021095690"
"1960100032500005699";"01949752025000563883"
"2130100012100014639";"06914652021000083469"
"2130100012100020401";"06914652021000361370"
"2130100012100020132";"06914652021000361370"
"2130100012500045234";"06914862025000554414"
"3010100022500004182";"00420392025000190828"
"3280200012500037175";"03222982025000624413"
"3280200012500041261";"03222982025001168519"
"2080100272400003666";"030193292024017056084"
"3210100032600004385";"03213132026000031719"
"1960100032400014537";"01949752024000762478"
"1110100462400011336";"01155792024005359143"
"1960100032300104701";"01950502023020905156"
"1960100032300051355";"01949752023010794266"
"1960100032300099196";"01950502023019773713"
"3210100032500019906";"03213132025000577257"
"1130100322300005737";"07478542023008666091"
"2080101042500001316";"030175312025008425006"
"1960100032000011275";"01949752019011993241"
"3010100022400001448";"00420392024000097436"
"1110100382500020842";"01156182025002865979"
"1960100031900090421";"01949752019005344997"
"1210100021900002233";"08217272019000775487"
"1960100032400028112";"01949752024005046819"
"1960100032400075481";"01949752024014910784"
"1960100032400056868";"01949752024010272821"
"1960100032400022424";"01949752024003612949"
"1960100032400094646";"01949752024019115818"
"1960100032400094451";"01949752024019115818"
"1110100381900018436";"01156142019004393386"
"1960100032000083764";"01949752020009000071"
"1960100032200027075";"01949752022004852593"
"1960100032200014348";"01949752022002922560"
"1050100012300019893";"03249452023001041961"
"1960100032500021961";"01949752025005141499"
"1960100032500094357";"019127922025012381713"
"1960100032500102945";"01949752025023890236"
"3280200012500034338";"03222982025000624332"
"3280200012500039577";"03222982025000758029"
"3280200012500020280";"03222982025000197086"
"2080100732400025468";"030132222024014896070"
"2080100272400005731";"030193292024024568061"
"1960100032100116881";"01949752021014235651"
"2110100072400006110";"02121292023000700798"
"1110100382000002498";"01156162020001338259"
"1010100012400011166";"01023912024000130268"
"1010100012400010895";"01023912024000161571"
"1110100382200004475";"01156142022003606321"
"1110100382200002316";"01156142022002995188"
"1110100462400043777";"01155792024009750866"
"1110100462400007207";"01155792024004224431"
"1960100032300067014";"01949752023013340789"
"1960100032300073340";"01949752023013240482"
"1960100032300112532";"01949752023021401295"
"3210100032500003716";"03213132025000164173"
"3210100032500003953";"03213132025000182660"
"3210100032500022680";"03213132025000907818"
"3210100032500011255";"03213132025000452217"
"3210100032500009366";"03213132025000346441"
"1960100032100104717";"01949752021011091780"
"1130300012400049421";"07137242024004240193"
"1960100031900091841";"01949752019001253512"
"1960100031900091760";"01949752019008973031"
"1960100031900069587";"01949752019007929518"
"1960100032400057120";"01949752024010188952"
"1960100032400019555";"01949752024003613414"
"1960100032400022335";"01949752024003578155"
"1960100032400094522";"01949752024019115818"
"2130100012500051110";"06914862025000667375"
"1110100942500014876";"01155742025006357823"
"2210100012400019047";"02222472024000226521"
"1960100032000091082";"01949752020009619798"
"1960100032000022269";"01949752020002774313"
"2080100252200001836";"030147792022014217833"
"1960100032200015417";"01949752022003216472"
"1960100032200038972";"01949752022006800191"
"1960100032200069071";"01949752022012345603"
"2080100722400006131";"03023762024015743600"
"1960100032500050414";"01949752025010438674"
"1960100032500014744";"01949752025003281757"
"1960100032500007683";"01949752025000560191"
"1960100032500008116";"01949752025000560604"
"1960100032500101973";"01949752025023889815"
"2130100012100020205";"06914652021000361370"
"2130100012100020256";"06914652021000361370"
"1960100032000104605";"01949752020014071347"
"1960100032300063541";"01949752023010624182"
"2230100011900019482";"06219832019000339207"
"3280200012500021155";"03222982025000078150"
"3280200012500020175";"03222982025000063551"
"3280200012500034265";"03222982025000624502"
"2080100942400012129";"030156672024011264547"
"1960100032100010781";"01949752021001981006"
"1960100032400039866";"01949752024002609944"
"1110100382100034264";"01156142021004988960"
"1010100012400012456";"01023912024000133283"
"1960100012400114014";"01983582024021663619"
"1960100032300019321";"01949752023003304194"
"1960100032300075335";"01949752023016230615"
"2080100732500015378";"030196362025012280646"
"2610100052500001128";"02612902025000371310"
"1960100032100101920";"01949752021010914901"
"1960100032400104854";"01949752024001726025"
"1960100542400031368";"01985342024020559477"
"1960100031900038231";"01949752019001168914"
"1960100031900070534";"01949752019007929518"
"1130100292200000830";"07478062022000913970"
"1960100032500053121";"01949752025008221701"
"1010100012500005020";"01023912025000085808"
"1960100032400061004";"01950502023016813820"
"1960100032400007514";"01949752024001419360"
"1960100032400027515";"01949752024004991722"
"1960100032400027418";"01949752024004991722"
"1960100032400020537";"01949752024003573439"
"1960100032400058054";"01949752024010274875"
"2130100012500046591";"06914652025000603296"
"1110100942500014061";"01155712025008523982"
"1110100462300036138";"01155772023004949936"
"1960100032200015395";"01949752022003216472"
"1960100032200015247";"01949752022003216472"
"1960100032200015646";"01949752022002946582"
"1960100032200105157";"01949752022019598159"
"1960100032500103143";"01949752025023904636"
"1960100032500017344";"01949752025003653999"
"1960100032500030073";"01949752025006602007"
"2080100842300003291";"030166482023022963342"
"1960100032500108961";"01949752025023889491"
"1960100032500005583";"01949752025000563883"
"1960100032300013275";"01949752022007852616"
"2080100272500002729";"030193292025013956359"
"1960101082000001166";"01990372020003957848"
"1960100032600004433";"01949752026000795921"
"2230100011900018631";"06219832019000329741"
"3280200012500020256";"03222982025000431119"
"3280200012500036357";"03222982025000587208"
"1960100032100110318";"01949752021014237351"
"1960100032100130513";"01949752021012894355"
"1960100032100114593";"01949752021014222087"
"1960100032400014170";"01949752024000762478"
"1110100382100035112";"01156142021005047727"
"1130300012500040364";"07174782025002777533"
"1110100462400011301";"01155792024005358252"
"3280200012400014881";"03222982024000170888"
"3280200012400003675";"03222982024000049892"
"1960100032300079284";"01949752023016249634"
"1960100032300017610";"01949752023003444018"
"1960100032300054052";"01949752023010875185"
"1960100032300112567";"01949752023021401295"
"3210100032500018454";"03213132025000669119"
"3210100032500004461";"03213132025000130279"
"3210100032500008084";"03213132025000321881"
"3210100032500020505";"03213132025000862024"
"2080100942500022455";"030156672025024650093"
"1130300012400049529";"07137242024004240193"
"1130100242400000470";"07478272024002608700"
"3410100022500004436";"04228292025000083313"
"1110100382500011703";"01156182024000106972"
"1960100031900045981";"01949752019001175112"
"1960100032400010851";"01949752024001417821"
"1960100032400022211";"01949752024003612949"
"1960100032400102533";"01949752024020849056"
"1960100032400012186";"01949752024002073921"
"1110100382400017944";"01156182024000106972"
"1110100382400005717";"01156182024000106972"
"2130100012500036189";"06914652025000470717"
"1960100032500012581";"01949752025001345081"
"2080100252200002336";"030147792022018908059"
"1960100032200013074";"01949752022002728241"
"1960100032200067638";"01949752022012471498"
"1960100032200024467";"01949752022004833114"
"1960100032200018386";"01949752022003695770"
"1960100032500110018";"01949752025024212371"
"1960100032500077363";"01949752025017546740"
"1960100032500010171";"01949752025002438628"
"1960100032500014701";"01949752025003281757"
"1960100032500014981";"01949752025003281757"
"1960100032500057168";"019149562024012679839"
"1960100032500074437";"01949752025015031599"
"1960100032500031363";"01949752025006603071"
"2080100842300002740";"030166482023021095347"
"1960100032500035164";"01949752025006598646"
"1960100032500093067";"019127922025012373702"
"3410100032500003577";"042172942025000113812"
"3410100032500003429";"042151342025000112741"
"1960100032200052304";"01949752022008405711"
"2130100012100014361";"06914652021000083469"
"2130100012100012881";"06914692021000197234"
"1960100032000104117";"01949752020014044374"
"1110100942400005848";"01155712024005761351"
"3280200012500034966";"03222982025000754970"
"2080100962400012107";"03026692024019727104"
"1960100032100011301";"01949752021001966112"
"1960100032100052296";"01949752021002619106"
"1960100032100111020";"01949752021014217164"
"1130400012300058339";"07385262023003416771"
"1960100032400042042";"01949752024007055386"
"1960100032400076737";"01949752024007755361"
"1960100032400080051";"01949752024014539822"
"1960100032300107474";"01949752023021418856"
"1960100032300050881";"01949752023010852215"
"1960100032300015790";"01949752023003450417"
"1960100032300016983";"01949752023003308181"
"1960100032300075513";"01949752023016234360"
"1960100032300106931";"01949752023021409601"
"3210100032500028761";"03213132025001165190"
"3210100032500011077";"03213132025000430400"
"3210100032500002671";"03213132025000071086"
"3410100022400001106";"04285612024000052130"
"3410100022400001831";"042172962024000096911"
"1960100031900024540";"01949752019001196969"
"1110100012500073725";"011163272025010398348"
"2230100012500342105";"06219822025000134612"
"1960100032500039690";"01949752025008171763"
"1960100032400013557";"01949752024002647790"
"1960100032400056991";"01949752024010275090"
"1960100032400108493";"01949752024021591311"
"1960100032400022181";"01949752024003612949"
"1110100382400005997";"01156182024000106972"
"1960100032000087336";"01949752020011107863"
"1960100032000069303";"01949752020009008306"
"1960100031900085353";"01949752019010397513"
"1110100382000003184";"01156142020005204406"
"1960100032200012175";"01949752022002698155"
"1960100032200079075";"01949752022014290342"
"1960100032500103860";"01949752025023901530"
"1960100032500081360";"01949752025017545697"
"1960100032500070563";"01949752025015297866"
"1960100032500001464";"01949752025000521536"
"1960100032500021996";"01949752025005141499"
"1960100032500035466";"01949752025006598646"
"1960100032500101450";"01949752025023889815"
"1130100322200002707";"07478562022001494646"
"2130100012100013675";"06914652021000083469"
"2130100012100020302";"06914652021000361370"
"1960100032300046815";"01949752023009148101"
"2010100012500005575";"02045492025001312564"
"1960100032100011311";"01949752021001966112"
"1960100032100122741";"01949752021002625688"
"1960100032100105561";"01949752021011116952"
"1960100032100111357";"01949752021014232988"
"1110100382000002463";"01156162020001338259"
"1110100462400011808";"01155792024005556992"
"3280200012400063473";"03222982024000695760"
"3280200012400054441";"03222982024000802515"
"1960100032300010497";"01949752023002102946"
"1960100032300018341";"01949752023003072633"
"1960100032300112044";"01949752023021831117"
"1960100032300076625";"01949752023016229617"
"1960100032300097339";"01949752023019986427"
"3210100032500009897";"03213132025000372108"
"3210100032500022702";"03213132025000780818"
"2080100942500015221";"030156672025016846375"
"1110100382500011681";"01156182024000106972"
"2130100012400016711";"06914862024000191507"
"1960100031900097297";"01949752019013230849"
"1960100031900064429";"01949752019007812416"
"1960100032500039801";"01949752025008171763"
"1960100032400013395";"01949752024002071472"
"1960100032400032446";"01949752024005491022"
"1960100032500011311";"01949752025001252661"
"1960100032000022242";"01949752020002774313"
"1960100032000089622";"01949752020011143401"
"1960100031900085310";"01949752019010397513"
"1960100032200024688";"01949752022004833114"
"1960100032200024408";"01949752022004834510"
"1960100032200024351";"01949752022004834510"
"1960100032200012663";"01949752022002879371"
"2080100232400002350";"030150102024021283786"
"1960100032500103917";"01949752025023902935"
"1960100032500037371";"01949752025007491896"
"1960100032500021821";"01949752025005141499"
"1960100032500023425";"01949752025003654880"
"1960100032500057631";"01949752025012156099"
"2080100842300003003";"030166482023022261917"
"1960100032500057591";"01949752025012156099"
"1960100032500103089";"01949752025023890236"
"1960100032500017247";"01949752025003654456"
"3210100032300009608";"03213132023000974301"
"2130100012100012857";"06914692021000197234"
"1110100012200049525";"01155712022006492521"
"1960101082000001212";"01951202020004193906"
"1960100032300047234";"01949752023009148101"
"2210100012500019572";"02222422025000397001"
"2220100012500014726";"05445862025000325880"
"3280200012600004654";"03222982026000221581"
"2080100732400034955";"030132222024022418891"
"2080100272400001728";"03025632024008125788"
"1110100382300013160";"01155202023005686243"
"1960100032400076842";"01949752024007755361"
"1960100032400080025";"01949752024014539822"
"1110100462200011228";"01155772022001767283"
"3210100032400003460";"03213132024000335228"
"3210100032400007865";"03213132024000672496"
"1110100832400001881";"01192542024009458777"
"3280200012400047011";"03222982024000678750"
"3280200012400053427";"03222982024000554511"
"1960100032300016071";"01949752023003307029"
"1960100032300099171";"01950502023019773713"
"3210100032500025000";"03213132025000777264"
"1960100032000011305";"01949752019011701992"
"1960100032100104989";"01949752021011091780"
"3410100022400001572";"042172962024000099252"
"3410100022500004630";"04228292025000132616"
"1960100031900061772";"01949752019007633589"
"1960100032400078594";"01949752024014968014"
"1960100032400078772";"01949752024014968014"
"1960100032400019695";"01949752024003613414"
"1960100032400046692";"01949752024004997330"
"1960100032400043510";"01949752024004993938"
"1960100032400043685";"01949752024004993938"
"1960100032400019482";"01949752024003591097"
"1960100032400040384";"01950502023016870629"
"2130100012500022269";"06914862025000261158"
"1110100942500012040";"01155712025008777810"
"1960100032500035581";"01949752025004219907"
"1960100032000095797";"01949752020009075160"
"1960100032200079385";"01949752022014239916"
"1960100032200101739";"01949752022018526898"
"1960100032200027806";"01949752022004838922"
"1960100032200024157";"01949752022004851783"
"2080100162300004298";"03026942023013638446"
"1960100032500016712";"01949752025003655266"
"1960100032500014264";"01949752025002462928"
"1960100032500010110";"01949752025002438628"
"1960100032500110591";"01950502025024000711"
"1960100032500002177";"01949752025000556755"
"1960100032500031282";"01949752025006603071"
"1960100032500002436";"01949752025000557212"
"1960100032500005729";"01949752025000563883"
"2130100012100013632";"06914652021000083469"
"2130100012100020231";"06914652021000361370"
"2130100012100019843";"06914652021000361370"
"2130100012100012849";"06914692021000197234"
"3280200012600001450";"03222982026000108939"
"3280200012500040461";"03222982025000708943"
"3280200012500033676";"03222982025000419321"
"1960100032100103494";"01949752021011789019"
"2080200062300013766";"012159632023001839731"
"1110100382000002412";"01156162020001338259"
"1960100032400037812";"01949752024002609944"
"1960100032400014863";"01949752024000762478"
"1110100462100027006";"01155792021004468949"
"1110100462400002914";"01155792024002521659"
"3280200012400064070";"03222982024000728528"
"3280200012400064127";"03222982024000713253"
"1960100032300051835";"01949752023010855664"
"1960100032300078326";"01949752023016571102"
"1960100032300112052";"01949752023021824251"
"1960100032300017432";"01949752023003444018"
"1960100032300109159";"01950502023016868993"
"1960100032300053986";"01949752023010875185"
"3210100032500014831";"03213132025000474873"
"3210100032500009447";"03213132025000349467"
"3210100032500021277";"03213132025000646241"
"3210100032500022524";"03213132025000871015"
"2080101042500002630";"030175312025015590033"
"1110100942300009707";"01155712023005590938"
"1130300012400049111";"07174782024002074272"
"3410100022500002281";"04228292025000053155"
"3010100022300000917";"00420392023000067188"
"1960100031900021002";"01949752019001249329"
"1960100032500052311";"01949752025008221116"
"1960100032500039623";"01949752025008171763"
"1960100032500039641";"01949752025008171763"
"1960100032400020294";"01949752024003570502"
"1960100032400074025";"01949752024014910865"
"1960100032400057848";"01949752024003577183"
"1960100032400094077";"01949752024010272911"
"1960100032400009878";"01949752024001952114"
"1110100942500006245";"01155712025007086023"
"1960100032500013500";"01949752025001340616"
"1110100461900218992";"01155782019006338783"
"1960100032000087018";"01949752020010834010"
"1960100032200031579";"01949752022005296635"
"1960100032200027083";"01949752022004852593"
"1960100032200079466";"01949752022014292396"
"1960100032200014488";"01949752022002922560"
"1960100032200012469";"01949752022002879371"
"1960100032500070628";"01949752025015297866"
"1960100032500002401";"01949752025000557212"
"1960100032500005257";"01949752025000563883"
"2130100012100019861";"06914652021000361370"
"2130100012100019932";"06914652021000361370"
"2130100012100012911";"06914692021000197234"
"1960101082000001182";"01990372020003946811"
"1960100032600006411";"01949752026001154830"
"3280200012500036896";"03222982025000852394"
"3280200012500037371";"03222982025000719716"
"2080100732400036532";"030196362024023029914"
"1960100032100100533";"01949752021011363704"
"1960100032100105543";"01949752021011116952"
"1110100382300013349";"01155202023005686243"
"1110100382000002668";"01156162020001338259"
"1960100032400042174";"01949752024007055386"
"2080100032300001991";"03030262023005916175"
"1210100032200001002";"08217412022000260927"
"3280200012400050274";"03222982024000331644"
"1110100832200001821";"01192542022008581051"
"1960100032300063841";"01949752023013339934"
"1960100032300017701";"01949752023003072633"
"1960100032300076528";"01949752023016249634"
"1960100032300021464";"01949752023003452380"
"1960100032300073839";"01949752023015916661"
"1960100032300078490";"01949752023016231859"
"3210100032500018306";"03213132025000635214"
"3210100032500010003";"03213132025000389418"
"3210100032500020556";"03213132025000691033"
"3210100032500014513";"03213132025000479247"
"2810100012300007637";"02822072023000170784"
"2130100012400005521";"06914652024000026026"
"2080100052000003878";"030147772020009058173"
"3410100022500004223";"04228292025000081442"
"1110100382500020771";"01156182025002865979"
"2130100012400021535";"06914862024000426580"
"1960100031900090667";"01949752019010096734"
"1960100031900096460";"01949752019011927966"
"1960100031900021118";"01949752019001195482"
"1960100012400115959";"01983582024021980339"
"2210100052500000595";"02222422025000808150"
"1960100032500039755";"01949752025008171763"
"1960100032400013468";"01949752024002071472"
"1960100032400079345";"01949752024013347113"
"1960100032400033035";"01949752024003576535"
"1960100032400009584";"01949752024001831830"
"1960100032400102789";"01949752024020861269"
"1960100032000042596";"01949752020002790190"
"1960100032000094431";"01949752020002441004"
"2080100252200002719";"030147792022019453594"
"1960100031900085191";"01949752019010397513"
"1110100462300086445";"01155792023009873258"
"1960100032200031528";"01949752022005296635"
"1960100032200027121";"01949752022002639493"
"1960100032200024424";"01949752022004834510"
"1960100032200012620";"01949752022002879371"
"1050100012300017734";"03249452023000802976"
"1960100032500110298";"01949752025024212371"
"1960100032500006814";"01949752025000534191"
"1960100032500007284";"01949752025000561597"
"1960100032500023336";"01949752025003654880"
"1960100032500023352";"01949752025003654880"
"1960100032500017182";"01949752025003654456"
"1960100032500017204";"01949752025003654456"
"1960100032600004247";"01949752026000795921"
"1960100032600004255";"01949752026000795921"
"1960100032600001922";"01949752025024479530"
"2230100011900018923";"06219832019000328698"
"2230100011900018982";"06219832019000334744"
"2230100011900019393";"06219832019000331729"
"2130100012500023291";"06914862025000275884"
"3280200012500038333";"03222982025000835384"
"3280200012500037205";"03222982025000951538"
"3280200012500042306";"03222982025000197914"
"2080100952400018566";"03026852024019724958"
"2080100272400004931";"030193292024023494314"
"2080100732400036427";"030196362024023022740"
"2080100952400013017";"03026852024015370124"
"1960100032100101785";"01949752021011787148"
"1960100032100016680";"01949752021002583667"
"1960100032100100169";"01949752021011058146"
"1960100032100073153";"01949752021004164092"
"1960100032100039184";"01949752021003717314"
"1960100032400037898";"01949752024002609944"
"1960100032400014111";"01949752024000762478"
"1110100382200010351";"01156142022006390761"
"1110100462400006413";"01155772024002984107"
"3280200012400061500";"03222982024000686515"
"1960100032300080428";"01949752023016249634"
"1960100032300017491";"01949752023003444018"
"1960100032300075327";"01949752023016230615"
"3210100032500003945";"03213132025000167270"
"3210100032500020051";"03213132025000630166"
"3210100032500011001";"03213132025000431040"
"3210100032500003635";"03213132025000138091"
"3410100012400010655";"042172942024000112815"
"1960100032100101521";"01949752021010914901"
"1960100032400092503";"01949752024011230448"
"2080100722500003763";"03023762025012011668"
"2210100052500000579";"02222422025000729101"
"1960100032500039852";"01949752025008171763"
"1960100032500058318";"01949752025008221701"
"1960100032400079140";"01949752024015669223"
"1960100032400023099";"01949752024003577931"
"2130100012500035514";"06914862025000426840"
"1960100032000075771";"01949752020009045333"
"1960100032000033074";"01949752020001636499"
"1960100032000078701";"01949752020009002952"
"1960100032000075923";"01949752020009307982"
"2080100252200002344";"030147792022018906510"
"1960100032200068596";"01949752022012486762"
"1960100032200026478";"01949752022004835583"
"1960100032200013325";"01949752022002878137"
"1960100032200015743";"01949752022002946582"
"1130300012400033452";"07174782024003094242"
"2080100232400002326";"030150102024021283786"
"1960100032500109796";"01949752025024212371"
"1960100032500006751";"01949752025000534191"
"1960100032500101531";"01949752025023889572"
"1960100032500050392";"01949752025010438674"
"1960100032500081603";"01949752025017545697"
"1960100032500010218";"01949752025002438628"
"1960100032500080534";"01949752025018269936"
"1130300012500055681";"07137242025003553962"
"2130100012100014523";"06914652021000083469"
"1960100032000104109";"01949752020014044374"
"1110100942400006178";"01155712024005590441"
"1960100032100100681";"01949752021011102064"
"1960100032100100551";"01949752021011366398"
"1110100382000002447";"01156162020001338259"
"1960100032400042026";"01949752024007055386"
"1960100032400080191";"01949752024014539822"
"1110100462100041637";"01155772021006372600"
"1960100012500121244";"01951862025024192081"
"1110100832400001954";"01192542024009465218"
"1110100382200006745";"01156142022006023423"
"1110100012400034059";"011163272024004984850"
"1960100032300017981";"01949752023003445090"
"1960100032300051576";"01949752023010794266"
"1960100032300017858";"01949752023003445413"
"1960100032300017645";"01949752023003444018"
"1960100032300050812";"01949752023010856806"
"1960100032300097304";"01949752023019986427"
"3210100032500017733";"03213132025000588534"
"3210100032500003899";"03213132025000181183"
"3210100032500010429";"03213132025000309163"
"3210100032500015145";"03213132025000583061"
"1130100322300005321";"07478542023008763371"
"1960100032400040686";"01949752024001726459"
"3410100022400001009";"04285612024000083019"
"1960100031900039270";"01949752019001481141"
"2080101112500008978";"030179942025018701440"
"2210100012500021151";"02222422025000133870"
"1960100032500053243";"01949752025008221701"
"1960100032400054415";"01949752024010274956"
"1960100032400019806";"01949752024003613414"
"1960100032400059591";"01949752024010274441"
"1960100032400054423";"01949752024010274956"
"1960100032400020553";"01949752024003573439"
"1960100032400054911";"01949752024010274611"
"1960100032000093603";"01949752020012339695"
"1960100032000088669";"01949752020009619283"
"1960100032000078639";"01949752020009002952"
"1110100462300041336";"01155792023006371626"
"1960100032200096212";"01949752022018068903"
"1960100032200015336";"01949752022003216472"
"1960100032200023983";"01949752022004851783"
"1960100032200079156";"01949752022014290342"
"2080100162300004301";"03026942023013638527"
"1960100032500077711";"01949752025017543481"
"1960100032500110042";"01949752025024212371"
"1960100032500014248";"01949752025002462928"
"1960100032500103194";"01949752025023904636"
"1960100032500001952";"01949752025000546954"
"1960100032500037620";"01949752025007491896"
"1960100032500031411";"01949752025006603071"
"1960100032500035261";"01949752025006598646"
"1960100032500092907";"019127922025012373702"
"1960100032500080763";"01949752025018269936"
"1960100032300013429";"01949752022007852616"
"3410100012100005921";"042149732021000038404"
"2130100012100012830";"06914692021000197234"
"1960100032000105466";"01949752020013943511"
"2230100011900020006";"06219832019000347811"
"2230100011900020324";"06219832019000355580"
"1960100032100104131";"01949752021011784475"
"1960100032100024527";"01949752021002982367"
"1960100032400079647";"01949752024014539822"
"3410100012200004571";"042151342022000014860"
"2080100572300004142";"03026962023022458336"
"3280200012400051904";"03222982024000673367"
"3280200012400047321";"03222982024000743241"
"1960100032300016592";"01949752023003446576"
"1960100032300075688";"01949752023016234360"
"1960100032300106990";"01949752023021409601"
"1960100032300078652";"01949752023016231859"
"3210100032500023156";"03213132025000892012"
"1960100032100112681";"01949752021013576861"
"1960100032100101807";"01949752021010914901"
"3410100022400000835";"04285612024000051591"
"1960100031900037782";"01949752019001250505"
"1960100031900037774";"01949752019001250505"
"1960100542500019516";"01985312025015382911"
"1130100292200000822";"07478062022001225783"
"1960100032500052026";"01949752025008221116"
"1960100032400057252";"01949752024010274794"
"1960100032400021657";"01949752024003578741"
"1960100032400056892";"01949752024010272821"
"1960100032400027620";"01949752024004991722"
"1960100032400097726";"01949752024020254290"
"1960100032400008871";"01949752024001418801"
"1960100032400032381";"01949752024005491022"
"1110100942500015481";"01155712025012499713"
"1110100942500006911";"01155712025006282937"
"1960100032500013462";"01949752025001340616"
"1110100382100034647";"01156162021004920880"
"1110100942500009279";"01155362025004920911"
"1110100461900273942";"01155792019007998121"
"1110100462300007626";"01155772023000753468"
"1960100032200031609";"01949752022005296635"
"1960100032200022375";"01949752022004428431"
"1210100032100000737";"08217412021000508201"
"1050100012300019087";"03249452023000976613"
"1960100032500109834";"01949752025024212371"
"1960100032500100926";"01949752025023889572"
"1960100032500103828";"01949752025023902935"
"1960100032500057664";"01949752025012156099"
"1960100032500108862";"01949752025023889491"
"1960100032500051828";"01949752025009648458"
"1960100032500023166";"01949752025002421318"
"2130100012100014477";"06914652021000083469"
"1960100032300063337";"01949752023010624182"
"2230100011900019725";"06219832019000350197"
"2130100012500035573";"06914862025000456838"
"3280200012500038074";"03222982025000707548"
"3280200012500039984";"03222982025000917011"
"3280200012500037698";"03222982025000917941"
"1960100032100011220";"01949752021001966112"
"1960100032100033496";"01949752021002983924"
"1960100032100033488";"01949752021002983924"
"1960100032100101467";"01949752021011530881"
"1960100032100101221";"01949752021011784718"
"1960100032100045461";"01949752021003097855"
"1960100032400042158";"01949752024007055386"
"1960100032400014154";"01949752024000762478"
"1960100032400079981";"01949752024014539822"
"1110100382200009515";"01187502022004204213"
"3280200012400053419";"03222982024000652521"
"1960100032300075920";"01949752023016234793"
"1960100032300017815";"01949752023003308181"
"1960100032300106771";"01949752023021409601"
"3210100032500003856";"03213132025000044011"
"3210100032500019140";"03213132025000631723"
"1960100032100109905";"01949752021013197925"
"1960100032100104768";"01949752021011091780"
"1960100032100112086";"01949752021013576861"
"3410100022500003782";"04228292025000042111"
"1960100542500019443";"01985312025015392470"
"1960100032500051951";"01949752025008221116"
"1960100032400013581";"01949752024002647790"
"1960100032400057376";"01949752024010274794"
"1960100032400059735";"01949752024010274441"
"1960100032400097718";"01949752024020254290"
"1960100032400109929";"01949752024022038152"
"1960100032400108264";"01949752024021591311"
"1960100032000078647";"01949752020009002952"
"1960100032000086135";"01949752020009768793"
"1960100032200022332";"01949752022004428431"
"1050100012300011809";"03249452023000320807"
"1960100032500103941";"01949752025023902935"
"1960100032500021872";"01949752025005141499"
"1960100032500007632";"01949752025000560191"
"1960100032500030006";"01949752025006602007"
"1960100032500074607";"01949752025015031599"
"1960100032500074623";"01949752025015031599"
"1960100032500108811";"01949752025023889491"
"1960100032500094330";"019127922025012381713"
"1960100032500101711";"01949752025023889815"
"2080100952500024196";"030192252025023520354"
"2130100012100014078";"06914652021000083469"
"2130100012100013871";"06914652021000083469"
"1960101082000001190";"01990372020004534070"
"2080100952400018574";"03026852024019637559"
"1960100032100103540";"01949752021011661390"
"1960100032100130750";"01949752021014216010"
"1960100032100130726";"01949752021014216010"
"1960100032100010399";"01949752021001978471"
"1110100382300013233";"01155202023005686243"
"1960100032400079841";"01949752024014539822"
"3410100012200002961";"042151342022000014606"
"2110100072500011453";"02121292023000703711"
"3280200012400061497";"03222982024000686515"
"3280200012400053397";"03222982024000730000"
"3280200012400064097";"03222982024000963799"
"3280200012400060180";"03222982024001119479"
"1960100032300016614";"01949752023003446576"
"1960100032300076641";"01949752023016229617"
"1960100032300019079";"01949752023003304194"
"1960100032300096499";"01949752023019964962"
"1960100032300075361";"01949752023016230615"
"1960100032300014883";"01949752023003064118"
"1960100032300112729";"01949752023021401295"
"1960100032300112230";"01949752023021401295"
"3210100032500004437";"03213132025000174306"
"3210100032500011603";"03213132025000437676"
"2810100012300006061";"02822072022000271016"
"1960100032400092457";"01949752024011230448"
"1110100382500012981";"01156182024000106972"
"2080200052100001409";"01289092021006512818"
"1960100031900064852";"01949752019007814702"
"2210100012500021763";"02222422025000301098"
"1960100032500094616";"01949752025019762512"
"1960100032500053375";"01949752025008221701"
"1960100032400057554";"01949752024010274794"
"1960100032400079159";"01949752024015669223"
"1960100032400054547";"01949752024010274956"
"1960100032400109244";"01949752024022037261"
"1960100032400032403";"01949752024005491022"
"1110100942500013942";"01155712025008538661"
"1960100032200027253";"01949752022004835915"
"1960100032200039286";"01949752022006791516"
"1960100032200022464";"01949752022004428431"
"1960100032200066976";"01949752022012341284"
"1960100032200079024";"01949752022014261911"
"2080100042300002243";"03030272023006967013"
"1960100032500014485";"01949752025002462928"
"1960100032500018928";"01949752025004245819"
"1960100032500030812";"01949752025003655347"
"1960100032500014663";"01949752025003281757"
"1960100032500094497";"019127922025012381713"
"1960100032500080739";"01949752025018269936"
"2080100272500003938";"030193102025023961973"
"2130100012100014299";"06914652021000083469"
"2130100012100020345";"06914652021000361370"
"1960100032000104273";"01949752020013930524"
"2230100011900020261";"06219832019000355318"
"2130100012500013189";"06914862025000127346"
"3280200012500033684";"03222982025000706576"
"3280200012500034834";"03222982025000792634"
"3280200012500042421";"03222982025000196861"
"2080100732400036478";"030196362024023036881"
"1960100032100104040";"01949752021011124971"
"1960100032100077051";"01949752021002882656"
"1110100382000002341";"01156162020001338259"
"1960100032400014278";"01949752024000762478"
"3810100022400002695";"08217272024000357915"
"3280200012400057971";"03222982024000556727"
"3280200012400047346";"03222982024000662161"
"1960100032300015766";"01949752023003450417"
"1960100032300075572";"01949752023016234360"
"1960100032300010561";"01949752023002103241"
"1960100032300075408";"01949752023016230615"
"1960100032300112591";"01949752023021401295"
"3210100032500024322";"03213132025000749813"
"3210100032500023113";"03213132025000826311"
"3210100032500013886";"03213132025000499353"
"3210100032500020157";"03213132025000767200"
"1960100032100112523";"01949752021013576861"
"1960100032400040813";"01949752024001725720"
"1110100382500011665";"01156182024000106972"
"1130300012400044551";"07174782024004011855"
"1960100031900037766";"01949752019001250505"
"1960100031900097629";"01949752019013511007"
"1110100012500065617";"011163272025009862796"
"1960100542500019222";"01985312025015267314"
"1010100012500005039";"01023912025000086014"
"1960100032400021479";"01949752024003578741"
"1960100032400075692";"01949752024014894215"
"1960100032400059794";"01949752024010274441"
"1960100032400059621";"01949752024010274441"
"1960100032400059700";"01949752024010274441"
"1960100032400019709";"01949752024003613414"
"1960100032400034538";"01950502023018544737"
"1960100032400099001";"01949752024020259178"
"1960100032400078421";"01949752024015483049"
"1960100032400046706";"01949752024004997330"
"1960100032400021940";"01949752024003612949"
"1960100032400012259";"01949752024002073921"
"1110100382400005938";"01156182024000106972"
"1050100012500017395";"03249452025000933681"
"1050100012500017409";"03249452025000933681"
"1110100942500013748";"01155742025006474382"
"1960100032000068897";"01949752020009045333"
"2220200012400009802";"05719392024000146436"
"1110100462300034811";"01155792023005437020"
"1960100032200068499";"01949752022012486762"
"1960100032200106374";"01949752022019614022"
"1960100032200067026";"01949752022012341284"
"1960100032200012647";"01949752022002719845"
"1960100032200041892";"01949752022006390279"
"1960100032200079113";"01949752022014290342"
"1960100032500110514";"01950502025021518018"
"1960100032500001871";"01949752025000521536"
"1960100032500023395";"01949752025003654880"
"1960100032500007489";"01949752025000560191"
"1960100032500007454";"01949752025000560191"
"1960100032500030804";"01949752025002440100"
"1960100032000104125";"01949752020014044374"
"1960100062300068004";"01951862023005324880"
"1960100032300082617";"01949752023011815062"
"3280200012500034214";"03222982025000623522"
"1960100032100110997";"01949752021014217164"
"2130100012200025090";"06914652022000464366"
"1110100382000002609";"01156162020001338259"
"1130300012200034146";"07174782022003002702"
"1960100032400042093";"01949752024007055386"
"1960100032400042085";"01949752024007055386"
"1960100032400042344";"01949752024007055386"
"1960100032400079485";"01949752024014539822"
"1110100382100028191";"01156142021003144695"
"1130100122000001561";"07469492020002657101"
"1960100032300107261";"01949752023021418856"
"1960100032300015863";"01949752023003446576"
"1960100032300075505";"01949752023016234360"
"1960100032300078581";"01949752023016231859"
"1960100032300079764";"01949752023016236575"
"3210100032500017768";"03213132025000625910"
"3210100032500008408";"03213132025000306318"
"3410100012400008881";"042172942024000112904"
"1960100032100112450";"01949752021013576861"
"1960100032100112477";"01949752021013576861"
"1960100032100104830";"01949752021011091780"
"1960100032100101874";"01949752021010914901"
"1110100012500073611";"011163272025007143768"
"1960100542500019605";"01985312025013380806"
"1960100032400102517";"01949752024020848327"
"1960100032400059778";"01949752024010274441"
"1960100032400010140";"01949752024001417821"
"1960100032400085728";"01949752024016706815"
"1960100032400020685";"01949752024003573439"
"1960100032400022874";"01949752024003592654"
"1960100032400094565";"01949752024019115818"
"1130300012200025783";"07174782022001643174"
"1960100032000030377";"01949752020002447037"
"1960100032000083659";"01949752020009000071"
"1960100032000101381";"01949752020009216162"
"2080100252200001038";"030147792022008175431"
"1960100031900057163";"01949752019005464381"
"1960100032200102026";"01949752022018371240"
"1960100032200027113";"01949752022002639493"
"1960100032500101108";"01949752025023890317"
"1960100032500103933";"01949752025023902935"
"1960100032500010201";"01949752025002438628"
"2130100012100020108";"06914652021000361370"
"2230100011900021258";"06219832019000385063"
"1960100032100122766";"01949752021002625688"
"1960100032300017246";"01949752023003445090"
"1960100032300080347";"01949752023016249634"
"1960100032300078296";"01949752023016229617"
"1960100032300039088";"01949752023003444018"
"1960100032300099201";"01950502023019773713"
"1960100032300078441";"01949752023016231859"
"3210100032500018391";"03213132025000577095"
"3210100032500015218";"03213132025000581611"
"3210100032500010402";"03213132025000309163"
"2130100012400008172";"06914652024000125512"
"1960100032100101815";"01949752021010914901"
"1130300012400032545";"07174782024002834251"
"2130100012400035382";"06914862024000616010"
"2080100252100000819";"030147792021007741416"
"1960100031900063279";"01949752019007812416"
"1960100031900028155";"01949752019001247890"
"1960100031900038487";"01949752019001481141"
"1960100542500019354";"01985312025015395312"
"1960100542500019478";"01985312025015393361"
"2210100032500002844";"02222422025000743511"
"2210100012300025407";"02222672023000384039"
"1960100032400013514";"01949752024002071472"
"1960100032400019660";"01949752024003613414"
"1960100032400059611";"01949752024010274441"
"1960100032400032837";"01949752024003576535"
"1960100032400032977";"01949752024003576535"
"1960100032400058119";"01949752024010274875"
"1960100032400018885";"01949752024003572718"
"1110100942500013829";"01155712025008558697"
"1050100012500020906";"03249452025000966857"
"1960100032000091104";"01949752020009619798"
"1110100462300086453";"01155792023009873258"
"1960100032200031455";"01949752022005296635"
"1960100032200013031";"01949752022002728241"
"1960100032200067743";"01949752022012441408"
"1960100032500103658";"01949752025023901530"
"1960100032500110263";"01949752025024212371"
"1960100032500109788";"01949752025024212371"
"1960100032500008159";"01949752025000560604"
"1960100032300019532";"01949752023003393782"
"2130100012100020426";"06914652021000361370"
"3010100022500005286";"00420392025000228817"
"2230100011900019131";"06219832019000331052"
"3280200012500040737";"03222982025000626114"
"3280200012500035989";"03222982025000711901"
"2080100732400036494";"030196362024023033199"
"2080100942400017716";"030156672024016687110"
"2080100952400018531";"03026852024019696300"
"1110100382000002641";"01156162020001338259"
"1110100382100035139";"01156142021005047727"
"3810100022400002687";"08217272024000356005"
"2080100942300010571";"030156672023014633275"
"1110100012400061803";"011163272024004448575"
"1110100832200001811";"01192542022008580755"
"1960100032300110955";"01949752023021417116"
"1960100032300063744";"01949752023013339934"
"1960100032300015952";"01949752023003450417"
"1960100032300109302";"01950502023016868993"
"1960100032300072751";"01949752023015707744"
"1960100032300112494";"01949752023021401295"
"3210100032500009791";"03213132025000185928"
"1960100032100111969";"01949752021013576861"
"1960100031900093623";"01949752019011752716"
"1210100021900001997";"08217272019000727911"
"1960100032500104506";"01949752025023653111"
"1960100032500039429";"01949752025008171763"
"1960100032400056833";"01949752024010272821"
"1960100032400018559";"01949752024003571142"
"1960100032400023171";"01949752024003577931"
"1960100032400009568";"01949752024001831830"
"1960100032400110528";"01949752024022126361"
"1110100382400006128";"01156182024000106972"
"2130100012500035646";"06914652025000469387"
"1110100382100034868";"01156162021004920880"
"1960100011900075817";"01983582019014034053"
"1960100032000089738";"01949752020011553812"
"1960100032000088715";"01949752020009619283"
"1960100032000087700";"01949752020011144394"
"1960100032200026176";"01949752022004835231"
"1960100032200079172";"01949752022014290342"
"1960100032200052266";"01949752022008405711"
"2130100012100020183";"06914652021000361370"
"1960100462000003318";"01950772020003966054"
"1110100381900003730";"01156182019000336361"
"2230100011900020154";"06219832019000351088"
"2230100011900019369";"06219832019000334230"
"3280200012500044821";"03222982025001248971"
"3280200012500022992";"03222982025000347584"
"2080101102400009654";"030177672024023712714"
"2080100952400017497";"03026852024019141774"
"2080100732400034912";"030132222024022418033"
"2080100272400004743";"030193292024022897644"
"1960100032100135183";"01949752021017637229"
"1960100032100105421";"01949752021011089114"
"2220200012400007117";"05719392024000060477"
"3210100032600005251";"03213132026000087188"
"1960100032400041941";"01949752024007055386"
"1960100032400014545";"01949752024000762478"
"1010100012400013606";"01023912024000186999"
"1130300012500035719";"07132832025003448437"
"1110100012400062087";"011163272024004562190"
"3280200012400064100";"03222982024000733793"
"3280200012400058828";"03222982024000691934"
"1960100032300016886";"01949752023003442741"
"1960100032300061660";"01949752023013338024"
"1960100032300021200";"01949752023003452380"
"1960100032300051347";"01949752023010794266"
"1960100032300106842";"01949752023021409601"
"3210100032500010070";"03213132025000389418"
"3210100032500017865";"03213132025000467401"
"1960100032100105020";"01949752021011091780"
"3410100022400001319";"042172962024000097217"
"3410100032400002754";"04285612024000121123"
"1960100031900038241";"01949752019001168914"
"1960100031900020685";"01949752019001129269"
"1960100031900024478";"01949752019001196969"
"1960100032500058301";"01949752025008221701"
"1960100032400059514";"01949752024010271698"
"1960100032400021665";"01949752024003578741"
"1960100032400007484";"01949752024001419360"
"1960100032400075471";"01949752024014910784"
"1960100032400057953";"01949752024003577183"
"1960100032400020057";"01949752024003578155"
"1960100032400030796";"01949752024005133291"
"1960100032400094603";"01949752024019115818"
"1960100032500035571";"01949752025004219907"
"1110100382100034795";"01156162021004920880"
"1960100032000089401";"01949752020011115378"
"1960100032200012981";"01949752022002816883"
"1960100032200026915";"01949752022004852593"
"1960100032200060900";"01949752022011411971"
"1960100032200026443";"01949752022004835583"
"1960100032200012701";"01949752022002878137"
"1960100032200079636";"01949752022014292558"
"1960100032200024114";"01949752022004851783"
"1960100032200064841";"01949752022011895308"
"1960100032500109885";"01949752025024212371"
"1960100032500000980";"01949752025000526767"
"1960100032500007731";"01949752025000560191"
"1960100032500103755";"01949752025023900819"
"1960100032500074682";"01949752025015031599"
"1960100032500023190";"01949752025002421318"
"2130100012100014124";"06914652021000083469"
"2130100012100020469";"06914652021000361370"
"2130100012100019916";"06914652021000361370"
"1960100032000103791";"01949752020013879910"
"2130100012500031871";"06914862025000372499"
"3280200012500021104";"03222982025000342949"
"3280200012500042101";"03222982025000851665"
"2080100272400005553";"030193292024024417950"
"2080100942400012064";"030156672024011264547"
"1960100032100024411";"01949752021002980071"
"1960100032100039206";"01949752021003717314"
"1960100032100111241";"01949752021014232554"
"2220200012400013095";"05719392024000111721"
"1960100032400042506";"01949752024007055386"
"1960100032400042298";"01949752024007055386"
"1960100032400080009";"01949752024014539822"
"1960100032400038150";"01949752024002609944"
"1130100282000001251";"07477982020002481311"
"3280200012400060873";"03222982024000695841"
"3280200012400045221";"03222982024000606848"
"3280200012400062027";"03222982024001113012"
"1960100032300051819";"01949752023010855664"
"1960100032300112222";"01949752023021831117"
"1960100032300075904";"01949752023016234793"
"1960100032300092493";"01949752023018791479"
"1960100032300016150";"01949752023003307029"
"1960100032300017653";"01949752023003444018"
"1960100032300076420";"01949752023016208610"
"1960100032300050804";"01949752023010856806"
"1960100032300109442";"01950502023016868993"
"3210100032500018934";"03213132025000616767"
"3210100032500014289";"03213132025000476906"
"3210100032500020785";"03213132025000783230"
"2080100732500018921";"030196362025015766914"
"2130100012400008148";"06914652024000125512"
"1960100012500112997";"01951862025023567022"
"1210100022100000055";"08217272021000341528"
"1960100031900025113";"01949752019001250505"
"1960100031900020928";"01949752019001245927"
"1960100031900021150";"01949752019001195482"
"2220100012400015094";"05445882024000443789"
"2210100012300029003";"02222442023000882743"
"1960100032500053431";"01949752025008221701"
"1960100032400046188";"01949752024005119549"
"1960100032400018508";"01949752024003571142"
"1960100032400008790";"01949752024001419793"
"1960100032400061586";"019155652024011503411"
"1960100032400085671";"01949752024016706815"
"1960100032400108426";"01949752024021591311"
"2110100062500001442";"02121082025000696679"
"2220100012500007487";"05445852025000130381"
"2080100042200004304";"03030272022016775469"
"1110100462300007634";"01155772023000644766"
"1110100462300058131";"01155772023007798319"
"1960100032200067042";"01949752022012341284"
"1960100032200026621";"01949752022004835583"
"1960100032200079725";"01949752022014292558"
"1960100032500012490";"01949752025002447538"
"1960100032500050503";"01949752025010438674"
"1960100032500070891";"01949752025015298161"
"1960100032500006946";"01949752025000561597"
"1960100032500007497";"01949752025000560191"
"1960100032500057893";"01949752025012156099"
"1960100032500080607";"01949752025018269936"
"1960100032500005788";"01949752025000563883"
"1960100032500010102";"01949752025002460216"
"1110100942400006550";"01155712024005994452"
"3410100022300001088";"04285612023000103213"
"1960100012400113980";"01983582024021781999"
"1960100032100111071";"01949752021014238838"
"1960100032100116871";"01949752021014235651"
"1960100032400014766";"01949752024000762478"
"1960100032400076877";"01949752024007755361"
"1960100032400014251";"01949752024000762478"
"1960100032400014820";"01949752024000762478"
"1110100382100035082";"01156142021005047727"
"3910100022500007932";"09317292025000553139"
"1110100382200009639";"01187502022004204213"
"1110100382200009566";"01187502022004204213"
"1110100832500001800";"01192542025010700196"
"3280200012400044770";"03222982024000607143"
"3280200012400062711";"03222982024000709655"
"1960100032300017211";"01949752023003445090"
"1960100032300017203";"01949752023003445090"
"1960100032300015911";"01949752023003450417"
"1960100032300106877";"01949752023021409601"
"1960100032300014964";"01949752023003064118"
"1960100032300079829";"01949752023016236575"
"3210100032500013991";"03213132025000489552"
"1960100012500071336";"01983582025018709531"
"3410100012400009231";"042172942024000113030"
"3410100012400009134";"042172942024000113030"
"1960100032100110369";"01949752021013197925"
"3410100032500003534";"042172942025000107839"
"1960100031900020847";"01949752019001260055"
"1960100032500053189";"01949752025008221701"
"1960100032400060849";"01950502023016813820"
"1960100032400057287";"01949752024010274794"
"1960100032400060891";"01950502023016813820"
"1960100032400019040";"01949752024003571142"
"1960100032400033043";"01949752024003576535"
"1960100032400012232";"01949752024002073921"
"2130100012500035743";"06914652025000468143"
"3010100022500004824";"00420392025000192791"
"1110100382100034663";"01156162021004920880"
"1960100032000075737";"01949752020009045333"
"1960100032000081443";"01949752020009544097"
"1110100462300041247";"01155772023001475259"
"1960100032200101682";"01949752022018526898"
"1960100032200104010";"01949752022018527789"
"1960100032200014364";"01949752022002922560"
"1960100032200078982";"01949752022014290342"
"1960100032500109761";"01949752025024212371"
"1960100032500081591";"01949752025017545697"
"1960100032500081395";"01949752025017545697"
"1960100032500103410";"01949752025023890406"
"2130100012100014035";"06914652021000083469"
"2130100012100020000";"06914652021000361370"
"3010100022500005294";"00420392025000224234"
"3280200012500044767";"03222982025001229755"
"2080100942400012031";"030156672024011264547"
"1960100032100016672";"01949752021002583667"
"1960100032400042141";"01949752024007055386"
"1960100012400115231";"01983582024021905396"
"1110100382100035031";"01156142021006475145"
"1110100382200011552";"01187502022004204213"
"3280200012400019091";"03222982024000337847"
"1960100032300063663";"01949752023013339934"
"1960100032300050863";"01949752023010852215"
"1960100032300076307";"01949752023016234793"
"1960100032300109221";"01950502023016868993"
"3210100032500023121";"03213132025000852738"
"3210100032500020076";"032131320250000761694"
"3210100032500028719";"03213132025001169187"
"2130100012400005726";"06914652024000026026"
"1960100032100104695";"01949752021011091780"
"1110100382500020877";"01156182025002865979"
"1960100031900064399";"01949752019007812416"
"1110100012500066192";"011163272025010369321"
"1960100032400028791";"01949752024004987881"
"1960100032400013859";"01949752024001967731"
"1960100032400085639";"01949752024016706815"
"1960100032400032391";"01949752024005491022"
"1960100032400018818";"01949752024003572718"
"1960100032000086771";"01949752020011113758"
"1960100032000095746";"01949752020009075160"
"1110100462300039961";"01155792023006206421"
"1960100032200013023";"01949752022002728241"
"1960100032200104053";"01949752022018527789"
"1960100032200024841";"01949752022002819475"
"2080100162300004913";"030159742023016473659"
"1960100032500077665";"01949752025017543481"
"1960100032500007594";"01949752025000560191"
"1960100032500057052";"019149562024012679839"
"1960100032500002495";"01949752025000557212"
"1960100032500094314";"019127922025012381713"
"1960100032500051641";"01949752025009648458"
"1960100032500009813";"01949752025002460216"
"3810100032500009845";"08217392025000350289"
"1110100012200067167";"01155712022008582773"
"1960101082000001298";"01990372020004732114"
"1960100032300047226";"01949752023009148101"
"3410100022300001150";"04285612023000071842"
"2130100012500042235";"06914862025000472442"
"2080100272400005278";"030193292024024268423"
"1960100032100110172";"01949752021014221196"
"1960100032100115174";"01949752019005112603"
"1960100032400038010";"01949752024002609944"
"1960100032400014669";"01949752024000762478"
"1960100032400014472";"01949752024000762478"
"2080100172200005082";"030132332022019513375"
"3210100032400003398";"03213132024000334256"
"1110100462400058121";"01155772024009944241"
"3280200012400057341";"03222982024000769631"
"1960100032300017114";"01949752023003442741"
"1960100032300015693";"01949752023003450417"
"1960100032300016533";"01949752023003446576"
"1960100032300075726";"01949752023016234360"
"3210100032500018578";"03213132025000666781"
"3210100032500010887";"03213132025000386915"
"3210100032500004399";"03213132025000084226"
"3210100032500024721";"03213132025000903740"
"2130100012400005475";"06914652024000026026"
"1960100032100101726";"01949752021010914901"
"1960100032100109964";"01949752021013197925"
"1110100382500020672";"01156182025002865979"
"2130100012400021276";"06914862024000408336"
"3810100032300007965";"082172142023000286819"
"1960100031900037863";"01949752019001478271"
"1960100031900092007";"01949752019012323134"
"1960100031900021207";"01949752019001252541"
"1960100542500019303";"01985312025015312891"
"1960100032400007530";"01949752024001419360"
"1960100032400032896";"01949752024003576535"
"1960100032400046684";"01949752024004997330"
"1960100032400019954";"01949752024003592140"
"1960100032400058097";"01949752024010274875"
"1110100382400005784";"01156182024000106972"
"2130100011900028262";"06914652019000104412"
"1050100012500018952";"03249452025001159491"
"1110100462300047296";"01155792023007058344"
"1960100032200106501";"01949752022019615347"
"1960100032200013015";"01949752022002728241"
"1960100032200027636";"01949752022004838922"
"1960100032200027687";"01949752022004838922"
"1960100032200100961";"01949752022018427130"
"1960100032200067621";"01949752022012471498"
"1960100032200024645";"01949752022004833114"
"1960100032200015751";"01949752022002946582"
"1960100032200041914";"01949752022006390279"
"1960100032200068952";"01949752022012345603"
"1960100032500105766";"01949752025023889319"
"1960100032500105790";"01949752025023889319"
"1960100032500023220";"01949752025002421318"
"1960101082000001131";"01951202020004193906"
"3410100012100007851";"042149732021000009307"
"2230100011900018745";"06219832019000322142"
"1130300012500036340";"07132902025003474386"
"3280200012500041067";"03222982025000701426"
"3280200012500036721";"03222982025000853013"
"1960100032100033453";"01949752021002983924"
"3210100032600004611";"03213132026000106581"
"3210100032600007163";"03213132026000236361"
"1960100032400042311";"01949752024007055386"
"1110100462200005279";"01155792022002380964"
"3210100032400005080";"03213132024000369637"
"1960100032300017068";"01949752023003442741"
"1960100032300063817";"01949752023013339934"
"1960100032300016177";"01949752023002886840"
"1960100032300108421";"01949752023021543677"
"1960100032300016460";"01949752023003308181"
"1960100032300017521";"01949752023003444018"
"1960100032300075394";"01949752023016230615"
"1960100032300112540";"01949752023021401295"
"3210100032500011050";"03213132025000374143"
"3210100032500024381";"03213132025000749058"
"2080100732500008061";"030196342025006248570"
"2080101042500000387";"030175312025004378933"
"2130100012400007761";"06914652024000125512"
"1960100031900064569";"01949752019007825496"
"1960100031900097572";"01949752019013511007"
"2220100012400015051";"05445882024000437207"
"1960100032500039781";"01949752025008171763"
"1960100032400056973";"01949752024010275090"
"1960100032400009711";"01949752024001418550"
"1960100032400079371";"01949752024013347113"
"1960100032400011066";"01949752024002090001"
"1960100032400032152";"01949752024006135793"
"1960100032400046633";"01949752024004997330"
"1960100032400022068";"01949752024003612949"
"1960100032400009894";"01949752024001952114"
"1110100382400005598";"01156182024000106972"
"1960100032500014159";"01949752025001340616"
"1960100032000086747";"01949752020011114215"
"1960100031900085027";"01949752019010397513"
"1960100032200026990";"01949752022004852593"
"1960100032200026109";"01949752022004835231"
"1960100032200020879";"01949752022003215158"
"1960100032200079271";"01949752022014290342"
"2080100722400008981";"03023762024023661676"
"1960100032500030014";"01949752025006602007"
"1960100032500074267";"01949752025015031599"
"1960100032300019443";"01949752023003393782"
"2130100012100020371";"06914652021000361370"
"1960100032300046823";"01949752023009148101"
"1110100381900003651";"01156182019000336361"
"2230100011900022440";"06219832019000403223"
"2130100012500047784";"06914862025000541606"
"3280200012500037809";"03222982025000172920"
"2080100272400004735";"030193292024022897725"
"1960100032100099128";"01949752021011088304"
"1960100032100051011";"01949752021002964971"
"1960100032100115158";"01949752019005112603"
"3210100032600006981";"03213132026000217227"
"2210100012100018817";"02222362021000295241"
"1110100382100035090";"01156142021005047727"
"1110100382300007640";"01156142023004030407"
"2710100052400002799";"02714372024000449773"
"1110100462400011433";"01155792024005385900"
"3280200012400058860";"03222982024000415406"
"3280200012400054202";"03222982024000660389"
"1960100032300080827";"01949752023016576597"
"1960100032300098874";"01950502023019773713"
"3210100032500021579";"03213132025000745061"
"3210100032500015498";"03213132025000532407"
"2130100012400014121";"06914652024000254321"
"1960100032100112612";"01949752021013576861"
"1960100032100110091";"01949752021013197925"
"1960100031900064534";"01949752019007825496"
"1110100012500055484";"011163272025008777639"
"1960100032500094829";"01949752025019762512"
"1960100032400058496";"01949752024010271698"
"1960100032400019601";"01949752024003613414"
"1960100032400034491";"01950502023018544737"
"1960100032400109163";"01949752024022037261"
"1110100382400006039";"01156182024000106972"
"1110100382400006012";"01156182024000106972"
"2130100012500035298";"06914652025000464407"
"1130300012100017743";"07137412021002029914"
"1960100032000038777";"01949752020002776791"
"1960100032000081184";"01949752020009636021"
"1960100032200026982";"01949752022004852593"
"1960100032200026486";"01949752022004835583"
"1960100032200024955";"01949752022004850469"
"1960100032200037747";"01949752022006418203"
"2080100722400006148";"03023762024015743600"
"1960100032500109990";"01949752025024212371"
"1960100032500007950";"01949752025000560604"
"1960100032500035172";"01949752025006598646"
"1960100032500080811";"01949752025018269936"
"1960100032500005710";"01949752025000563883"
"1960100032500009996";"01949752025002460216"
"1960100032500010072";"01949752025002460216"
"1130300012500040321";"07174782025002777533"
"2080100112300000601";"030126962023009066561"
"1960100032000104052";"01949752020014082977"
"1960100032300047005";"01949752023009148101"
"2230100011900019288";"06219832019000336283"
"2230100011900019504";"06219832019000338570"
"2080100272400004883";"030193292024023492877"
"1960100032100016214";"01949752021001718216"
"1960100032100100835";"01949752021002574757"
"1960100032100105527";"01949752021011116952"
"1960100032100077061";"01949752021002882656"
"2080100722300003908";"03003932023001927623"
"2110100072400007842";"02121142024000014612"
"1960100032400077016";"01949752024007755361"
"1110100462200078136";"01155792022007594369"
"1110100012400034563";"011163272024004481602"
"1110100462400002132";"01155792024001809039"
"1110100832500002181";"01192542025011864915"
"3280200012400053826";"03222982024000555321"
"3280200012400061837";"03222982024000706630"
"3280200012400054865";"03222982024000675572"
"3280200012400047672";"03222982024000397319"
"3280200012400049403";"03222982024000658210"
"1960100032300091500";"01949752023018791479"
"1960100032300109280";"01950502023016868993"
"1960100032300075270";"01949752023016230615"
"3210100032500018608";"03213132025000641524"
"3210100032500020254";"03213132025000810148"
"1960100032100112434";"01949752021013576861"
"1960100032100101572";"01949752021010914901"
"1960100032400040848";"01949752024001725720"
"3410100022400001521";"042172962024000097551"
"1960100031900093690";"01949752019011927028"
"1210100021900002675";"08217272019000725463"
"1960100032500039968";"01949752025008171763"
"1960100032500052425";"01949752025008221116"
"1960100032500053162";"01949752025008221701"
"1960100032500052352";"01949752025008221116"
"1960100032400019598";"01949752024003613414"
"1960100032400013786";"01949752024001967731"
"1960100032400009975";"01949752024001419793"
"1960100032400043601";"01949752024004993938"
"1960100032400085590";"01949752024016706815"
"1960100032400094212";"01949752024010272911"
"1110100382400012667";"01156182024000124288"
"1110100382400005611";"01156182024000106972"
"1110100461900157802";"01155782019005452604"
"1960100032000068978";"01949752020009045333"
"1960100032000087085";"01949752020011118555"
"1960100032000101347";"01949752020009216162"
"1960100032200027199";"01949752022004835915"
"1960100032200105521";"01949752022019453517"
"1960100032200087922";"01949752022016417692"
"1960100032200014690";"01949752022003245651"
"1960100032200068316";"01949752022012335128"
"1960100032200024084";"01949752022004851783"
"1960100032200067166";"01949752022012337171"
"1960100032200012582";"01949752022002877327"
"2010200012400013763";"09981442024000883003"
"1960100032500006989";"01949752025000534191"
"1960100032500014299";"01949752025002462928"
"1960100032500077347";"01949752025017546740"
"1960100032500007561";"01949752025000560191"
"1960100032500007918";"01949752025000560604"
"1960100032500007985";"01949752025000560604"
"1960100032500026386";"01949752025003655690"
"2130100012200002309";"06914692022000025981"
"2080100112300000598";"030126962023009066056"
"1110100012200039449";"01155712022005328019"
"1960100032000104771";"01949752020013880161"
"2080100272400005375";"030193292024024368991"
"2080100962400012085";"03026692024019727104"
"1960100032100110342";"01949752021014237351"
"1960100032100111039";"01949752021014217164"
"1960100032100104059";"01949752021011124971"
"1960100032100111152";"01949752021014232554"
"1960100032100039141";"01949752021003717314"
"3210100032600004709";"03213132026000067071"
"1960100032400077008";"01949752024007755361"
"1110100382100033330";"01156142021005132414"
"2080100822300001261";"030165632023006636554"
"2080101062300002510";"030167072023017572724"
"3210100032500020947";"03213132025000885075"
"3280200012400053869";"03222982024000721949"
"3280200012400058720";"03222982024000115607"
"1960100032300051827";"01949752023010995750"
"1960100032300107482";"01949752023021418856"
"1960100032300096596";"01949752023019986427"
"3210100032500011506";"03213132025000363966"
"3210100032500019078";"03213132025000607512"
"3210100032500018251";"03213132025000634234"
"3210100032500018985";"03213132025000761775"
"3210100032500029839";"03213132025001003882"
"3410100012400010612";"042172942024000112815"
"1960100032100112124";"01949752021013576861"
"1960100032100110024";"01949752021013197925"
"1960100032400092570";"01949752024011230448"
"2130100012400035862";"06914752024000616903"
"1960100031900061861";"01949752019007814702"
"1960100031900046021";"01949752019001175112"
"1110100012500073628";"011163272025010171301"
"1110100012500073636";"011163272025009006768"
"1960100032500039534";"01949752025008171763"
"1130300012500052079";"07133332025003999666"
"1960100032400058501";"01949752024010271698"
"1960100032400084152";"01949752024007920150"
"1960100032400019611";"01949752024003613414"
"1960100032400034716";"01950502023018544737"
"1960100032400012216";"01949752024002073921"
"1130200012500025256";"07241632025002029830"
"2130100011900028238";"06914652019000104412"
"1110100942500008116";"01155712025007471521"
"1110100942500007731";"01155712025006409783"
"1960100032500003114";"01949752025000792815"
"1960100032500035741";"01949752025004219907"
"1960100032500013527";"01949752025001340616"
"1960100032000021890";"01949752020001636499"
"1960100032000081273";"01949752020009636021"
"1960100032200097367";"01949752022018428292"
"1960100032200067001";"01949752022012341284"
"1960100032200037763";"01949752022006418203"
"1110100832100001027";"01192542021006507910"
"1960100032500050570";"01949752025010438674"
"1960100032500101051";"01949752025023890317"
"1960100032500014647";"01949752025003281757"
"1960100032500007519";"01949752025000560191"
"2080100842300002732";"030166482023021095347"
"1960100032500035441";"01949752025006598646"
"1960100032500031169";"01949752025006603071"
"1960100032500051615";"01949752025009648458"
"1960100032300046841";"01949752023009148101"
"3280200012500033781";"03222982025000708609"
"3280200012500014000";"03222982025000142184"
"2080100942400017791";"030156672024016687454"
"1960100032400079884";"01949752024014539822"
"1960100032400079876";"01949752024014539822"
"1110100382100035041";"01156142021006475145"
"1110100382200010378";"01156142022006390761"
"1110100462400043785";"01155792024009750947"
"3280200012400053400";"03222982024000701590"
"3280200012400062647";"03222982024000682862"
"1960100032300051851";"01949752023010855664"
"1960100032300075734";"01949752023016234360"
"1960100032300051411";"01949752023010794266"
"1960100032300017882";"01949752023003445413"
"1960100032300108098";"01949752023021414788"
"1960100032300098939";"01950502023019773713"
"1960100032300112478";"01949752023021401295"
"1960100032300079780";"01949752023016236575"
"3210100032500018330";"03213132025000605056"
"3410100012400009037";"042172942024000112653"
"3410100012400010582";"042172942024000112815"
"1130300012400038462";"07174782024003532967"
"3410100032400003033";"04285612024000065711"
"1960100031900092120";"01949752019012322758"
"1960100031900069651";"01949752019007929518"
"1110100012500055832";"011163272025007443648"
"1960100032400032063";"01949752024006133740"
"1960100032400085647";"01949752024016706815"
"1960100032400108256";"01949752024021591311"
"1960100032400108558";"01949752024021591311"
"1960100032400018834";"01949752024003572718"
"1130300012500040690";"07174782025002218712"
"2110100062500001450";"02121082025000696679"
"1110100382100034825";"01156162021004920880"
"1960100032000082611";"01949752020009637184"
"1960100032000075941";"01949752020009307982"
"1960100031900085329";"01949752019010397513"
"1960100032200079377";"01949752022014239916"
"1960100032200049982";"01949752022009239318"
"1960100032200025048";"01949752022004850469"
"1960100032200024963";"01949752022004850469"
"1960100032200037070";"01949752022006389262"
"1130300012400031778";"07136652024003384075"
"1960100032500006806";"01949752025000534191"
"1960100032500081451";"01949752025017545697"
"1960100032500007969";"01949752025000560604"
"1960100032500005532";"01949752025000563883"
"1960100032200052207";"01949752022008405711"
"2130100012100020337";"06914652021000361370"
"2230100011900020391";"06219832019000354001"
"3280200012500022305";"03222982025000196357"
"3280200012500042497";"03222982025000587119"
"3280200012500035873";"03222982025000872743"
"2080100732400034831";"030132222024022420364"
"1960100032100102838";"01949752021011529106"
"1960100032100105403";"01949752021011089114"
"1960100032400037642";"01949752024002609944"
"1110100462200097815";"01155792022008433814"
"2220100012400015043";"05445822024000471142"
"1960100032300067073";"01949752023013340789"
"1960100032300067006";"01949752023013340789"
"1960100032300017866";"01949752023003445413"
"1960100032300080819";"01949752023016576597"
"1960100032300109329";"01950502023016868993"
"3210100032500015153";"03213132025000579209"
"3210100032500011069";"03213132025000394926"
"3210100032500020572";"03213132025000853971"
"1130100092300004244";"07469782023003332341"
"2130100012400008075";"06914652024000125512"
"2130100012400013710";"06914652024000125512"
"1960100032400104862";"01949752024001726025"
"1960100031900078578";"01949752019004772821"
"1130300012400016299";"07174782024001659960"
"1110100382500012289";"01156182024000106972"
"1110100382500013927";"01156182024000106972"
"3410100032400002746";"042172962024000097128"
"1960100031900060962";"01949752019007825496"
"1960100542500019567";"01985312025015324393"
"2080100822500007528";"030165632025025077940"
"1960100032400021584";"01949752024003578741"
"1960100032400027531";"01949752024004991722"
"1960100032400010159";"01949752024001417821"
"1960100032400061632";"019155652024011503411"
"1960100032400109783";"01949752024022039043"
"1960100032400017781";"01949752024002148793"
"2130100012500036601";"06914652025000471365"
"1110100942500012016";"01155712025007220102"
"1960100032000090809";"01949752020009547789"
"1960100031900085019";"01949752019010397513"
"1960100032200026168";"01949752022004835231"
"1960100032200067077";"01949752022012341284"
"1960100032200015301";"01949752022003216472"
"1960100032200024122";"01949752022004851783"
"1960100032200041973";"01949752022006390279"
"2080100202400004858";"030120772024024266918"
"2080100102300004111";"030135692023017879542"
"1960100032500007421";"01949752025000560191"
"1960100032500074429";"01949752025015031599"
"1960100032500074526";"01949752025015031599"
"1960100032500002398";"01949752025000557212"
"1960100032500009821";"01949752025002460216"
"1960100032000104230";"01949752020013922858"
"1960101082000001141";"01990372020003953851"
"1960100032300047031";"01949752023009148101"
"3280200012500003173";"03222982025000036074"
"1960100032100102153";"01949752021011749483"
"1960100032400042476";"01949752024007055386"
"1960100032400077032";"01949752024007755361"
"1110100462100037206";"01155792021006163312"
"1960100012500127171";"019188432025024597170"
"1110100382200009647";"01187502022004204213"
"1110100012400061633";"011163272024008249194"
"1110100462400011328";"01155792024005358414"
"3280200012400054792";"03222982024000667391"
"3280200012400057491";"03222982024000482936"
"1960100032300078334";"01949752023016571102"
"1960100032300018420";"01949752023003066153"
"3210100032500013681";"03213132025000460066"
"3210100032500028867";"03213132025001159386"
"3210100032500023131";"03213132025000785283"
"3210100032500022664";"03213132025000784805"
"2130100012400005440";"06914652024000026026"
"1960100032400105052";"01949752024001726025"
"1110100382500011592";"01156182024000106972"
"2130100012400019433";"06914862024000334979"
"2080100042100002803";"03030272021014916374"
"2080100252100000428";"030147792021006202767"
"1960100031900037928";"01949752019001172199"
"1110100012500060951";"011163272025008473923"
"1960100032500039984";"01949752025008171763"
"1960100032400021568";"01949752024003578741"
"1960100032400034708";"01950502023018544737"
"1960100032400020677";"01949752024003573439"
"1110100382400005121";"01156182023010564191"
"1960100032000083748";"01949752020009000071"
"2080100052200006851";"030147772022018293521"
"1960100032200104096";"01949752022018527789"
"1960100032200012531";"01949752022002719845"
"1960100032200037690";"01949752022006418203"
"2080100842300003021";"030166482023022262638"
"1960100032500035245";"01949752025006598646"
"1960100032500005214";"01949752025000563883"
"2080100272500002842";"030193292025015899611"
"2130100012100014426";"06914652021000083469"
"2130100012100020388";"06914652021000361370"
"3280200012600003283";"03222982026000170499"
"3280200012500021910";"03222982025000199534"
"3280200012500007667";"03222982025000015913"
"3280200012500041326";"03222982025000855491"
"2080100942400017724";"030156672024016687110"
"1960100032100111225";"01949752021014232554"
"1960100032100077000";"01949752021002882656"
"1110100382000002651";"01156162020001338259"
"3210100032600004644";"03213132026000114762"
"1960100032400042646";"01949752024007055386"
"1960100032400079655";"01949752024014539822"
"1110100462100026999";"01155792021004454646"
"2130100012300018368";"06914652023000348120"
"2130100012300022853";"06914652023000503389"
"3210100032500008246";"03213132025000251068"
"3210100032500002647";"03213132025000006934"
"1130100322300005710";"07478542023008665523"
"3410100012400010574";"042172942024000112815"
"1960100032100109891";"01949752021013197925"
"1960100032400092473";"01949752024011230448"
"3410100022500004665";"04228292025000086169"
"1960100031900064895";"01949752019007812416"
"1960100031900020960";"01949752019001195482"
"1110100012500073512";"011163272025010505527"
"3410100012100008645";"042149732021000045524"
"2230100012500347239";"06296692025000251480"
"1960100032400013638";"01949752024002647790"
"1960100032400021495";"01949752024003578741"
"1960100032400084039";"01949752024007920150"
"1960100032400059761";"01949752024010274441"
"1960100032400023226";"01949752024003577931"
"1960100032400020642";"01949752024003573439"
"1960100032400094557";"01949752024019115818"
"2130100011900028191";"06914652019000104412"
"2130100012500035662";"06914652025000469549"
"1110100942500008256";"01155712025006476383"
"1960100032500011494";"01949752025001252661"
"1960100032000091368";"01949752020011118806"
"1960100032200026966";"01949752022004852593"
"1960100032200097839";"01949752022018176382"
"1960100032200012418";"01949752022002878811"
"1960100032200012779";"01949752022002719845"
"1960100032200041957";"01949752022006390279"
"2080100702400001613";"03097792024012513641"
"1960100032500077339";"01949752025017546740"
"1960100032500057877";"01949752025012156099"
"1960100032500102937";"01949752025023890236"
"1960100032500080518";"01949752025018269936"
"1960100032500080771";"01949752025018269936"
"1960100032200052053";"01949752022008405711"
"2080100272500001692";"030193292025004004316"
"2130100012100014329";"06914652021000083469"
"2130100012100012792";"06914692021000197234"
"1110100012200064702";"01155712022008415281"
"1960100032300046998";"01949752023009148101"
"2230100011900018753";"06219832019000322223"
"1960100032100100711";"01949752021011103621"
"1960100032100039389";"01949752021004150717"
"1960100032100111195";"01949752021014232554"
"1960100032100116863";"01949752021014235651"
"1960100032100077078";"01949752021002882656"
"1110100462200097823";"01155792022008420585"
"1130100122000001571";"07469492020002657101"
"1110100462400046059";"01155792024010005265"
"1110100462500034098";"01155792025012521521"
"3280200012400052544";"03222982024000722244"
"3280200012400063457";"03222982024000922251"
"3280200012400058801";"03222982024001101341"
"3280200012400016076";"03222982024000282686"
"1110100381900017235";"01156142019004036354"
"1960100032300063833";"01949752023013339934"
"1960100032300061822";"01949752023013344342"
"1960100032300061784";"01949752023013338024"
"1960100032300014913";"01949752023003064118"
"3210100032500028980";"03213132025001159971"
"3210100032500018942";"03213132025000577681"
"3210100032500017881";"03213132025000586591"
"1130100092300009645";"07478812023008186444"
"2130100012400014008";"06914652024000254321"
"1960100032000011321";"01949752019011701992"
"1130100302500007061";"07478452025009737105"
"1960100032100112353";"01949752021013576861"
"1960100032100104733";"01949752021011091780"
"3410100022400000940";"04285612024000050358"
"1130300012400050020";"07174782024004393952"
"2130100012400035153";"06914862024000578509"
"1960100031900091949";"01949752019010096734"
"1960100031900064887";"01949752019007903985"
"1110100012500068314";"011163272025008974469"
"1110100012500066222";"011163272025007831575"
"3410100012100005808";"042149732021000045443"
"1960100032400027663";"01949752024004991722"
"1960100032400058690";"01949752024010274280"
"1960100032400043502";"01949752024004993938"
"1960100032400019385";"01949752024003591097"
"2130100012500035549";"06914652025000467503"
"1110100942500006581";"01155712025006421813"
"1110100942500007683";"01155712025007797639"
"1960100032500101280";"01949752025019813443"
"1960100032000053725";"01949752020002789779"
"1960100032000101398";"01949752020009216162"
"1960100031900085159";"01949752019010397513"
"1960100032200026028";"01949752022004835231"
"1960100032200026125";"01949752022004835231"
"1960100032200012345";"01949752022002878811"
"1960100032200014747";"01949752022003245651"
"2080100042300003401";"03030272023014522521"
"1960100032500017352";"01949752025003653999"
"1960100032500026262";"01949752025003655690"
"1960100032500022003";"01949752025005141499"
"1960100032500103021";"01949752025023890236"
"1960100032500051607";"01949752025009648458"
"3410100032500003356";"042172942025000111861"
"2080100732500033783";"030196362025014614274"
"2130100012100013667";"06914652021000083469"
"2130100012100020051";"06914652021000361370"
"2130100012500043797";"06914862025000469905"
"3280200012500040184";"03222982025000757723"
"1960100032100110334";"01949752021014237351"
"1960100032100111047";"01949752021014217164"
"1960100032100039192";"01949752021003717314"
"1110100382000002285";"01156162020001338259"
"1960100032400014650";"01949752024000762478"
"1960100032400014502";"01949752024000762478"
"1110100462400011298";"01155792024005353706"
"3280200012400057996";"03222982024000690296"
"1960100032300017548";"01949752023003444018"
"3210100032500020149";"03213132025000820020"
"1130100322300000409";"07478542023002749229"
"3410100012400008960";"042172942024000112904"
"3410100012400008790";"042172942024000112653"
"1960100032100112205";"01949752021013576861"
"1130100262400001285";"07477932024001463198"
"3410100022500004657";"04228292025000086169"
"1110100382500020907";"01156182025002865979"
"1960100031900026111";"01949752019001247890"
"1960100031900064593";"01949752019007825496"
"2220100012500011451";"05445822025000244775"
"2220100012500007495";"05445842025000130057"
"1960100032400013794";"01949752024001967731"
"1960100032400009738";"01949752024001419793"
"1960100032400030842";"01949752024005133291"
"1960100032400075366";"01949752024014975991"
"1960100032400075285";"01949752024014975991"
"1960100032400058267";"01949752024010274875"
"1960100032400040449";"01950502023016870629"
"1960100032500035733";"01949752025004219907"
"1130300012100018111";"07174782021001909441"
"1960100032000083780";"01949752020009000071"
"2080100162200005352";"030159742022013362618"
"1960100032200068537";"01949752022012486762"
"1960100032200106511";"01949752022019615347"
"1960100032200102018";"01949752022018371240"
"1960100032200068502";"01949752022012335128"
"1960100032200020860";"01949752022003215158"
"1960100032200024041";"01949752022004851783"
"1960100032200024165";"01949752022004851783"
"1050100012300015316";"03249452023000800094"
"1960100032500050325";"01949752025010438674"
"1960100032500000956";"01949752025000526767"
"1960100032500007128";"01949752025000561597"
"1960100032500030863";"01949752025003655347"
"1960100032500021880";"01949752025005141499"
"1960100032500065489";"01949752025010864851"
"1960100032500093016";"019127922025012373702"
"1960100032500080550";"01949752025018269936"
"3810100032500013257";"082172142025000299599"
"2080100272500004055";"030193292025024752334"
"2110100052500004241";"02121222025000568718"
"1960100032100101211";"01949752021011783584"
"1960100032100130701";"01949752021014216010"
"1960100032100106817";"01949752021011529874"
"1110100382000002420";"01156162020001338259"
"1960100032400079612";"01949752024014539822"
"1130300012200030442";"07132902022001596104"
"1110100462200048652";"01155792022006351098"
"1110100462200084659";"01155792022008140973"
"3280200012400014766";"03222982024000125912"
"3280200012400058542";"03222982024000655032"
"1960100032300016827";"01949752023002885363"
"1960100032300010454";"01949752023002103161"
"1960100032300019974";"01949752023003451316"
"1960100032300106796";"01949752023021409601"
"3210100032500019183";"03213132025000691548"
"2080100942500015165";"030156672025016846375"
"1960100012500112989";"01951862025023608586"
"2080100042000002564";"03030272020010805623"
"1960100032400092600";"01949752024011230448"
"3410100022400001173";"042172962024000110671"
"1130300012400049480";"07174782024004627538"
"3410100032400002959";"042172962024000096237"
"1960100031900091582";"01949752019012323053"
"1960100031900038479";"01949752019001481141"
"3410100012100005816";"042149732021000044129"
"1960100032500052263";"01949752025008221116"
"1960100032400028783";"01949752024004987881"
"1960100032400027507";"01949752024004991722"
"1960100032400061594";"019155652024011503411"
"1960100032400046641";"01949752024004997330"
"1960100032400030834";"01949752024005133291"
"1960100032400013271";"01949752024002649067"
"1960100032400108401";"01949752024021591311"
"1960100032400055012";"01949752024010274611"
"1960100032500011478";"01949752025001252661"
"1110100942500014949";"01155742025004091974"
"1960100032000081249";"01949752020009636021"
"1960100031900085124";"01949752019010397513"
"1960100032200060943";"01949752022011411971"
"1960100032200015697";"01949752022002946582"
"1050100012300011531";"03249452023000424688"
"1050100012300014409";"03249452023000802895"
"1960100032500016585";"01949752025003655266"
"1960100032500030707";"01949752025003655347"
"1960100032500057095";"019149562024012679839"
"1960100032500103593";"01949752025023890406"
"2080100272500003441";"030193292025021928270"
"1960101082000001107";"01951202020004193906"
"1960100032300046981";"01949752023009148101"
"1960100032300047153";"01949752023009148101"
"1960100032300047110";"01949752023009148101"
"2230100011900020634";"06219832019000364317"
"2130100012500020355";"06914652025000210995"
"2080100942400012102";"030156672024011264547"
"2080100272400001851";"03025632024008681150"
"1110100382300013225";"01155202023005686243"
"1960100032400014571";"01949752024000762478"
"1960100032400038061";"01949752024002609944"
"1960100032400079558";"01949752024014539822"
"3410100012200004601";"042151342022000039692"
"1110100382100028051";"01156142021003830297"
"3210100032400010785";"03213132024000944755"
"1110100462400046032";"01155792024010005001"
"1110100462400006383";"01155792024003865441"
"3280200012400063491";"03222982024000704939"
"1960100032300016851";"01949752023003442741"
"1960100032300051916";"01949752023010995750"
"1960100032300080495";"01949752023016249634"
"1960100032300076269";"01949752023016234793"
"1960100032300112011";"01949752023021824251"
"1960100032300016241";"01949752023003445413"
"1960100032300019362";"01949752023003304194"
"3210100032500022273";"03213132025000888767"
"2130100012400023619";"06914692024000481768"
"1960100032100112426";"01949752021013576861"
"1960100032100112094";"01949752021013576861"
"3410100022500003944";"04228292025000083739"
"1960100031900021061";"01949752019001249329"
"1960100031900092104";"01949752019012324025"
"1960100032500052549";"01949752025008221116"
"1960100032400018648";"01949752024003571142"
"1960100032400057899";"01949752024003577183"
"1960100032400094069";"01949752024010272911"
"1960100032400055039";"01949752024010274611"
"1110100382400005741";"01156182024000106972"
"2130100012500036383";"06914652025000470121"
"1960100032500035687";"01949752025004219907"
"1960100032000083721";"01949752020009000071"
"1110100462300007669";"01155792023002161678"
"1960100032200018408";"01949752022003695770"
"1130300012400043512";"07132832024004328990"
"2080100252300002839";"030147792023022289971"
"1960100032500070687";"01949752025015297866"
"1960100032500103976";"01949752025023902935"
"1960100032500007756";"01949752025000560191"
"1960100032500035008";"01949752025006598646"
"1960100032500017220";"01949752025003654456"
"1960100032500101906";"01949752025023889815"
"1130100212100003314";"07471292021004312046"
"1960100032200052347";"01949752022008405711"
"2080100272500000912";"030193292025004004227"
"2130100012100020531";"06914652021000361370"
"2130100012100020280";"06914652021000361370"
"2130100012100019924";"06914652021000361370"
"1960100032000104818";"01949752020013879910"
"1960100032000104826";"01949752020014079089"
"1960100032300063264";"01949752023010624182"
"2230100011900019628";"06219832019000334078"
"2110100062500001361";"02121082025000632352"
"2080100272400005138";"030193292024024024982"
"2080100952400013051";"03026852024015378702"
"1960100032100012685";"01949752021002554489"
"1960100032100111012";"01949752021014217164"
"1960100032100130424";"01949752021012894355"
"1110100382300013098";"01155202023005686243"
"1960100032400041951";"01949752024007055386"
"1960100032400038177";"01949752024002609944"
"1110100382300007284";"01156142023004030407"
"1110100382200006389";"01156142022006023423"
"1110100462400002272";"01155792024001973009"
"1110100462400011476";"01155792024005358686"
"1110100832500002165";"01192542025012252506"
"3280200012400062671";"03222982024000709655"
"1960100032300066913";"01949752023013340789"
"1960100032300016487";"01949752023003308181"
"1960100032300109175";"01950502023016868993"
"1960100032300096601";"01949752023019986427"
"3210100032500017466";"03213132025000577419"
"2130100012400001550";"06914652023000652384"
"2130100012400023503";"06914652024000320994"
"1110100382500011460";"01156182024000106972"
"1960100031900090551";"01949752019001253512"
"1960100031900092015";"01949752019012329507"
"1960100031900093925";"01949752019010097200"
"1960100032500104476";"01949752025023653111"
"1960100032400078640";"01949752024014968014"
"1960100032400102673";"01949752024020848327"
"1960100032400020278";"01949752024003570502"
"1960100032400061519";"019155652024011503411"
"1960100032400057902";"01949752024003577183"
"1960100032400019474";"01949752024003591097"
"1960100032400054873";"01949752024010274611"
"1960100032500101353";"01949752025019813443"
"1110100461900154374";"01155782019005453414"
"1960100032000092879";"01949752020011118989"
"1960100032000090000";"01949752020011556919"
"1960100032200106811";"01949752022019453002"
"1960100032200022456";"01949752022004428431"
"1960100032200079891";"01949752022014292558"
"1960100032200015786";"01949752022002946582"
"1960100032200069088";"01949752022012345603"
"1960100032200012639";"01949752022002877327"
"2080100722400006301";"03023762024016285419"
"1960100032500077721";"01949752025017543481"
"1960100032500077800";"01949752025017543481"
"1960100032500081557";"01949752025017545697"
"1960100032500070377";"01949752025015297866"
"1960100032500002037";"01949752025000546954"
"1960100032500030847";"01949752025002440100"
"1960100032300019435";"01949752023003393782"
"1110100012200064494";"01155712022008393881"
"1960100032300082609";"01949752023011815062"
"1960100032300063329";"01949752023010624182"
"1110100381900003633";"01156182019000336361"
"1130300012500036952";"07132902025003410221"
"3280200012500033757";"03222982025000708609"
"3280200012500028591";"03222982025000136532"
"3280200012500042039";"03222982025000725953"
"2080100732400034866";"030132222024022418891"
"2080100272400004808";"030193292024023516644"
"2080100272400001841";"03025632024008647814"
"3210100032600001718";"03213132026000059729"
"1960100032400014162";"01949752024000762478"
"2130100012200011103";"06914862022000174554"
"1110100462400051133";"01155792024010746273"
"3280200012400054199";"03222982024000679811"
"3280200012400057635";"03222982024000117995"
"3280200012400062655";"03222982024000682862"
"1960100032300063671";"01949752023013339934"
"1960100032300076374";"01949752023016208610"
"1960100032300080770";"01949752023016576597"
"1960100032300106907";"01949752023021409601"
"1960100032300112346";"01949752023021401295"
"1960100032000011380";"01949752019011701992"
"1960100032100110059";"01949752021013197925"
"3010100022400004099";"00420392024000173213"
"1960100031900031148";"01949752019001329608"
"1960100031900097637";"01949752019013511007"
"1960100032400008758";"01949752024001419793"
"1960100032400102991";"01949752024020861269"
"1960100032400094514";"01949752024019115818"
"1960100032400032373";"01949752024005491022"
"1960100032400018877";"01949752024003572718"
"1960100032500101124";"01949752025019813443"
"1960100032000090779";"01949752020009547789"
"1960100032000108236";"01949752020014061112"
"1960100032000087670";"01949752020011115459"
"1960100031900057147";"01949752019005464381"
"1960100032200027237";"01949752022004835915"
"1960100032200060951";"01949752022011411971"
"1960100032200067794";"01949752022012441408"
"1960100032500081271";"01949752025017545697"
"1960100032500007251";"01949752025000561597"
"1960100032500037361";"01949752025007491896"
"1960100032500021910";"01949752025005141499"
"1960100032500035253";"01949752025006598646"
"1960100032500035091";"01949752025006598646"
"1960100032500108757";"01949752025023889491"
"1960100032500080623";"01949752025018269936"
"1960100032500009945";"01949752025002460216"
"2130100012200002325";"06914692022000025981"
"1130300012500040593";"07174782025003436241"
"2130100012100014272";"06914652021000083469"
"1960101082000001271";"01990372020004732114"
"1960100032100130734";"01949752021014216010"
"1960100032100100843";"01949752021002574757"
"1960100032100092859";"01949752021002627711"
"1110100382000002587";"01156162020001338259"
"1110100012500073768";"011163272025006982812"
"2080200062100012149";"01265222021003509078"
"1110100382200009906";"01156142022006864576"
"1110100382200011528";"01187502022004204213"
"3280200012400058119";"03222982024000655717"
"1960100032300067065";"01949752023013340789"
"1960100032300075998";"01949752023016214920"
"1960100032300061768";"01949752023013338024"
"1960100032300075823";"01949752023016234793"
"3210100032500030276";"03213132025001221286"
"3210100032500024871";"03213132025000942729"
"3210100032500023083";"03213132025000934891"
"1130100322300000352";"07478542023002644044"
"1960100032400040805";"01949752024001725720"
"3410100022400000991";"04285612024000083019"
"3410100022400001092";"042172962024000106569"
"1960100031900078586";"01949752019004772821"
"1960100031900020871";"01949752019001245927"
"1960100032500094888";"01949752025019762512"
"1960100032400099011";"01949752024020259178"
"1960100032400099044";"01949752024020259178"
"1960100032400058771";"01949752024010274280"
"1960100032400017749";"01949752024002148793"
"1110100382400005970";"01156182024000106972"
"1130100082500011147";"07479002025005293877"
"1960100032500110603";"01949752025024479530"
"1110100382100034851";"01156162021004920880"
"1960100032000086127";"01949752020009768793"
"1960100032000101371";"01949752020009216162"
"1960100032200106498";"01949752022019615347"
"1960100032200012809";"01949752022002878137"
"1960100032200068383";"01949752022012335128"
"1960100032200068391";"01949752022012335128"
"1960100032200065031";"01949752022011895308"
"2080100232400002466";"030150102024021283786"
"1960100032500002592";"01949752025000557212"
"1960100032500102120";"01949752025023889815"
"1960100032500005761";"01949752025000563883"
"1960100032500081913";"01949752025017547550"
"1960100032500081891";"01949752025017547550"
"1130100272100002575";"07477862021000872259"
"1960101082000001158";"01990372020003957848"
"1110100942400013026";"01155742024010105808"
"3410100022300000715";"04285612023000067497"
"2230100011900019180";"06219832019000332881"
"3280200012500040710";"03222982025001008589"
"3280200012500012725";"03222982025000136702"
"3280200012500017158";"03222982025000412661"
"1960100032100047756";"01949752021002984572"
"1960100032100111284";"01949752021014232554"
"1960100032400014898";"01949752024000762478"
"1960100032400077040";"01949752024007755361"
"1960100032400014561";"01949752024000762478"
"3960100012400075749";"09317322024000051103"
"1110100462200025172";"01155772022003347494"
"1960100012500121260";"01951862025023783663"
"3280200012400062681";"03222982024000709655"
"3280200012400060881";"03222982024001135679"
"1050100012500007756";"03249292025000560113"
"1960100032300017181";"01949752023002886840"
"1960100032300017769";"01949752023003450417"
"1960100032300098947";"01950502023019773713"
"3210100032500020114";"03213132025000792816"
"3210100032500024020";"03213132025000957831"
"3210100032500004453";"03213132025000166711"
"3210100032500020671";"03213132025000823126"
"3210100032500032910";"03213132025001253480"
"2810100012300007742";"02822072022000271440"
"2080100942500015191";"030156672025016846375"
"2130100012400001585";"06914652023000652384"
"2130100012400005688";"06914652024000026026"
"2080300132400008708";"08993472024005261285"
"1960100032400040740";"01949752024001726459"
"1130300012400042915";"07174782024004336134"
"1130400012400059056";"07367982024001868188"
"1960100031900070021";"01949752019007812165"
"1960100031900060865";"01949752019007825496"
"1960100031900064372";"01949752019007212991"
"1960100542500019257";"01985312025015293315"
"1960100032500039739";"01949752025008171763"
"1960100032500052670";"01949752025008221116"
"1960100032400008162";"01949752024001419360"
"1960100032400055071";"01949752024010274611"
"2110100062500001353";"02121082025000624252"
"1960100032500035768";"01949752025004219907"
"1960100032200068545";"01949752022012486762"
"1960100032200012000";"01949752022002880549"
"1960100032200027733";"01949752022004838922"
"1960100032200014763";"01949752022003245651"
"1960100032200024661";"01949752022004833114"
"1960100032200015379";"01949752022003216472"
"1960100032200013228";"01949752022003132295"
"1960100032200105122";"01949752022019598159"
"1960100032500081549";"01949752025017545697"
"1960100032500026300";"01949752025003655690"
"1960100032500081867";"01949752025017547550"
"2130100012100012709";"06914692021000197234"
"3410100022300001010";"04285612023000067730"
"3280200012600000926";"03222982026000065199"
"3280200012500042268";"03222982025000665527"
"2080100732400034947";"030132222024022418891"
"1960100032100010550";"01949752021001966112"
"1960100032100016699";"01949752021002583667"
"1960100032100122782";"01949752021002625688"
"1960100032100093057";"01949752021002627711"
"3210100032600005772";"03213132026000146028"
"1960100032400078322";"01949752024007755361"
"1110100382100035104";"01156142021005047727"
"1110100382200011511";"01187502022004204213"
"3410100022500003731";"04228292025000084972"
"1110100462400011395";"01155792024005381742"
"1960100032300066980";"01949752023013340789"
"1960100032300010438";"01949752023002103161"
"1960100032300106982";"01949752023021409601"
"1960100032300078751";"01949752023016231859"
"1960100032300079799";"01949752023016236575"
"3210100032500010860";"03213132025000460317"
"3210100032500011492";"03213132025000407416"
"3210100032500020793";"03213132025000767382"
"3410100012400010213";"042172942024000112734"
"1960100032400092597";"01949752024011230448"
"1960100031900091604";"01949752019011926137"
"1960100031900061543";"01949752019007815938"
"1960100032500104468";"01949752025023653111"
"1960100032500053014";"01949752025008221701"
"1960100032500053545";"01949752025008221701"
"1960100032500052034";"01949752025008221116"
"1960100032400102614";"01949752024020848327"
"1960100032400054377";"01949752024010274956"
"1960100032400008741";"01949752024001419793"
"1960100032400061543";"019155652024011503411"
"1960100032400057961";"01949752024003577183"
"2130100012500051374";"06914862025000675211"
"1960100032500003130";"01949752025000792815"
"1050100012500015422";"03249452025000614152"
"1110100461900154331";"01155782019005453082"
"1960100032000032744";"01949752020002470616"
"1960100032000097293";"01949752020012742660"
"1960100032200069126";"01949752022012487904"
"1960100032200097650";"01949752022018176382"
"1960100032200060889";"01949752022011411971"
"1960100032200024521";"01949752022004833114"
"1960100032200012485";"01949752022002879371"
"2080100702400001605";"03097792024012513641"
"2080100252300003061";"030147792023022864231"
"1960100032500070822";"01949752025015298161"
"1960100032500021864";"01949752025005141499"
"1960100032500103011";"01949752025023890236"
"1960100032500010080";"01949752025002460216"
"1960100032300063426";"01949752023010624182"
"1110100381900003749";"01156182019000336361"
"2230100011900020138";"06219832019000349695"
"2230100011900018729";"06219832019000330161"
"2230100011900019172";"06219832019000330757"
"2130100012500034747";"06914862025000376818"
"3280200012500034273";"03222982025000702589"
"3280200012500028419";"03222982025000582311"
"2080100732400034981";"030132222024022418891"
"1960100032100099012";"01949752021011088304"
"1960100032100111179";"01949752021014237947"
"1960100032100111306";"01949752021014232988"
"2130100012200025104";"06914652022000464366"
"1110100382300014515";"01155172023006873998"
"1960100032400014138";"01949752024000762478"
"1130300012400039418";"07174782024002962097"
"1110100382200002804";"01156142022003644338"
"3280200012400049373";"03222982024000585409"
"1960100032300075343";"01949752023016214920"
"1960100032300016630";"01949752023003446576"
"1960100032300015881";"01949752023003450417"
"1960100032300080932";"01949752023016576597"
"1960100032300098831";"01950502023019773713"
"1960100032300112176";"01949752023021401295"
"3210100032500017148";"03213132025000519567"
"3210100032500025477";"03213132025000989873"
"1110100382500020621";"01156182025002865979"
"1110100382500011452";"01156182024000106972"
"2080100302100006371";"030148922021012432415"
"1960100031900020995";"01949752019001195482"
"1960100032400056922";"01949752024010275090"
"1960100032400056965";"01949752024010275090"
"1960100032400009924";"01949752024001418550"
"1960100032400019751";"01949752024003613414"
"1960100032400054407";"01949752024010274956"
"1960100032400010167";"01949752024001417821"
"1960100032400032926";"01949752024003576535"
"1960100032400032861";"01949752024003576535"
"1960100032400019350";"01949752024003591097"
"1960100032400012208";"01949752024002073921"
"1960100032400029471";"01949752024005135749"
"1960100032200068618";"01949752022012486762"
"1960100032200027741";"01949752022004838922"
"1960100032200026559";"01949752022004835583"
"1960100032200014437";"01949752022002922560"
"2080100232400002369";"030150102024021283786"
"1960100032500012563";"01949752025002447538"
"1960100032500110301";"01949752025024212371"
"1960100032500105847";"01949752025023889319"
"1960100032500057011";"019149562024012679839"
"1960100032500031428";"01949752025006603071"
"2130100012100020310";"06914652021000361370"
"1960100032300063361";"01949752023010624182"
"3280200012500007276";"03222982025000031439"
"3210100032600007287";"03213132026000221097"
"1960100032400037952";"01949752024002609944"
"1960100032400014847";"01949752024000762478"
"1960100032400038053";"01949752024002609944"
"1960100032400076613";"01949752024007755361"
"3280200012400057775";"03222982024000674177"
"1960100032400097416";"01949752024020224382"
"1960100032300017051";"01949752023003442741"
"1960100032300063868";"01949752023013339934"
"1960100032300019087";"01949752023003304194"
"1960100032300109337";"01950502023016868993"
"1960100032300098890";"01950502023019773713"
"1960100032300096537";"01949752023019986427"
"2080100022100000921";"03030252021004287060"
"1960100031900021029";"01949752019001245927"
"1960100032400057430";"01949752024010274794"
"1960100032400054717";"01949752024010272155"
"1960100032400018941";"01949752024003572718"
"1960100032400054997";"01949752024010274611"
"1960100032400032330";"01949752024005491022"
"1960100032400094271";"01949752024019115818"
"1110100942500005801";"01155712025006266311"
"1960100032500011435";"01949752025001252661"
"1960100032000084035";"01949752020009698485"
"1960100032000069249";"01949752020009008306"
"1110100462300086471";"01155792023009874220"
"1110100462300087476";"01155792023009878641"
"1960100032200041590";"01949752022007576660"
"1960100032200049990";"01949752022009239318"
"1960100032200069134";"01949752022012487904"
"1960100032500007039";"01949752025000534191"
"1960100032500014639";"01949752025003281757"
"1960100032500008191";"01949752025000560604"
"1960100032500008256";"01949752025000560604"
"1960100032300019494";"01949752023003393782"
"1960101082000001301";"01990372020004732114"
"1960100032300047188";"01949752023009148101"
"1110100381900003595";"01156182019000336361"
"2230100011900020332";"06219832019000355911"
"3280200012500042020";"03222982025000482015"
"3280200012500041946";"03222982025000198058"
"1960100032100010771";"01949752021001981006"
"1960100032100100703";"01949752021011102064"
"1960100032100105551";"01949752021011116952"
"3210100032600004687";"03213132026000154390"
"1960100032400037995";"01949752024002609944"
"3410100012200004563";"042151342022000014860"
"2080101032300001067";"030161182023007549518"
"3280200012400056655";"03222982024000655385"
"1960100032300017300";"01949752023003445090"
"1960100032300076293";"01949752023016234793"
"1960100032300112079";"01949752023021824251"
"3210100032500020904";"03213132025000836708"
"3210100032500018209";"03213132025000633858"
"3210100032500019213";"03213132025000615281"
"3210100032500019108";"03213132025000691467"
"3210100032500008505";"03213132025000251653"
"2130100012400001402";"06914652023000652384"
"3010100022400004080";"00420392024000173213"
"850100022500008413";"03907912025000448481"
"1960100031900061561";"01949752019007815938"
"1960100032500052921";"01949752025008221701"
"1960100032400057295";"01949752024010274794"
"1960100032400034643";"01950502023018544737"
"1960100032400058811";"01949752024010274280"
"1960100032400033061";"01949752024006134801"
"1110100942500009376";"01155712025007385101"
"1960100032500088705";"01949752025017089829"
"1960100032000091376";"01949752020009691049"
"2080100252200001046";"030147792022008175431"
"1960100032200088031";"01949752022016401770"
"1960100032200025455";"01949752022004838418"
"1960100032200012973";"01949752022002879885"
"1960100032200068413";"01949752022012335128"
"1960100032200015638";"01949752022002946582"
"1960100032500070830";"01949752025015298161"
"1960100032500007705";"01949752025000560191"
"1960100032500007438";"01949752025000560191"
"1960100032500074356";"01949752025015031599"
"1960100032500031193";"01949752025006603071"
"1960100032500002444";"01949752025000557212"
"1960100032500023239";"01949752025002421318"
"1960100032300019524";"01949752023003393782"
"1960100032300019451";"01949752023003393782"
"1960100032200052241";"01949752022008405711"
"1960100032200052215";"01949752022008405711"
"2130100012100014043";"06914652021000083469"
"2130100012100020167";"06914652021000361370"
"1110100012200064729";"01155712022008341067"
"1110100942400010401";"01155712024005462108"
"3280200012500037582";"03222982025000687334"
"3280200012500007675";"03222982025000015581"
"2080100732400034841";"030132222024022420364"
"2080101102400009662";"030177672024023710771"
"1960100032100102714";"01949752021011747600"
"1960100032100113570";"01949752021014236118"
"1110100382300013179";"01155202023005686243"
"2080100722300006321";"03003932023001927623"
"1110100382000002579";"01156162020001338259"
"2080100842200001470";"030166482022018734686"
"1110100382200006362";"01156142022006023423"
"1110100462400051117";"01155772024009698533"
"1110100462500026461";"01155772025007574081"
"2130100012300019501";"06914652023000420688"
"1960100032300107245";"01949752023021418856"
"1960100032300050898";"01949752023010852215"
"1960100032300076536";"01949752023016249634"
"1960100032300076277";"01949752023016234793"
"1960100032300075718";"01949752023016234360"
"1960100032300080762";"01949752023016576597"
"1960100032300073121";"01949752023010871015"
"3210100032500013691";"03213132025000518412"
"2080101042500001715";"030175312025010174139"
"1960100032000011348";"01949752019011701992"
"1960100032100112175";"01949752021013576861"
"1960100032100104822";"01949752021011091780"
"1960100031900021053";"01949752019001245927"
"1110100012500073741";"011163272025009831998"
"1110100012500056359";"011163272025007442676"
"1960100032400057491";"01949752024010274794"
"1960100032400018478";"01949752024003571142"
"1960100032400094220";"01949752024010272911"
"1960100032400061209";"01949752024010271515"
"1960100032400109139";"01949752024022037261"
"1110100382400011441";"01156182024000106972"
"2080100272300001861";"03025632023019591555"
"1960100032000032663";"01949752020002470616"
"1110100462300086488";"01155792023009874220"
"1960100032200024874";"01949752022004850469"
"1960100032200068375";"01949752022012335128"
"1960100032200068960";"01949752022012345603"
"1960100032500010331";"01949752025002438628"
"1960100032500007713";"01949752025000560191"
"1960100032500074763";"01949752025015031599"
"2080100842300003305";"030166482023022963776"
"1960100032500023123";"01949752025002421318"
"3410100032500003291";"042172942025000111518"
"2130100012100013942";"06914652021000083469"
"2230100011900019199";"06219832019000332709"
"2130100012500022277";"06914862025000236471"
"2130100012500035565";"06914862025000456838"
"3280200012500037124";"03222982025000695191"
"3280200012500016811";"03222982025000196781"
"2080100272400002171";"03025632024009579677"
"2080100942400017821";"030156672024016687454"
"2080100272400004905";"030193292024023493253"
"1960100032100017581";"01949752021002883628"
"1960100032100010410";"01949752021001978471"
"1960100032100092913";"01949752021002627711"
"1130400012200012774";"07382862021001083537"
"1960100032400014431";"01949752024000762478"
"2230100012300017718";"06220002023000320317"
"3280200012400003632";"03222982024000070581"
"3280200012400057805";"03222982024001053940"
"1960100032300010462";"01949752023002103161"
"1960100032300015820";"01949752023003450417"
"1960100032300054001";"01949752023010875185"
"3210100032500021560";"03213132025000735006"
"2130100012400005742";"06914652024000026026"
"1960100032100110105";"01949752021013197925"
"1960100032100101701";"01949752021010914901"
"1110100382500020869";"01156182025002865979"
"1110100382500011541";"01156182024000106972"
"1960100031900079051";"01949752019007904361"
"1110100012500055506";"011163272025008819145"
"1960100542500019591";"01985312025015369656"
"1960100032400020601";"01949752024003573439"
"1960100032400021924";"01949752024003612949"
"1960100032400094336";"01949752024019115818"
"2130100011900028221";"06914652019000104412"
"2130100012500036596";"06914652025000471616"
"1110100942500009910";"01155712025007228774"
"1130300012400047194";"07132902024004199841"
"1960100032000032851";"01949752020002789931"
"1960100032000090507";"01949752020011557800"
"1110100462300047301";"01155792023007058778"
"3410100022400002005";"04285612024000136741"
"1960100032200027067";"01949752022004852593"
"1960100032200026575";"01949752022004835583"
"1960100032200068431";"01949752022012335128"
"1960100032200015298";"01949752022003216472"
"1960100032200020844";"01949752022003215158"
"2080100042300004262";"03030272023020245810"
"2080100042300002200";"03030272023006967013"
"1960100032500081581";"01949752025017545697"
"1960100032500105626";"01949752025023889319"
"1960100032500006970";"01949752025000561597"
"1960100032500051763";"01949752025009648458"
"1130300012500049531";"07134412025004515074"
"2230100011900019067";"06219832019000331303"
"2130100012500049140";"06914862025000643433"
"1960100032400037669";"01949752024002609944"
"1960100032400037839";"01949752024002609944"
"1960100032400080149";"01949752024014539822"
"3410100012200002978";"042151342022000014606"
"1110100012100039568";"01155712021003898364"
"1110100462400046067";"01155792024010005346"
"3280200012400055039";"03222982024000690610"
"1960100032300016959";"01949752023003308181"
"1960100032300075467";"01949752023016234360"
"1960100032300021189";"01949752023003452380"
"1960100032300010349";"01949752023002360562"
"1960100032300076692";"01949752023016229617"
"1960100032300016142";"01949752023003307029"
"1960100032300076171";"01949752023016235170"
"3210100032500030391";"03213132025001210080"
"3210100032500018853";"03213132025000576528"
"3210100032500011549";"03213132025000364857"
"3210100032500020033";"03213132025000569823"
"2080100942500015254";"030156672025016846375"
"2130100012400005671";"06914652024000026026"
"2130100012400007796";"06914652024000125512"
"2130100012400001577";"06914652023000652384"
"1110100942300009561";"01155712023006741433"
"3410100022400000916";"04285612024000051915"
"1960100031900091833";"01949752019001253512"
"1960100031900090446";"01949752019008973031"
"1960100031900064402";"01949752019007812416"
"1960100031900037839";"01949752019001478271"
"1960100032500053499";"01949752025008221701"
"1960100032400057473";"01949752024010274794"
"1960100032400075315";"01949752024014975991"
"1960100032400075358";"01949752024014975991"
"1960100032400017730";"01949752024002148793"
"1010100012200014162";"01023912022000209164"
"1110100382400017960";"01156182024000106972"
"1110100942500007101";"01155712025006363511"
"1110100462300039978";"01155792023006206510"
"1110100462300087468";"01155792023009874815"
"1960100032200011926";"01949752022002727601"
"1960100032200103952";"01949752022018527789"
"1960100032200026516";"01949752022004835583"
"1960100032200068308";"01949752022012335128"
"2010200012400013755";"09981442024000883003"
"1960100032500110069";"01949752025024212371"
"1960100032500105774";"01949752025023889319"
"1960100032500057109";"019149562024012679839"
"1960100032500092931";"019127922025012373702"
"2130100012200003879";"06914652022000068509"
"2080100272500002834";"030193292025015899794"
"2130100012100014442";"06914652021000083469"
"2130100012100019983";"06914652021000361370"
"1960100032300063434";"01949752023010624182"
"1110100381900003498";"01156182019000349004"
"1730100012300007783";"037152652023000159790"
"2130100012500018148";"06914862025000230864"
"3280200012500037469";"03222982025000930379"
"2080100732400035048";"030132222024022417738"
"1110100382000002536";"01156162020001338259"
"1130100152400005066";"07470222024002686913"
"1110100462200033981";"01155792022005702610"
"1210100032200001010";"08217412022000260927"
"1010100012400011123";"01023912024000130268"
"3280200012400054873";"03222982024000661512"
"1110100381900019734";"01156142019006885162"
"1960100032300016347";"01949752023003445413"
"3210100032500023962";"03213132025000968876"
"3210100032500015080";"03213132025000477031"
"3210100032500013827";"03213132025000514921"
"2130100012400001429";"06914652023000652384"
"2080100142000004431";"03020902020011120046"
"3410100022400000932";"042172962024000098361"
"1960100031900093976";"01949752019012332214"
"1960100031900020782";"01949752019001129269"
"1960100031900070011";"01949752019007812165"
"1110100012500055255";"011163272025008975511"
"2210100012500014821";"02222422025000202944"
"1210100021900002438";"08217272019000727415"
"1960100032500052689";"01949752025008221116"
"1960100032400014014";"01949752024001967731"
"1960100032400022807";"01949752024003592654"
"1960100032400109236";"01949752024022037261"
"1960100032400108515";"01949752024021591311"
"2130100012500036421";"06914652025000471284"
"1110100942500012032";"01155712025008777810"
"1960100032200014682";"01949752022003245651"
"1960100032200096166";"01949752022018130218"
"2080100042300004289";"03030272023020245810"
"2080100302300006184";"030148922023013036469"
"1960100032500103844";"01949752025023901530"
"1960100032500070512";"01949752025015297866"
"1960100032500014272";"01949752025002462928"
"1960100032500007322";"01949752025000561597"
"1960100032500001545";"01949752025000521536"
"1960100032500030774";"01949752025003655347"
"1960100032500010137";"01949752025002438628"
"1960100032500007462";"01949752025000560191"
"1960100032500007527";"01949752025000560191"
"1960100032500092966";"019127922025012373702"
"1960100032500002371";"01949752025000557212"
"1960100032500002568";"01949752025000557212"
"1960100032500094322";"019127922025012381713"
"1960100032300013216";"01949752022007852616"
"3280200012500013950";"03222982025000190588"
"1960100032100105535";"01949752021011116952"
"1960100032400014685";"01949752024000762478"
"1110100462100021369";"01155772021002196891"
"1110100462200048687";"01155792022006359234"
"3280200012400061527";"03222982024000686515"
"1960100032300061717";"01949752023013338024"
"1960100032300108071";"01949752023021414788"
"3210100032500003252";"03213132025000068611"
"3210100032500003430";"03213132025000140070"
"3210100032500000911";"03213132025000040873"
"3210100032500011360";"03213132025000473397"
"3210100032500017989";"03213132025000649428"
"1110100012000040594";"01155712020002618715"
"1960100032100104709";"01949752021011091780"
"1960100032100110180";"01949752021013197925"
"1960100032400040864";"01949752024001725720"
"2080100112100000899";"030126962021008575036"
"1960100031900039361";"01949752019001329276"
"1960100542500019486";"01985312025015268621"
"1960100032400011058";"01949752024002090001"
"1960100032400094591";"01949752024019115818"
"1110100942500006571";"01155712025007499379"
"1110100382100034817";"01156162021004920880"
"1960100032000087719";"01949752020011144394"
"1960100032200068529";"01949752022012486762"
"1960100032200101674";"01949752022018526898"
"1960100032200101690";"01949752022018526898"
"1960100032200031536";"01949752022005296635"
"1960100032200024378";"01949752022004833114"
"2080100042300002219";"03030272023006967013"
"1960100032500022135";"01949752025004969817"
"1960100032500016542";"01949752025003655266"
"1960100032500030839";"01949752025003655347"
"1960100032500008221";"01949752025000560604"
"1960100032500008051";"01949752025000560604"
"1960100032500026335";"01949752025003655690"
"1960100032500051798";"01949752025009648458"
"1960100032500017166";"01949752025003654456"
"1960100032500005702";"01949752025000563883"
"2080100732500033848";"030196362025014614011"
"2130100012100020264";"06914652021000361370"
"1110100011900077904";"01155712019006770960"
"1130300012500037738";"07132902025003838507"
"3280200012500041581";"03222982025000703216"
"1960100032100103559";"01949752021011759616"
"1960100032400042239";"01949752024007055386"
"1960100032400038029";"01949752024002609944"
"1110100462100034312";"01155772021002148314"
"1110100382100033349";"01156142021005132414"
"1110100382100028302";"01156142021003144695"
"1110100382100035201";"01156142021005047727"
"1110100462200094451";"01155772022008176426"
"1960100012500127218";"019188432025024594588"
"1110100382200004221";"01156142022004171620"
"1960100012500105427";"01951862025021557585"
"1110100462500028411";"01155772025007612195"
"1110100462500028543";"01155772025008389716"
"1110100462500015883";"01155772025006220145"
"3280200012400047001";"03222982024000652793"
"3280200012400058305";"03222982024000661431"
"3280200012400052625";"03222982024000670422"
"1110100832200001838";"01192542022008581212"
"1960100032300107288";"01949752023021418856"
"1960100032300017688";"01949752023003072633"
"1960100032300080444";"01949752023016249634"
"1960100032300018080";"01949752023003307029"
"1130100322300005214";"07478542023008665019"
"2080300132400008651";"08993472024005240873"
"1960100032100104903";"01949752021011091780"
"3410100022500003316";"04228292025000053317"
"2080200062100012483";"01296602021004550039"
"1960100031900090561";"01949752019001253512"
"1960100031900064798";"01949752019007633589"
"1960100031900064771";"01949752019007633589"
"1960100031900037898";"01949752019001172199"
"1960100031900090594";"01949752019005344997"
"1960100031900092201";"01949752019012323568"
"1960100032500104514";"01949752025023653111"
"1960100032400084004";"01949752024007920150"
"1960100032400061608";"019155652024011503411"
"1960100032400043693";"01949752024004993938"
"1960100032400043596";"01949752024004993938"
"1960100032400020073";"01949752024003578155"
"1960100032400022841";"01949752024003592654"
"1960100032400022122";"01949752024003612949"
"1130100122500000334";"074187532025001240249"
"1110100942500004250";"01155712025005725142"
"1960100032500088721";"01949752025017089829"
"1960100032000088723";"01949752020009619283"
"1110100462300087751";"01155792023009898919"
"1960100032200079131";"01949752022014292396"
"1960100032200024513";"01949752022004833114"
"2080100052300006106";"030147772023021937478"
"1960100032500110441";"01950502025021518018"
"1960100032500077894";"01949752025017543481"
"1960100032500007209";"01949752025000561597"
"1960100032500057133";"019149562024012679839"
"1960100032500074305";"01949752025015031599"
"1960100032500057559";"01949752025012156099"
"1960100032500102015";"01949752025023889815"
"1960100032500005631";"01949752025000563883"
"2130100012100020191";"06914652021000361370"
"1210100032200000561";"08217452022000378102"
"3410100022300001355";"04285612023000066849"
"2230100011900020286";"06219832019000356128"
"3280200012500044104";"03222982025000944167"
"1960100032400042220";"01949752024007055386"
"2210100012100018795";"02222362021000325255"
"2130100012300028150";"06914862023000598002"
"1960100032300017726";"01949752023003446576"
"1960100032300015715";"01949752023003450417"
"1960100032300015804";"01949752023003446576"
"1960100032300075637";"01949752023016234360"
"1960100032300076617";"01949752023016229617"
"1960100032300081246";"01949752023016576597"
"2130100012400005718";"06914652024000026026"
"3410100022400001149";"04285612024000063921"
"3010100022400001510";"00420392024000118026"
"1960100031900020596";"01949752019001127819"
"1960100031900038258";"01949752019001247890"
"1960100542500019192";"01985282025016764901"
"1210100021900001903";"08217272019000732419"
"1960100032400084055";"01949752024007920150"
"1960100032400059646";"01949752024010274441"
"1960100032400019679";"01949752024003613414"
"1960100032400020774";"01949752024003578155"
"1960100032400109260";"01949752024022037261"
"1960100032400019431";"01949752024003591097"
"1960100032400021819";"01949752024003612949"
"1960100032400054849";"01949752024010274611"
"1960100032400102916";"01949752024020861269"
"1960100032400012194";"01949752024002073921"
"1960100032500011389";"01949752025001252661"
"1960100032500035660";"01949752025004219907"
"1960100032000101282";"01949752020009216162"
"1110100462300041352";"01155792023006373327"
"1960100032200025331";"01949752022004838418"
"1960100032200014720";"01949752022003245651"
"1960100032500105634";"01949752025023889319"
"1960100032500010234";"01949752025002438628"
"1960100032500021791";"01949752025005141499"
"1960100032500074488";"01949752025015031599"
"1960100032500005508";"01949752025000563883"
"2080100272500001765";"030193292025009610761"
"1960100032300047161";"01949752023009148101"
"1110100011900077912";"01155712019006775091"
"3280200012600004931";"03222982026000210466"
"2130100012500048047";"06914862025000541606"
"2080100272400005235";"030193292024024256417"
"1960100032100102706";"01949752021011782006"
"1960100032100122502";"01949752021014219531"
"3210100032600001769";"03213132026000059729"
"1960100032400037944";"01949752024002609944"
"1960100032400037928";"01949752024002609944"
"1960100032400038142";"01949752024002609944"
"1110100382100035023";"01156142021006475145"
"2810100012100009264";"02822052021000218314"
"3010100032500000990";"004173602025000084516"
"3280200012400019407";"03222982024000341798"
"2810100012300007750";"02822072022000271440"
"2130100012400005505";"06914652024000026026"
"1960100032100101602";"01949752021010914901"
"1960100032100102031";"01949752021010914901"
"2110100052400003591";"02121222024000340261"
"1130100242400000489";"07478272024002608700"
"2080100162100002154";"03026942021007775796"
"1960100031900020987";"01949752019001249329"
"1960100031900037944";"01949752019001196969"
"3410100022500004101";"04228292025000107182"
"2220100012500006431";"05445822025000003221"
"1960100032500052646";"01949752025008221116"
"1960100032500039658";"01949752025008171763"
"1960100032400106237";"01949752024013358310"
"1960100032400057007";"01949752024010275090"
"1960100032400021533";"01949752024003578741"
"1960100032400074009";"01949752024014910865"
"1960100032400046676";"01949752024004997330"
"1960100032400094166";"01949752024010272911"
"1960100032400021983";"01949752024003612949"
"2110100062500000438";"02121082024000569463"
"1110100942500009228";"01155712025006488128"
"1110100942500006555";"01155712025007499379"
"1960100032500014140";"01949752025001340616"
"1960100032000090922";"01949752020011560347"
"1960100032000087891";"01949752020011111542"
"1960100032200031420";"01949752022005296635"
"1960100032200031463";"01949752022005296635"
"1960100032200012965";"01949752022002879885"
"1960100032200102001";"01949752022018371240"
"1960100032200026524";"01949752022004835583"
"1960100032200012655";"01949752022002878137"
"1960100032200037127";"01949752022006389262"
"1960100032200012612";"01949752022002877327"
"2080100722400006784";"03023762024016613602"
"1960100032500110034";"01949752025024212371"
"1960100032500101515";"01949752025023889572"
"1960100032500105839";"01949752025023889319"
"1960100032500014221";"01949752025002462928"
"1960100032500101078";"01949752025023890317"
"1960100032500023077";"01949752025002421318"
"2130100012100014388";"06914652021000083469"
"2130100012100014396";"06914652021000083469"
"2130100012100020248";"06914652021000361370"
"1960100032300047171";"01949752023009148101"
"1960100032300046890";"01949752023009148101"
"1960100032300111481";"01949752023017144313"
"3280200012500041954";"03222982025000198058"
"2080100732400037202";"030196362024023817602"
"2080100732400034874";"030132222024022419862"
"1110100382000002617";"01156162020001338259"
"1960100032400042107";"01949752024007055386"
"1960100032400014405";"01949752024000762478"
"2810100012100009272";"02822052021000218314"
"3280200012400057392";"03222982024000804216"
"3280200012400047516";"03222982024000659704"
"1960100032300111072";"01949752023021417116"
"1960100032300063825";"01949752023013339934"
"1960100032300016681";"01949752023003445090"
"1960100032300076145";"01949752023016234793"
"1960100032300075556";"01949752023016234360"
"1960100032300017564";"01949752023003444018"
"1960100032300076080";"01949752023016235170"
"1960100032300080878";"01949752023016576597"
"1960100032300051142";"01949752023010857951"
"1960100032300018439";"01949752023003066153"
"1960100032300014891";"01949752023003064118"
"3210100032500004550";"03213132025000181426"
"1130100092300009378";"07478812023006071712"
"2080101042500002649";"030175312025015590467"
"2080300132400008430";"08993462024004854315"
"1960100031900021088";"01949752019001249329"
"1960100031900070704";"01949752019007812165"
"1960100032500052107";"01949752025008221116"
"1960100032500058415";"01949752025008221701"
"1960100032400058518";"01949752024010271698"
"1960100032400013824";"01949752024001967731"
"1960100032400019792";"01949752024003613414"
"1960100032400020162";"01949752024003578155"
"1960100032400056094";"01949752024010272236"
"1960100032400032314";"01949752024005491022"
"1110100942500014051";"01155712025008523982"
"1960100032500014167";"01949752025001340616"
"1960100032000069044";"01949752020009303057"
"1960100032000090787";"01949752020009547789"
"1960100032000075907";"01949752020009307982"
"1960100032200101712";"01949752022018526898"
"1960100032200079660";"01949752022014292558"
"1960100032200041906";"01949752022006390279"
"1960100032500014434";"01949752025002462928"
"1960100032500009831";"01949752025002460216"
"1130300012500040331";"07174782025002777533"
"2130100012100013918";"06914652021000083469"
"1110100012200066748";"01155712022008401493"
"3280200012500039240";"03222982025000208894"
"2080100732400036540";"030196362024023451276"
"1960100032100016222";"01949752021001718216"
"1960100032100110431";"01949752021014221196"
"1960100032100122499";"01949752021014219531"
"1110100382300013306";"01155202023005686243"
"1960100032400078306";"01949752024007755361"
"1110100382100035181";"01156142021005047727"
"1110100012400034652";"011163272024004347116"
"3280200012400045238";"03222982024000692311"
"3280200012400058143";"03222982024000118967"
"1960100032300016721";"01949752023003445090"
"1960100032300076048";"01949752023016208610"
"1960100032300019990";"01949752023003451316"
"1960100032300106974";"01949752023021409601"
"1960100032300109205";"01950502023016868993"
"3210100032500019515";"03213132025000603789"
"3210100032500003880";"03213132025000181515"
"2130100012400001488";"06914652023000652384"
"3410100012400010231";"042172942024000112734"
"1960100032100101556";"01949752021010914901"
"3410100022400002013";"04285612024000136741"
"1110100382500020788";"01156182025002865979"
"2130100012400021284";"06914862024000414735"
"1960100031900079061";"01949752019008221845"
"1960100032500053571";"01949752025008221701"
"1960100032500052190";"01949752025008221116"
"1960100032400008146";"01949752024001419360"
"1960100032400018575";"01949752024003571142"
"1960100032400085582";"01949752024016706815"
"1960100032400020731";"01949752024003578155"
"1960100032400030801";"01949752024005133291"
"1960100032400032233";"01949752024005491022"
"1960100032400017757";"01949752024002148793"
"1960100032400094573";"01949752024019115818"
"1110100942500005451";"01155712025006331814"
"1960100032500101140";"01949752025019813443"
"2210100012400026061";"02222472024000443033"
"1960100032000069052";"01949752020009303057"
"1960100032000032760";"01949752020002470616"
"1960100032000032787";"01949752020002470616"
"1960100032000091090";"01949752020009619798"
"2110100072300011991";"02121292023000700798"
"1110100382000003192";"01156142020005204406"
"1960100032200012892";"01949752022002879885"
"1960100032200067646";"01949752022012471498"
"1960100032200105203";"01949752022019598159"
"2080100162300002821";"030159742023008791311"
"1960100032500110026";"01949752025024212371"
"1960100032500050473";"01949752025010438674"
"1960100032500007993";"01949752025000560604"
"1960100032500063613";"01949752025010864851"
"1960100032500035105";"01949752025006598646"
"1960100032500108544";"01949752025023889491"
"1960100032300013402";"01949752022007852616"
"2130100012100019959";"06914652021000361370"
"1960100032000104168";"01949752020014079089"
"1960101082000001174";"01990372020003946811"
"1960100032300063256";"01949752023010624182"
"2010100012500005508";"02045492025001311754"
"2130100012500051129";"06914862025000680550"
"2080100952400012983";"03026852024015359406"
"3210100032600006809";"03213132026000223545"
"1960100032400042255";"01949752024007055386"
"3280200012400057953";"03222982024000655466"
"1960100032300018056";"01949752023003442741"
"1960100032300051908";"01949752023010995750"
"1960100032300016797";"01949752023002885363"
"1960100032300075521";"01949752023016234360"
"1960100032300021375";"01949752023003452380"
"1960100032300076099";"01949752023016235170"
"1960100032300109167";"01950502023016868993"
"1960100032300054079";"01949752023010875185"
"3210100032500017784";"03213132025000631057"
"3210100032500014254";"03213132025000546530"
"3210100032500018411";"03213132025000659229"
"3210100032500020610";"03213132025000788622"
"2130100012400005459";"06914652024000026026"
"3410100012400008901";"042172942024000112904"
"1960100032100109948";"01949752021013197925"
"3410100022400001823";"042172962024000096911"
"3410100022500001429";"04228292025000027910"
"1110100382500020656";"01156182025002865979"
"1110100382500011568";"01156182024000106972"
"1130300012400043784";"07174782024003073750"
"1960100031900064844";"01949752019007814702"
"1960100031900065328";"01949752019006056634"
"1960100031900037936";"01949752019001196969"
"1110100012500073784";"011163272025011167072"
"1110100012500065293";"011163272025008956649"
"1960100032400030516";"01949752024003621859"
"1960100032400030532";"01949752024003621859"
"1960100032400011198";"01949752024002090001"
"1960100032400054555";"01949752024010274956"
"1960100032400043634";"01949752024004993938"
"1960100032400075307";"01949752024014975991"
"1960100031900057058";"01949752019005464381"
"1110100462300086461";"01155792023009874220"
"1960100032200036961";"01949752022006415441"
"1960100032200012795";"01949752022002816883"
"1960100032200103979";"01949752022018527789"
"1960100032200079210";"01949752022014290342"
"2080100702400002539";"03097792024017569629"
"2080100042300004270";"03030272023020245810"
"1050100012300017750";"03249452023000802976"
"1960100032500077754";"01949752025017543481"
"1960100032500037401";"01949752025007491896"
"1960100032500023298";"01949752025003654880"
"1960100032500007675";"01949752025000560191"
"1960100032500007748";"01949752025000560191"
"1960100032500002193";"01949752025000556755"
"1960100032500031576";"01949752025006603071"
"1960100032500030601";"01949752025002440100"
"1960100032500080781";"01949752025018269936"
"1960100032500081905";"01949752025017547550"
"1110100832300001338";"01192542023008088789"
"2130100012100013853";"06914652021000083469"
"2130100012100020035";"06914652021000361370"
"2130100012100020523";"06914652021000361370"
"1960100032400037685";"01949752024002609944"
"1110100462100021385";"01155772021002196891"
"2080100772300002266";"03027242023021093519"
"1960100012400115649";"01983582024021679795"
"3280200012400043650";"03222982024000652955"
"3280200012400054921";"03222982024000613623"
"3280200012400044754";"03222982024000606333"
"1960100032300017319";"01949752023003445090"
"1960100032300107946";"01949752023021414788"
"1960100032300075351";"01949752023016230615"
"3210100032500003971";"03213132025000181698"
"3210100032500010909";"03213132025000394250"
"1110100382500011657";"01156182024000106972"
"1960100031900090497";"01949752019008973031"
"1960100031900090640";"01949752019010096734"
"1960100031900070607";"01949752019007929518"
"1960100031900093607";"01949752019011927885"
"1110100012500073563";"011163272025009999741"
"1960100032500104581";"01949752025023653111"
"1960100032400056981";"01949752024010275090"
"1960100032400079132";"01949752024015669223"
"1960100032400079337";"01949752024013347113"
"1960100032400059743";"01949752024010274441"
"1960100032400054660";"01949752024010272155"
"1960100032400022033";"01949752024003612949"
"1960100032400022106";"01949752024003612949"
"1960100032400103238";"01949752024020861269"
"1960100032400094530";"01949752024019115818"
"1960100032400040244";"01950502023016870629"
"2130100011900028203";"06914652019000104412"
"1960100032500035555";"01949752025004219907"
"1110100461900237857";"01155782019006339160"
"1960100032000089924";"01949752020011113243"
"1960100031900057171";"01949752019005464381"
"1960100032200049974";"01949752022009239318"
"1960100032200026583";"01949752022004835583"
"1960100032200105173";"01949752022019598159"
"2080100722400008876";"03023762024023257204"
"2080100722400007144";"03023762024018221931"
"1960100032500021988";"01949752025005141499"
"1960100032500012261";"01949752025002458904"
"1960100032500030571";"01949752025002440100"
"1130300012500027406";"07107252025000203964"
"2130100012100013901";"06914652021000083469"
"2130100012100012822";"06914692021000197234"
"1110100942400006577";"01155712024005991780"
"1960100032300047056";"01949752023009148101"
"2130100012500017427";"06914862025000175154"
"3280200012500036713";"03222982025000793363"
"1960100032400080165";"01949752024014539822"
"1960100032400079701";"01949752024014539822"
"2110100072200003781";"02121362022000290704"
"1960100012500127684";"01983582025024679070"
"1110100382300007292";"01156142023004030407"
"1110100382300007314";"01156142023004030407"
"1110100012400032544";"011163272024004673005"
"1110100462400003007";"01155792024002521144"
"1110100462400051125";"01155792024010745897"
"3280200012400014308";"03222982024000049710"
"3280200012400017633";"03222982024000287050"
"3280200012400057791";"03222982024000784606"
"1960100032300107490";"01949752023021418856"
"1960100032300076226";"01949752023016234793"
"1960100032300016398";"01949752023003308181"
"1960100032300080924";"01949752023016576597"
"3210100032500011514";"03213132025000363966"
"3210100032500011662";"03213132025000448520"
"3210100032500017131";"03213132025000546459"
"1130100322300000549";"07478542023003376906"
"2130100012400013613";"06914652024000125512"
"1960100032000011331";"01949752019011701992"
"1960100032100112256";"01949752021013576861"
"1960100031900020812";"01949752019001260055"
"1960100031900024451";"01949752019001196969"
"1960100012400113999";"01983582024021737078"
"1960100032500053219";"01949752025008221701"
"1960100032500039712";"01949752025008171763"
"1960100032400075676";"01949752024014894215"
"1960100032400094085";"01949752024010272911"
"1960100032400013255";"01949752024002649067"
"1130400012500055209";"073172342025003456940"
"1960100032000091406";"01949752020009691049"
"1960100032000094421";"01949752020002441004"
"1960100032200101704";"01949752022018526898"
"1960100032200012051";"01949752022002880204"
"1960100032200068510";"01949752022012335128"
"2080100022300003431";"030174272023013180083"
"1960100032500035458";"01949752025006598646"
"1960100032500005060";"019497520250000537611"
"1960100032500092958";"019127922025012373702"
"2130100012300028355";"06914862023000622078"
"2130100012100020396";"06914652021000361370"
"1960100032300063566";"01949752023010624182"
"1110100942400013255";"01155742024010066632"
"3280200012500021929";"03222982025000518141"
"1960100032400037960";"01949752024002609944"
"1960100032400038126";"01949752024002609944"
"1110100382100035007";"01156142021006475145"
"1110100382200002324";"01156142022002995188"
"1110100382200009523";"01187502022004204213"
"2110100072500011445";"02121292023000703711"
"1110100462400006405";"01155792024003866846"
"1960100032300079292";"01949752023016249634"
"1960100032300080894";"01949752023016576597"
"1960100032300079713";"01949752023016236575"
"3210100032500005352";"03213132025000193602"
"3210100032500006154";"03213132025000176007"
"2080101042500001707";"030175312025010174139"
"2080300132400008805";"08993462024004856610"
"1960100012500107055";"01983582025020043626"
"1960100032100101882";"01949752021010914901"
"1130300012400042206";"07174782024004335910"
"1960100031900020804";"01949752019001260055"
"1960100031900020774";"01949752019001129269"
"1960100031900020618";"01949752019001260641"
"1960100031900021045";"01949752019001195482"
"1960100032400054466";"01949752024010274956"
"1960100032400109198";"01949752024022037261"
"1960100032400019490";"01949752024003591097"
"1960100032400017722";"01949752024002148793"
"1130300012500041409";"07174782025003859801"
"1960100032500013446";"01949752025001340616"
"1050100012500020973";"03249452025000993919"
"1110100461900156105";"01155782019005452353"
"1960100032000069060";"01949752020009303057"
"1960100032000095738";"01949752020009075160"
"1960100032200012086";"01949752022002880204"
"1960100032200026291";"01949752022004835231"
"1960100032200037704";"01949752022006418203"
"1130300012400032820";"07174782024003129054"
"2080100102300001546";"030135692023008758410"
"2080100032300001762";"03030262023015292492"
"2080100162300004921";"030159742023016473730"
"1050100012300019117";"03249452023000968017"
"1960100032500105715";"01949752025023889319"
"1960100032500103151";"01949752025023904636"
"1960100032500014493";"01949752025003281757"
"1960100032500007691";"01949752025000560191"
"1960100032500023131";"01949752025002421318"
"1960100032500023141";"01949752025002421318"
"1960100032300019508";"01949752023003393782"
"1960100032200074723";"01949752022008440621"
"2640100012200066393";"04340512022002471016"
"2080100272500004233";"030193102025024840533"
"2130100012100014604";"06914652021000083469"
"1960100032000104321";"01949752020013918583"
"3410100022300001185";"04285612023000081481"
"2230100011900020121";"06219832019000349938"
"3280200012600001191";"03222982026000116362"
"3280200012500013926";"03222982025000135561"
"3280200012500042195";"03222982025000149014"
"3280200012500036365";"03222982025000587381"
"2080100962400011909";"03026692024019727104"
"1960100032100103362";"01949752021011784211"
"1110100382300013268";"01155202023005686243"
"1110100382000002730";"01156162020001338259"
"1960100032400080033";"01949752024014539822"
"1960100032400079523";"01949752024014539822"
"1130300012500034976";"07174782025003279987"
"1110100832500002211";"01192542025012613703"
"1960100032300080487";"01949752023016249634"
"1960100032300080381";"01949752023016249634"
"1960100032300010608";"01949752023002103241"
"3210100032500004542";"03213132025000182589"
"3210100032500027194";"03213132025000990456"
"3210100032500022141";"03213132025000737211"
"2080100732500018903";"030196362025015766744"
"2080300132400008449";"08993462024004855478"
"1960100032100104679";"01949752021011091780"
"1960100032100105004";"01949752021011091780"
"1130100242400000446";"07478272024002608700"
"1110100382500020680";"01156182025002865979"
"3410100032400002886";"042172962024000097047"
"1960100031900020936";"01949752019001245927"
"1960100031900038002";"01949752019001128378"
"1960100031900021169";"01949752019001195482"
"1960100032500051941";"01949752025008221116"
"1960100032500052972";"01949752025008221701"
"1960100032400021630";"01949752024003578741"
"1960100032400079280";"01949752024013347113"
"1960100032400059786";"01949752024010274441"
"1960100032400099028";"01949752024020259178"
"1960100032400020472";"01949752024003573439"
"1960100032400020091";"01949752024003578155"
"1960100032400022149";"01949752024003612949"
"1960100032400055004";"01949752024010274611"
"1960100032400058089";"01949752024010274875"
"1960100032400094484";"01949752024019115818"
"1960100032400018974";"01949752024003572718"
"1110100382400005830";"01156182024000106972"
"1110100942500004641";"01155712025006284123"
"1960100032500012598";"01949752025001345081"
"1960100032500035709";"01949752025004219907"
"1960100032000083810";"01949752020009000071"
"1960100032200012183";"01949752022002698155"
"1960100032200027301";"01949752022004835915"
"1960100032200011918";"01949752022002727601"
"1960100032200026494";"01949752022004835583"
"1960100032200012744";"01949752022002878137"
"1960100032200025064";"01949752022004850469"
"1960100032200069029";"01949752022012345603"
"1960100012400117579";"01983582024022148882"
"2080100042300002162";"03030272023006930276"
"1960100032500070539";"01949752025015297866"
"1960100032500006921";"01949752025000561597"
"1960100032500017409";"01949752025003653999"
"1960100032500023212";"01949752025002421318"
"1960100032500014671";"01949752025003281757"
"1960100032500002150";"01949752025000556755"
"1960100032500051712";"01949752025009648458"
"2130100012100014000";"06914652021000083469"
"2220100012500004917";"02222422025000208047"
"2230100011900019377";"06219832019000336364"
"1730100012300007279";"03774892023000139125"
"3280200012600001035";"03222982026000111565"
"3280200012500033765";"03222982025000624766"
"3280200012500028427";"03222982025000551866"
"1960100032100115093";"01949752021014490928"
"1130300012200037528";"07174782022002609018"
"1110100382100001102";"01156142021002388949"
"1110100382200002782";"01156142022004020761"
"1110100462400010283";"01155792024005088794"
"1110100832500002238";"01192542025012587869"
"3280200012400056711";"03222982024000625800"
"3280200012400062612";"03222982024000726401"
"1110100831900002004";"01192542019007528641"
"1960100032300010624";"01949752023002103241"
"1960100032300021235";"01949752023003452380"
"1960100032300016185";"01949752023003445413"
"1960100032300020964";"01949752023003451316"
"1960100032300080916";"01949752023016576597"
"1960100032300106834";"01949752023021409601"
"1960100032300112214";"01949752023021401295"
"3210100032500030403";"03213132025001198616"
"2130100012400005610";"06914652024000026026"
"1130300012400043733";"07137242024004616231"
"1960100031900064607";"01949752019007393502"
"1960100031900070577";"01949752019007929518"
"1960100032500104611";"01949752025023653111"
"1960100032400058755";"01949752024010274280"
"1130400012500050843";"07385262025003307761"
"1960100032500011427";"01949752025001252661"
"1960100032000091430";"01949752020009312633"
"1110100462300041311";"01155792023006367432"
"1110100462300047326";"01155792023007081320"
"1960100032200014755";"01949752022003245651"
"1960100032200088082";"01949752022016416963"
"1130300012400046260";"07136562024004729883"
"2080100952500024218";"030192252025023520869"
"2130100012100013731";"06914652021000083469"
"2130100012100013837";"06914652021000083469"
"2130100012500017435";"06914862025000175073"
"2130100012500032280";"06914862025000304817"
"3280200012500015384";"03222982025000197591"
"3280200012500028486";"03222982025000416900"
"2080100942400012080";"030156672024011264547"
"1960100032100100584";"01949752021011140586"
"1960100032100113554";"01949752021014236118"
"1110100382300013241";"01155202023005686243"
"1960100032400042166";"01949752024007055386"
"2080100022300004446";"030174272023018130254"
"1010100012400010747";"01023912024000154876"
"1110100462400011344";"01155792024005359658"
"3280200012400062620";"03222982024001008995"
"3280200012400055047";"03222982024000681467"
"1960100032300017221";"01949752023003445090"
"1960100032300010446";"01949752023002103161"
"1960100032300076412";"01949752023016208610"
"1960100032300073138";"01949752023010871015"
"3210100032500011263";"03213132025000410981"
"3210100032500011336";"03213132025000437323"
"1960100012500127242";"019188432025024598141"
"3410100012400008782";"042172942024000112653"
"1960100032100101963";"01949752021010914901"
"1960100032100110075";"01949752021013197925"
"1960100032100104792";"01949752021011091780"
"1960100032100104997";"01949752021011091780"
"1960100031900078535";"01949752019004772821"
"1110100382500020591";"01156182025002865979"
"2080200052100001395";"01289112021007033806"
"1130300012400049839";"07134412024004024665"
"1960100031900061713";"01949752019007633589"
"1960100031900061535";"01949752019007815938"
"1960100032400034678";"01950502023018544737"
"1960100032400046714";"01949752024004997330"
"1110100942500007772";"01155712025006837238"
"1050100012500020981";"03249452025000993919"
"1960100032000089606";"01949752020011118717"
"1960100032000032841";"01949752020002789931"
"1960100032000081451";"01949752020009544097"
"1110100462300041379";"01155792023006375028"
"1960100032200079369";"01949752022014239916"
"1960100032200025358";"01949752022004838418"
"1960100032200068677";"01949752022012468276"
"1960100032200024475";"01949752022004833114"
"1960100032200067158";"01949752022012337171"
"1960100032200037232";"01949752022006389262"
"1960100032500022119";"01949752025004969817"
"1960100032500070555";"01949752025015297866"
"1960100032500103951";"01949752025023902935"
"1960100032500021848";"01949752025005141499"
"1960100032500051739";"01949752025009648458"
"1960100032500023085";"01949752025002421318"
"1130300012500026507";"07136652025002873677"
"3410100012100008246";"04228292021000082615"
"2230100011900021681";"06219832019000391977"
"2130100012500022676";"06914862025000289753"
"3280200012500041105";"03222982025000687091"
"3280200012500041083";"03222982025000587038"
"3280200012500028567";"03222982025000187790"
"2080100272400001736";"03025632024008115634"
"1960100032100114127";"01949752021014236541"
"1960100032100114607";"01949752021014222087"
"1110100382000002544";"01156162020001338259"
"1960100032400042263";"01949752024007055386"
"1960100032400037601";"01949752024002609944"
"1050100012100006340";"03249452021000151736"
"1110100462200038045";"01155772022004940377"
"3280200012400053451";"03222982024000555241"
"1110100381900019769";"01156142019006885162"
"1960100032300063787";"01949752023013339934"
"1960100032300078350";"01949752023016571102"
"1960100032300075416";"01949752023016234360"
"3210100032500023954";"03213132025000780567"
"3210100032500015072";"03213132025000310501"
"2130100012400005653";"06914652024000026026"
"3410100012400009118";"042172942024000113030"
"1960100032000032078";"01949752020001455354"
"1110100382500011584";"01156182024000106972"
"1960100031900064828";"01949752019007814702"
"1960100031900093909";"01949752019010097200"
"1110100012500056251";"011163272025009027846"
"2210100052500000013";"02222422025000462938"
"1210100021900002268";"08217272019000750140"
"1130400012500044258";"07385262025002267749"
"1960100032400021622";"01949752024003578741"
"1960100032400079167";"01949752024015669223"
"1960100032400078561";"01949752024015474813"
"1960100032400013867";"01949752024001967731"
"1960100032400009606";"01949752024001421186"
"1960100032400043545";"01949752024004993938"
"1960100032400019441";"01949752024003591097"
"1960100032400103191";"01949752024020861269"
"1960100032400018850";"01949752024003572718"
"1960100032200096591";"01949752022018176382"
"1960100032200037178";"01949752022006389262"
"1960100032200024416";"01949752022004834510"
"1960100032200041922";"01949752022006390279"
"1960100032500006776";"01949752025000534191"
"1960100032500016781";"01949752025003655266"
"1960100032500007055";"01949752025000561597"
"1960100032500103895";"01949752025023902935"
"1960100032500014681";"01949752025003281757"
"1960100032500014574";"01949752025003281757"
"1960100032500031436";"01949752025006603071"
"1960100032500031381";"01949752025006603071"
"1960100032500031142";"01949752025006603071"
"1960100032500080666";"01949752025018269936"
"1960100032500093008";"019127922025012373702"
"1960100032200052371";"01949752022008405711"
"3410100012100007223";"042149732021000038153"
"2130100012100014061";"06914652021000083469"
"2130100012100019967";"06914652021000361370"
"2130100012100012903";"06914692021000197234"
"1110100012200066731";"01155712022008401493"
"1960100032300047013";"01949752023009148101"
"3280200012600001906";"03222982025001296436"
"2130100012500040445";"06914862025000486401"
"1960100032100115131";"01949752019005112603"
"1130100152400001702";"07470222024001562218"
"1110100462200088484";"01155792022008340123"
"1110100382200011854";"01156142022008216300"
"1110100012400034555";"011163272024003894318"
"1110100462500028421";"01155772025007612195"
"1960100032300021278";"01949752023003452380"
"1960100032300076137";"01949752023016235170"
"1960100032300097231";"01949752023019990700"
"3210100032500021927";"03213132025000866526"
"3210100032500024144";"03213132025000951477"
"2130100012400008032";"06914652024000125512"
"2130100012400014024";"06914652024000254321"
"2130100012400005750";"06914652024000026026"
"2080100822500002585";"030165632025008922831"
"1960100031900092041";"01949752019012321271"
"1110100012500054852";"011163272025008974469"
"1130100292200000415";"07478062022001334213"
"1130100292200000873";"07478062022001267940"
"1960100032500052301";"01949752025008221116"
"1960100032400057392";"01949752024010274794"
"1960100032400057538";"01949752024010274794"
"1960100032400078578";"01949752024015474813"
"1960100032400011023";"01949752024002090001"
"1960100032400054628";"01949752024010272155"
"1960100032400034740";"01950502023018544737"
"1960100032400034627";"01950502023018544737"
"1110100942400012860";"01155742024009700081"
"1110100382400005571";"01156182024000106972"
"1960100032500010595";"01949752025001352967"
"1960100032500012601";"01949752025001345081"
"1960100032000084061";"01949752020009869212"
"1960100032000087591";"01949752020011110066"
"1960100032000087522";"01949752020011114991"
"1110100462300047040";"01155792023007058182"
"1960100032200027172";"01949752022004835915"
"1960100032200067085";"01949752022012341284"
"1960100032200025031";"01949752022004850469"
"1960100032200037720";"01949752022006418203"
"1960100032200024361";"01949752022004834510"
"1960100032200024254";"01949752022004834510"
"1960100032200024432";"01949752022004834510"
"1960100032200079253";"01949752022014290342"
"1960100032500110549";"01950502025021518018"
"1960100032500110565";"01950502025021518018"
"1960100032500105782";"01949752025023889319"
"1960100032500105731";"01949752025023889319"
"1960100032500017085";"01949752025003654456"
"1960100032500010242";"01949752025002438628"
"1960100032500008043";"01949752025000560604"
"1960100032500031371";"01949752025006603071"
"1960100032500002487";"01949752025000557212"
"2130100012100014132";"06914652021000083469"
"1960100032000104095";"01949752020013994093"
"1960100032300063388";"01949752023010624182"
"1110100942400013761";"01155602024007356298"
"2230100011900019350";"06219832019000336445"
"2230100011900021894";"06219832019000393414"
"2130100012500032272";"06914862025000373541"
"3280200012500036241";"03222982025000620264"
"3280200012500019460";"03222982025000438717"
"2080100732400035064";"030132222024022418033"
"1960100032100093022";"01949752021002627711"
"1960100032400079795";"01949752024014539822"
"1960100032400079493";"01949752024014539822"
"3280200012400060482";"03222982024000686183"
"3280200012400058291";"03222982024000706800"
"3280200012400062582";"03222982024001195221"
"1960100032300063851";"01949752023013339934"
"1960100032300109264";"01950502023016868993"
"1960100032300098920";"01950502023019773713"
"1960100032300112486";"01949752023021401295"
"1960100032300112508";"01949752023021401295"
"3210100032500009668";"03213132025000238983"
"3210100032500009870";"03213132025000321619"
"3210100032500022222";"03213132025000750226"
"1960100032100101661";"01949752021010914901"
"1960100032100112108";"01949752021013576861"
"1960100032100101599";"01949752021010914901"
"1960100031900090543";"01949752019004773126"
"2080100142100004470";"03020902021011072581"
"1960100031900065298";"01949752019007208969"
"1960100031900024516";"01949752019001196969"
"1960100542500019540";"01985312025015311313"
"1960100542500019435";"01985312025015370913"
"1960100032500053596";"01949752025008221701"
"1960100032400079299";"01949752024013347113"
"1960100032400054512";"01949752024010274956"
"1960100032400023161";"01949752024003577931"
"1960100032400094141";"01949752024010272911"
"1960100032400022114";"01949752024003612949"
"1110100942500006644";"01155712025006644863"
"1110100942500012008";"01155712025007220102"
"1960100032500035563";"01949752025004219907"
"1960100032000088707";"01949752020009619283"
"1960100032000095665";"01949752020009075160"
"1960100031900085280";"01949752019007537270"
"1960100032200039197";"01949752022006801244"
"1960100032200013058";"01949752022002728241"
"1960100032200068588";"01949752022012468276"
"1960100032200027105";"01949752022002639493"
"1960100032500110182";"01949752025024212371"
"1960100032500030855";"01949752025003655347"
"1960100032500010366";"01949752025002438628"
"1960100032500029997";"01949752025006602007"
"1960100032500026343";"01949752025003655690"
"1960100032500030642";"01949752025002440100"
"3010100022500004522";"00420392025000180865"
"2210100012200016045";"02222352022000291702"
"2130100012100014302";"06914652021000083469"
"2110100052500005238";"02121222025000647928"
"1960100032300046866";"01949752023009148101"
"2230100011900019466";"06219832019000333349"
"2230100011900022467";"06219832019000403061"
"2130100012500040437";"06914862025000486401"
"3280200012500034893";"03222982025000711570"
"2080100942400017805";"030156672024016687454"
"1960100032100100691";"01949752021011102064"
"1110100382000002560";"01156162020001338259"
"3210100032600004334";"03213132026000005041"
"1050100012100015625";"03249452021000489851"
"1110100382100034310";"01156142021005607293"
"1110100382100034191";"01156142021004988960"
"1010100012400013614";"01023912024000186999"
"1010100012400011069";"01023912024000148639"
"1110100462400046040";"01155792024010004021"
"1110100381900019068";"01156142019007742420"
"1960100032300017041";"01949752023003442741"
"1960100032300111031";"01949752023021417116"
"1960100032300071471";"01949752023013308974"
"1960100032300016401";"01949752023003308181"
"3210100032500013487";"03213132025000390181"
"2080101042500000425";"030175312025004378933"
"1960100032400040791";"01949752024001725720"
"1130300012400038691";"07174782024004032771"
"1960100031900021185";"01949752019001252541"
"1960100031900020944";"01949752019001195482"
"1210100021900001989";"08217272019000725978"
"1960100032400058488";"01949752024010271698"
"1960100032400084144";"01949752024007920150"
"1960100032400078659";"01949752024014968014"
"1960100032400019581";"01949752024003613414"
"1960100032400020766";"01949752024003578155"
"1960100032400008839";"01949752024001418801"
"1110100382400005180";"01156182023010564191"
"1960100032500013519";"01949752025001340616"
"1960100032000032698";"01949752020002470616"
"1960100032000032779";"01949752020002470616"
"1960100032000076091";"01949752020009307397"
"1960100032000087530";"01949752020011114991"
"2080100252200002379";"030147792022018887035"
"1960100031900085051";"01949752019010397513"
"1110100462300047342";"01155792023007085911"
"1960100032200031481";"01949752022005296635"
"1960100032200027768";"01949752022004838922"
"1960100032200012728";"01949752022002719845"
"1960100032200014674";"01949752022003245651"
"1960100032500110557";"01950502025021518018"
"1960100032500006792";"01949752025000534191"
"1960100032500081311";"01949752025017545697"
"1960100032300019540";"01949752023003393782"
"1960100032000104044";"01949752020014077469"
"2110100052500005254";"02121222025000640249"
"1960100032300046874";"01949752023009148101"
"3280200012500035997";"03222982025000724981"
"2080100942400012056";"030156672024011264547"
"1110100462100054062";"01155772021005578018"
"3810100022400002873";"08217272024000367031"
"1110100462400011816";"01155792024005558341"
"3280200012400058623";"03222982024000606252"
"3280200012400057732";"03222982024000927059"
"1960100032300099439";"01949752023019996902"
"1960100032300080533";"01949752023016249634"
"1960100032300076331";"01949752023016234793"
"3210100032500013509";"03213132025000386745"
"2080100252000001207";"030147792020011284899"
"1960100032100101998";"01949752021010914901"
"1960100032400041445";"01949752024007307709"
"3410100022400001750";"04285612024000141582"
"1110100382500020613";"01156182025002865979"
"1110100382500020818";"01156182025002865979"
"3410100032400002691";"04285612024000065894"
"2080101112500008994";"030179942025018701440"
"1110100012500066710";"011163272025009473463"
"1960100032500052964";"01949752025008221701"
"1960100032400034759";"01950502023018544737"
"1960100032400057872";"01949752024003577183"
"1960100032400046617";"01949752024004997330"
"1960100032400085681";"01949752024016706815"
"1960100032400029410";"01949752024005135749"
"1110100942500004633";"01155712025006284123"
"1960100032500013421";"01949752025001340616"
"1110100382100034620";"01156162021004920880"
"1960100032000087263";"01949752020011096641"
"1960100032000069321";"01949752020009008306"
"2080100162200002728";"030159742022008789579"
"1110100462300045498";"01155792023006772027"
"1960100032200096182";"01949752022018175491"
"1960100032200068448";"01949752022012335128"
"1960100032200069002";"01949752022012345603"
"1960100032500081281";"01949752025017545697"
"1960100032500007934";"01949752025000560604"
"1960100032500108684";"01949752025023889491"
"2080100952500024188";"030192252025023520010"
"2080100272500001951";"030193292025009611067"
"2130100012100014469";"06914652021000083469"
"2130100012100020515";"06914652021000361370"
"1110100012200039831";"01155712022005302044"
"1110100012200049991";"01155712022006683629"
"1960100032000105067";"01949752020013880241"
"1960100032600004344";"01949752026000795921"
"3280200012500027188";"03222982025000621660"
"2080100272400004859";"030193292024023489060"
"1960100032100011298";"01949752021001966112"
"1960100032100104075";"01949752021011124971"
"3410100032300001883";"04285612023000078341"
"1110100382100034205";"01156142021004988960"
"1110100462200048921";"01155792022006360674"
"3210100032400004343";"03213132024000336976"
"2080100152300002328";"030151712023008516136"
"1110100382200002634";"01156142022003596007"
"1110100382200011544";"01187502022004204213"
"1110100462400010313";"01155792024005089090"
"3280200012400049039";"03222982024000910911"
"1960100032300021431";"01949752023003452380"
"1960100032300020972";"01949752023003451316"
"1960100032300053994";"01949752023010875185"
"3210100032500003422";"03213132025000140070"
"3210100032500014998";"03213132025000473630"
"1960100032000032868";"01949752020001453734"
"1960100031900020820";"01949752019001260055"
"1960100031900046031";"01949752019001175112"
"1960100031900067371";"01949752019007392611"
"1960100032400021551";"01949752024003578741"
"1960100032400013883";"01949752024001967731"
"1960100032400032950";"01949752024003576535"
"1960100032400013301";"01949752024002649067"
"2130100012500036405";"06914652025000470393"
"2130100012500023400";"06914862025000288781"
"2080100042200001283";"03030272022005746209"
"2610100042400002238";"02822072024000256507"
"1960100032200027156";"01949752022004835915"
"1960100032200067905";"01949752022012441408"
"1960100032200012671";"01949752022002719845"
"1960100032200014631";"01949752022003235779"
"1960100032200105149";"01949752022019598159"
"1960100032200024149";"01949752022004851783"
"1960100032200079229";"01949752022014290342"
"1960100032500109826";"01949752025024212371"
"1960100032500081565";"01949752025017545697"
"1960100032500106576";"01949752025023889319"
"1960100032500105758";"01949752025023889319"
"1960100032500026416";"01949752025003655690"
"1960101082000001247";"01990372020003825933"
"1960100032000105504";"01949752020013992473"
"1110100381900003791";"01156182019000336361"
"2230100011900018699";"06219832019000330595"
