"num_codigo";"num_codigo_exec";"num_codigo_liqu";"nom_orgao_orcamento_exec"
"2020.3.12.12201.314.4365.600002.6";"2020.3.12.12201.314.4365.600002.6";"2020.3893094.12201.1.600002.314.4365.46265.6";"Secretaria de Justiça, Direitos Humanos e Desenvolvimento Social"
"2021.3.18.18401.304.7838.600019.6";"2021.3.18.18401.304.7838.600019.6";"2021.4564591.18401.0.600019.304.7838.51524.6";"Secretaria de Desenvolvimento Rural"
"2022.3.17.17301.315.2064.600011.6";"2022.3.17.17301.315.2064.600011.6";"2022.4575077.17301.0.600011.315.2064.51880.6";"Secretaria do Planejamento"
"2022.3.26.26401.305.1162.600030.6";"2022.3.26.26401.305.1162.600030.6";"2022.4724264.26401.1.600030.305.1162.57108.6";"Secretaria de Desenvolvimento Urbano"
"2023.3.11.11301.306.4048.600009.6";"2023.3.11.11301.306.4048.600009.6";"2023.4936079.11301.1.600009.306.4048.55823.6";"Secretaria da Educação"
"2023.3.38.38101.300.6953.600042.6";"2023.3.38.38101.300.6953.600042.6";"2023.5090680.38101.3.600042.300.6953.62132.6";"Secretaria de Justiça e Direitos Humanos"
"2023.3.80.80102.900.8070.600042.6";"2023.3.80.80102.900.8070.600042.6";"2023.4952610.80102.0.600042.900.8070.62132.6";"Encargos Gerais do Estado"
"2024.3.21.21101.413.5914.600058.6";"2024.3.21.21101.413.5914.600058.6";"2024.5231876.21101.7.600058.413.5914.91321.6";"Secretaria do Trabalho, Emprego, Renda e Esporte"
"2024.3.34.34101.430.5558.600005.6";"2024.3.34.34101.430.5558.600005.6";"2024.5657453.34101.1.600005.430.5558.61590.6";"Secretaria de Políticas para as Mulheres"
"2024.3.34.34101.446.3194.600005.6";"2024.3.34.34101.446.3194.600005.6";"2024.5657452.34101.1.600005.446.3194.61590.6";"Secretaria de Políticas para as Mulheres"
"2025.3.11.11301.424.4048.600009.6";"2025.3.11.11301.424.4048.600009.6";"2025.5667379.11301.0.600009.424.4048.90211.6";"Secretaria da Educação"
"2025.3.21.21101.413.6672.600097.6";"2025.3.21.21101.413.6672.600097.6";"2025.6179378.21101.7.600097.413.6672.97539.6";"Secretaria do Trabalho, Emprego, Renda e Esporte"
"2025.3.21.21301.414.5793.600071.6";"2025.3.21.21301.414.5793.600071.6";"2025.5670965.21301.1.600071.414.5793.91375.6";"Secretaria do Trabalho, Emprego, Renda e Esporte"
"2025.3.21.21301.414.7882.600042.6";"2025.3.21.21301.414.7882.600042.6";"2025.5672238.21301.0.600042.414.7882.90193.6";"Secretaria do Trabalho, Emprego, Renda e Esporte"
"2026.3.22.22101.408.7032.600005.6";"2026.3.22.22101.408.7032.600005.6";"2026.6190998.22101.4.600005.408.7032.97030.6";"Secretaria de Cultura"
"2026.3.26.26101.419.1162.600006.6";"2026.3.26.26101.419.1162.600006.6";"2026.6191236.26401.2.600006.419.1162.97031.6";"Secretaria de Desenvolvimento Urbano"
"2026.3.38.38101.400.6953.600148.6";"2026.3.38.38101.400.6953.600148.6";"2026.6193253.38101.3.600148.400.6953.97722.6";"Secretaria de Justiça e Direitos Humanos"
"2026.3.80.80102.900.8070.600030.6";"2026.3.80.80102.900.8070.600030.6";"2026.6187133.80102.0.600030.900.8070.95151.6";"Encargos Gerais do Estado"
"2024.3.21.21101.414.7882.600014.6";"2024.3.21.21301.414.7882.600014.6";"2024.5227565.21101.1.600014.414.7882.61634.6";"Secretaria do Trabalho, Emprego, Renda e Esporte"
"2022.3.26.26101.305.1158.600000.6";"2022.3.26.26401.305.1158.600000.6";"2022.4922691.26101.4.600000.305.1158.51324.6";"Secretaria de Desenvolvimento Urbano"
"2022.3.18.18401.304.1926.600000.6";"2022.3.18.18401.304.1926.600000.6";"2022.4578474.18401.0.600000.304.1926.51324.6";"Secretaria de Desenvolvimento Rural"
"2022.3.22.22101.302.7980.600005.6";"2022.3.22.22101.302.7980.600005.6";"2022.4924779.22202.1.600005.302.7980.51795.6";"Secretaria de Cultura"
"2022.3.80.80102.900.8070.600002.6";"2022.3.80.80102.900.8070.600002.6";"2022.4572034.80102.0.600002.900.8070.46893.6";"Encargos Gerais do Estado"
"2023.3.10.10501.315.7950.600015.6";"2023.3.10.10501.315.7950.600015.6";"2023.4939336.10501.1.600015.315.7950.55829.6";"Secretaria da Agricultura, Pecuária, Irrigação, Pesca e Aquicultura"
"2023.3.21.21101.308.1793.600005.6";"2023.3.21.21101.308.1793.600005.6";"2023.4947709.21101.5.600005.308.1793.55819.6";"Secretaria do Trabalho, Emprego, Renda e Esporte"
"2023.3.26.26401.305.1162.600032.6";"2023.3.26.26401.305.1162.600032.6";"2023.4933187.26401.0.600032.305.1162.57250.6";"Secretaria de Desenvolvimento Urbano"
"2023.3.28.28101.301.7917.600006.6";"2023.3.28.28101.301.7917.600006.6";"2023.4932377.28101.0.600006.301.7917.55820.6";"Secretaria de Ciência, Tecnologia e Inovação"
"2024.3.26.26101.419.1162.600000.6";"2024.3.26.26101.419.1162.600000.6";"2024.5213381.26101.4.600000.419.1162.61620.6";"Secretaria de Desenvolvimento Urbano"
"2024.3.32.32802.411.5893.600025.6";"2024.3.32.32802.411.5893.600025.6";"2024.5220079.32802.1.600025.411.5893.61644.6";"Secretaria de Turismo"
"2025.3.18.18101.417.1399.600108.6";"2025.3.18.18101.417.1399.600108.6";"2025.6181482.18401.1.600108.417.1399.97561.6";"Secretaria de Desenvolvimento Rural"
"2025.3.21.21101.413.6672.600090.6";"2025.3.21.21101.413.6672.600090.6";"2025.6179377.21101.7.600090.413.6672.97528.6";"Secretaria do Trabalho, Emprego, Renda e Esporte"
"2025.3.26.26101.419.1158.600020.6";"2025.3.26.26101.419.1158.600020.6";"2025.5676284.26401.2.600020.419.1158.90222.6";"Secretaria de Desenvolvimento Urbano"
"2026.3.18.18101.417.1399.600108.6";"2026.3.18.18101.417.1399.600108.6";"2026.6196541.18401.1.600108.417.1399.97612.6";"Secretaria de Desenvolvimento Rural"
"2026.3.80.80102.900.8070.600046.6";"2026.3.80.80102.900.8070.600046.6";"2026.6187174.80102.0.600046.900.8070.97011.6";"Encargos Gerais do Estado"
"2021.3.26.26101.305.1162.600006.6";"2021.3.26.26101.305.1162.600006.6";"2021.4563684.26101.0.600006.305.1162.51511.6";"Secretaria de Desenvolvimento Urbano"
"2022.3.11.11303.306.7867.600031.6";"2022.3.11.11303.306.7867.600031.6";"2022.4662246.11303.0.600031.306.7867.57109.6";"Secretaria da Educação"
"2023.3.26.26101.305.1162.600020.6";"2023.3.26.26101.305.1162.600020.6";"2023.4941430.26101.4.600020.305.1162.55834.6";"Secretaria de Desenvolvimento Urbano"
"2023.3.38.38101.300.6953.600052.6";"2023.3.38.38101.300.6953.600052.6";"2023.5090681.38101.3.600052.300.6953.62133.6";"Secretaria de Justiça e Direitos Humanos"
"2024.3.18.18401.417.1399.600046.6";"2024.3.18.18401.417.1399.600046.6";"2024.5215623.18401.0.600046.417.1399.62306.6";"Secretaria de Desenvolvimento Rural"
"2024.3.21.21101.413.5917.600000.6";"2024.3.21.21101.413.5917.600000.6";"2024.5210791.21101.7.600000.413.5917.61620.6";"Secretaria do Trabalho, Emprego, Renda e Esporte"
"2024.3.22.22101.406.7980.600043.6";"2024.3.22.22101.406.7980.600043.6";"2024.5658462.22101.0.600043.406.7980.62303.6";"Secretaria de Cultura"
"2024.3.26.26101.419.1158.600020.6";"2024.3.26.26101.419.1158.600020.6";"2024.5225944.26101.0.600020.419.1158.61640.6";"Secretaria de Desenvolvimento Urbano"
"2024.3.32.32101.411.3701.600036.6";"2024.3.32.32101.411.3701.600036.6";"2024.5659390.32101.0.600036.411.3701.61619.6";"Secretaria de Turismo"
"2024.3.34.34101.430.3229.600046.6";"2024.3.34.34101.430.3229.600046.6";"2024.5224911.34101.1.600046.430.3229.62306.6";"Secretaria de Políticas para as Mulheres"
"2024.3.38.38101.400.2170.600046.6";"2024.3.38.38101.400.2170.600046.6";"2024.5207990.38101.0.600046.400.2170.62306.6";"Secretaria de Justiça e Direitos Humanos"
"2025.3.18.18401.417.1399.600092.6";"2025.3.18.18401.417.1399.600092.6";"2025.6179054.18401.0.600092.417.1399.97531.6";"Secretaria de Desenvolvimento Rural"
"2025.3.26.26401.419.1158.600052.6";"2025.3.26.26401.419.1158.600052.6";"2025.5681211.26401.1.600052.419.1158.90197.6";"Secretaria de Desenvolvimento Urbano"
"2025.3.38.38101.400.2170.600066.6";"2025.3.38.38101.400.2170.600066.6";"2025.5678971.38101.0.600066.400.2170.91438.6";"Secretaria de Justiça e Direitos Humanos"
"2026.3.10.10501.446.3194.600006.6";"2026.3.10.10501.446.3194.600006.6";"2026.6190758.10501.1.600006.446.3194.97031.6";"Secretaria da Agricultura, Pecuária, Irrigação, Pesca e Aquicultura"
"2026.3.11.11303.424.7867.600027.6";"2026.3.11.11303.424.7867.600027.6";"2026.6192239.11303.0.600027.424.7867.95149.6";"Secretaria da Educação"
"2026.3.26.26101.419.1162.600042.6";"2026.3.26.26101.419.1162.600042.6";"2026.6189621.26101.0.600042.419.1162.97016.6";"Secretaria de Desenvolvimento Urbano"
"2026.3.39.39101.403.5445.600038.6";"2026.3.39.39101.403.5445.600038.6";"2026.6192416.39101.2.600038.403.5445.95156.6";"Secretaria de Assistência e Desenvolvimento Social"
"2021.3.21.21301.314.5641.600003.6";"2021.3.21.21301.314.5641.600003.6";"2021.4563536.21301.1.600003.314.5641.51508.6";"Secretaria do Trabalho, Emprego, Renda e Esporte"
"2022.3.12.12101.300.2170.600025.6";"2022.3.12.12101.300.2170.600025.6";"2022.4588531.12101.0.600025.300.2170.57103.6";"Secretaria de Justiça, Direitos Humanos e Desenvolvimento Social"
"2023.3.11.11101.306.5266.600031.6";"2023.3.11.11101.306.5266.600031.6";"2023.4939570.11101.0.600031.306.5266.57248.6";"Secretaria da Educação"
"2023.3.18.18401.304.1398.600034.6";"2023.3.18.18401.304.1398.600034.6";"2023.4933823.18401.0.600034.304.1398.57253.6";"Secretaria de Desenvolvimento Rural"
"2023.3.22.22101.302.7980.600005.6";"2023.3.22.22101.302.7980.600005.6";"2023.4938011.22101.0.600005.302.7980.55819.6";"Secretaria de Cultura"
"2023.3.32.32802.303.5893.600044.6";"2023.3.32.32802.303.5893.600044.6";"2023.5199372.32802.1.600044.303.5893.62129.6";"Secretaria de Turismo"
"2024.3.10.10501.417.5916.600031.6";"2024.3.10.10501.417.5916.600031.6";"2024.5224794.10501.0.600031.417.5916.61618.6";"Secretaria da Agricultura, Pecuária, Irrigação, Pesca e Aquicultura"
"2024.3.32.32101.411.3701.600063.6";"2024.3.32.32101.411.3701.600063.6";"2024.5227884.32101.3.600063.411.3701.91323.6";"Secretaria de Turismo"
"2024.3.80.80102.900.8070.600004.6";"2024.3.80.80102.900.8070.600004.6";"2024.5208841.80102.0.600004.900.8070.61624.6";"Encargos Gerais do Estado"
"2025.3.22.22101.406.7980.600063.6";"2025.3.22.22101.406.7980.600063.6";"2025.5669042.22101.0.600063.406.7980.91446.6";"Secretaria de Cultura"
"2025.3.32.32101.411.3701.600066.6";"2025.3.32.32101.411.3701.600066.6";"2025.5671191.32101.3.600066.411.3701.91438.6";"Secretaria de Turismo"
"2026.3.18.18401.417.1399.600057.6";"2026.3.18.18401.417.1399.600057.6";"2026.6190616.18401.0.600057.417.1399.95222.6";"Secretaria de Desenvolvimento Rural"
"2026.3.26.26101.419.1162.600057.6";"2026.3.26.26101.419.1162.600057.6";"2026.6190827.26101.4.600057.419.1162.95222.6";"Secretaria de Desenvolvimento Urbano"
"2026.3.39.39101.403.5445.600056.6";"2026.3.39.39101.403.5445.600056.6";"2026.6192415.39101.2.600056.403.5445.97010.6";"Secretaria de Assistência e Desenvolvimento Social"
"2025.3.26.26101.419.5183.600042.6";"2025.3.26.26401.419.5183.600042.6";"2025.5677344.26401.2.600042.419.5183.90193.6";"Secretaria de Desenvolvimento Urbano"
"2021.3.18.18401.312.5040.600002.6";"2021.3.18.18401.312.5040.600002.6";"2021.4225462.18401.1.600002.312.5040.46524.6";"Secretaria de Desenvolvimento Rural"
"2022.3.24.24801.309.7911.600006.6";"2022.3.24.24801.309.7911.600006.6";"2022.4575017.24801.0.600006.309.7911.51875.6";"Secretaria de Infraestrutura"
"2022.3.26.26101.305.1158.600020.6";"2022.3.26.26101.305.1158.600020.6";"2022.4586305.26101.4.600020.305.1158.51889.6";"Secretaria de Desenvolvimento Urbano"
"2024.3.24.24801.432.7911.600048.6";"2024.3.24.24801.432.7911.600048.6";"2024.5215695.24801.1.600048.432.7911.62308.6";"Secretaria de Infraestrutura"
"2024.3.38.38101.400.2170.600038.6";"2024.3.38.38101.400.2170.600038.6";"2024.5214259.38101.3.600038.400.2170.61652.6";"Secretaria de Justiça e Direitos Humanos"
"2025.3.21.21301.414.1009.600029.6";"2025.3.21.21301.414.1009.600029.6";"2025.5670581.21301.1.600029.414.1009.90228.6";"Secretaria do Trabalho, Emprego, Renda e Esporte"
"2025.3.22.22101.406.2314.600067.6";"2025.3.22.22101.406.2314.600067.6";"2025.5676824.22101.0.600067.406.2314.91386.6";"Secretaria de Cultura"
"2025.3.26.26101.419.1158.600057.6";"2025.3.26.26101.419.1158.600057.6";"2025.5674136.26101.4.600057.419.1158.91415.6";"Secretaria de Desenvolvimento Urbano"
"2025.3.32.32802.411.5893.600063.6";"2025.3.32.32802.411.5893.600063.6";"2025.6176734.32802.1.600063.411.5893.91446.6";"Secretaria de Turismo"
"2025.3.32.32802.411.5893.600167.6";"2025.3.32.32802.411.5893.600167.6";"2025.6181444.32802.0.600167.411.5893.97789.6";"Secretaria de Turismo"
"2026.3.32.32101.411.3701.600102.6";"2026.3.32.32101.411.3701.600102.6";"2026.6187650.32101.3.600102.411.3701.97600.6";"Secretaria de Turismo"
"2026.3.10.10101.417.5916.600111.6";"2026.3.10.10501.417.5916.600111.6";"2026.6189185.10501.1.600111.417.5916.97630.6";"Secretaria da Agricultura, Pecuária, Irrigação, Pesca e Aquicultura"
"2025.3.22.22101.407.1251.600067.6";"2025.3.22.22301.407.1251.600067.6";"2025.5678896.22101.1.600067.407.1251.91386.6";"Secretaria de Cultura"
"2021.3.11.11201.306.7524.600002.6";"2021.3.11.11201.306.7524.600002.6";"2021.4225921.11201.1.600002.306.7524.46524.6";"Secretaria da Educação"
"2021.3.18.18401.304.1926.600012.6";"2021.3.18.18401.304.1926.600012.6";"2021.4234802.18401.1.600012.304.1926.51517.6";"Secretaria de Desenvolvimento Rural"
"2022.3.20.20101.314.7880.600006.6";"2022.3.20.20101.314.7880.600006.6";"2022.4571216.20101.0.600006.314.7880.51875.6";"Secretaria da Segurança Pública"
"2022.3.21.21301.305.1009.600036.6";"2022.3.21.21301.305.1009.600036.6";"2022.4923475.21301.0.600036.305.1009.57114.6";"Secretaria do Trabalho, Emprego, Renda e Esporte"
"2023.3.11.11101.306.5266.600031.6";"2023.3.11.11101.306.5266.600031.6";"2023.4939750.11101.94.600031.306.5266.57248.6";"Secretaria da Educação"
"2023.3.11.11301.306.4048.600009.6";"2023.3.11.11301.306.4048.600009.6";"2023.4934969.11301.0.600009.306.4048.55823.6";"Secretaria da Educação"
"2023.3.18.18401.304.1926.600012.6";"2023.3.18.18401.304.1926.600012.6";"2023.4934430.18401.1.600012.304.1926.55826.6";"Secretaria de Desenvolvimento Rural"
"2023.3.21.21301.305.1009.600013.6";"2023.3.21.21301.305.1009.600013.6";"2023.5201090.21301.1.600013.305.1009.55827.6";"Secretaria do Trabalho, Emprego, Renda e Esporte"
"2023.3.22.22301.302.7857.600027.6";"2023.3.22.22301.302.7857.600027.6";"2023.4946027.22301.1.600027.302.7857.57299.6";"Secretaria de Cultura"
"2023.3.38.38101.300.2170.600025.6";"2023.3.38.38101.300.2170.600025.6";"2023.4939396.38101.3.600025.300.2170.57298.6";"Secretaria de Justiça e Direitos Humanos"
"2024.3.11.11101.425.7744.600020.6";"2024.3.11.11101.425.7744.600020.6";"2024.5211785.11101.0.600020.425.7744.61640.6";"Secretaria da Educação"
"2024.3.11.11301.424.4048.600009.6";"2024.3.11.11301.424.4048.600009.6";"2024.5211177.11301.16.600009.424.4048.61629.6";"Secretaria da Educação"
"2024.3.21.21301.414.5793.600076.6";"2024.3.21.21301.414.5793.600076.6";"2024.5226315.21301.0.600076.414.5793.91339.6";"Secretaria do Trabalho, Emprego, Renda e Esporte"
"2024.3.22.22301.406.1372.600046.6";"2024.3.22.22301.406.1372.600046.6";"2024.5212815.22301.0.600046.406.1372.62306.6";"Secretaria de Cultura"
"2024.3.22.22301.406.7857.600041.6";"2024.3.22.22301.406.7857.600041.6";"2024.5212023.22301.0.600041.406.7857.62301.6";"Secretaria de Cultura"
"2024.3.32.32101.411.3701.600053.6";"2024.3.32.32101.411.3701.600053.6";"2024.5224663.32101.0.600053.411.3701.62313.6";"Secretaria de Turismo"
"2024.3.80.80102.900.8070.600057.6";"2024.3.80.80102.900.8070.600057.6";"2024.5225730.80102.0.600057.900.8070.91342.6";"Encargos Gerais do Estado"
"2025.3.10.10101.417.7385.600054.6";"2025.3.10.10101.417.7385.600054.6";"2025.5677801.10101.0.600054.417.7385.90186.6";"Secretaria da Agricultura, Pecuária, Irrigação, Pesca e Aquicultura"
"2025.3.26.26401.419.1162.600075.6";"2025.3.26.26401.419.1162.600075.6";"2025.5672544.26401.1.600075.419.1162.91385.6";"Secretaria de Desenvolvimento Urbano"
"2025.3.32.32802.411.5893.600158.6";"2025.3.32.32802.411.5893.600158.6";"2025.6181733.32802.0.600158.411.5893.97771.6";"Secretaria de Turismo"
"2025.3.34.34101.429.4181.600043.6";"2025.3.34.34101.429.4181.600043.6";"2025.5673210.34101.0.600043.429.4181.90235.6";"Secretaria de Políticas para as Mulheres"
"2025.3.80.80102.900.8070.600061.6";"2025.3.80.80102.900.8070.600061.6";"2025.5665845.80102.0.600061.900.8070.91454.6";"Encargos Gerais do Estado"
"2026.3.10.10101.417.5935.600162.6";"2026.3.10.10101.417.5935.600162.6";"2026.6186797.10101.1.600162.417.5935.97908.6";"Secretaria da Agricultura, Pecuária, Irrigação, Pesca e Aquicultura"
"2026.3.21.21101.412.1793.600093.6";"2026.3.21.21101.412.1793.600093.6";"2026.6191686.21101.5.600093.412.1793.97836.6";"Secretaria do Trabalho, Emprego, Renda e Esporte"
"2026.3.38.38101.446.3194.600062.6";"2026.3.38.38101.446.3194.600062.6";"2026.6193872.38101.1.600062.446.3194.95497.6";"Secretaria de Justiça e Direitos Humanos"
"2026.3.80.80102.900.8070.600032.6";"2026.3.80.80102.900.8070.600032.6";"2026.6187139.80102.0.600032.900.8070.95152.6";"Encargos Gerais do Estado"
"2024.3.28.28101.405.7917.600009.6";"2024.3.26.26101.405.7917.600009.6";"2024.5210981.28101.1.600009.405.7917.61629.6";"Secretaria de Desenvolvimento Urbano"
"2020.3.21.21301.305.7882.600002.6";"2020.3.21.21301.305.7882.600002.6";"2020.3893171.21301.0.600002.305.7882.46265.6";"Secretaria do Trabalho, Emprego, Renda e Esporte"
"2021.3.11.11302.306.7863.600009.6";"2021.3.11.11302.306.7863.600009.6";"2021.4234487.11302.0.600009.306.7863.51514.6";"Secretaria da Educação"
"2021.3.26.26101.305.1158.600020.6";"2021.3.26.26101.305.1158.600020.6";"2021.4234777.26101.4.600020.305.1158.51525.6";"Secretaria de Desenvolvimento Urbano"
"2022.3.22.22101.302.6903.600005.6";"2022.3.22.22101.302.6903.600005.6";"2022.4590055.22202.1.600005.302.6903.51874.6";"Secretaria de Cultura"
"2022.3.26.26401.305.1162.600030.6";"2022.3.26.26401.305.1162.600030.6";"2022.4588613.26401.0.600030.305.1162.57108.6";"Secretaria de Desenvolvimento Urbano"
"2022.3.80.80102.900.8070.600000.6";"2022.3.80.80102.900.8070.600000.6";"2022.4572023.80102.0.600000.900.8070.51324.6";"Encargos Gerais do Estado"
"2023.3.11.11303.306.7867.600031.6";"2023.3.11.11303.306.7867.600031.6";"2023.4934293.11303.0.600031.306.7867.57248.6";"Secretaria da Educação"
"2023.3.21.21301.303.5779.600038.6";"2023.3.21.21301.303.5779.600038.6";"2023.5200860.21301.0.600038.303.5779.57258.6";"Secretaria do Trabalho, Emprego, Renda e Esporte"
"2023.3.28.28101.301.7917.600000.6";"2023.3.28.28101.301.7917.600000.6";"2023.4932374.28101.0.600000.301.7917.55814.6";"Secretaria de Ciência, Tecnologia e Inovação"
"2023.3.38.38101.300.2170.600046.6";"2023.3.38.38101.300.2170.600046.6";"2023.5201341.38101.3.600046.300.2170.62123.6";"Secretaria de Justiça e Direitos Humanos"
"2024.3.21.21101.414.7882.600014.6";"2024.3.21.21101.414.7882.600014.6";"2024.5227578.21301.1.600014.414.7882.61634.6";"Secretaria do Trabalho, Emprego, Renda e Esporte"
"2024.3.21.21301.414.1009.600027.6";"2024.3.21.21301.414.1009.600027.6";"2024.5213262.21301.1.600027.414.1009.61645.6";"Secretaria do Trabalho, Emprego, Renda e Esporte"
"2024.3.28.28101.405.7917.600009.6";"2024.3.28.28101.405.7917.600009.6";"2024.5211034.26101.4.600009.405.7917.61629.6";"Secretaria de Ciência, Tecnologia e Inovação"
"2024.3.34.34101.430.5558.600059.6";"2024.3.34.34101.430.5558.600059.6";"2024.5226128.34101.2.600059.430.5558.91326.6";"Secretaria de Políticas para as Mulheres"
"2025.3.11.11101.425.7744.600062.6";"2025.3.11.11101.425.7744.600062.6";"2025.5673406.11101.38.600062.425.7744.91471.6";"Secretaria da Educação"
"2025.3.20.20801.437.7873.600088.6";"2025.3.20.20801.437.7873.600088.6";"2025.6180092.20801.0.600088.437.7873.97525.6";"Secretaria da Segurança Pública"
"2025.3.21.21101.414.7882.600014.6";"2025.3.21.21101.414.7882.600014.6";"2025.5681204.21101.1.600014.414.7882.90216.6";"Secretaria do Trabalho, Emprego, Renda e Esporte"
"2025.3.26.26401.419.5344.600046.6";"2025.3.26.26401.419.5344.600046.6";"2025.5672991.26401.1.600046.419.5344.90188.6";"Secretaria de Desenvolvimento Urbano"
"2025.3.38.38101.400.2170.600066.6";"2025.3.38.38101.400.2170.600066.6";"2025.5679043.38101.3.600066.400.2170.91438.6";"Secretaria de Justiça e Direitos Humanos"
"2026.3.38.38101.400.2170.600062.6";"2026.3.38.38101.400.2170.600062.6";"2026.6194231.38101.3.600062.400.2170.95497.6";"Secretaria de Justiça e Direitos Humanos"
"2026.3.80.80102.900.8070.600075.6";"2026.3.80.80102.900.8070.600075.6";"2026.6187275.80102.0.600075.900.8070.97082.6";"Encargos Gerais do Estado"
"2025.3.9.9801.442.1340.600064.6";"2025.3.9.9101.442.1340.600064.6";"2025.5668286.9801.1.600064.442.1340.91398.6";"Secretaria da Administração"
"2021.3.18.18401.304.1399.600003.6";"2021.3.18.18401.304.1399.600003.6";"2021.4565410.18401.1.600003.304.1399.51508.6";"Secretaria de Desenvolvimento Rural"
"2021.3.24.24801.309.7911.600006.6";"2021.3.24.24801.309.7911.600006.6";"2021.4563694.24801.1.600006.309.7911.51511.6";"Secretaria de Infraestrutura"
"2022.3.11.11101.306.6596.600009.6";"2022.3.11.11101.306.6596.600009.6";"2022.4577180.11101.1.600009.306.6596.51878.6";"Secretaria da Educação"
"2022.3.11.11301.306.4048.600009.6";"2022.3.11.11301.306.4048.600009.6";"2022.4854830.11301.1.600009.306.4048.51878.6";"Secretaria da Educação"
"2022.3.12.12101.300.2170.600025.6";"2022.3.12.12101.300.2170.600025.6";"2022.4588536.12101.3.600025.300.2170.57103.6";"Secretaria de Justiça, Direitos Humanos e Desenvolvimento Social"
"2022.3.22.22301.302.7857.600007.6";"2022.3.22.22301.302.7857.600007.6";"2022.4575827.22301.1.600007.302.7857.51876.6";"Secretaria de Cultura"
"2023.3.11.11301.306.4048.600009.6";"2023.3.11.11301.306.4048.600009.6";"2023.4940319.11301.0.600009.306.4048.55823.6";"Secretaria da Educação"
"2023.3.20.20101.314.7877.600006.6";"2023.3.20.20101.314.7877.600006.6";"2023.4933165.20101.0.600006.314.7877.55820.6";"Secretaria da Segurança Pública"
"2023.3.20.20101.314.7880.600053.6";"2023.3.20.20101.314.7880.600053.6";"2023.5090672.20101.0.600053.314.7880.62127.6";"Secretaria da Segurança Pública"
"2024.3.11.11303.424.7867.600031.6";"2024.3.11.11303.424.7867.600031.6";"2024.5212819.11303.1.600031.424.7867.61618.6";"Secretaria da Educação"
"2024.3.18.18401.417.1399.600077.6";"2024.3.18.18401.417.1399.600077.6";"2024.5269333.18401.0.600077.417.1399.91340.6";"Secretaria de Desenvolvimento Rural"
"2024.3.38.38101.400.2170.600038.6";"2024.3.38.38101.400.2170.600038.6";"2024.5215448.38101.3.600038.400.2170.61652.6";"Secretaria de Justiça e Direitos Humanos"
"2024.3.38.38101.400.4170.600052.6";"2024.3.38.38101.400.4170.600052.6";"2024.5657226.38101.3.600052.400.4170.62312.6";"Secretaria de Justiça e Direitos Humanos"
"2025.3.21.21301.414.5779.600056.6";"2025.3.21.21301.414.5779.600056.6";"2025.5682164.21301.1.600056.414.5779.90187.6";"Secretaria do Trabalho, Emprego, Renda e Esporte"
"2025.3.26.26401.419.1162.600075.6";"2025.3.26.26401.419.1162.600075.6";"2025.5674955.26401.0.600075.419.1162.91385.6";"Secretaria de Desenvolvimento Urbano"
"2025.3.29.29101.440.3362.600065.6";"2025.3.29.29101.440.3362.600065.6";"2025.5682778.29101.1.600065.440.3362.91466.6";"Secretaria de Relações Institucionais"
"2026.3.18.18101.417.1399.600157.6";"2026.3.18.18101.417.1399.600157.6";"2026.6196468.18101.0.600157.417.1399.97923.6";"Secretaria de Desenvolvimento Rural"
"2026.3.18.18101.417.1399.600165.6";"2026.3.18.18101.417.1399.600165.6";"2026.6196599.18101.3.600165.417.1399.97912.6";"Secretaria de Desenvolvimento Rural"
"2026.3.26.26101.419.1162.600053.6";"2026.3.26.26101.419.1162.600053.6";"2026.6188913.26101.4.600053.419.1162.97008.6";"Secretaria de Desenvolvimento Urbano"
"2026.3.28.28101.405.1600.600065.6";"2026.3.28.28101.405.1600.600065.6";"2026.6188336.28101.0.600065.405.1600.95382.6";"Secretaria de Ciência, Tecnologia e Inovação"
"2026.3.80.80102.900.8070.600045.6";"2026.3.80.80102.900.8070.600045.6";"2026.6187172.80102.0.600045.900.8070.97017.6";"Encargos Gerais do Estado"
"2025.3.18.18101.417.1399.600135.6";"2025.3.18.18401.417.1399.600135.6";"2025.6181431.18101.3.600135.417.1399.97695.6";"Secretaria de Desenvolvimento Rural"
"2020.3.21.21301.305.7882.600002.6";"2020.3.21.21301.305.7882.600002.6";"2020.3893186.21301.1.600002.305.7882.46265.6";"Secretaria do Trabalho, Emprego, Renda e Esporte"
"2021.3.24.24801.309.7886.600006.6";"2021.3.24.24801.309.7886.600006.6";"2021.4541700.24801.0.600006.309.7886.51511.6";"Secretaria de Infraestrutura"
"2022.3.11.11101.306.6596.600009.6";"2022.3.11.11101.306.6596.600009.6";"2022.4588397.11301.1.600009.306.6596.51878.6";"Secretaria da Educação"
"2024.3.18.18401.417.1399.600077.6";"2024.3.18.18401.417.1399.600077.6";"2024.5269362.18401.1.600077.417.1399.91340.6";"Secretaria de Desenvolvimento Rural"
"2025.3.10.10101.417.3146.600106.6";"2025.3.10.10101.417.3146.600106.6";"2025.6179711.10101.0.600106.417.3146.97557.6";"Secretaria da Agricultura, Pecuária, Irrigação, Pesca e Aquicultura"
"2025.3.11.11301.424.2443.600047.6";"2025.3.11.11301.424.2443.600047.6";"2025.5675152.11301.1.600047.424.2443.90183.6";"Secretaria da Educação"
"2025.3.11.11301.424.4048.600009.6";"2025.3.11.11301.424.4048.600009.6";"2025.5667376.11301.16.600009.424.4048.90211.6";"Secretaria da Educação"
"2025.3.26.26401.419.1158.600052.6";"2025.3.26.26401.419.1158.600052.6";"2025.5681175.26401.0.600052.419.1158.90197.6";"Secretaria de Desenvolvimento Urbano"
"2025.3.32.32101.411.3701.600164.6";"2025.3.32.32101.411.3701.600164.6";"2025.6180980.32101.0.600164.411.3701.97783.6";"Secretaria de Turismo"
"2021.3.20.20102.314.7880.600002.6";"2021.3.20.20102.314.7880.600002.6";"2021.4225480.20102.1.600002.314.7880.46524.6";"Secretaria da Segurança Pública"
"2022.3.21.21301.305.7882.600003.6";"2022.3.21.21301.305.7882.600003.6";"2022.4577095.21301.0.600003.305.7882.51872.6";"Secretaria do Trabalho, Emprego, Renda e Esporte"
"2022.3.30.30101.307.5713.600002.6";"2022.3.30.30101.307.5713.600002.6";"2022.4924551.30101.0.600002.307.5713.46893.6";"Secretaria de Promoção da Igualdade Racial"
"2022.3.80.80102.900.8070.600025.6";"2022.3.80.80102.900.8070.600025.6";"2022.4588257.80102.0.600025.900.8070.57103.6";"Encargos Gerais do Estado"
"2023.3.10.10101.304.7385.600006.6";"2023.3.10.10101.304.7385.600006.6";"2023.4931550.10101.0.600006.304.7385.55820.6";"Secretaria da Agricultura, Pecuária, Irrigação, Pesca e Aquicultura"
"2023.3.18.18401.304.1399.600037.6";"2023.3.18.18401.304.1399.600037.6";"2023.4939751.18401.1.600037.304.1399.57308.6";"Secretaria de Desenvolvimento Rural"
"2023.3.18.18401.304.1399.600038.6";"2023.3.18.18401.304.1399.600038.6";"2023.4947256.18401.1.600038.304.1399.57309.6";"Secretaria de Desenvolvimento Rural"
"2023.3.22.22101.302.7857.600031.6";"2023.3.22.22101.302.7857.600031.6";"2023.4933943.22101.1.600031.302.7857.57248.6";"Secretaria de Cultura"
"2023.3.28.28101.301.7917.600005.6";"2023.3.28.28101.301.7917.600005.6";"2023.4932900.28101.1.600005.301.7917.55819.6";"Secretaria de Ciência, Tecnologia e Inovação"
"2024.3.24.24801.432.7911.600048.6";"2024.3.24.24801.432.7911.600048.6";"2024.5215675.24801.0.600048.432.7911.62308.6";"Secretaria de Infraestrutura"
"2024.3.80.80102.900.8070.600009.6";"2024.3.80.80102.900.8070.600009.6";"2024.5208855.80102.0.600009.900.8070.61629.6";"Encargos Gerais do Estado"
"2025.3.18.18101.417.1399.600105.6";"2025.3.18.18101.417.1399.600105.6";"2025.6181432.18101.3.600105.417.1399.97555.6";"Secretaria de Desenvolvimento Rural"
"2025.3.18.18101.417.1399.600163.6";"2025.3.18.18101.417.1399.600163.6";"2025.6181498.18401.1.600163.417.1399.97781.6";"Secretaria de Desenvolvimento Rural"
"2025.3.18.18401.417.1399.600135.6";"2025.3.18.18401.417.1399.600135.6";"2025.6179056.18401.0.600135.417.1399.97695.6";"Secretaria de Desenvolvimento Rural"
"2025.3.80.80102.900.8070.600028.6";"2025.3.80.80102.900.8070.600028.6";"2025.5665775.80102.0.600028.900.8070.90199.6";"Encargos Gerais do Estado"
"2022.3.9.9801.315.1340.600023.6";"2022.3.9.9101.315.1340.600023.6";"2022.4578508.9801.1.600023.315.1340.51949.6";"Secretaria da Administração"
"2023.3.22.22101.302.7857.600034.6";"2023.3.22.22301.302.7857.600034.6";"2023.4933237.22101.1.600034.302.7857.57253.6";"Secretaria de Cultura"
"2021.3.21.21301.308.5793.600004.6";"2021.3.21.21301.308.5793.600004.6";"2021.4234478.21301.0.600004.308.5793.51509.6";"Secretaria do Trabalho, Emprego, Renda e Esporte"
"2021.3.26.26101.305.1162.600006.6";"2021.3.26.26101.305.1162.600006.6";"2021.4563685.26101.0.600006.305.1162.51511.6";"Secretaria de Desenvolvimento Urbano"
"2021.3.28.28101.301.7917.600006.6";"2021.3.28.28101.301.7917.600006.6";"2021.4542174.28101.1.600006.301.7917.51511.6";"Secretaria de Ciência, Tecnologia e Inovação"
"2022.3.18.18401.304.1926.600015.6";"2022.3.18.18401.304.1926.600015.6";"2022.4577194.18401.1.600015.304.1926.51884.6";"Secretaria de Desenvolvimento Rural"
"2023.3.22.22101.302.7980.600005.6";"2023.3.22.22101.302.7980.600005.6";"2023.4935772.22101.1.600005.302.7980.55819.6";"Secretaria de Cultura"
"2023.3.80.80102.900.8070.600039.6";"2023.3.80.80102.900.8070.600039.6";"2023.4952613.80102.0.600039.900.8070.62121.6";"Encargos Gerais do Estado"
"2024.3.26.26401.419.1162.600039.6";"2024.3.26.26401.419.1162.600039.6";"2024.5223409.26401.1.600039.419.1162.62299.6";"Secretaria de Desenvolvimento Urbano"
"2024.3.32.32802.411.5893.600061.6";"2024.3.32.32802.411.5893.600061.6";"2024.5655695.32802.0.600061.411.5893.91332.6";"Secretaria de Turismo"
"2025.3.26.26101.419.5183.600042.6";"2025.3.26.26101.419.5183.600042.6";"2025.5677344.26401.2.600042.419.5183.90193.6";"Secretaria de Desenvolvimento Urbano"
"2025.3.26.26401.419.1162.600075.6";"2025.3.26.26401.419.1162.600075.6";"2025.5675354.26401.1.600075.419.1162.91385.6";"Secretaria de Desenvolvimento Urbano"
"2025.3.80.80102.900.8070.600012.6";"2025.3.80.80102.900.8070.600012.6";"2025.5665743.80102.0.600012.900.8070.90214.6";"Encargos Gerais do Estado"
"2025.3.80.80102.900.8070.600042.6";"2025.3.80.80102.900.8070.600042.6";"2025.5669892.80102.0.600042.900.8070.90193.6";"Encargos Gerais do Estado"
"2026.3.11.11101.425.7744.600020.6";"2026.3.11.11101.425.7744.600020.6";"2026.6194229.11101.38.600020.425.7744.95144.6";"Secretaria da Educação"
"2026.3.24.24801.432.7911.600069.6";"2026.3.24.24801.432.7911.600069.6";"2026.6195008.24801.1.600069.432.7911.95496.6";"Secretaria de Infraestrutura"
"2021.3.18.18401.304.1399.600019.6";"2021.3.18.18401.304.1399.600019.6";"2021.4564592.18401.0.600019.304.1399.51524.6";"Secretaria de Desenvolvimento Rural"
"2021.3.80.80102.900.8070.600020.6";"2021.3.80.80102.900.8070.600020.6";"2021.4233231.80102.0.600020.900.8070.51525.6";"Encargos Gerais do Estado"
"2022.3.10.10501.304.5916.600015.6";"2022.3.10.10501.304.5916.600015.6";"2022.4576376.10501.0.600015.304.5916.51884.6";"Secretaria da Agricultura, Pecuária, Irrigação, Pesca e Aquicultura"
"2022.3.18.18401.304.1399.600019.6";"2022.3.18.18401.304.1399.600019.6";"2022.4576395.18401.1.600019.304.1399.51888.6";"Secretaria de Desenvolvimento Rural"
"2023.3.21.21301.303.5779.600019.6";"2023.3.21.21301.303.5779.600019.6";"2023.5201065.21301.0.600019.303.5779.55833.6";"Secretaria do Trabalho, Emprego, Renda e Esporte"
"2023.3.21.21301.314.4565.600006.6";"2023.3.21.21301.314.4565.600006.6";"2023.4938070.21301.1.600006.314.4565.55820.6";"Secretaria do Trabalho, Emprego, Renda e Esporte"
"2023.3.80.80102.900.8070.600009.6";"2023.3.80.80102.900.8070.600009.6";"2023.4928724.80102.0.600009.900.8070.55823.6";"Encargos Gerais do Estado"
"2024.3.11.11303.424.7867.600027.6";"2024.3.11.11303.424.7867.600027.6";"2024.5213284.11303.0.600027.424.7867.61645.6";"Secretaria da Educação"
"2024.3.21.21301.414.1009.600013.6";"2024.3.21.21301.414.1009.600013.6";"2024.5212319.21301.0.600013.414.1009.61633.6";"Secretaria do Trabalho, Emprego, Renda e Esporte"
"2024.3.26.26101.419.1162.600042.6";"2024.3.26.26101.419.1162.600042.6";"2024.5213380.26101.4.600042.419.1162.62302.6";"Secretaria de Desenvolvimento Urbano"
"2024.3.80.80102.900.8070.600051.6";"2024.3.80.80102.900.8070.600051.6";"2024.5208890.80102.0.600051.900.8070.62311.6";"Encargos Gerais do Estado"
"2025.3.10.10101.417.7385.600098.6";"2025.3.10.10101.417.7385.600098.6";"2025.6179082.10101.1.600098.417.7385.97541.6";"Secretaria da Agricultura, Pecuária, Irrigação, Pesca e Aquicultura"
"2025.3.26.26101.419.1162.600025.6";"2025.3.26.26101.419.1162.600025.6";"2025.5668468.26101.0.600025.419.1162.90226.6";"Secretaria de Desenvolvimento Urbano"
"2026.3.11.11301.424.4048.600059.6";"2026.3.11.11301.424.4048.600059.6";"2026.6192774.11301.0.600059.424.4048.95494.6";"Secretaria da Educação"
"2026.3.18.18401.417.1399.600058.6";"2026.3.18.18401.417.1399.600058.6";"2026.6188866.18401.1.600058.417.1399.95377.6";"Secretaria de Desenvolvimento Rural"
"2026.3.18.18401.417.7988.600042.6";"2026.3.18.18401.417.7988.600042.6";"2026.6189082.18401.1.600042.417.7988.97016.6";"Secretaria de Desenvolvimento Rural"
"2026.3.21.21101.413.5917.600058.6";"2026.3.21.21101.413.5917.600058.6";"2026.6191669.21101.7.600058.413.5917.95377.6";"Secretaria do Trabalho, Emprego, Renda e Esporte"
"2026.3.10.10101.417.3146.600106.6";"2026.3.10.10501.417.3146.600106.6";"2026.6186668.10101.1.600106.417.3146.97608.6";"Secretaria da Agricultura, Pecuária, Irrigação, Pesca e Aquicultura"
"2022.3.11.11101.306.6596.600009.6";"2022.3.11.11301.306.6596.600009.6";"2022.4577180.11101.1.600009.306.6596.51878.6";"Secretaria da Educação"
"2025.3.26.26101.419.5183.600042.6";"2025.3.26.26401.419.5183.600042.6";"2025.5677339.26101.4.600042.419.5183.90193.6";"Secretaria de Desenvolvimento Urbano"
"2022.3.21.21101.308.5917.600004.6";"2022.3.21.21101.308.5917.600004.6";"2022.4575075.21101.0.600004.308.5917.51873.6";"Secretaria do Trabalho, Emprego, Renda e Esporte"
"2022.3.34.34101.311.5558.600003.6";"2022.3.34.34101.311.5558.600003.6";"2022.4587206.34101.0.600003.311.5558.51872.6";"Secretaria de Políticas para as Mulheres"
"2023.3.21.21301.305.1009.600029.6";"2023.3.21.21301.305.1009.600029.6";"2023.4937829.21301.1.600029.305.1009.57244.6";"Secretaria do Trabalho, Emprego, Renda e Esporte"
"2023.3.28.28101.301.7917.600000.6";"2023.3.28.28101.301.7917.600000.6";"2023.4932895.28101.1.600000.301.7917.55814.6";"Secretaria de Ciência, Tecnologia e Inovação"
"2023.3.80.80102.900.8070.600033.6";"2023.3.80.80102.900.8070.600033.6";"2023.4928761.80102.0.600033.900.8070.57252.6";"Encargos Gerais do Estado"
"2024.3.21.21301.414.1009.600029.6";"2024.3.21.21301.414.1009.600029.6";"2024.5213258.21301.1.600029.414.1009.61646.6";"Secretaria do Trabalho, Emprego, Renda e Esporte"
"2024.3.26.26101.419.1162.600000.6";"2024.3.26.26101.419.1162.600000.6";"2024.5657968.26101.4.600000.419.1162.61620.6";"Secretaria de Desenvolvimento Urbano"
"2024.3.26.26401.419.5183.600038.6";"2024.3.26.26401.419.5183.600038.6";"2024.5216475.26401.0.600038.419.5183.61652.6";"Secretaria de Desenvolvimento Urbano"
"2024.3.80.80102.900.8070.600050.6";"2024.3.80.80102.900.8070.600050.6";"2024.5208886.80102.0.600050.900.8070.62310.6";"Encargos Gerais do Estado"
"2025.3.21.21101.413.5914.600043.6";"2025.3.21.21101.413.5914.600043.6";"2025.5673272.21101.7.600043.413.5914.90235.6";"Secretaria do Trabalho, Emprego, Renda e Esporte"
"2025.3.21.21301.414.7882.600042.6";"2025.3.21.21301.414.7882.600042.6";"2025.5672237.21301.1.600042.414.7882.90193.6";"Secretaria do Trabalho, Emprego, Renda e Esporte"
"2025.3.30.30101.426.3289.600058.6";"2025.3.30.30101.426.3289.600058.6";"2025.5672354.30101.2.600058.426.3289.91461.6";"Secretaria de Promoção da Igualdade Racial e dos Povos e Comunidades Tradicionais"
"2025.3.80.80102.900.8070.600053.6";"2025.3.80.80102.900.8070.600053.6";"2025.5665830.80102.0.600053.900.8070.90185.6";"Encargos Gerais do Estado"
"2026.3.20.20801.437.7875.600072.6";"2026.3.20.20801.437.7875.600072.6";"2026.6193891.20801.0.600072.437.7875.97086.6";"Secretaria da Segurança Pública"
"2026.3.26.26101.419.1162.600081.6";"2026.3.26.26101.419.1162.600081.6";"2026.6195695.26101.0.600081.419.1162.97567.6";"Secretaria de Desenvolvimento Urbano"
"2026.3.39.39601.402.2284.600049.6";"2026.3.39.39601.402.2284.600049.6";"2026.6192412.39601.1.600049.402.2284.97012.6";"Secretaria de Assistência e Desenvolvimento Social"
"2021.3.18.18401.304.1399.600001.6";"2021.3.18.18401.304.1399.600001.6";"2021.4225446.18401.1.600001.304.1399.46523.6";"Secretaria de Desenvolvimento Rural"
"2021.3.18.18401.304.1399.600010.6";"2021.3.18.18401.304.1399.600010.6";"2021.4234811.18401.1.600010.304.1399.51515.6";"Secretaria de Desenvolvimento Rural"
"2021.3.21.21301.314.5641.600003.6";"2021.3.21.21301.314.5641.600003.6";"2021.4563489.21301.0.600003.314.5641.51508.6";"Secretaria do Trabalho, Emprego, Renda e Esporte"
"2022.3.18.18401.304.1399.600022.6";"2022.3.18.18401.304.1399.600022.6";"2022.4923014.18401.0.600022.304.1399.51858.6";"Secretaria de Desenvolvimento Rural"
"2023.3.11.11302.306.6908.600031.6";"2023.3.11.11302.306.6908.600031.6";"2023.4941154.11302.0.600031.306.6908.57303.6";"Secretaria da Educação"
"2023.3.30.30101.307.5713.600039.6";"2023.3.30.30101.307.5713.600039.6";"2023.5200624.30101.0.600039.307.5713.62121.6";"Secretaria de Promoção da Igualdade Racial e dos Povos e Comunidades Tradicionais"
"2023.3.38.38101.300.2170.600005.6";"2023.3.38.38101.300.2170.600005.6";"2023.4933214.38101.0.600005.300.2170.55819.6";"Secretaria de Justiça e Direitos Humanos"
"2024.3.21.21101.413.5914.600058.6";"2024.3.21.21101.413.5914.600058.6";"2024.5231763.21101.0.600058.413.5914.91321.6";"Secretaria do Trabalho, Emprego, Renda e Esporte"
"2024.3.21.21301.414.5031.600063.6";"2024.3.21.21301.414.5031.600063.6";"2024.5227498.21301.1.600063.414.5031.91323.6";"Secretaria do Trabalho, Emprego, Renda e Esporte"
"2024.3.21.21301.414.5779.600050.6";"2024.3.21.21301.414.5779.600050.6";"2024.5218630.21301.1.600050.414.5779.62310.6";"Secretaria do Trabalho, Emprego, Renda e Esporte"
"2024.3.21.21301.414.5793.600076.6";"2024.3.21.21301.414.5793.600076.6";"2024.5227348.21301.1.600076.414.5793.91339.6";"Secretaria do Trabalho, Emprego, Renda e Esporte"
"2024.3.22.22202.406.7980.600046.6";"2024.3.22.22202.406.7980.600046.6";"2024.5225698.22202.1.600046.406.7980.62306.6";"Secretaria de Cultura"
"2024.3.80.80102.900.8070.600042.6";"2024.3.80.80102.900.8070.600042.6";"2024.5208829.80102.0.600042.900.8070.62302.6";"Encargos Gerais do Estado"
"2025.3.30.30101.426.4034.600043.6";"2025.3.30.30101.426.4034.600043.6";"2025.5672770.30101.2.600043.426.4034.90235.6";"Secretaria de Promoção da Igualdade Racial e dos Povos e Comunidades Tradicionais"
"2025.3.38.38101.446.3194.600062.6";"2025.3.38.38101.446.3194.600062.6";"2025.5678377.38101.0.600062.446.3194.91471.6";"Secretaria de Justiça e Direitos Humanos"
"2026.3.18.18101.417.1399.600163.6";"2026.3.18.18101.417.1399.600163.6";"2026.6196483.18101.3.600163.417.1399.97883.6";"Secretaria de Desenvolvimento Rural"
"2026.3.26.26101.419.1162.600081.6";"2026.3.26.26101.419.1162.600081.6";"2026.6195694.26101.4.600081.419.1162.97567.6";"Secretaria de Desenvolvimento Urbano"
"2026.3.39.39601.402.2284.600049.6";"2026.3.39.39601.402.2284.600049.6";"2026.6191617.39601.0.600049.402.2284.97012.6";"Secretaria de Assistência e Desenvolvimento Social"
"2022.3.9.9801.315.1340.600023.6";"2022.3.9.9101.315.1340.600023.6";"2022.4578511.9101.1.600023.315.1340.51949.6";"Secretaria da Administração"
"2022.3.22.22101.302.7980.600005.6";"2022.3.22.22202.302.7980.600005.6";"2022.4580562.22101.1.600005.302.7980.51795.6";"Secretaria de Cultura"
"2026.3.28.28101.405.5649.600046.6";"2026.3.11.11304.405.5649.600046.6";"2026.6192746.28101.1.600046.405.5649.97011.6";"Secretaria da Educação"
"2021.3.11.11201.306.7524.600002.6";"2021.3.11.11201.306.7524.600002.6";"2021.4225922.11201.0.600002.306.7524.46524.6";"Secretaria da Educação"
"2021.3.80.80102.900.8070.600018.6";"2021.3.80.80102.900.8070.600018.6";"2021.4233218.80102.0.600018.900.8070.51523.6";"Encargos Gerais do Estado"
"2023.3.11.11302.306.7863.600009.6";"2023.3.11.11302.306.7863.600009.6";"2023.4935770.11302.1.600009.306.7863.55823.6";"Secretaria da Educação"
"2023.3.21.21301.305.1009.600029.6";"2023.3.21.21301.305.1009.600029.6";"2023.4937677.21301.0.600029.305.1009.57244.6";"Secretaria do Trabalho, Emprego, Renda e Esporte"
"2023.3.30.30101.307.3825.600002.6";"2023.3.30.30101.307.3825.600002.6";"2023.4939143.30101.0.600002.307.3825.55816.6";"Secretaria de Promoção da Igualdade Racial e dos Povos e Comunidades Tradicionais"
"2024.3.10.10101.417.7385.600046.6";"2024.3.10.10101.417.7385.600046.6";"2024.5219733.10101.1.600046.417.7385.62306.6";"Secretaria da Agricultura, Pecuária, Irrigação, Pesca e Aquicultura"
"2024.3.21.21301.414.7882.600042.6";"2024.3.21.21301.414.7882.600042.6";"2024.5212549.21301.1.600042.414.7882.62302.6";"Secretaria do Trabalho, Emprego, Renda e Esporte"
"2024.3.26.26101.419.1162.600036.6";"2024.3.26.26101.419.1162.600036.6";"2024.5216890.26101.4.600036.419.1162.61619.6";"Secretaria de Desenvolvimento Urbano"
"2024.3.26.26401.419.1158.600048.6";"2024.3.26.26401.419.1158.600048.6";"2024.5222324.26401.1.600048.419.1158.62308.6";"Secretaria de Desenvolvimento Urbano"
"2024.3.26.26401.419.1162.600038.6";"2024.3.26.26401.419.1162.600038.6";"2024.5216474.26401.0.600038.419.1162.61652.6";"Secretaria de Desenvolvimento Urbano"
"2024.3.26.26401.419.1162.600043.6";"2024.3.26.26401.419.1162.600043.6";"2024.5214993.26401.0.600043.419.1162.62303.6";"Secretaria de Desenvolvimento Urbano"
"2025.3.21.21301.414.4997.600045.6";"2025.3.21.21301.414.4997.600045.6";"2025.5683955.21301.0.600045.414.4997.90194.6";"Secretaria do Trabalho, Emprego, Renda e Esporte"
"2026.3.11.11301.424.2443.600047.6";"2026.3.11.11301.424.2443.600047.6";"2026.6192222.11301.0.600047.424.2443.97006.6";"Secretaria da Educação"
"2026.3.26.26101.419.5183.600042.6";"2026.3.26.26101.419.5183.600042.6";"2026.6191459.26101.0.600042.419.5183.97016.6";"Secretaria de Desenvolvimento Urbano"
"2026.3.29.29101.440.3362.600065.6";"2026.3.29.29101.440.3362.600065.6";"2026.6191119.29101.1.600065.440.3362.95382.6";"Secretaria de Relações Institucionais"
"2026.3.30.30101.426.3289.600043.6";"2026.3.30.30101.426.3289.600043.6";"2026.6193330.30101.2.600043.426.3289.95157.6";"Secretaria de Promoção da Igualdade Racial e dos Povos e Comunidades Tradicionais"
"2025.3.18.18101.417.1399.600108.6";"2025.3.18.18401.417.1399.600108.6";"2025.6181482.18401.1.600108.417.1399.97561.6";"Secretaria de Desenvolvimento Rural"
"2025.3.26.26101.419.1162.600053.6";"2025.3.26.26401.419.1162.600053.6";"2025.5674236.26401.2.600053.419.1162.90185.6";"Secretaria de Desenvolvimento Urbano"
"2021.3.26.26101.305.1158.600006.6";"2021.3.26.26101.305.1158.600006.6";"2021.4541678.26101.0.600006.305.1158.51511.6";"Secretaria de Desenvolvimento Urbano"
"2021.3.80.80102.900.8070.600009.6";"2021.3.80.80102.900.8070.600009.6";"2021.4233228.80102.0.600009.900.8070.51514.6";"Encargos Gerais do Estado"
"2022.3.21.21101.308.5917.600004.6";"2022.3.21.21101.308.5917.600004.6";"2022.4575076.21101.0.600004.308.5917.51873.6";"Secretaria do Trabalho, Emprego, Renda e Esporte"
"2022.3.80.80102.900.8070.600012.6";"2022.3.80.80102.900.8070.600012.6";"2022.4572081.80102.0.600012.900.8070.51881.6";"Encargos Gerais do Estado"
"2023.3.22.22202.302.7986.600002.6";"2023.3.22.22202.302.7986.600002.6";"2023.4939330.22202.1.600002.302.7986.55816.6";"Secretaria de Cultura"
"2023.3.30.30101.307.5713.600036.6";"2023.3.30.30101.307.5713.600036.6";"2023.4941359.30101.2.600036.307.5713.57254.6";"Secretaria de Promoção da Igualdade Racial e dos Povos e Comunidades Tradicionais"
"2024.3.11.11301.424.4048.600059.6";"2024.3.11.11301.424.4048.600059.6";"2024.5226241.11301.1.600059.424.4048.91326.6";"Secretaria da Educação"
"2024.3.21.21301.414.1009.600029.6";"2024.3.21.21301.414.1009.600029.6";"2024.5212799.21301.0.600029.414.1009.61646.6";"Secretaria do Trabalho, Emprego, Renda e Esporte"
"2024.3.8.8501.434.7894.600052.6";"2024.3.8.8501.434.7894.600052.6";"2024.5659523.8501.0.600052.434.7894.62312.6";"Secretaria de Infraestrutura Hídrica e Saneamento"
"2025.3.11.11302.424.6908.600031.6";"2025.3.11.11302.424.6908.600031.6";"2025.5713345.11302.0.600031.424.6908.90200.6";"Secretaria da Educação"
"2025.3.22.22101.406.7980.600063.6";"2025.3.22.22101.406.7980.600063.6";"2025.5682647.22201.1.600063.406.7980.91446.6";"Secretaria de Cultura"
"2025.3.38.38101.400.4170.600052.6";"2025.3.38.38101.400.4170.600052.6";"2025.5673651.38101.3.600052.400.4170.90197.6";"Secretaria de Justiça e Direitos Humanos"
"2025.3.39.39601.402.2256.600065.6";"2025.3.39.39601.402.2256.600065.6";"2025.5680185.39601.1.600065.402.2256.91466.6";"Secretaria de Assistência e Desenvolvimento Social"
"2025.3.80.80102.900.8070.600035.6";"2025.3.80.80102.900.8070.600035.6";"2025.5665788.80102.0.600035.900.8070.90179.6";"Encargos Gerais do Estado"
"2026.3.18.18401.417.7988.600057.6";"2026.3.18.18401.417.7988.600057.6";"2026.6191965.18401.1.600057.417.7988.95222.6";"Secretaria de Desenvolvimento Rural"
"2026.3.28.28101.405.5649.600046.6";"2026.3.28.28101.405.5649.600046.6";"2026.6192747.28101.1.600046.405.5649.97011.6";"Secretaria de Ciência, Tecnologia e Inovação"
"2020.3.10.10101.304.7385.600002.6";"2020.3.10.10101.304.7385.600002.6";"2020.3892995.10101.0.600002.304.7385.46265.6";"Secretaria da Agricultura, Pecuária, Irrigação, Pesca e Aquicultura"
"2020.3.22.22101.302.7986.600002.6";"2020.3.22.22101.302.7986.600002.6";"2020.3892957.22101.0.600002.302.7986.46265.6";"Secretaria de Cultura"
"2022.3.18.18401.304.1399.600004.6";"2022.3.18.18401.304.1399.600004.6";"2022.4575223.18401.1.600004.304.1399.51873.6";"Secretaria de Desenvolvimento Rural"
"2023.3.38.38101.300.2170.600038.6";"2023.3.38.38101.300.2170.600038.6";"2023.4948316.38101.0.600038.300.2170.57309.6";"Secretaria de Justiça e Direitos Humanos"
"2024.3.21.21301.414.1009.600036.6";"2024.3.21.21301.414.1009.600036.6";"2024.5212802.21301.0.600036.414.1009.61619.6";"Secretaria do Trabalho, Emprego, Renda e Esporte"
"2024.3.32.32802.411.5893.600062.6";"2024.3.32.32802.411.5893.600062.6";"2024.5660180.32802.1.600062.411.5893.91336.6";"Secretaria de Turismo"
"2024.3.34.34101.429.4181.600043.6";"2024.3.34.34101.429.4181.600043.6";"2024.5226567.34101.3.600043.429.4181.62303.6";"Secretaria de Políticas para as Mulheres"
"2025.3.10.10101.417.7244.600104.6";"2025.3.10.10101.417.7244.600104.6";"2025.6179091.10101.1.600104.417.7244.97553.6";"Secretaria da Agricultura, Pecuária, Irrigação, Pesca e Aquicultura"
"2025.3.11.11301.424.4048.600059.6";"2025.3.11.11301.424.4048.600059.6";"2025.5670499.11301.16.600059.424.4048.91468.6";"Secretaria da Educação"
"2025.3.28.28101.405.5649.600046.6";"2025.3.28.28101.405.5649.600046.6";"2025.5673617.28101.0.600046.405.5649.90188.6";"Secretaria de Ciência, Tecnologia e Inovação"
"2025.3.32.32802.411.5893.600061.6";"2025.3.32.32802.411.5893.600061.6";"2025.5673215.32802.0.600061.411.5893.91454.6";"Secretaria de Turismo"
"2025.3.34.34101.430.5563.600065.6";"2025.3.34.34101.430.5563.600065.6";"2025.5682214.34101.2.600065.430.5563.91466.6";"Secretaria de Políticas para as Mulheres"
"2025.3.38.38101.400.6953.600052.6";"2025.3.38.38101.400.6953.600052.6";"2025.5673622.38101.0.600052.400.6953.90197.6";"Secretaria de Justiça e Direitos Humanos"
"2026.3.10.10101.417.5935.600162.6";"2026.3.10.10101.417.5935.600162.6";"2026.6193519.10101.1.600162.417.5935.97908.6";"Secretaria da Agricultura, Pecuária, Irrigação, Pesca e Aquicultura"
"2026.3.10.10101.417.7244.600113.6";"2026.3.10.10101.417.7244.600113.6";"2026.6188658.10101.0.600113.417.7244.97634.6";"Secretaria da Agricultura, Pecuária, Irrigação, Pesca e Aquicultura"
"2026.3.28.28101.405.5649.600073.6";"2026.3.28.28101.405.5649.600073.6";"2026.6188317.28101.0.600073.405.5649.97084.6";"Secretaria de Ciência, Tecnologia e Inovação"
"2021.3.21.21301.308.5793.600019.6";"2021.3.21.21301.308.5793.600019.6";"2021.4565281.21301.1.600019.308.5793.51524.6";"Secretaria do Trabalho, Emprego, Renda e Esporte"
"2022.3.12.12101.300.4135.600005.6";"2022.3.12.12101.300.4135.600005.6";"2022.4588240.12101.0.600005.300.4135.51874.6";"Secretaria de Justiça, Direitos Humanos e Desenvolvimento Social"
"2024.3.22.22101.406.6903.600046.6";"2024.3.22.22101.406.6903.600046.6";"2024.5223154.22101.0.600046.406.6903.62306.6";"Secretaria de Cultura"
"2024.3.26.26401.419.1162.600039.6";"2024.3.26.26401.419.1162.600039.6";"2024.5217437.26401.0.600039.419.1162.62299.6";"Secretaria de Desenvolvimento Urbano"
"2024.3.30.30101.426.3289.600046.6";"2024.3.30.30101.426.3289.600046.6";"2024.5218778.30101.0.600046.426.3289.62306.6";"Secretaria de Promoção da Igualdade Racial e dos Povos e Comunidades Tradicionais"
"2024.3.80.80102.900.8070.600059.6";"2024.3.80.80102.900.8070.600059.6";"2024.5225744.80102.0.600059.900.8070.91326.6";"Encargos Gerais do Estado"
"2025.3.18.18401.417.1399.600018.6";"2025.3.18.18401.417.1399.600018.6";"2025.5673253.18401.0.600018.417.1399.90220.6";"Secretaria de Desenvolvimento Rural"
"2025.3.20.20803.437.2251.600070.6";"2025.3.20.20803.437.2251.600070.6";"2025.5668405.20803.0.600070.437.2251.91445.6";"Secretaria da Segurança Pública"
"2025.3.22.22101.406.7857.600115.6";"2025.3.22.22101.406.7857.600115.6";"2025.6178983.22101.3.600115.406.7857.97645.6";"Secretaria de Cultura"
"2025.3.28.28101.405.5649.600073.6";"2025.3.28.28101.405.5649.600073.6";"2025.5674101.28101.0.600073.405.5649.91387.6";"Secretaria de Ciência, Tecnologia e Inovação"
"2025.3.38.38101.400.2505.600062.6";"2025.3.38.38101.400.2505.600062.6";"2025.5678376.38101.0.600062.400.2505.91471.6";"Secretaria de Justiça e Direitos Humanos"
"2025.3.80.80102.900.8070.600038.6";"2025.3.80.80102.900.8070.600038.6";"2025.5665794.80102.0.600038.900.8070.90234.6";"Encargos Gerais do Estado"
"2026.3.80.80102.900.8070.600039.6";"2026.3.80.80102.900.8070.600039.6";"2026.6187162.80102.0.600039.900.8070.97013.6";"Encargos Gerais do Estado"
"2025.3.18.18101.417.1399.600089.6";"2025.3.18.18401.417.1399.600089.6";"2025.6181427.18101.3.600089.417.1399.97493.6";"Secretaria de Desenvolvimento Rural"
"2025.3.26.26101.419.1162.600053.6";"2025.3.26.26401.419.1162.600053.6";"2025.5673350.26101.4.600053.419.1162.90185.6";"Secretaria de Desenvolvimento Urbano"
"2020.3.26.26101.305.1162.600000.6";"2020.3.26.26101.305.1162.600000.6";"2020.3893473.26101.4.600000.305.1162.46263.6";"Secretaria de Desenvolvimento Urbano"
"2020.3.26.26401.305.1162.600002.6";"2020.3.26.26401.305.1162.600002.6";"2020.4219098.26401.1.600002.305.1162.46265.6";"Secretaria de Desenvolvimento Urbano"
"2021.3.11.11101.306.6991.600010.6";"2021.3.11.11101.306.6991.600010.6";"2021.4278514.11101.0.600010.306.6991.51515.6";"Secretaria da Educação"
"2022.3.10.10101.304.7385.600036.6";"2022.3.10.10101.304.7385.600036.6";"2022.4589909.10101.1.600036.304.7385.57114.6";"Secretaria da Agricultura, Pecuária, Irrigação, Pesca e Aquicultura"
"2022.3.12.12101.300.2170.600005.6";"2022.3.12.12101.300.2170.600005.6";"2022.4577024.12101.0.600005.300.2170.51874.6";"Secretaria de Justiça, Direitos Humanos e Desenvolvimento Social"
"2022.3.21.21301.305.7882.600013.6";"2022.3.21.21301.305.7882.600013.6";"2022.4577082.21301.0.600013.305.7882.51882.6";"Secretaria do Trabalho, Emprego, Renda e Esporte"
"2022.3.21.21301.314.4565.600006.6";"2022.3.21.21301.314.4565.600006.6";"2022.4923486.21301.1.600006.314.4565.51875.6";"Secretaria do Trabalho, Emprego, Renda e Esporte"
"2022.3.80.80102.900.8070.600022.6";"2022.3.80.80102.900.8070.600022.6";"2022.4572114.80102.0.600022.900.8070.51858.6";"Encargos Gerais do Estado"
"2023.3.10.10101.304.7385.600006.6";"2023.3.10.10101.304.7385.600006.6";"2023.4931625.10101.1.600006.304.7385.55820.6";"Secretaria da Agricultura, Pecuária, Irrigação, Pesca e Aquicultura"
"2023.3.21.21301.305.1009.600036.6";"2023.3.21.21301.305.1009.600036.6";"2023.4933658.21301.0.600036.305.1009.57254.6";"Secretaria do Trabalho, Emprego, Renda e Esporte"
"2024.3.22.22301.407.5521.600034.6";"2024.3.22.22301.407.5521.600034.6";"2024.5212860.22301.1.600034.407.5521.61650.6";"Secretaria de Cultura"
"2024.3.28.28101.405.7917.600005.6";"2024.3.28.28101.405.7917.600005.6";"2024.5211038.26101.4.600005.405.7917.61625.6";"Secretaria de Ciência, Tecnologia e Inovação"
"2024.3.32.32101.411.3701.600053.6";"2024.3.32.32101.411.3701.600053.6";"2024.5224679.32101.3.600053.411.3701.62313.6";"Secretaria de Turismo"
"2025.3.20.20803.437.7143.600070.6";"2025.3.20.20803.437.7143.600070.6";"2025.5668406.20803.0.600070.437.7143.91445.6";"Secretaria da Segurança Pública"
"2025.3.24.24801.432.7911.600048.6";"2025.3.24.24801.432.7911.600048.6";"2025.5670357.24801.0.600048.432.7911.90195.6";"Secretaria de Infraestrutura"
"2025.3.34.34101.430.5558.600005.6";"2025.3.34.34101.430.5558.600005.6";"2025.5675561.34101.2.600005.430.5558.90207.6";"Secretaria de Políticas para as Mulheres"
"2026.3.10.10101.417.5935.600162.6";"2026.3.10.10101.417.5935.600162.6";"2026.6194002.10501.1.600162.417.5935.97908.6";"Secretaria da Agricultura, Pecuária, Irrigação, Pesca e Aquicultura"
"2026.3.20.20803.437.7143.600070.6";"2026.3.20.20803.437.7143.600070.6";"2026.6190563.20803.0.600070.437.7143.95361.6";"Secretaria da Segurança Pública"
"2026.3.21.21101.414.7882.600014.6";"2026.3.21.21101.414.7882.600014.6";"2026.6189819.21101.0.600014.414.7882.95138.6";"Secretaria do Trabalho, Emprego, Renda e Esporte"
"2026.3.26.26101.419.1162.600006.6";"2026.3.26.26101.419.1162.600006.6";"2026.6191235.26101.4.600006.419.1162.97031.6";"Secretaria de Desenvolvimento Urbano"
"2023.3.26.26101.305.1158.600020.6";"2023.3.26.26401.305.1158.600020.6";"2023.4995395.26401.2.600020.305.1158.55834.6";"Secretaria de Desenvolvimento Urbano"
"2020.3.34.34101.311.5550.600002.6";"2020.3.34.34101.311.5550.600002.6";"2020.3892985.34101.0.600002.311.5550.46265.6";"Secretaria de Políticas para as Mulheres"
"2021.3.11.11201.306.7536.600006.6";"2021.3.11.11201.306.7536.600006.6";"2021.4542158.11201.0.600006.306.7536.51511.6";"Secretaria da Educação"
"2021.3.12.12101.300.2170.600009.6";"2021.3.12.12101.300.2170.600009.6";"2021.4234312.12101.0.600009.300.2170.51514.6";"Secretaria de Justiça, Direitos Humanos e Desenvolvimento Social"
"2022.3.21.21101.305.7882.600014.6";"2022.3.21.21101.305.7882.600014.6";"2022.4574494.21101.0.600014.305.7882.51883.6";"Secretaria do Trabalho, Emprego, Renda e Esporte"
"2022.3.24.24801.309.7911.600038.6";"2022.3.24.24801.309.7911.600038.6";"2022.4588404.24801.0.600038.309.7911.57116.6";"Secretaria de Infraestrutura"
"2023.3.20.20102.314.7877.600002.6";"2023.3.20.20102.314.7877.600002.6";"2023.4939313.20102.0.600002.314.7877.55816.6";"Secretaria da Segurança Pública"
"2023.3.30.30101.307.5713.600053.6";"2023.3.30.30101.307.5713.600053.6";"2023.5200640.30101.2.600053.307.5713.62127.6";"Secretaria de Promoção da Igualdade Racial e dos Povos e Comunidades Tradicionais"
"2023.3.80.80102.900.8070.600035.6";"2023.3.80.80102.900.8070.600035.6";"2023.4939132.80102.0.600035.900.8070.62010.6";"Encargos Gerais do Estado"
"2024.3.21.21301.414.5793.600009.6";"2024.3.21.21301.414.5793.600009.6";"2024.5212547.21301.1.600009.414.5793.61629.6";"Secretaria do Trabalho, Emprego, Renda e Esporte"
"2024.3.21.21301.414.5793.600038.6";"2024.3.21.21301.414.5793.600038.6";"2024.5212323.21301.0.600038.414.5793.61652.6";"Secretaria do Trabalho, Emprego, Renda e Esporte"
"2025.3.10.10101.417.3044.600050.6";"2025.3.10.10101.417.3044.600050.6";"2025.5672248.10101.0.600050.417.3044.90184.6";"Secretaria da Agricultura, Pecuária, Irrigação, Pesca e Aquicultura"
"2025.3.10.10501.417.5916.600066.6";"2025.3.10.10501.417.5916.600066.6";"2025.5675987.10501.1.600066.417.5916.91438.6";"Secretaria da Agricultura, Pecuária, Irrigação, Pesca e Aquicultura"
"2025.3.11.11301.424.4048.600059.6";"2025.3.11.11301.424.4048.600059.6";"2025.5670495.11301.16.600059.424.4048.91468.6";"Secretaria da Educação"
"2025.3.18.18101.417.1399.600135.6";"2025.3.18.18101.417.1399.600135.6";"2025.6181355.18101.0.600135.417.1399.97695.6";"Secretaria de Desenvolvimento Rural"
"2025.3.18.18101.417.7988.600163.6";"2025.3.18.18101.417.7988.600163.6";"2025.6181350.18101.0.600163.417.7988.97781.6";"Secretaria de Desenvolvimento Rural"
"2025.3.18.18401.417.1399.600108.6";"2025.3.18.18401.417.1399.600108.6";"2025.6179071.18401.1.600108.417.1399.97561.6";"Secretaria de Desenvolvimento Rural"
"2025.3.22.22101.406.2314.600058.6";"2025.3.22.22101.406.2314.600058.6";"2025.5677019.22101.1.600058.406.2314.91461.6";"Secretaria de Cultura"
"2025.3.30.30101.426.3289.600058.6";"2025.3.30.30101.426.3289.600058.6";"2025.5672267.30101.0.600058.426.3289.91461.6";"Secretaria de Promoção da Igualdade Racial e dos Povos e Comunidades Tradicionais"
"2026.3.26.26101.419.1162.600081.6";"2026.3.26.26101.419.1162.600081.6";"2026.6196388.26101.0.600081.419.1162.97567.6";"Secretaria de Desenvolvimento Urbano"
"2026.3.18.18101.417.1399.600105.6";"2026.3.18.18401.417.1399.600105.6";"2026.6196526.18401.1.600105.417.1399.97606.6";"Secretaria de Desenvolvimento Rural"
"2020.3.80.80102.900.8070.600001.6";"2020.3.80.80102.900.8070.600001.6";"2020.3892126.80102.0.600001.900.8070.46264.6";"Encargos Gerais do Estado"
"2022.3.11.11302.306.7863.600025.6";"2022.3.11.11302.306.7863.600025.6";"2022.4588703.11302.1.600025.306.7863.57103.6";"Secretaria da Educação"
"2023.3.17.17301.315.2064.600011.6";"2023.3.17.17301.315.2064.600011.6";"2023.4931539.17301.0.600011.315.2064.55825.6";"Secretaria do Planejamento"
"2023.3.30.30101.307.3825.600002.6";"2023.3.30.30101.307.3825.600002.6";"2023.4939201.30101.2.600002.307.3825.55816.6";"Secretaria de Promoção da Igualdade Racial e dos Povos e Comunidades Tradicionais"
"2023.3.38.38101.300.6953.600046.6";"2023.3.38.38101.300.6953.600046.6";"2023.5199132.38101.3.600046.300.6953.62123.6";"Secretaria de Justiça e Direitos Humanos"
"2023.3.39.39101.300.7169.600038.6";"2023.3.39.39101.300.7169.600038.6";"2023.4948104.39101.2.600038.300.7169.57258.6";"Secretaria de Assistência e Desenvolvimento Social"
"2024.3.10.10501.417.5916.600031.6";"2024.3.10.10501.417.5916.600031.6";"2024.5225921.10501.1.600031.417.5916.61618.6";"Secretaria da Agricultura, Pecuária, Irrigação, Pesca e Aquicultura"
"2024.3.20.20102.437.7880.600006.6";"2024.3.20.20102.437.7880.600006.6";"2024.5213730.20102.0.600006.437.7880.61626.6";"Secretaria da Segurança Pública"
"2024.3.21.21301.414.5793.600038.6";"2024.3.21.21301.414.5793.600038.6";"2024.5212539.21301.1.600038.414.5793.61652.6";"Secretaria do Trabalho, Emprego, Renda e Esporte"
"2025.3.22.22202.406.7986.600046.6";"2025.3.22.22202.406.7986.600046.6";"2025.5675471.22202.0.600046.406.7986.90188.6";"Secretaria de Cultura"
"2025.3.32.32802.411.5893.600160.6";"2025.3.32.32802.411.5893.600160.6";"2025.6181729.32802.0.600160.411.5893.97775.6";"Secretaria de Turismo"
"2025.3.38.38101.400.6953.600052.6";"2025.3.38.38101.400.6953.600052.6";"2025.5673650.38101.3.600052.400.6953.90197.6";"Secretaria de Justiça e Direitos Humanos"
"2025.3.80.80102.900.8070.600063.6";"2025.3.80.80102.900.8070.600063.6";"2025.5665849.80102.0.600063.900.8070.91446.6";"Encargos Gerais do Estado"
"2026.3.22.22201.406.2314.600058.6";"2026.3.22.22201.406.2314.600058.6";"2026.6196600.22201.1.600058.406.2314.95377.6";"Secretaria de Cultura"
"2022.3.26.26101.305.1162.600002.6";"2022.3.26.26101.305.1162.600002.6";"2022.4579814.26101.0.600002.305.1162.46893.6";"Secretaria de Desenvolvimento Urbano"
"2023.3.10.10101.304.7244.600002.6";"2023.3.10.10101.304.7244.600002.6";"2023.4947548.10101.0.600002.304.7244.55816.6";"Secretaria da Agricultura, Pecuária, Irrigação, Pesca e Aquicultura"
"2023.3.18.18401.304.1926.600012.6";"2023.3.18.18401.304.1926.600012.6";"2023.4934363.18401.0.600012.304.1926.55826.6";"Secretaria de Desenvolvimento Rural"
"2024.3.21.21301.414.5793.600004.6";"2024.3.21.21301.414.5793.600004.6";"2024.5212317.21301.0.600004.414.5793.61624.6";"Secretaria do Trabalho, Emprego, Renda e Esporte"
"2024.3.32.32802.411.5893.600052.6";"2024.3.32.32802.411.5893.600052.6";"2024.5224567.32802.1.600052.411.5893.62312.6";"Secretaria de Turismo"
"2024.3.80.80102.900.8070.600066.6";"2024.3.80.80102.900.8070.600066.6";"2024.5225733.80102.0.600066.900.8070.91331.6";"Encargos Gerais do Estado"
"2026.3.10.10501.417.5916.600052.6";"2026.3.10.10501.417.5916.600052.6";"2026.6190772.10501.1.600052.417.5916.97020.6";"Secretaria da Agricultura, Pecuária, Irrigação, Pesca e Aquicultura"
"2026.3.80.80102.900.8070.600057.6";"2026.3.80.80102.900.8070.600057.6";"2026.6187211.80102.0.600057.900.8070.95222.6";"Encargos Gerais do Estado"
"2022.3.11.11101.306.6596.600009.6";"2022.3.11.11301.306.6596.600009.6";"2022.4577277.11101.1.600009.306.6596.51878.6";"Secretaria da Educação"
"2022.3.11.11101.306.6596.600009.6";"2022.3.11.11301.306.6596.600009.6";"2022.4588399.11301.1.600009.306.6596.51878.6";"Secretaria da Educação"
"2022.3.11.11101.306.6596.600009.6";"2022.3.11.11301.306.6596.600009.6";"2022.4588397.11301.1.600009.306.6596.51878.6";"Secretaria da Educação"
"2022.3.22.22101.302.6903.600005.6";"2022.3.22.22202.302.6903.600005.6";"2022.4924778.22202.1.600005.302.6903.51874.6";"Secretaria de Cultura"
"2025.3.22.22101.406.3696.600058.6";"2025.3.22.22201.406.3696.600058.6";"2025.5675990.22101.1.600058.406.3696.91461.6";"Secretaria de Cultura"
"2020.3.12.12101.300.6953.600002.6";"2020.3.12.12101.300.6953.600002.6";"2020.3892934.12101.0.600002.300.6953.46265.6";"Secretaria de Justiça, Direitos Humanos e Desenvolvimento Social"
"2022.3.21.21301.308.5793.600002.6";"2022.3.21.21301.308.5793.600002.6";"2022.4582341.21301.0.600002.308.5793.46893.6";"Secretaria do Trabalho, Emprego, Renda e Esporte"
"2023.3.11.11302.306.7863.600009.6";"2023.3.11.11302.306.7863.600009.6";"2023.4935748.11302.0.600009.306.7863.55823.6";"Secretaria da Educação"
"2023.3.20.20101.314.7877.600006.6";"2023.3.20.20101.314.7877.600006.6";"2023.4933241.20101.1.600006.314.7877.55820.6";"Secretaria da Segurança Pública"
"2023.3.21.21301.305.1009.600027.6";"2023.3.21.21301.305.1009.600027.6";"2023.4944090.21301.0.600027.305.1009.57299.6";"Secretaria do Trabalho, Emprego, Renda e Esporte"
"2023.3.22.22101.302.7857.600031.6";"2023.3.22.22101.302.7857.600031.6";"2023.4942279.22101.0.600031.302.7857.57248.6";"Secretaria de Cultura"
"2023.3.80.80102.900.8070.600033.6";"2023.3.80.80102.900.8070.600033.6";"2023.4939133.80102.0.600033.900.8070.57305.6";"Encargos Gerais do Estado"
"2024.3.11.11101.425.7744.600020.6";"2024.3.11.11101.425.7744.600020.6";"2024.5211922.11101.38.600020.425.7744.61640.6";"Secretaria da Educação"
"2024.3.34.34101.429.4181.600043.6";"2024.3.34.34101.429.4181.600043.6";"2024.5326418.34101.1.600043.429.4181.62303.6";"Secretaria de Políticas para as Mulheres"
"2025.3.10.10501.417.5916.600066.6";"2025.3.10.10501.417.5916.600066.6";"2025.5675986.10501.1.600066.417.5916.91438.6";"Secretaria da Agricultura, Pecuária, Irrigação, Pesca e Aquicultura"
"2025.3.21.21301.414.4997.600057.6";"2025.3.21.21301.414.4997.600057.6";"2025.5680181.21301.0.600057.414.4997.91415.6";"Secretaria do Trabalho, Emprego, Renda e Esporte"
"2025.3.38.38101.400.2170.600062.6";"2025.3.38.38101.400.2170.600062.6";"2025.5680897.38101.2.600062.400.2170.91471.6";"Secretaria de Justiça e Direitos Humanos"
"2025.3.80.80102.900.8070.600045.6";"2025.3.80.80102.900.8070.600045.6";"2025.5665811.80102.0.600045.900.8070.90194.6";"Encargos Gerais do Estado"
"2026.3.10.10101.417.5916.600161.6";"2026.3.10.10101.417.5916.600161.6";"2026.6189187.10501.1.600161.417.5916.97910.6";"Secretaria da Agricultura, Pecuária, Irrigação, Pesca e Aquicultura"
"2026.3.18.18401.417.1399.600059.6";"2026.3.18.18401.417.1399.600059.6";"2026.6192931.18401.0.600059.417.1399.95494.6";"Secretaria de Desenvolvimento Rural"
"2026.3.28.28101.405.5649.600046.6";"2026.3.28.28101.405.5649.600046.6";"2026.6192789.11303.1.600046.405.5649.97011.6";"Secretaria de Ciência, Tecnologia e Inovação"
"2022.3.22.22101.302.7857.600034.6";"2022.3.22.22101.302.7857.600034.6";"2022.4588606.22101.0.600034.302.7857.57112.6";"Secretaria de Cultura"
"2023.3.21.21301.308.5793.600038.6";"2023.3.21.21301.308.5793.600038.6";"2023.5200893.21301.1.600038.308.5793.57258.6";"Secretaria do Trabalho, Emprego, Renda e Esporte"
"2024.3.21.21101.413.5917.600004.6";"2024.3.21.21101.413.5917.600004.6";"2024.5211861.21101.7.600004.413.5917.61624.6";"Secretaria do Trabalho, Emprego, Renda e Esporte"
"2025.3.18.18401.417.1399.600046.6";"2025.3.18.18401.417.1399.600046.6";"2025.5678421.18401.1.600046.417.1399.90188.6";"Secretaria de Desenvolvimento Rural"
"2025.3.26.26401.419.5183.600052.6";"2025.3.26.26401.419.5183.600052.6";"2025.5681173.26401.0.600052.419.5183.90197.6";"Secretaria de Desenvolvimento Urbano"
"2026.3.26.26101.419.1162.600020.6";"2026.3.26.26101.419.1162.600020.6";"2026.6194847.26101.4.600020.419.1162.95144.6";"Secretaria de Desenvolvimento Urbano"
"2026.3.30.30101.426.3289.600007.6";"2026.3.30.30101.426.3289.600007.6";"2026.6193122.30101.0.600007.426.3289.97032.6";"Secretaria de Promoção da Igualdade Racial e dos Povos e Comunidades Tradicionais"
"2026.3.80.80102.900.8070.600040.6";"2026.3.80.80102.900.8070.600040.6";"2026.6187164.80102.0.600040.900.8070.97014.6";"Encargos Gerais do Estado"
"2020.3.18.18401.312.5040.600002.6";"2020.3.18.18401.312.5040.600002.6";"2020.4218915.18401.1.600002.312.5040.46265.6";"Secretaria de Desenvolvimento Rural"
"2021.3.34.34101.311.5550.600002.6";"2021.3.34.34101.311.5550.600002.6";"2021.4225269.34101.0.600002.311.5550.46524.6";"Secretaria de Políticas para as Mulheres"
"2023.3.21.21101.308.1793.600005.6";"2023.3.21.21101.308.1793.600005.6";"2023.4934388.21101.5.600005.308.1793.55819.6";"Secretaria do Trabalho, Emprego, Renda e Esporte"
"2023.3.21.21101.308.5917.600000.6";"2023.3.21.21101.308.5917.600000.6";"2023.4934448.21101.7.600000.308.5917.55814.6";"Secretaria do Trabalho, Emprego, Renda e Esporte"
"2023.3.21.21101.308.5917.600027.6";"2023.3.21.21101.308.5917.600027.6";"2023.5201088.21101.7.600027.308.5917.57299.6";"Secretaria do Trabalho, Emprego, Renda e Esporte"
"2023.3.22.22101.302.3696.600002.6";"2023.3.22.22101.302.3696.600002.6";"2023.5199095.22101.1.600002.302.3696.55816.6";"Secretaria de Cultura"
"2023.3.80.80102.900.8070.600040.6";"2023.3.80.80102.900.8070.600040.6";"2023.5200024.80102.0.600040.900.8070.62120.6";"Encargos Gerais do Estado"
"2025.3.11.11301.424.4048.600059.6";"2025.3.11.11301.424.4048.600059.6";"2025.5670439.11301.0.600059.424.4048.91468.6";"Secretaria da Educação"
"2025.3.18.18101.417.1399.600038.6";"2025.3.18.18101.417.1399.600038.6";"2025.5672005.18101.0.600038.417.1399.90234.6";"Secretaria de Desenvolvimento Rural"
"2026.3.28.28101.405.5649.600046.6";"2026.3.28.28101.405.5649.600046.6";"2026.6192562.28101.1.600046.405.5649.97011.6";"Secretaria de Ciência, Tecnologia e Inovação"
"2026.3.80.80102.900.8070.600033.6";"2026.3.80.80102.900.8070.600033.6";"2026.6187141.80102.0.600033.900.8070.95153.6";"Encargos Gerais do Estado"
"2022.3.18.18401.304.1399.600022.6";"2022.3.18.18401.304.1399.600022.6";"2022.4923011.18401.1.600022.304.1399.51856.6";"Secretaria de Desenvolvimento Rural"
"2022.3.26.26401.305.1158.600032.6";"2022.3.26.26401.305.1158.600032.6";"2022.4921922.26401.1.600032.305.1158.57110.6";"Secretaria de Desenvolvimento Urbano"
"2022.3.80.80102.900.8070.600037.6";"2022.3.80.80102.900.8070.600037.6";"2022.4588263.80102.0.600037.900.8070.57115.6";"Encargos Gerais do Estado"
"2024.3.22.22301.407.7052.600027.6";"2024.3.22.22301.407.7052.600027.6";"2024.5218773.22301.1.600027.407.7052.61645.6";"Secretaria de Cultura"
"2024.3.30.30101.427.5599.600063.6";"2024.3.30.30101.427.5599.600063.6";"2024.5232533.30101.3.600063.427.5599.91323.6";"Secretaria de Promoção da Igualdade Racial e dos Povos e Comunidades Tradicionais"
"2024.3.8.8501.434.7894.600052.6";"2024.3.8.8501.434.7894.600052.6";"2024.5659521.8501.0.600052.434.7894.62312.6";"Secretaria de Infraestrutura Hídrica e Saneamento"
"2024.3.80.80102.900.8070.600014.6";"2024.3.80.80102.900.8070.600014.6";"2024.5208870.80102.0.600014.900.8070.61634.6";"Encargos Gerais do Estado"
"2024.3.80.80102.900.8070.600039.6";"2024.3.80.80102.900.8070.600039.6";"2024.5208816.80102.0.600039.900.8070.62299.6";"Encargos Gerais do Estado"
"2024.3.80.80102.900.8070.600045.6";"2024.3.80.80102.900.8070.600045.6";"2024.5208860.80102.0.600045.900.8070.62305.6";"Encargos Gerais do Estado"
"2025.3.10.10101.417.7385.600054.6";"2025.3.10.10101.417.7385.600054.6";"2025.5673260.10101.0.600054.417.7385.90186.6";"Secretaria da Agricultura, Pecuária, Irrigação, Pesca e Aquicultura"
"2025.3.10.10101.417.7385.600098.6";"2025.3.10.10101.417.7385.600098.6";"2025.6179039.10101.0.600098.417.7385.97541.6";"Secretaria da Agricultura, Pecuária, Irrigação, Pesca e Aquicultura"
"2025.3.18.18101.417.1399.600000.6";"2025.3.18.18101.417.1399.600000.6";"2025.5667663.18101.3.600000.417.1399.90202.6";"Secretaria de Desenvolvimento Rural"
"2025.3.22.22101.406.2314.600058.6";"2025.3.22.22101.406.2314.600058.6";"2025.5677022.22201.1.600058.406.2314.91461.6";"Secretaria de Cultura"
"2025.3.80.80102.900.8070.600021.6";"2025.3.80.80102.900.8070.600021.6";"2025.5665760.80102.0.600021.900.8070.90223.6";"Encargos Gerais do Estado"
"2026.3.10.10101.417.5916.600111.6";"2026.3.10.10101.417.5916.600111.6";"2026.6189185.10501.1.600111.417.5916.97630.6";"Secretaria da Agricultura, Pecuária, Irrigação, Pesca e Aquicultura"
"2026.3.18.18401.417.1399.600043.6";"2026.3.18.18401.417.1399.600043.6";"2026.6188834.18401.0.600043.417.1399.95157.6";"Secretaria de Desenvolvimento Rural"
"2026.3.22.22301.407.1251.600067.6";"2026.3.22.22301.407.1251.600067.6";"2026.6193292.22301.1.600067.407.1251.97083.6";"Secretaria de Cultura"
"2020.3.18.18401.304.7838.600002.6";"2020.3.18.18401.304.7838.600002.6";"2020.3892990.18401.0.600002.304.7838.46265.6";"Secretaria de Desenvolvimento Rural"
"2023.3.11.11301.306.4048.600009.6";"2023.3.11.11301.306.4048.600009.6";"2023.4940392.11301.16.600009.306.4048.55823.6";"Secretaria da Educação"
"2023.3.34.34101.311.5549.600027.6";"2023.3.34.34101.311.5549.600027.6";"2023.4943218.34101.3.600027.311.5549.57299.6";"Secretaria de Políticas para as Mulheres"
"2023.3.38.38101.300.2170.600042.6";"2023.3.38.38101.300.2170.600042.6";"2023.5090674.38101.0.600042.300.2170.62132.6";"Secretaria de Justiça e Direitos Humanos"
"2024.3.26.26101.419.1158.600020.6";"2024.3.26.26101.419.1158.600020.6";"2024.5215396.26101.4.600020.419.1158.61640.6";"Secretaria de Desenvolvimento Urbano"
"2025.3.11.11101.425.7744.600064.6";"2025.3.11.11101.425.7744.600064.6";"2025.5668469.11101.0.600064.425.7744.91398.6";"Secretaria da Educação"
"2025.3.11.11301.424.4048.600009.6";"2025.3.11.11301.424.4048.600009.6";"2025.5667380.11301.16.600009.424.4048.90211.6";"Secretaria da Educação"
"2025.3.24.24801.432.7911.600061.6";"2025.3.24.24801.432.7911.600061.6";"2025.5672692.24801.1.600061.432.7911.91454.6";"Secretaria de Infraestrutura"
"2025.3.24.24801.432.7911.600069.6";"2025.3.24.24801.432.7911.600069.6";"2025.5675475.24801.0.600069.432.7911.91470.6";"Secretaria de Infraestrutura"
"2025.3.26.26401.419.5183.600052.6";"2025.3.26.26401.419.5183.600052.6";"2025.5681215.26401.1.600052.419.5183.90197.6";"Secretaria de Desenvolvimento Urbano"
"2025.3.34.34101.430.5563.600065.6";"2025.3.34.34101.430.5563.600065.6";"2025.5673698.34101.2.600065.430.5563.91466.6";"Secretaria de Políticas para as Mulheres"
"2026.3.11.11301.424.4048.600042.6";"2026.3.11.11301.424.4048.600042.6";"2026.6192772.11301.0.600042.424.4048.97016.6";"Secretaria da Educação"
"2026.3.18.18401.417.1399.600077.6";"2026.3.18.18401.417.1399.600077.6";"2026.6188870.18401.1.600077.417.1399.97088.6";"Secretaria de Desenvolvimento Rural"
"2026.3.26.26101.419.1162.600081.6";"2026.3.26.26101.419.1162.600081.6";"2026.6196512.26101.4.600081.419.1162.97567.6";"Secretaria de Desenvolvimento Urbano"
"2026.3.39.39101.404.4183.600067.6";"2026.3.39.39101.404.4183.600067.6";"2026.6190688.39101.0.600067.404.4183.97083.6";"Secretaria de Assistência e Desenvolvimento Social"
"2026.3.80.80102.900.8070.600069.6";"2026.3.80.80102.900.8070.600069.6";"2026.6187265.80102.0.600069.900.8070.95496.6";"Encargos Gerais do Estado"
"2021.3.11.11101.306.6596.600009.6";"2021.3.11.11101.306.6596.600009.6";"2021.4278509.11101.0.600009.306.6596.51514.6";"Secretaria da Educação"
"2023.3.11.11302.306.6908.600031.6";"2023.3.11.11302.306.6908.600031.6";"2023.4941250.11302.1.600031.306.6908.57303.6";"Secretaria da Educação"
"2023.3.22.22101.302.7857.600031.6";"2023.3.22.22101.302.7857.600031.6";"2023.4942387.22202.1.600031.302.7857.57248.6";"Secretaria de Cultura"
"2023.3.38.38101.300.6953.600027.6";"2023.3.38.38101.300.6953.600027.6";"2023.4944092.38101.0.600027.300.6953.57299.6";"Secretaria de Justiça e Direitos Humanos"
"2024.3.18.18101.417.1399.600000.6";"2024.3.18.18101.417.1399.600000.6";"2024.5211400.18101.3.600000.417.1399.61620.6";"Secretaria de Desenvolvimento Rural"
"2024.3.24.24801.432.7911.600048.6";"2024.3.24.24801.432.7911.600048.6";"2024.5225257.24801.0.600048.432.7911.62308.6";"Secretaria de Infraestrutura"
"2024.3.28.28101.405.7917.600000.6";"2024.3.28.28101.405.7917.600000.6";"2024.5210948.28101.0.600000.405.7917.61620.6";"Secretaria de Ciência, Tecnologia e Inovação"
"2024.3.32.32802.411.5893.600053.6";"2024.3.32.32802.411.5893.600053.6";"2024.5216886.32802.0.600053.411.5893.62313.6";"Secretaria de Turismo"
"2024.3.80.80102.900.8070.600001.6";"2024.3.80.80102.900.8070.600001.6";"2024.5208820.80102.0.600001.900.8070.61621.6";"Encargos Gerais do Estado"
"2024.3.80.80102.900.8070.600027.6";"2024.3.80.80102.900.8070.600027.6";"2024.5208908.80102.0.600027.900.8070.61645.6";"Encargos Gerais do Estado"
"2024.3.80.80102.900.8070.600032.6";"2024.3.80.80102.900.8070.600032.6";"2024.5208792.80102.0.600032.900.8070.61648.6";"Encargos Gerais do Estado"
"2024.3.80.80102.900.8070.600053.6";"2024.3.80.80102.900.8070.600053.6";"2024.5208906.80102.0.600053.900.8070.62313.6";"Encargos Gerais do Estado"
"2025.3.11.11301.424.4048.600009.6";"2025.3.11.11301.424.4048.600009.6";"2025.5667378.11301.16.600009.424.4048.90211.6";"Secretaria da Educação"
"2025.3.21.21301.414.1009.600063.6";"2025.3.21.21301.414.1009.600063.6";"2025.6176912.21301.0.600063.414.1009.91446.6";"Secretaria do Trabalho, Emprego, Renda e Esporte"
"2025.3.32.32802.411.5893.600057.6";"2025.3.32.32802.411.5893.600057.6";"2025.5674461.32802.1.600057.411.5893.91415.6";"Secretaria de Turismo"
"2025.3.34.34101.429.4181.600043.6";"2025.3.34.34101.429.4181.600043.6";"2025.5679320.34101.1.600043.429.4181.90235.6";"Secretaria de Políticas para as Mulheres"
"2025.3.38.38101.400.6953.600059.6";"2025.3.38.38101.400.6953.600059.6";"2025.5671310.38101.3.600059.400.6953.91468.6";"Secretaria de Justiça e Direitos Humanos"
"2025.3.80.80102.900.8070.600063.6";"2025.3.80.80102.900.8070.600063.6";"2025.5665608.80102.0.600063.900.8070.91446.6";"Encargos Gerais do Estado"
"2026.3.18.18101.417.1399.600105.6";"2026.3.18.18101.417.1399.600105.6";"2026.6196458.18101.0.600105.417.1399.97606.6";"Secretaria de Desenvolvimento Rural"
"2026.3.26.26101.419.1158.600020.6";"2026.3.26.26101.419.1158.600020.6";"2026.6189163.26101.4.600020.419.1158.95144.6";"Secretaria de Desenvolvimento Urbano"
"2026.3.80.80102.900.8070.600077.6";"2026.3.80.80102.900.8070.600077.6";"2026.6187277.80102.0.600077.900.8070.97088.6";"Encargos Gerais do Estado"
"2024.3.28.28101.405.7917.600020.6";"2024.3.26.26101.405.7917.600020.6";"2024.5211037.26101.4.600020.405.7917.61640.6";"Secretaria de Desenvolvimento Urbano"
"2021.3.21.21301.308.5793.600009.6";"2021.3.21.21301.308.5793.600009.6";"2021.4234482.21301.0.600009.308.5793.51514.6";"Secretaria do Trabalho, Emprego, Renda e Esporte"
"2022.3.11.11601.306.2696.600009.6";"2022.3.11.11601.306.2696.600009.6";"2022.4925515.11601.1.600009.306.2696.51878.6";"Secretaria da Educação"
"2022.3.12.12101.300.2170.600005.6";"2022.3.12.12101.300.2170.600005.6";"2022.4577034.12101.3.600005.300.2170.51874.6";"Secretaria de Justiça, Direitos Humanos e Desenvolvimento Social"
"2022.3.26.26401.305.1162.600030.6";"2022.3.26.26401.305.1162.600030.6";"2022.4588614.26401.0.600030.305.1162.57108.6";"Secretaria de Desenvolvimento Urbano"
"2023.3.18.18401.304.1398.600034.6";"2023.3.18.18401.304.1398.600034.6";"2023.4933822.18401.1.600034.304.1398.57253.6";"Secretaria de Desenvolvimento Rural"
"2023.3.18.18401.304.7988.600004.6";"2023.3.18.18401.304.7988.600004.6";"2023.5090666.18401.0.600004.304.7988.53677.6";"Secretaria de Desenvolvimento Rural"
"2023.3.80.80102.900.8070.600001.6";"2023.3.80.80102.900.8070.600001.6";"2023.4928698.80102.0.600001.900.8070.55815.6";"Encargos Gerais do Estado"
"2024.3.11.11301.424.4048.600009.6";"2024.3.11.11301.424.4048.600009.6";"2024.5211175.11301.16.600009.424.4048.61629.6";"Secretaria da Educação"
"2024.3.18.18401.420.5040.600042.6";"2024.3.18.18401.420.5040.600042.6";"2024.5211792.18401.0.600042.420.5040.62302.6";"Secretaria de Desenvolvimento Rural"
"2024.3.21.21301.414.1009.600020.6";"2024.3.21.21301.414.1009.600020.6";"2024.5212561.21301.1.600020.414.1009.61640.6";"Secretaria do Trabalho, Emprego, Renda e Esporte"
"2024.3.21.21301.414.1009.600056.6";"2024.3.21.21301.414.1009.600056.6";"2024.5212792.21301.0.600056.414.1009.62315.6";"Secretaria do Trabalho, Emprego, Renda e Esporte"
"2024.3.32.32802.411.5893.600063.6";"2024.3.32.32802.411.5893.600063.6";"2024.5655844.32802.0.600063.411.5893.91323.6";"Secretaria de Turismo"
"2024.3.34.34101.430.5558.600005.6";"2024.3.34.34101.430.5558.600005.6";"2024.5657441.34101.0.600005.430.5558.61590.6";"Secretaria de Políticas para as Mulheres"
"2024.3.8.8501.434.7894.600052.6";"2024.3.8.8501.434.7894.600052.6";"2024.5225684.8501.0.600052.434.7894.62312.6";"Secretaria de Infraestrutura Hídrica e Saneamento"
"2025.3.11.11302.424.6908.600031.6";"2025.3.11.11302.424.6908.600031.6";"2025.5671305.11302.1.600031.424.6908.90200.6";"Secretaria da Educação"
"2025.3.22.22101.406.2314.600046.6";"2025.3.22.22101.406.2314.600046.6";"2025.5676869.22201.1.600046.406.2314.90188.6";"Secretaria de Cultura"
"2025.3.26.26101.419.1162.600081.6";"2025.3.26.26101.419.1162.600081.6";"2025.6178002.26101.4.600081.419.1162.97517.6";"Secretaria de Desenvolvimento Urbano"
"2025.3.80.80102.900.8070.600036.6";"2025.3.80.80102.900.8070.600036.6";"2025.5665672.80102.0.600036.900.8070.90201.6";"Encargos Gerais do Estado"
"2025.3.80.80102.900.8070.600065.6";"2025.3.80.80102.900.8070.600065.6";"2025.5665637.80102.0.600065.900.8070.91466.6";"Encargos Gerais do Estado"
"2026.3.32.32101.411.3701.600171.6";"2026.3.32.32101.411.3701.600171.6";"2026.6188783.32101.0.600171.411.3701.97926.6";"Secretaria de Turismo"
"2026.3.9.9801.442.1340.600064.6";"2026.3.9.9101.442.1340.600064.6";"2026.6189294.9801.1.600064.442.1340.95206.6";"Secretaria da Administração"
"2020.3.11.11201.306.7524.600002.6";"2020.3.11.11201.306.7524.600002.6";"2020.3892925.11201.1.600002.306.7524.46265.6";"Secretaria da Educação"
"2021.3.21.21301.308.5793.600009.6";"2021.3.21.21301.308.5793.600009.6";"2021.4235518.21301.1.600009.308.5793.51514.6";"Secretaria do Trabalho, Emprego, Renda e Esporte"
"2022.3.11.11601.306.7744.600010.6";"2022.3.11.11601.306.7744.600010.6";"2022.4575053.11601.0.600010.306.7744.51879.6";"Secretaria da Educação"
"2022.3.20.20102.314.7877.600002.6";"2022.3.20.20102.314.7877.600002.6";"2022.4576220.20102.0.600002.314.7877.46893.6";"Secretaria da Segurança Pública"
"2022.3.20.20102.314.7880.600002.6";"2022.3.20.20102.314.7880.600002.6";"2022.4574843.20102.0.600002.314.7880.46893.6";"Secretaria da Segurança Pública"
"2023.3.21.21101.308.5917.600027.6";"2023.3.21.21101.308.5917.600027.6";"2023.5201062.21101.0.600027.308.5917.57299.6";"Secretaria do Trabalho, Emprego, Renda e Esporte"
"2023.3.80.80102.900.8070.600046.6";"2023.3.80.80102.900.8070.600046.6";"2023.5200028.80102.0.600046.900.8070.62123.6";"Encargos Gerais do Estado"
"2024.3.38.38101.400.6953.600042.6";"2024.3.38.38101.400.6953.600042.6";"2024.5211010.38101.3.600042.400.6953.62302.6";"Secretaria de Justiça e Direitos Humanos"
"2025.3.18.18401.417.1399.600080.6";"2025.3.18.18401.417.1399.600080.6";"2025.6179061.18401.0.600080.417.1399.97515.6";"Secretaria de Desenvolvimento Rural"
"2025.3.18.18401.417.7988.600059.6";"2025.3.18.18401.417.7988.600059.6";"2025.6179222.32802.1.600059.417.7988.91468.6";"Secretaria de Desenvolvimento Rural"
"2025.3.80.80102.900.8070.600018.6";"2025.3.80.80102.900.8070.600018.6";"2025.5665753.80102.0.600018.900.8070.90220.6";"Encargos Gerais do Estado"
"2026.3.18.18101.417.1399.600108.6";"2026.3.18.18401.417.1399.600108.6";"2026.6196541.18401.1.600108.417.1399.97612.6";"Secretaria de Desenvolvimento Rural"
"2020.3.22.22101.302.7986.600002.6";"2020.3.22.22101.302.7986.600002.6";"2020.3892986.22101.0.600002.302.7986.46265.6";"Secretaria de Cultura"
"2021.3.12.12201.300.4365.600002.6";"2021.3.12.12201.300.4365.600002.6";"2021.4224464.12201.1.600002.300.4365.46524.6";"Secretaria de Justiça, Direitos Humanos e Desenvolvimento Social"
"2022.3.11.11101.306.6596.600009.6";"2022.3.11.11101.306.6596.600009.6";"2022.4577271.11101.1.600009.306.6596.51878.6";"Secretaria da Educação"
"2023.3.20.20801.314.7875.600024.6";"2023.3.20.20801.314.7875.600024.6";"2023.4944768.20801.0.600024.314.7875.62012.6";"Secretaria da Segurança Pública"
"2024.3.21.21301.414.5793.600045.6";"2024.3.21.21301.414.5793.600045.6";"2024.5213256.21301.1.600045.414.5793.62305.6";"Secretaria do Trabalho, Emprego, Renda e Esporte"
"2024.3.21.21301.414.7973.600051.6";"2024.3.21.21301.414.7973.600051.6";"2024.5222882.21301.1.600051.414.7973.62311.6";"Secretaria do Trabalho, Emprego, Renda e Esporte"
"2024.3.34.34101.429.4181.600043.6";"2024.3.34.34101.429.4181.600043.6";"2024.5226565.34101.3.600043.429.4181.62303.6";"Secretaria de Políticas para as Mulheres"
"2025.3.21.21101.413.5917.600027.6";"2025.3.21.21101.413.5917.600027.6";"2025.5669109.21101.7.600027.413.5917.90227.6";"Secretaria do Trabalho, Emprego, Renda e Esporte"
"2025.3.21.21301.414.7882.600073.6";"2025.3.21.21301.414.7882.600073.6";"2025.5675491.21301.1.600073.414.7882.91387.6";"Secretaria do Trabalho, Emprego, Renda e Esporte"
"2025.3.38.38101.400.4095.600046.6";"2025.3.38.38101.400.4095.600046.6";"2025.5680941.38101.0.600046.400.4095.90188.6";"Secretaria de Justiça e Direitos Humanos"
"2025.3.80.80102.900.8070.600046.6";"2025.3.80.80102.900.8070.600046.6";"2025.5665813.80102.0.600046.900.8070.90188.6";"Encargos Gerais do Estado"
"2026.3.18.18401.417.1399.600015.6";"2026.3.18.18401.417.1399.600015.6";"2026.6192927.18401.0.600015.417.1399.95139.6";"Secretaria de Desenvolvimento Rural"
"2026.3.38.38101.400.2170.600062.6";"2026.3.38.38101.400.2170.600062.6";"2026.6194204.38101.0.600062.400.2170.95497.6";"Secretaria de Justiça e Direitos Humanos"
"2026.3.38.38101.401.3285.600063.6";"2026.3.38.38101.401.3285.600063.6";"2026.6192830.38101.3.600063.401.3285.95362.6";"Secretaria de Justiça e Direitos Humanos"
"2026.3.80.80102.900.8070.600009.6";"2026.3.80.80102.900.8070.600009.6";"2026.6187103.80102.0.600009.900.8070.97034.6";"Encargos Gerais do Estado"
"2021.3.18.18401.312.5040.600015.6";"2021.3.18.18401.312.5040.600015.6";"2021.4234809.18401.1.600015.312.5040.51520.6";"Secretaria de Desenvolvimento Rural"
"2022.3.12.12101.300.4135.600005.6";"2022.3.12.12101.300.4135.600005.6";"2022.4577040.12101.3.600005.300.4135.51874.6";"Secretaria de Justiça, Direitos Humanos e Desenvolvimento Social"
"2022.3.21.21301.305.7882.600003.6";"2022.3.21.21301.305.7882.600003.6";"2022.4577093.21301.0.600003.305.7882.51872.6";"Secretaria do Trabalho, Emprego, Renda e Esporte"
"2022.3.22.22101.302.7857.600034.6";"2022.3.22.22101.302.7857.600034.6";"2022.4588627.22101.1.600034.302.7857.57112.6";"Secretaria de Cultura"
"2023.3.21.21101.308.5917.600036.6";"2023.3.21.21101.308.5917.600036.6";"2023.4934721.21101.0.600036.308.5917.57254.6";"Secretaria do Trabalho, Emprego, Renda e Esporte"
"2024.3.22.22201.406.3696.600027.6";"2024.3.22.22201.406.3696.600027.6";"2024.5224336.22201.1.600027.406.3696.61645.6";"Secretaria de Cultura"
"2024.3.8.8501.434.7894.600052.6";"2024.3.8.8501.434.7894.600052.6";"2024.5225685.8501.0.600052.434.7894.62312.6";"Secretaria de Infraestrutura Hídrica e Saneamento"
"2025.3.11.11301.424.4048.600009.6";"2025.3.11.11301.424.4048.600009.6";"2025.5667384.11301.16.600009.424.4048.90211.6";"Secretaria da Educação"
"2025.3.18.18401.417.1399.600163.6";"2025.3.18.18401.417.1399.600163.6";"2025.6180965.18401.1.600163.417.1399.97781.6";"Secretaria de Desenvolvimento Rural"
"2025.3.21.21101.413.6672.600066.6";"2025.3.21.21101.413.6672.600066.6";"2025.5675211.21101.7.600066.413.6672.91438.6";"Secretaria do Trabalho, Emprego, Renda e Esporte"
"2025.3.21.21301.414.7882.600055.6";"2025.3.21.21301.414.7882.600055.6";"2025.5673202.21301.0.600055.414.7882.90198.6";"Secretaria do Trabalho, Emprego, Renda e Esporte"
"2025.3.38.38101.400.6953.600058.6";"2025.3.38.38101.400.6953.600058.6";"2025.5674410.38101.3.600058.400.6953.91461.6";"Secretaria de Justiça e Direitos Humanos"
"2025.3.80.80102.900.8070.600022.6";"2025.3.80.80102.900.8070.600022.6";"2025.5665765.80102.0.600022.900.8070.90224.6";"Encargos Gerais do Estado"
"2026.3.21.21101.412.1793.600093.6";"2026.3.21.21101.412.1793.600093.6";"2026.6191588.21101.0.600093.412.1793.97836.6";"Secretaria do Trabalho, Emprego, Renda e Esporte"
"2022.3.12.12101.300.2170.600025.6";"2022.3.12.12101.300.2170.600025.6";"2022.4588530.12101.3.600025.300.2170.57103.6";"Secretaria de Justiça, Direitos Humanos e Desenvolvimento Social"
"2022.3.21.21101.308.1793.600004.6";"2022.3.21.21101.308.1793.600004.6";"2022.4575129.21101.5.600004.308.1793.51873.6";"Secretaria do Trabalho, Emprego, Renda e Esporte"
"2022.3.24.24801.309.7911.600017.6";"2022.3.24.24801.309.7911.600017.6";"2022.4574611.24801.1.600017.309.7911.51886.6";"Secretaria de Infraestrutura"
"2023.3.38.38101.300.6953.600038.6";"2023.3.38.38101.300.6953.600038.6";"2023.5199494.38101.0.600038.300.6953.57258.6";"Secretaria de Justiça e Direitos Humanos"
"2024.3.21.21101.412.1793.600005.6";"2024.3.21.21101.412.1793.600005.6";"2024.5211817.21101.0.600005.412.1793.61625.6";"Secretaria do Trabalho, Emprego, Renda e Esporte"
"2024.3.21.21301.414.1009.600027.6";"2024.3.21.21301.414.1009.600027.6";"2024.5212801.21301.0.600027.414.1009.61645.6";"Secretaria do Trabalho, Emprego, Renda e Esporte"
"2024.3.22.22301.406.1372.600046.6";"2024.3.22.22301.406.1372.600046.6";"2024.5212859.22301.1.600046.406.1372.62306.6";"Secretaria de Cultura"
"2024.3.32.32802.411.5893.600059.6";"2024.3.32.32802.411.5893.600059.6";"2024.5226211.32802.0.600059.411.5893.91326.6";"Secretaria de Turismo"
"2024.3.80.80102.900.8070.600076.6";"2024.3.80.80102.900.8070.600076.6";"2024.5225729.80102.0.600076.900.8070.91339.6";"Encargos Gerais do Estado"
"2025.3.18.18401.417.1399.600069.6";"2025.3.18.18401.417.1399.600069.6";"2025.5673251.18401.1.600069.417.1399.91470.6";"Secretaria de Desenvolvimento Rural"
"2025.3.28.28101.405.1600.600065.6";"2025.3.28.28101.405.1600.600065.6";"2025.6180158.36101.1.600065.405.1600.91466.6";"Secretaria de Ciência, Tecnologia e Inovação"
"2025.3.32.32101.411.5491.600040.6";"2025.3.32.32101.411.5491.600040.6";"2025.5672878.32101.0.600040.411.5491.90191.6";"Secretaria de Turismo"
"2025.3.34.34101.446.3194.600005.6";"2025.3.34.34101.446.3194.600005.6";"2025.5675469.34101.0.600005.446.3194.90207.6";"Secretaria de Políticas para as Mulheres"
"2025.3.38.38101.401.3285.600063.6";"2025.3.38.38101.401.3285.600063.6";"2025.5679641.38101.0.600063.401.3285.91446.6";"Secretaria de Justiça e Direitos Humanos"
"2026.3.22.22301.406.3407.600007.6";"2026.3.22.22301.406.3407.600007.6";"2026.6192799.22301.1.600007.406.3407.97032.6";"Secretaria de Cultura"
"2021.3.21.21301.308.5793.600019.6";"2021.3.21.21301.308.5793.600019.6";"2021.4565221.21301.0.600019.308.5793.51524.6";"Secretaria do Trabalho, Emprego, Renda e Esporte"
"2021.3.24.24801.309.7911.600017.6";"2021.3.24.24801.309.7911.600017.6";"2021.4237123.24801.1.600017.309.7911.51522.6";"Secretaria de Infraestrutura"
"2023.3.11.11301.306.4048.600009.6";"2023.3.11.11301.306.4048.600009.6";"2023.4940327.11301.0.600009.306.4048.55823.6";"Secretaria da Educação"
"2023.3.18.18401.304.1399.600045.6";"2023.3.18.18401.304.1399.600045.6";"2023.5200446.18401.0.600045.304.1399.62130.6";"Secretaria de Desenvolvimento Rural"
"2023.3.32.32802.303.5893.600025.6";"2023.3.32.32802.303.5893.600025.6";"2023.4940635.32802.0.600025.303.5893.57298.6";"Secretaria de Turismo"
"2023.3.80.80102.900.8070.600054.6";"2023.3.80.80102.900.8070.600054.6";"2023.4952604.80102.0.600054.900.8070.62128.6";"Encargos Gerais do Estado"
"2024.3.80.80102.900.8070.600028.6";"2024.3.80.80102.900.8070.600028.6";"2024.5208916.80102.0.600028.900.8070.61617.6";"Encargos Gerais do Estado"
"2025.3.20.20803.437.1102.600070.6";"2025.3.20.20803.437.1102.600070.6";"2025.5667736.20803.13.600070.437.1102.91445.6";"Secretaria da Segurança Pública"
"2025.3.21.21301.414.4997.600000.6";"2025.3.21.21301.414.4997.600000.6";"2025.5670539.21301.1.600000.414.4997.90202.6";"Secretaria do Trabalho, Emprego, Renda e Esporte"
"2025.3.24.24801.432.7911.600048.6";"2025.3.24.24801.432.7911.600048.6";"2025.6178969.24801.1.600048.432.7911.90195.6";"Secretaria de Infraestrutura"
"2025.3.26.26101.419.1162.600042.6";"2025.3.26.26101.419.1162.600042.6";"2025.6179263.26401.2.600042.419.1162.90193.6";"Secretaria de Desenvolvimento Urbano"
"2025.3.38.38101.400.2170.600057.6";"2025.3.38.38101.400.2170.600057.6";"2025.5673486.38101.3.600057.400.2170.91415.6";"Secretaria de Justiça e Direitos Humanos"
"2026.3.10.10101.417.5935.600162.6";"2026.3.10.10101.417.5935.600162.6";"2026.6194001.10101.1.600162.417.5935.97908.6";"Secretaria da Agricultura, Pecuária, Irrigação, Pesca e Aquicultura"
"2026.3.18.18101.417.1399.600089.6";"2026.3.18.18101.417.1399.600089.6";"2026.6196450.18101.0.600089.417.1399.97499.6";"Secretaria de Desenvolvimento Rural"
"2026.3.39.39601.402.2256.600065.6";"2026.3.39.39601.402.2256.600065.6";"2026.6189967.39601.1.600065.402.2256.95382.6";"Secretaria de Assistência e Desenvolvimento Social"
"2020.3.26.26101.305.1162.600000.6";"2020.3.26.26101.305.1162.600000.6";"2020.3893459.26101.0.600000.305.1162.46263.6";"Secretaria de Desenvolvimento Urbano"
"2022.3.11.11201.306.7536.600016.6";"2022.3.11.11201.306.7536.600016.6";"2022.4923468.11201.0.600016.306.7536.51885.6";"Secretaria da Educação"
"2022.3.80.80102.900.8070.600008.6";"2022.3.80.80102.900.8070.600008.6";"2022.4572063.80102.0.600008.900.8070.51877.6";"Encargos Gerais do Estado"
"2022.3.80.80102.900.8070.600029.6";"2022.3.80.80102.900.8070.600029.6";"2022.4588260.80102.0.600029.900.8070.57107.6";"Encargos Gerais do Estado"
"2023.3.22.22101.302.7980.600005.6";"2023.3.22.22101.302.7980.600005.6";"2023.4934362.22101.1.600005.302.7980.55819.6";"Secretaria de Cultura"
"2023.3.80.80102.900.8070.600002.6";"2023.3.80.80102.900.8070.600002.6";"2023.4928704.80102.0.600002.900.8070.55816.6";"Encargos Gerais do Estado"
"2024.3.21.21101.413.5917.600004.6";"2024.3.21.21101.413.5917.600004.6";"2024.5211862.21101.7.600004.413.5917.61624.6";"Secretaria do Trabalho, Emprego, Renda e Esporte"
"2024.3.22.22301.406.7857.600007.6";"2024.3.22.22301.406.7857.600007.6";"2024.5212862.22301.1.600007.406.7857.61627.6";"Secretaria de Cultura"
"2024.3.32.32802.411.5893.600063.6";"2024.3.32.32802.411.5893.600063.6";"2024.5656818.32802.1.600063.411.5893.91323.6";"Secretaria de Turismo"
"2024.3.34.34101.430.5558.600059.6";"2024.3.34.34101.430.5558.600059.6";"2024.5226129.34101.0.600059.430.5558.91326.6";"Secretaria de Políticas para as Mulheres"
"2024.3.38.38101.400.6953.600042.6";"2024.3.38.38101.400.6953.600042.6";"2024.5210965.38101.0.600042.400.6953.62302.6";"Secretaria de Justiça e Direitos Humanos"
"2024.3.80.80102.900.8070.600004.6";"2024.3.80.80102.900.8070.600004.6";"2024.5208843.80102.0.600004.900.8070.61624.6";"Encargos Gerais do Estado"
"2025.3.11.11302.424.6908.600031.6";"2025.3.11.11302.424.6908.600031.6";"2025.5713346.11302.1.600031.424.6908.90200.6";"Secretaria da Educação"
"2025.3.18.18101.417.1399.600056.6";"2025.3.18.18101.417.1399.600056.6";"2025.5675213.18101.3.600056.417.1399.90187.6";"Secretaria de Desenvolvimento Rural"
"2025.3.20.20801.437.7875.600006.6";"2025.3.20.20801.437.7875.600006.6";"2025.5670017.20801.74.600006.437.7875.90208.6";"Secretaria da Segurança Pública"
"2025.3.26.26101.419.1162.600057.6";"2025.3.26.26101.419.1162.600057.6";"2025.5674096.26101.0.600057.419.1162.91415.6";"Secretaria de Desenvolvimento Urbano"
"2025.3.32.32802.411.5893.600103.6";"2025.3.32.32802.411.5893.600103.6";"2025.6179205.32802.1.600103.411.5893.97551.6";"Secretaria de Turismo"
"2026.3.11.11101.425.7744.600062.6";"2026.3.11.11101.425.7744.600062.6";"2026.6192200.11101.0.600062.425.7744.95497.6";"Secretaria da Educação"
"2026.3.18.18101.417.1399.600108.6";"2026.3.18.18101.417.1399.600108.6";"2026.6196538.18101.3.600108.417.1399.97612.6";"Secretaria de Desenvolvimento Rural"
"2026.3.18.18101.417.1399.600135.6";"2026.3.18.18101.417.1399.600135.6";"2026.6196465.18101.0.600135.417.1399.97682.6";"Secretaria de Desenvolvimento Rural"
"2026.3.30.30101.426.3289.600058.6";"2026.3.30.30101.426.3289.600058.6";"2026.6193119.30101.0.600058.426.3289.95377.6";"Secretaria de Promoção da Igualdade Racial e dos Povos e Comunidades Tradicionais"
"2021.3.18.18401.312.5040.600002.6";"2021.3.18.18401.312.5040.600002.6";"2021.4225463.18401.1.600002.312.5040.46524.6";"Secretaria de Desenvolvimento Rural"
"2023.3.80.80102.900.8070.600025.6";"2023.3.80.80102.900.8070.600025.6";"2023.4928748.80102.0.600025.900.8070.57238.6";"Encargos Gerais do Estado"
"2024.3.18.18101.417.1399.600000.6";"2024.3.18.18101.417.1399.600000.6";"2024.5219347.18401.1.600000.417.1399.61620.6";"Secretaria de Desenvolvimento Rural"
"2024.3.22.22101.406.2314.600046.6";"2024.3.22.22101.406.2314.600046.6";"2024.5215661.22101.0.600046.406.2314.62306.6";"Secretaria de Cultura"
"2024.3.22.22202.406.7986.600031.6";"2024.3.22.22202.406.7986.600031.6";"2024.5212432.22202.1.600031.406.7986.61618.6";"Secretaria de Cultura"
"2024.3.8.8501.434.7894.600052.6";"2024.3.8.8501.434.7894.600052.6";"2024.5659520.8501.0.600052.434.7894.62312.6";"Secretaria de Infraestrutura Hídrica e Saneamento"
"2024.3.8.8501.434.7894.600052.6";"2024.3.8.8501.434.7894.600052.6";"2024.5659531.8501.2.600052.434.7894.62312.6";"Secretaria de Infraestrutura Hídrica e Saneamento"
"2025.3.10.10501.417.5916.600048.6";"2025.3.10.10501.417.5916.600048.6";"2025.5671115.10501.1.600048.417.5916.90195.6";"Secretaria da Agricultura, Pecuária, Irrigação, Pesca e Aquicultura"
"2025.3.21.21301.414.7882.600063.6";"2025.3.21.21301.414.7882.600063.6";"2025.5776395.21301.1.600063.414.7882.91446.6";"Secretaria do Trabalho, Emprego, Renda e Esporte"
"2025.3.26.26101.419.1162.600006.6";"2025.3.26.26101.419.1162.600006.6";"2025.6180453.26101.0.600006.419.1162.90208.6";"Secretaria de Desenvolvimento Urbano"
"2026.3.11.11301.424.4048.600059.6";"2026.3.11.11301.424.4048.600059.6";"2026.6192776.11301.0.600059.424.4048.95494.6";"Secretaria da Educação"
"2026.3.11.11301.424.4048.600059.6";"2026.3.11.11301.424.4048.600059.6";"2026.6192957.11301.16.600059.424.4048.95494.6";"Secretaria da Educação"
"2026.3.26.26101.419.1158.600020.6";"2026.3.26.26101.419.1158.600020.6";"2026.6189164.26101.0.600020.419.1158.95144.6";"Secretaria de Desenvolvimento Urbano"
"2026.3.28.28101.405.5649.600046.6";"2026.3.28.28101.405.5649.600046.6";"2026.6192722.28101.0.600046.405.5649.97011.6";"Secretaria de Ciência, Tecnologia e Inovação"
"2026.3.32.32802.411.5893.600167.6";"2026.3.32.32802.411.5893.600167.6";"2026.6188340.32802.1.600167.411.5893.97832.6";"Secretaria de Turismo"
"2022.3.11.11101.306.6596.600009.6";"2022.3.11.11301.306.6596.600009.6";"2022.4588400.11301.1.600009.306.6596.51878.6";"Secretaria da Educação"
"2022.3.11.11101.306.6596.600009.6";"2022.3.11.11301.306.6596.600009.6";"2022.4588398.11301.1.600009.306.6596.51878.6";"Secretaria da Educação"
"2022.3.80.80102.900.8070.600036.6";"2022.3.80.80102.900.8070.600036.6";"2022.4588253.80102.0.600036.900.8070.57114.6";"Encargos Gerais do Estado"
"2023.3.22.22101.302.2314.600028.6";"2023.3.22.22101.302.2314.600028.6";"2023.4947247.22101.1.600028.302.2314.57300.6";"Secretaria de Cultura"
"2023.3.28.28101.301.7917.600009.6";"2023.3.28.28101.301.7917.600009.6";"2023.4932901.28101.1.600009.301.7917.55823.6";"Secretaria de Ciência, Tecnologia e Inovação"
"2024.3.18.18401.417.7988.600038.6";"2024.3.18.18401.417.7988.600038.6";"2024.5210482.18401.1.600038.417.7988.61652.6";"Secretaria de Desenvolvimento Rural"
"2024.3.21.21301.414.5779.600038.6";"2024.3.21.21301.414.5779.600038.6";"2024.5212322.21301.0.600038.414.5779.61652.6";"Secretaria do Trabalho, Emprego, Renda e Esporte"
"2024.3.26.26101.419.1162.600056.6";"2024.3.26.26101.419.1162.600056.6";"2024.5213383.26101.4.600056.419.1162.62315.6";"Secretaria de Desenvolvimento Urbano"
"2024.3.80.80102.900.8070.600038.6";"2024.3.80.80102.900.8070.600038.6";"2024.5208814.80102.0.600038.900.8070.61652.6";"Encargos Gerais do Estado"
"2025.3.22.22101.406.7980.600063.6";"2025.3.22.22101.406.7980.600063.6";"2025.5669136.22101.1.600063.406.7980.91446.6";"Secretaria de Cultura"
"2025.3.26.26101.419.1162.600006.6";"2025.3.26.26101.419.1162.600006.6";"2025.6180471.26101.4.600006.419.1162.90208.6";"Secretaria de Desenvolvimento Urbano"
"2025.3.80.80102.900.8070.600004.6";"2025.3.80.80102.900.8070.600004.6";"2025.5665722.80102.0.600004.900.8070.90206.6";"Encargos Gerais do Estado"
"2022.3.22.22101.302.6903.600005.6";"2022.3.22.22202.302.6903.600005.6";"2022.4580839.22101.1.600005.302.6903.51874.6";"Secretaria de Cultura"
"2020.3.20.20102.314.7877.600002.6";"2020.3.20.20102.314.7877.600002.6";"2020.3893119.20102.0.600002.314.7877.46265.6";"Secretaria da Segurança Pública"
"2022.3.28.28101.301.7917.600005.6";"2022.3.28.28101.301.7917.600005.6";"2022.4574475.28101.1.600005.301.7917.51874.6";"Secretaria de Ciência, Tecnologia e Inovação"
"2022.3.28.28101.301.7917.600009.6";"2022.3.28.28101.301.7917.600009.6";"2022.4574986.28101.0.600009.301.7917.51878.6";"Secretaria de Ciência, Tecnologia e Inovação"
"2023.3.22.22101.302.7857.600034.6";"2023.3.22.22101.302.7857.600034.6";"2023.4939920.22301.1.600034.302.7857.57253.6";"Secretaria de Cultura"
"2024.3.10.10501.446.3194.600006.6";"2024.3.10.10501.446.3194.600006.6";"2024.5211697.10501.0.600006.446.3194.61626.6";"Secretaria da Agricultura, Pecuária, Irrigação, Pesca e Aquicultura"
"2024.3.34.34101.429.4181.600043.6";"2024.3.34.34101.429.4181.600043.6";"2024.5326421.34101.1.600043.429.4181.62303.6";"Secretaria de Políticas para as Mulheres"
"2025.3.18.18401.417.1399.600069.6";"2025.3.18.18401.417.1399.600069.6";"2025.5673193.18401.0.600069.417.1399.91470.6";"Secretaria de Desenvolvimento Rural"
"2025.3.24.24801.432.7911.600018.6";"2025.3.24.24801.432.7911.600018.6";"2025.5682381.24801.0.600018.432.7911.90220.6";"Secretaria de Infraestrutura"
"2025.3.80.80102.900.8070.600074.6";"2025.3.80.80102.900.8070.600074.6";"2025.5665670.80102.0.600074.900.8070.91377.6";"Encargos Gerais do Estado"
"2026.3.11.11302.424.7867.600031.6";"2026.3.11.11302.424.7867.600031.6";"2026.6192226.11302.0.600031.424.7867.97023.6";"Secretaria da Educação"
"2026.3.11.11303.424.6927.600052.6";"2026.3.11.11303.424.6927.600052.6";"2026.6192234.11303.0.600052.424.6927.97020.6";"Secretaria da Educação"
"2026.3.26.26101.419.1158.600020.6";"2026.3.26.26401.419.1158.600020.6";"2026.6189163.26101.4.600020.419.1158.95144.6";"Secretaria de Desenvolvimento Urbano"
"2024.3.26.26101.419.1162.600009.6";"2024.3.26.26401.419.1162.600009.6";"2024.5250621.26101.4.600009.419.1162.61629.6";"Secretaria de Desenvolvimento Urbano"
"2020.3.12.12201.314.4365.600002.6";"2020.3.12.12201.314.4365.600002.6";"2020.3893075.12201.0.600002.314.4365.46265.6";"Secretaria de Justiça, Direitos Humanos e Desenvolvimento Social"
"2021.3.11.11101.306.5262.600009.6";"2021.3.11.11101.306.5262.600009.6";"2021.4542188.11101.91.600009.306.5262.51514.6";"Secretaria da Educação"
"2021.3.11.11301.306.7867.600002.6";"2021.3.11.11301.306.7867.600002.6";"2021.4225601.11301.16.600002.306.7867.46524.6";"Secretaria da Educação"
"2021.3.24.24801.309.7911.600000.6";"2021.3.24.24801.309.7911.600000.6";"2021.4233272.24801.1.600000.309.7911.46473.6";"Secretaria de Infraestrutura"
"2021.3.26.26101.305.1162.600006.6";"2021.3.26.26101.305.1162.600006.6";"2021.4563687.26101.4.600006.305.1162.51511.6";"Secretaria de Desenvolvimento Urbano"
"2022.3.10.10101.304.7385.600033.6";"2022.3.10.10101.304.7385.600033.6";"2022.4905260.10101.0.600033.304.7385.57111.6";"Secretaria da Agricultura, Pecuária, Irrigação, Pesca e Aquicultura"
"2022.3.22.22101.302.7857.600031.6";"2022.3.22.22101.302.7857.600031.6";"2022.4921795.22202.1.600031.302.7857.57109.6";"Secretaria de Cultura"
"2022.3.32.32801.303.5893.600002.6";"2022.3.32.32801.303.5893.600002.6";"2022.4588041.32801.1.600002.303.5893.46893.6";"Secretaria de Turismo"
"2023.3.30.30101.307.5713.600053.6";"2023.3.30.30101.307.5713.600053.6";"2023.5200623.30101.0.600053.307.5713.62127.6";"Secretaria de Promoção da Igualdade Racial e dos Povos e Comunidades Tradicionais"
"2024.3.10.10101.417.7385.600046.6";"2024.3.10.10101.417.7385.600046.6";"2024.5219646.10101.0.600046.417.7385.62306.6";"Secretaria da Agricultura, Pecuária, Irrigação, Pesca e Aquicultura"
"2024.3.22.22202.407.3294.600046.6";"2024.3.22.22202.407.3294.600046.6";"2024.5225695.22202.0.600046.407.3294.62306.6";"Secretaria de Cultura"
"2024.3.32.32802.411.5893.600002.6";"2024.3.32.32802.411.5893.600002.6";"2024.5219980.32802.0.600002.411.5893.61622.6";"Secretaria de Turismo"
"2024.3.34.34101.429.4181.600043.6";"2024.3.34.34101.429.4181.600043.6";"2024.5226570.34101.0.600043.429.4181.62303.6";"Secretaria de Políticas para as Mulheres"
"2024.3.38.38101.400.4170.600052.6";"2024.3.38.38101.400.4170.600052.6";"2024.5657202.38101.0.600052.400.4170.62312.6";"Secretaria de Justiça e Direitos Humanos"
"2024.3.38.38101.400.6953.600031.6";"2024.3.38.38101.400.6953.600031.6";"2024.5211871.38101.0.600031.400.6953.61618.6";"Secretaria de Justiça e Direitos Humanos"
"2024.3.8.8501.434.7894.600052.6";"2024.3.8.8501.434.7894.600052.6";"2024.5230341.8501.2.600052.434.7894.62312.6";"Secretaria de Infraestrutura Hídrica e Saneamento"
"2025.3.10.10101.417.7244.600113.6";"2025.3.10.10101.417.7244.600113.6";"2025.6179351.10101.0.600113.417.7244.97623.6";"Secretaria da Agricultura, Pecuária, Irrigação, Pesca e Aquicultura"
"2025.3.18.18401.417.1399.600105.6";"2025.3.18.18401.417.1399.600105.6";"2025.6179070.18401.1.600105.417.1399.97555.6";"Secretaria de Desenvolvimento Rural"
"2025.3.21.21301.414.1009.600056.6";"2025.3.21.21301.414.1009.600056.6";"2025.5674974.21301.0.600056.414.1009.90187.6";"Secretaria do Trabalho, Emprego, Renda e Esporte"
"2025.3.21.21301.414.5793.600071.6";"2025.3.21.21301.414.5793.600071.6";"2025.5676335.21301.1.600071.414.5793.91375.6";"Secretaria do Trabalho, Emprego, Renda e Esporte"
"2025.3.22.22101.406.2314.600028.6";"2025.3.22.22101.406.2314.600028.6";"2025.5681384.22101.3.600028.406.2314.90199.6";"Secretaria de Cultura"
"2025.3.22.22301.406.7857.600034.6";"2025.3.22.22301.406.7857.600034.6";"2025.5676255.22301.1.600034.406.7857.90232.6";"Secretaria de Cultura"
"2025.3.80.80102.900.8070.600023.6";"2025.3.80.80102.900.8070.600023.6";"2025.5665767.80102.0.600023.900.8070.90225.6";"Encargos Gerais do Estado"
"2026.3.18.18101.417.1399.600135.6";"2026.3.18.18101.417.1399.600135.6";"2026.6196604.18101.3.600135.417.1399.97682.6";"Secretaria de Desenvolvimento Rural"
"2026.3.26.26101.419.1162.600020.6";"2026.3.26.26101.419.1162.600020.6";"2026.6194731.26101.0.600020.419.1162.95144.6";"Secretaria de Desenvolvimento Urbano"
"2026.3.28.28101.405.5649.600046.6";"2026.3.28.28101.405.5649.600046.6";"2026.6193547.28101.1.600046.405.5649.97011.6";"Secretaria de Ciência, Tecnologia e Inovação"
"2026.3.39.39101.404.4183.600067.6";"2026.3.39.39101.404.4183.600067.6";"2026.6192417.39101.3.600067.404.4183.97083.6";"Secretaria de Assistência e Desenvolvimento Social"
"2026.3.80.80102.900.8070.600035.6";"2026.3.80.80102.900.8070.600035.6";"2026.6187150.80102.0.600035.900.8070.97002.6";"Encargos Gerais do Estado"
"2026.3.80.80102.900.8070.600057.6";"2026.3.80.80102.900.8070.600057.6";"2026.6187213.80102.0.600057.900.8070.95222.6";"Encargos Gerais do Estado"
"2025.3.22.22202.406.7986.600046.6";"2025.3.32.32101.406.7986.600046.6";"2025.6178543.32101.3.600046.406.7986.90188.6";"Secretaria de Turismo"
"2022.3.21.21301.305.1009.600020.6";"2022.3.21.21301.305.1009.600020.6";"2022.4580956.21301.0.600020.305.1009.51889.6";"Secretaria do Trabalho, Emprego, Renda e Esporte"
"2022.3.28.28101.301.7917.600025.6";"2022.3.28.28101.301.7917.600025.6";"2022.4588620.28101.0.600025.301.7917.57103.6";"Secretaria de Ciência, Tecnologia e Inovação"
"2023.3.21.21101.308.1793.600005.6";"2023.3.21.21101.308.1793.600005.6";"2023.4947690.21101.0.600005.308.1793.55819.6";"Secretaria do Trabalho, Emprego, Renda e Esporte"
"2024.3.10.10101.417.3044.600076.6";"2024.3.10.10101.417.3044.600076.6";"2024.5658977.10101.0.600076.417.3044.91339.6";"Secretaria da Agricultura, Pecuária, Irrigação, Pesca e Aquicultura"
"2024.3.18.18101.417.1399.600056.6";"2024.3.18.18101.417.1399.600056.6";"2024.5222206.18101.0.600056.417.1399.62315.6";"Secretaria de Desenvolvimento Rural"
"2024.3.38.38101.400.6953.600052.6";"2024.3.38.38101.400.6953.600052.6";"2024.5211009.38101.3.600052.400.6953.62312.6";"Secretaria de Justiça e Direitos Humanos"
"2024.3.39.39101.403.5445.600038.6";"2024.3.39.39101.403.5445.600038.6";"2024.5217042.39101.2.600038.403.5445.61652.6";"Secretaria de Assistência e Desenvolvimento Social"
"2024.3.8.8501.434.7894.600052.6";"2024.3.8.8501.434.7894.600052.6";"2024.5659522.8501.0.600052.434.7894.62312.6";"Secretaria de Infraestrutura Hídrica e Saneamento"
"2025.3.10.10101.417.3044.600031.6";"2025.3.10.10101.417.3044.600031.6";"2025.5669818.10101.0.600031.417.3044.90200.6";"Secretaria da Agricultura, Pecuária, Irrigação, Pesca e Aquicultura"
"2025.3.11.11301.424.4048.600059.6";"2025.3.11.11301.424.4048.600059.6";"2025.5670438.11301.0.600059.424.4048.91468.6";"Secretaria da Educação"
"2025.3.21.21301.414.5779.600057.6";"2025.3.21.21301.414.5779.600057.6";"2025.5670352.21301.0.600057.414.5779.91415.6";"Secretaria do Trabalho, Emprego, Renda e Esporte"
"2025.3.28.28101.405.5649.600043.6";"2025.3.28.28101.405.5649.600043.6";"2025.5673381.28101.1.600043.405.5649.90235.6";"Secretaria de Ciência, Tecnologia e Inovação"
"2025.3.38.38101.446.3194.600062.6";"2025.3.38.38101.446.3194.600062.6";"2025.5678498.38101.1.600062.446.3194.91471.6";"Secretaria de Justiça e Direitos Humanos"
"2023.3.22.22101.302.7980.600005.6";"2023.3.22.22301.302.7980.600005.6";"2023.4939916.22301.1.600005.302.7980.55819.6";"Secretaria de Cultura"
"2021.3.20.20801.314.7877.600008.6";"2021.3.20.20801.314.7877.600008.6";"2021.4246762.20801.97.600008.314.7877.51513.6";"Secretaria da Segurança Pública"
"2022.3.18.18401.304.1399.600015.6";"2022.3.18.18401.304.1399.600015.6";"2022.4577189.18401.1.600015.304.1399.51884.6";"Secretaria de Desenvolvimento Rural"
"2022.3.18.18401.304.1399.600022.6";"2022.3.18.18401.304.1399.600022.6";"2022.4585478.18401.1.600022.304.1399.51856.6";"Secretaria de Desenvolvimento Rural"
"2022.3.21.21301.303.5779.600038.6";"2022.3.21.21301.303.5779.600038.6";"2022.4589598.21301.0.600038.303.5779.57116.6";"Secretaria do Trabalho, Emprego, Renda e Esporte"
"2022.3.34.34101.311.5558.600003.6";"2022.3.34.34101.311.5558.600003.6";"2022.4586881.34101.0.600003.311.5558.51872.6";"Secretaria de Políticas para as Mulheres"
"2023.3.38.38101.300.2170.600002.6";"2023.3.38.38101.300.2170.600002.6";"2023.4939556.38101.0.600002.300.2170.55816.6";"Secretaria de Justiça e Direitos Humanos"
"2023.3.38.38101.300.2170.600005.6";"2023.3.38.38101.300.2170.600005.6";"2023.4940096.38101.3.600005.300.2170.55819.6";"Secretaria de Justiça e Direitos Humanos"
"2023.3.80.80102.900.8070.600029.6";"2023.3.80.80102.900.8070.600029.6";"2023.4928752.80102.0.600029.900.8070.57244.6";"Encargos Gerais do Estado"
"2024.3.20.20102.437.7880.600053.6";"2024.3.20.20102.437.7880.600053.6";"2024.5214902.20102.1.600053.437.7880.62313.6";"Secretaria da Segurança Pública"
"2024.3.26.26101.419.1158.600020.6";"2024.3.26.26101.419.1158.600020.6";"2024.5215391.26101.4.600020.419.1158.61640.6";"Secretaria de Desenvolvimento Urbano"
"2024.3.26.26101.419.5183.600043.6";"2024.3.26.26101.419.5183.600043.6";"2024.5220729.26101.0.600043.419.5183.62303.6";"Secretaria de Desenvolvimento Urbano"
"2024.3.28.28101.405.7917.600005.6";"2024.3.28.28101.405.7917.600005.6";"2024.5210985.28101.1.600005.405.7917.61625.6";"Secretaria de Ciência, Tecnologia e Inovação"
"2024.3.32.32101.411.3701.600066.6";"2024.3.32.32101.411.3701.600066.6";"2024.5226208.32101.0.600066.411.3701.91331.6";"Secretaria de Turismo"
"2025.3.38.38101.400.6953.600038.6";"2025.3.38.38101.400.6953.600038.6";"2025.5674996.38101.3.600038.400.6953.90234.6";"Secretaria de Justiça e Direitos Humanos"
"2026.3.10.10101.417.5916.600159.6";"2026.3.10.10101.417.5916.600159.6";"2026.6189186.10501.1.600159.417.5916.97841.6";"Secretaria da Agricultura, Pecuária, Irrigação, Pesca e Aquicultura"
"2026.3.10.10101.417.7385.600098.6";"2026.3.10.10101.417.7385.600098.6";"2026.6187756.10101.1.600098.417.7385.97592.6";"Secretaria da Agricultura, Pecuária, Irrigação, Pesca e Aquicultura"
"2026.3.18.18401.417.1399.600069.6";"2026.3.18.18401.417.1399.600069.6";"2026.6188872.18401.1.600069.417.1399.95496.6";"Secretaria de Desenvolvimento Rural"
"2026.3.32.32101.411.3701.600139.6";"2026.3.32.32101.411.3701.600139.6";"2026.6188764.32101.0.600139.411.3701.97678.6";"Secretaria de Turismo"
"2023.3.22.22101.302.7857.600031.6";"2023.3.22.22202.302.7857.600031.6";"2023.4942387.22202.1.600031.302.7857.57248.6";"Secretaria de Cultura"
"2024.3.28.28101.405.7917.600000.6";"2024.3.26.26101.405.7917.600000.6";"2024.5210984.28101.1.600000.405.7917.61620.6";"Secretaria de Desenvolvimento Urbano"
"2022.3.11.11601.306.7744.600010.6";"2022.3.11.11601.306.7744.600010.6";"2022.4575382.11601.1.600010.306.7744.51879.6";"Secretaria da Educação"
"2022.3.12.12201.300.4365.600002.6";"2022.3.12.12201.300.4365.600002.6";"2022.4583306.12201.1.600002.300.4365.46893.6";"Secretaria de Justiça, Direitos Humanos e Desenvolvimento Social"
"2023.3.11.11101.306.5266.600031.6";"2023.3.11.11101.306.5266.600031.6";"2023.4935158.11101.94.600031.306.5266.57248.6";"Secretaria da Educação"
"2023.3.18.18401.304.1398.600038.6";"2023.3.18.18401.304.1398.600038.6";"2023.4945751.18401.0.600038.304.1398.57258.6";"Secretaria de Desenvolvimento Rural"
"2023.3.21.21301.305.1009.600013.6";"2023.3.21.21301.305.1009.600013.6";"2023.5201063.21301.0.600013.305.1009.55827.6";"Secretaria do Trabalho, Emprego, Renda e Esporte"
"2023.3.80.80102.900.8070.600011.6";"2023.3.80.80102.900.8070.600011.6";"2023.4928726.80102.0.600011.900.8070.55825.6";"Encargos Gerais do Estado"
"2024.3.22.22101.408.7032.600005.6";"2024.3.22.22101.408.7032.600005.6";"2024.5212789.22101.0.600005.408.7032.61625.6";"Secretaria de Cultura"
"2024.3.80.80102.900.8070.600056.6";"2024.3.80.80102.900.8070.600056.6";"2024.5208920.80102.0.600056.900.8070.62315.6";"Encargos Gerais do Estado"
"2025.3.22.22201.406.3696.600027.6";"2025.3.22.22201.406.3696.600027.6";"2025.5679616.22201.0.600027.406.3696.90227.6";"Secretaria de Cultura"
"2025.3.24.24801.432.5138.600061.6";"2025.3.24.24801.432.5138.600061.6";"2025.5672697.24801.1.600061.432.5138.91454.6";"Secretaria de Infraestrutura"
"2025.3.32.32101.411.3701.600166.6";"2025.3.32.32101.411.3701.600166.6";"2025.6180982.32101.0.600166.411.3701.97787.6";"Secretaria de Turismo"
"2025.3.38.38101.400.4095.600005.6";"2025.3.38.38101.400.4095.600005.6";"2025.5683966.38101.3.600005.400.4095.90207.6";"Secretaria de Justiça e Direitos Humanos"
"2025.3.80.80102.900.8070.600055.6";"2025.3.80.80102.900.8070.600055.6";"2025.5665834.80102.0.600055.900.8070.90198.6";"Encargos Gerais do Estado"
"2026.3.80.80102.900.8070.600059.6";"2026.3.80.80102.900.8070.600059.6";"2026.6187217.80102.0.600059.900.8070.95494.6";"Encargos Gerais do Estado"
"2026.3.28.28101.405.5649.600046.6";"2026.3.11.11303.405.5649.600046.6";"2026.6192789.11303.1.600046.405.5649.97011.6";"Secretaria da Educação"
"2020.3.34.34101.311.5550.600002.6";"2020.3.34.34101.311.5550.600002.6";"2020.3892983.34101.0.600002.311.5550.46265.6";"Secretaria de Políticas para as Mulheres"
"2020.3.34.34101.311.5550.600002.6";"2020.3.34.34101.311.5550.600002.6";"2020.3892997.34101.1.600002.311.5550.46265.6";"Secretaria de Políticas para as Mulheres"
"2021.3.11.11101.306.6991.600010.6";"2021.3.11.11101.306.6991.600010.6";"2021.4395605.11101.1.600010.306.6991.51515.6";"Secretaria da Educação"
"2023.3.21.21101.308.5917.600004.6";"2023.3.21.21101.308.5917.600004.6";"2023.4933332.21101.7.600004.308.5917.55818.6";"Secretaria do Trabalho, Emprego, Renda e Esporte"
"2023.3.26.26101.305.1158.600020.6";"2023.3.26.26101.305.1158.600020.6";"2023.4995395.26401.2.600020.305.1158.55834.6";"Secretaria de Desenvolvimento Urbano"
"2023.3.80.80102.900.8070.600048.6";"2023.3.80.80102.900.8070.600048.6";"2023.4952599.80102.0.600048.900.8070.62131.6";"Encargos Gerais do Estado"
"2024.3.26.26101.419.1162.600009.6";"2024.3.26.26101.419.1162.600009.6";"2024.5213382.26101.4.600009.419.1162.61629.6";"Secretaria de Desenvolvimento Urbano"
"2024.3.32.32802.411.5893.600042.6";"2024.3.32.32802.411.5893.600042.6";"2024.5220081.32802.1.600042.411.5893.62302.6";"Secretaria de Turismo"
"2024.3.80.80102.900.8070.600005.6";"2024.3.80.80102.900.8070.600005.6";"2024.5208849.80102.0.600005.900.8070.61625.6";"Encargos Gerais do Estado"
"2024.3.80.80102.900.8070.600042.6";"2024.3.80.80102.900.8070.600042.6";"2024.5208826.80102.0.600042.900.8070.62302.6";"Encargos Gerais do Estado"
"2025.3.11.11301.424.2443.600146.6";"2025.3.11.11301.424.2443.600146.6";"2025.6179254.11301.0.600146.424.2443.97707.6";"Secretaria da Educação"
"2025.3.22.22202.406.7980.600046.6";"2025.3.22.22202.406.7980.600046.6";"2025.5675472.22202.0.600046.406.7980.90188.6";"Secretaria de Cultura"
"2025.3.26.26101.419.1162.600042.6";"2025.3.26.26101.419.1162.600042.6";"2025.5669675.26101.4.600042.419.1162.90193.6";"Secretaria de Desenvolvimento Urbano"
"2026.3.22.22301.406.3407.600007.6";"2026.3.22.22301.406.3407.600007.6";"2026.6192767.22301.0.600007.406.3407.97032.6";"Secretaria de Cultura"
"2026.3.26.26101.419.1162.600057.6";"2026.3.26.26101.419.1162.600057.6";"2026.6190658.26101.0.600057.419.1162.95222.6";"Secretaria de Desenvolvimento Urbano"
"2026.3.28.28101.405.5649.600073.6";"2026.3.28.28101.405.5649.600073.6";"2026.6188316.28101.1.600073.405.5649.97084.6";"Secretaria de Ciência, Tecnologia e Inovação"
"2026.3.32.32802.411.5893.600158.6";"2026.3.32.32802.411.5893.600158.6";"2026.6188280.32802.0.600158.411.5893.97892.6";"Secretaria de Turismo"
"2026.3.80.80102.900.8070.600001.6";"2026.3.80.80102.900.8070.600001.6";"2026.6187069.80102.0.600001.900.8070.97026.6";"Encargos Gerais do Estado"
"2020.3.21.21101.314.5365.600001.6";"2020.3.21.21101.314.5365.600001.6";"2020.3893000.21101.7.600001.314.5365.46264.6";"Secretaria do Trabalho, Emprego, Renda e Esporte"
"2022.3.18.18401.304.1399.600010.6";"2022.3.18.18401.304.1399.600010.6";"2022.4575506.18401.0.600010.304.1399.51879.6";"Secretaria de Desenvolvimento Rural"
"2022.3.21.21101.308.1793.600022.6";"2022.3.21.21101.308.1793.600022.6";"2022.4581357.21101.0.600022.308.1793.51856.6";"Secretaria do Trabalho, Emprego, Renda e Esporte"
"2023.3.10.10101.304.7385.600002.6";"2023.3.10.10101.304.7385.600002.6";"2023.4931622.10101.1.600002.304.7385.55816.6";"Secretaria da Agricultura, Pecuária, Irrigação, Pesca e Aquicultura"
"2023.3.18.18101.304.7289.600034.6";"2023.3.18.18101.304.7289.600034.6";"2023.5202810.18101.0.600034.304.7289.57253.6";"Secretaria de Desenvolvimento Rural"
"2023.3.21.21101.308.5630.600039.6";"2023.3.21.21101.308.5630.600039.6";"2023.5199361.21101.5.600039.308.5630.62121.6";"Secretaria do Trabalho, Emprego, Renda e Esporte"
"2023.3.80.80102.900.8070.600027.6";"2023.3.80.80102.900.8070.600027.6";"2023.4939125.80102.0.600027.900.8070.57299.6";"Encargos Gerais do Estado"
"2023.3.80.80102.900.8070.600039.6";"2023.3.80.80102.900.8070.600039.6";"2023.4952609.80102.0.600039.900.8070.62121.6";"Encargos Gerais do Estado"
"2024.3.22.22202.406.7980.600046.6";"2024.3.22.22202.406.7980.600046.6";"2024.5225693.22202.0.600046.406.7980.62306.6";"Secretaria de Cultura"
"2024.3.24.24801.432.7911.600000.6";"2024.3.24.24801.432.7911.600000.6";"2024.5217394.24801.0.600000.432.7911.61620.6";"Secretaria de Infraestrutura"
"2024.3.80.80102.900.8070.600037.6";"2024.3.80.80102.900.8070.600037.6";"2024.5208810.80102.0.600037.900.8070.61651.6";"Encargos Gerais do Estado"
"2024.3.80.80102.900.8070.600046.6";"2024.3.80.80102.900.8070.600046.6";"2024.5208868.80102.0.600046.900.8070.62306.6";"Encargos Gerais do Estado"
"2025.3.80.80102.900.8070.600027.6";"2025.3.80.80102.900.8070.600027.6";"2025.5665773.80102.0.600027.900.8070.90227.6";"Encargos Gerais do Estado"
"2025.3.80.80102.900.8070.600056.6";"2025.3.80.80102.900.8070.600056.6";"2025.5665836.80102.0.600056.900.8070.90187.6";"Encargos Gerais do Estado"
"2026.3.18.18101.417.1399.600056.6";"2026.3.18.18101.417.1399.600056.6";"2026.6191038.18101.3.600056.417.1399.97010.6";"Secretaria de Desenvolvimento Rural"
"2026.3.18.18101.417.7988.600119.6";"2026.3.18.18101.417.7988.600119.6";"2026.6196464.18101.0.600119.417.7988.97673.6";"Secretaria de Desenvolvimento Rural"
"2026.3.26.26101.419.1162.600042.6";"2026.3.26.26101.419.1162.600042.6";"2026.6190450.26401.2.600042.419.1162.97016.6";"Secretaria de Desenvolvimento Urbano"
"2020.3.11.11201.306.7524.600002.6";"2020.3.11.11201.306.7524.600002.6";"2020.3892926.11201.0.600002.306.7524.46265.6";"Secretaria da Educação"
"2020.3.18.18401.304.7838.600001.6";"2020.3.18.18401.304.7838.600001.6";"2020.3893006.18401.1.600001.304.7838.46264.6";"Secretaria de Desenvolvimento Rural"
"2021.3.24.24801.309.7911.600000.6";"2021.3.24.24801.309.7911.600000.6";"2021.4229737.24801.1.600000.309.7911.46473.6";"Secretaria de Infraestrutura"
"2022.3.10.10101.304.7385.600036.6";"2022.3.10.10101.304.7385.600036.6";"2022.4589868.10101.0.600036.304.7385.57114.6";"Secretaria da Agricultura, Pecuária, Irrigação, Pesca e Aquicultura"
"2022.3.12.12101.300.4135.600005.6";"2022.3.12.12101.300.4135.600005.6";"2022.4577023.12101.0.600005.300.4135.51874.6";"Secretaria de Justiça, Direitos Humanos e Desenvolvimento Social"
"2022.3.22.22101.302.7857.600031.6";"2022.3.22.22101.302.7857.600031.6";"2022.4924764.22202.1.600031.302.7857.57109.6";"Secretaria de Cultura"
"2022.3.80.80102.900.8070.600021.6";"2022.3.80.80102.900.8070.600021.6";"2022.4572118.80102.0.600021.900.8070.51890.6";"Encargos Gerais do Estado"
"2023.3.38.38101.300.6953.600052.6";"2023.3.38.38101.300.6953.600052.6";"2023.5090679.38101.0.600052.300.6953.62133.6";"Secretaria de Justiça e Direitos Humanos"
"2024.3.18.18401.417.1399.600002.6";"2024.3.18.18401.417.1399.600002.6";"2024.5210998.18401.1.600002.417.1399.61622.6";"Secretaria de Desenvolvimento Rural"
"2024.3.21.21301.414.5779.600050.6";"2024.3.21.21301.414.5779.600050.6";"2024.5218515.21301.0.600050.414.5779.62310.6";"Secretaria do Trabalho, Emprego, Renda e Esporte"
"2024.3.39.39101.403.5445.600038.6";"2024.3.39.39101.403.5445.600038.6";"2024.5216888.39101.0.600038.403.5445.61652.6";"Secretaria de Assistência e Desenvolvimento Social"
"2025.3.26.26401.419.1162.600075.6";"2025.3.26.26401.419.1162.600075.6";"2025.5675358.26401.1.600075.419.1162.91385.6";"Secretaria de Desenvolvimento Urbano"
"2025.3.26.26401.419.5344.600046.6";"2025.3.26.26401.419.5344.600046.6";"2025.5672650.26401.0.600046.419.5344.90188.6";"Secretaria de Desenvolvimento Urbano"
"2025.3.32.32101.411.3701.600138.6";"2025.3.32.32101.411.3701.600138.6";"2025.6180134.32101.3.600138.411.3701.97693.6";"Secretaria de Turismo"
"2025.3.39.39601.402.4828.600049.6";"2025.3.39.39601.402.4828.600049.6";"2025.5673347.39601.1.600049.402.4828.90189.6";"Secretaria de Assistência e Desenvolvimento Social"
"2026.3.18.18101.417.1399.600107.6";"2026.3.18.18101.417.1399.600107.6";"2026.6196528.18101.3.600107.417.1399.97610.6";"Secretaria de Desenvolvimento Rural"
"2026.3.18.18401.417.1399.600058.6";"2026.3.18.18401.417.1399.600058.6";"2026.6188865.18401.1.600058.417.1399.95377.6";"Secretaria de Desenvolvimento Rural"
"2026.3.80.80102.900.8070.600067.6";"2026.3.80.80102.900.8070.600067.6";"2026.6187258.80102.0.600067.900.8070.97083.6";"Encargos Gerais do Estado"
"2025.3.18.18101.417.1399.600080.6";"2025.3.18.18401.417.1399.600080.6";"2025.6181466.18401.1.600080.417.1399.97515.6";"Secretaria de Desenvolvimento Rural"
"2023.3.26.26101.305.1162.600009.6";"2023.3.26.26401.305.1162.600009.6";"2023.4943521.26101.4.600009.305.1162.55823.6";"Secretaria de Desenvolvimento Urbano"
"2021.3.17.17301.315.7457.600011.6";"2021.3.17.17301.315.7457.600011.6";"2021.4332279.17301.0.600011.315.7457.51516.6";"Secretaria do Planejamento"
"2021.3.21.21301.305.7882.600013.6";"2021.3.21.21301.305.7882.600013.6";"2021.4234480.21301.0.600013.305.7882.51518.6";"Secretaria do Trabalho, Emprego, Renda e Esporte"
"2022.3.11.11101.306.6596.600009.6";"2022.3.11.11101.306.6596.600009.6";"2022.4577277.11101.1.600009.306.6596.51878.6";"Secretaria da Educação"
"2022.3.11.11101.306.6596.600009.6";"2022.3.11.11101.306.6596.600009.6";"2022.4588400.11301.1.600009.306.6596.51878.6";"Secretaria da Educação"
"2023.3.80.80102.900.8070.600009.6";"2023.3.80.80102.900.8070.600009.6";"2023.4928722.80102.0.600009.900.8070.55823.6";"Encargos Gerais do Estado"
"2023.3.80.80102.900.8070.600027.6";"2023.3.80.80102.900.8070.600027.6";"2023.4928750.80102.0.600027.900.8070.57240.6";"Encargos Gerais do Estado"
"2024.3.18.18401.417.1399.600002.6";"2024.3.18.18401.417.1399.600002.6";"2024.5210960.18401.0.600002.417.1399.61622.6";"Secretaria de Desenvolvimento Rural"
"2024.3.21.21101.413.6672.600039.6";"2024.3.21.21101.413.6672.600039.6";"2024.5213797.21101.7.600039.413.6672.62299.6";"Secretaria do Trabalho, Emprego, Renda e Esporte"
"2024.3.21.21301.414.1009.600029.6";"2024.3.21.21301.414.1009.600029.6";"2024.5660539.21301.0.600029.414.1009.61646.6";"Secretaria do Trabalho, Emprego, Renda e Esporte"
"2024.3.28.28101.405.7917.600025.6";"2024.3.28.28101.405.7917.600025.6";"2024.5210983.28101.1.600025.405.7917.61644.6";"Secretaria de Ciência, Tecnologia e Inovação"
"2025.3.10.10301.417.6166.600065.6";"2025.3.10.10301.417.6166.600065.6";"2025.5673265.10301.1.600065.417.6166.91466.6";"Secretaria da Agricultura, Pecuária, Irrigação, Pesca e Aquicultura"
"2025.3.22.22301.406.7857.600031.6";"2025.3.22.22301.406.7857.600031.6";"2025.5675481.22301.1.600031.406.7857.90200.6";"Secretaria de Cultura"
"2025.3.38.38101.400.2170.600066.6";"2025.3.38.38101.400.2170.600066.6";"2025.5678970.38101.0.600066.400.2170.91438.6";"Secretaria de Justiça e Direitos Humanos"
"2025.3.80.80102.900.8070.600025.6";"2025.3.80.80102.900.8070.600025.6";"2025.5665771.80102.0.600025.900.8070.90226.6";"Encargos Gerais do Estado"
"2025.3.80.80102.900.8070.600056.6";"2025.3.80.80102.900.8070.600056.6";"2025.5665569.80102.0.600056.900.8070.90187.6";"Encargos Gerais do Estado"
"2025.3.80.80102.900.8070.600075.6";"2025.3.80.80102.900.8070.600075.6";"2025.5665870.80102.0.600075.900.8070.91385.6";"Encargos Gerais do Estado"
"2026.3.22.22101.406.2314.600028.6";"2026.3.22.22101.406.2314.600028.6";"2026.6189645.22101.3.600028.406.2314.97022.6";"Secretaria de Cultura"
"2026.3.28.28101.405.7917.600036.6";"2026.3.28.28101.405.7917.600036.6";"2026.6189629.28101.0.600036.405.7917.97024.6";"Secretaria de Ciência, Tecnologia e Inovação"
"2026.3.18.18101.417.1399.600056.6";"2026.3.18.18401.417.1399.600056.6";"2026.6191038.18101.3.600056.417.1399.97010.6";"Secretaria de Desenvolvimento Rural"
"2026.3.18.18101.417.1399.600084.6";"2026.3.18.18401.417.1399.600084.6";"2026.6196498.18101.3.600084.417.1399.97496.6";"Secretaria de Desenvolvimento Rural"
"2020.3.34.34101.311.5550.600002.6";"2020.3.34.34101.311.5550.600002.6";"2020.3892984.34101.0.600002.311.5550.46265.6";"Secretaria de Políticas para as Mulheres"
"2021.3.21.21301.305.7882.600003.6";"2021.3.21.21301.305.7882.600003.6";"2021.4542148.21301.0.600003.305.7882.51508.6";"Secretaria do Trabalho, Emprego, Renda e Esporte"
"2023.3.21.21301.305.7882.600039.6";"2023.3.21.21301.305.7882.600039.6";"2023.5200876.21301.0.600039.305.7882.62121.6";"Secretaria do Trabalho, Emprego, Renda e Esporte"
"2024.3.18.18401.417.1399.600045.6";"2024.3.18.18401.417.1399.600045.6";"2024.5210953.18401.0.600045.417.1399.62305.6";"Secretaria de Desenvolvimento Rural"
"2024.3.18.18401.417.7988.600042.6";"2024.3.18.18401.417.7988.600042.6";"2024.5211288.18401.1.600042.417.7988.62302.6";"Secretaria de Desenvolvimento Rural"
"2024.3.21.21301.414.1009.600029.6";"2024.3.21.21301.414.1009.600029.6";"2024.5660540.21301.0.600029.414.1009.61646.6";"Secretaria do Trabalho, Emprego, Renda e Esporte"
"2025.3.18.18401.420.5040.600057.6";"2025.3.18.18401.420.5040.600057.6";"2025.5675730.18401.1.600057.420.5040.91415.6";"Secretaria de Desenvolvimento Rural"
"2025.3.21.21301.414.1009.600043.6";"2025.3.21.21301.414.1009.600043.6";"2025.6179442.21301.0.600043.414.1009.90235.6";"Secretaria do Trabalho, Emprego, Renda e Esporte"
"2025.3.26.26401.419.1162.600075.6";"2025.3.26.26401.419.1162.600075.6";"2025.5674954.26401.0.600075.419.1162.91385.6";"Secretaria de Desenvolvimento Urbano"
"2025.3.26.26401.419.5183.600075.6";"2025.3.26.26401.419.5183.600075.6";"2025.5673228.26401.0.600075.419.5183.91385.6";"Secretaria de Desenvolvimento Urbano"
"2025.3.38.38101.400.4095.600046.6";"2025.3.38.38101.400.4095.600046.6";"2025.5680940.38101.3.600046.400.4095.90188.6";"Secretaria de Justiça e Direitos Humanos"
"2025.3.39.39601.402.2256.600065.6";"2025.3.39.39601.402.2256.600065.6";"2025.5680186.39601.1.600065.402.2256.91466.6";"Secretaria de Assistência e Desenvolvimento Social"
"2025.3.80.80102.900.8070.600054.6";"2025.3.80.80102.900.8070.600054.6";"2025.5665556.80102.0.600054.900.8070.90186.6";"Encargos Gerais do Estado"
"2026.3.28.28101.405.5649.600046.6";"2026.3.28.28101.405.5649.600046.6";"2026.6193548.28101.0.600046.405.5649.97011.6";"Secretaria de Ciência, Tecnologia e Inovação"
"2026.3.30.30101.426.3289.600007.6";"2026.3.30.30101.426.3289.600007.6";"2026.6193314.30101.2.600007.426.3289.97032.6";"Secretaria de Promoção da Igualdade Racial e dos Povos e Comunidades Tradicionais"
"2024.3.28.28101.405.7917.600025.6";"2024.3.26.26101.405.7917.600025.6";"2024.5211032.26101.4.600025.405.7917.61644.6";"Secretaria de Desenvolvimento Urbano"
"2021.3.80.80102.900.8070.600008.6";"2021.3.80.80102.900.8070.600008.6";"2021.4233220.80102.0.600008.900.8070.51513.6";"Encargos Gerais do Estado"
"2022.3.12.12101.300.2170.600025.6";"2022.3.12.12101.300.2170.600025.6";"2022.4588538.12101.3.600025.300.2170.57103.6";"Secretaria de Justiça, Direitos Humanos e Desenvolvimento Social"
"2022.3.18.18401.312.5040.600013.6";"2022.3.18.18401.312.5040.600013.6";"2022.4591279.18401.1.600013.312.5040.51882.6";"Secretaria de Desenvolvimento Rural"
"2022.3.22.22101.302.6903.600005.6";"2022.3.22.22101.302.6903.600005.6";"2022.4580820.22101.0.600005.302.6903.51874.6";"Secretaria de Cultura"
"2022.3.34.34101.311.5558.600002.6";"2022.3.34.34101.311.5558.600002.6";"2022.4586935.34101.1.600002.311.5558.46893.6";"Secretaria de Políticas para as Mulheres"
"2022.3.80.80102.900.8070.600007.6";"2022.3.80.80102.900.8070.600007.6";"2022.4572057.80102.0.600007.900.8070.51876.6";"Encargos Gerais do Estado"
"2022.3.80.80102.900.8070.600022.6";"2022.3.80.80102.900.8070.600022.6";"2022.4578489.80102.0.600022.900.8070.51856.6";"Encargos Gerais do Estado"
"2022.3.9.9801.315.1340.600023.6";"2022.3.9.9801.315.1340.600023.6";"2022.4578508.9801.1.600023.315.1340.51949.6";"Secretaria da Administração"
"2023.3.80.80102.900.8070.600018.6";"2023.3.80.80102.900.8070.600018.6";"2023.4928736.80102.0.600018.900.8070.55832.6";"Encargos Gerais do Estado"
"2024.3.34.34101.429.5549.600027.6";"2024.3.34.34101.429.5549.600027.6";"2024.5212898.34101.3.600027.429.5549.61645.6";"Secretaria de Políticas para as Mulheres"
"2025.3.18.18101.417.1399.600108.6";"2025.3.18.18101.417.1399.600108.6";"2025.6181429.18101.3.600108.417.1399.97561.6";"Secretaria de Desenvolvimento Rural"
"2025.3.21.21301.414.1009.600038.6";"2025.3.21.21301.414.1009.600038.6";"2025.5673201.21301.0.600038.414.1009.90234.6";"Secretaria do Trabalho, Emprego, Renda e Esporte"
"2025.3.22.22101.406.2314.600065.6";"2025.3.22.22101.406.2314.600065.6";"2025.5677013.22201.1.600065.406.2314.91466.6";"Secretaria de Cultura"
"2025.3.32.32101.411.3701.600129.6";"2025.3.32.32101.411.3701.600129.6";"2025.6179371.32101.0.600129.411.3701.97701.6";"Secretaria de Turismo"
"2025.3.32.32802.411.5893.600074.6";"2025.3.32.32802.411.5893.600074.6";"2025.6181594.32802.1.600074.411.5893.91377.6";"Secretaria de Turismo"
"2026.3.10.10101.417.7244.600104.6";"2026.3.10.10101.417.7244.600104.6";"2026.6188656.10101.0.600104.417.7244.97604.6";"Secretaria da Agricultura, Pecuária, Irrigação, Pesca e Aquicultura"
"2026.3.26.26101.419.1162.600056.6";"2026.3.26.26101.419.1162.600056.6";"2026.6190828.26101.4.600056.419.1162.97010.6";"Secretaria de Desenvolvimento Urbano"
"2026.3.38.38101.400.2170.600148.6";"2026.3.38.38101.400.2170.600148.6";"2026.6194221.38101.2.600148.400.2170.97722.6";"Secretaria de Justiça e Direitos Humanos"
"2022.3.22.22101.302.6903.600005.6";"2022.3.22.22202.302.6903.600005.6";"2022.4924769.22101.1.600005.302.6903.51874.6";"Secretaria de Cultura"
"2024.3.28.28101.405.7917.600036.6";"2024.3.26.26101.405.7917.600036.6";"2024.5211924.28101.1.600036.405.7917.61619.6";"Secretaria de Desenvolvimento Urbano"
"2021.3.11.11101.306.6596.600009.6";"2021.3.11.11101.306.6596.600009.6";"2021.4278553.11101.1.600009.306.6596.51514.6";"Secretaria da Educação"
"2021.3.11.11101.306.7744.600020.6";"2021.3.11.11101.306.7744.600020.6";"2021.4278512.11101.0.600020.306.7744.51525.6";"Secretaria da Educação"
"2021.3.80.80102.900.8070.600012.6";"2021.3.80.80102.900.8070.600012.6";"2021.4233216.80102.0.600012.900.8070.51517.6";"Encargos Gerais do Estado"
"2022.3.18.18401.304.1399.600020.6";"2022.3.18.18401.304.1399.600020.6";"2022.4576429.18401.1.600020.304.1399.51889.6";"Secretaria de Desenvolvimento Rural"
"2023.3.21.21301.305.1009.600029.6";"2023.3.21.21301.305.1009.600029.6";"2023.4937676.21301.0.600029.305.1009.57244.6";"Secretaria do Trabalho, Emprego, Renda e Esporte"
"2023.3.21.21301.308.5793.600046.6";"2023.3.21.21301.308.5793.600046.6";"2023.5200734.21301.0.600046.308.5793.62123.6";"Secretaria do Trabalho, Emprego, Renda e Esporte"
"2024.3.11.11301.424.4048.600009.6";"2024.3.11.11301.424.4048.600009.6";"2024.5211171.11301.16.600009.424.4048.61629.6";"Secretaria da Educação"
"2024.3.18.18401.417.1399.600043.6";"2024.3.18.18401.417.1399.600043.6";"2024.5219656.18401.0.600043.417.1399.62303.6";"Secretaria de Desenvolvimento Rural"
"2024.3.21.21301.414.1009.600029.6";"2024.3.21.21301.414.1009.600029.6";"2024.5660543.21301.1.600029.414.1009.61646.6";"Secretaria do Trabalho, Emprego, Renda e Esporte"
"2024.3.26.26101.419.1158.600020.6";"2024.3.26.26101.419.1158.600020.6";"2024.5215426.26401.2.600020.419.1158.61640.6";"Secretaria de Desenvolvimento Urbano"
"2024.3.80.80102.900.8070.600034.6";"2024.3.80.80102.900.8070.600034.6";"2024.5208798.80102.0.600034.900.8070.61650.6";"Encargos Gerais do Estado"
"2025.3.21.21301.414.1009.600036.6";"2025.3.21.21301.414.1009.600036.6";"2025.5671097.21301.0.600036.414.1009.90201.6";"Secretaria do Trabalho, Emprego, Renda e Esporte"
"2025.3.38.38101.400.6953.600065.6";"2025.3.38.38101.400.6953.600065.6";"2025.5675209.38101.3.600065.400.6953.91466.6";"Secretaria de Justiça e Direitos Humanos"
"2025.3.80.80102.900.8070.600042.6";"2025.3.80.80102.900.8070.600042.6";"2025.5665804.80102.0.600042.900.8070.90193.6";"Encargos Gerais do Estado"
"2026.3.20.20101.437.7873.600101.6";"2026.3.20.20101.437.7873.600101.6";"2026.6190774.20101.5.600101.437.7873.97598.6";"Secretaria da Segurança Pública"
"2026.3.22.22101.406.2314.600028.6";"2026.3.22.22101.406.2314.600028.6";"2026.6189598.22101.0.600028.406.2314.97022.6";"Secretaria de Cultura"
"2022.3.22.22101.302.7857.600031.6";"2022.3.22.22202.302.7857.600031.6";"2022.4921795.22202.1.600031.302.7857.57109.6";"Secretaria de Cultura"
"2020.3.12.12201.314.4365.600002.6";"2020.3.12.12201.314.4365.600002.6";"2020.3893091.12201.1.600002.314.4365.46265.6";"Secretaria de Justiça, Direitos Humanos e Desenvolvimento Social"
"2020.3.26.26101.305.1162.600000.6";"2020.3.26.26101.305.1162.600000.6";"2020.3893462.26101.0.600000.305.1162.46263.6";"Secretaria de Desenvolvimento Urbano"
"2022.3.10.10101.304.7385.600002.6";"2022.3.10.10101.304.7385.600002.6";"2022.4578979.10101.0.600002.304.7385.46893.6";"Secretaria da Agricultura, Pecuária, Irrigação, Pesca e Aquicultura"
"2022.3.12.12101.300.4135.600005.6";"2022.3.12.12101.300.4135.600005.6";"2022.4578995.12101.3.600005.300.4135.51795.6";"Secretaria de Justiça, Direitos Humanos e Desenvolvimento Social"
"2022.3.18.18401.312.5040.600013.6";"2022.3.18.18401.312.5040.600013.6";"2022.4591280.18401.0.600013.312.5040.51882.6";"Secretaria de Desenvolvimento Rural"
"2022.3.18.18401.312.5040.600015.6";"2022.3.18.18401.312.5040.600015.6";"2022.4922096.18401.1.600015.312.5040.51884.6";"Secretaria de Desenvolvimento Rural"
"2022.3.24.24801.309.7911.600000.6";"2022.3.24.24801.309.7911.600000.6";"2022.4578123.24801.0.600000.309.7911.51324.6";"Secretaria de Infraestrutura"
"2022.3.26.26101.305.1162.600020.6";"2022.3.26.26101.305.1162.600020.6";"2022.4577637.26101.0.600020.305.1162.51889.6";"Secretaria de Desenvolvimento Urbano"
"2023.3.38.38101.300.2170.600005.6";"2023.3.38.38101.300.2170.600005.6";"2023.4933213.38101.0.600005.300.2170.55819.6";"Secretaria de Justiça e Direitos Humanos"
"2024.3.38.38101.400.6953.600052.6";"2024.3.38.38101.400.6953.600052.6";"2024.5210967.38101.0.600052.400.6953.62312.6";"Secretaria de Justiça e Direitos Humanos"
"2024.3.80.80102.900.8070.600001.6";"2024.3.80.80102.900.8070.600001.6";"2024.5208800.80102.0.600001.900.8070.61621.6";"Encargos Gerais do Estado"
"2025.3.10.10101.417.7244.600104.6";"2025.3.10.10101.417.7244.600104.6";"2025.6179038.10101.0.600104.417.7244.97553.6";"Secretaria da Agricultura, Pecuária, Irrigação, Pesca e Aquicultura"
"2025.3.32.32802.411.5893.600158.6";"2025.3.32.32802.411.5893.600158.6";"2025.6181755.32802.1.600158.411.5893.97771.6";"Secretaria de Turismo"
"2026.3.11.11101.425.7744.600020.6";"2026.3.11.11101.425.7744.600020.6";"2026.6194191.11101.0.600020.425.7744.95144.6";"Secretaria da Educação"
"2026.3.18.18101.417.1399.600084.6";"2026.3.18.18101.417.1399.600084.6";"2026.6196498.18101.3.600084.417.1399.97496.6";"Secretaria de Desenvolvimento Rural"
"2026.3.18.18101.417.1399.600165.6";"2026.3.18.18101.417.1399.600165.6";"2026.6196471.18101.0.600165.417.1399.97912.6";"Secretaria de Desenvolvimento Rural"
"2026.3.18.18401.417.1399.600038.6";"2026.3.18.18401.417.1399.600038.6";"2026.6189603.18401.0.600038.417.1399.95156.6";"Secretaria de Desenvolvimento Rural"
"2026.3.28.28101.405.5649.600046.6";"2026.3.28.28101.405.5649.600046.6";"2026.6194143.28101.1.600046.405.5649.97011.6";"Secretaria de Ciência, Tecnologia e Inovação"
"2026.3.39.39101.403.5445.600056.6";"2026.3.39.39101.403.5445.600056.6";"2026.6191612.39101.0.600056.403.5445.97010.6";"Secretaria de Assistência e Desenvolvimento Social"
"2022.3.26.26101.305.1158.600000.6";"2022.3.26.26401.305.1158.600000.6";"2022.4922696.26401.2.600000.305.1158.51324.6";"Secretaria de Desenvolvimento Urbano"
"2026.3.26.26101.419.5183.600042.6";"2026.3.26.26401.419.5183.600042.6";"2026.6191458.26101.4.600042.419.5183.97016.6";"Secretaria de Desenvolvimento Urbano"
"2021.3.18.18401.304.1926.600012.6";"2021.3.18.18401.304.1926.600012.6";"2021.4234782.18401.0.600012.304.1926.51517.6";"Secretaria de Desenvolvimento Rural"
"2021.3.21.21101.308.1793.600021.6";"2021.3.21.21101.308.1793.600021.6";"2021.4565911.21101.5.600021.308.1793.51574.6";"Secretaria do Trabalho, Emprego, Renda e Esporte"
"2021.3.21.21101.308.6672.600004.6";"2021.3.21.21101.308.6672.600004.6";"2021.4237682.21101.0.600004.308.6672.51509.6";"Secretaria do Trabalho, Emprego, Renda e Esporte"
"2021.3.34.34101.311.5550.600002.6";"2021.3.34.34101.311.5550.600002.6";"2021.4225266.34101.0.600002.311.5550.46524.6";"Secretaria de Políticas para as Mulheres"
"2024.3.11.11301.424.4048.600009.6";"2024.3.11.11301.424.4048.600009.6";"2024.5211178.11301.0.600009.424.4048.61629.6";"Secretaria da Educação"
"2024.3.11.11301.424.4048.600042.6";"2024.3.11.11301.424.4048.600042.6";"2024.5210477.11301.0.600042.424.4048.62302.6";"Secretaria da Educação"
"2024.3.21.21301.414.5793.600056.6";"2024.3.21.21301.414.5793.600056.6";"2024.5213081.21301.1.600056.414.5793.62315.6";"Secretaria do Trabalho, Emprego, Renda e Esporte"
"2024.3.28.28101.405.7917.600020.6";"2024.3.28.28101.405.7917.600020.6";"2024.5210946.28101.0.600020.405.7917.61640.6";"Secretaria de Ciência, Tecnologia e Inovação"
"2024.3.28.28101.405.7917.600036.6";"2024.3.28.28101.405.7917.600036.6";"2024.5211924.28101.1.600036.405.7917.61619.6";"Secretaria de Ciência, Tecnologia e Inovação"
"2024.3.34.34101.429.4181.600043.6";"2024.3.34.34101.429.4181.600043.6";"2024.5226568.34101.0.600043.429.4181.62303.6";"Secretaria de Políticas para as Mulheres"
"2024.3.80.80102.900.8070.600030.6";"2024.3.80.80102.900.8070.600030.6";"2024.5208926.80102.0.600030.900.8070.61647.6";"Encargos Gerais do Estado"
"2025.3.10.10101.417.7244.600113.6";"2025.3.10.10101.417.7244.600113.6";"2025.6179422.10101.1.600113.417.7244.97623.6";"Secretaria da Agricultura, Pecuária, Irrigação, Pesca e Aquicultura"
"2025.3.11.11301.424.2443.600146.6";"2025.3.11.11301.424.2443.600146.6";"2025.6179299.11301.5.600146.424.2443.97707.6";"Secretaria da Educação"
"2025.3.22.22101.406.2314.600065.6";"2025.3.22.22101.406.2314.600065.6";"2025.5677011.22101.1.600065.406.2314.91466.6";"Secretaria de Cultura"
"2025.3.22.22101.406.2314.600067.6";"2025.3.22.22101.406.2314.600067.6";"2025.5676838.22101.1.600067.406.2314.91386.6";"Secretaria de Cultura"
"2025.3.22.22101.407.1251.600067.6";"2025.3.22.22101.407.1251.600067.6";"2025.5678896.22101.1.600067.407.1251.91386.6";"Secretaria de Cultura"
"2025.3.26.26401.419.1158.600075.6";"2025.3.26.26401.419.1158.600075.6";"2025.5673229.26401.0.600075.419.1158.91385.6";"Secretaria de Desenvolvimento Urbano"
"2026.3.10.10101.417.5916.600159.6";"2026.3.10.10501.417.5916.600159.6";"2026.6186936.10101.1.600159.417.5916.97841.6";"Secretaria da Agricultura, Pecuária, Irrigação, Pesca e Aquicultura"
"2020.3.26.26101.305.1162.600000.6";"2020.3.26.26101.305.1162.600000.6";"2020.3893461.26101.0.600000.305.1162.46263.6";"Secretaria de Desenvolvimento Urbano"
"2022.3.12.12101.300.2170.600025.6";"2022.3.12.12101.300.2170.600025.6";"2022.4588798.12101.3.600025.300.2170.57103.6";"Secretaria de Justiça, Direitos Humanos e Desenvolvimento Social"
"2022.3.21.21301.305.1009.600021.6";"2022.3.21.21301.305.1009.600021.6";"2022.4583954.21301.0.600021.305.1009.51890.6";"Secretaria do Trabalho, Emprego, Renda e Esporte"
"2023.3.21.21301.305.7882.600003.6";"2023.3.21.21301.305.7882.600003.6";"2023.4931527.21301.0.600003.305.7882.55817.6";"Secretaria do Trabalho, Emprego, Renda e Esporte"
"2024.3.11.11101.422.3334.600031.6";"2024.3.11.11101.422.3334.600031.6";"2024.5227512.11101.94.600031.422.3334.61618.6";"Secretaria da Educação"
"2024.3.22.22202.406.7986.600031.6";"2024.3.22.22202.406.7986.600031.6";"2024.5212334.22202.0.600031.406.7986.61618.6";"Secretaria de Cultura"
"2025.3.21.21301.414.1009.600056.6";"2025.3.21.21301.414.1009.600056.6";"2025.5675121.21301.1.600056.414.1009.90187.6";"Secretaria do Trabalho, Emprego, Renda e Esporte"
"2025.3.26.26401.419.5183.600052.6";"2025.3.26.26401.419.5183.600052.6";"2025.5681214.26401.1.600052.419.5183.90197.6";"Secretaria de Desenvolvimento Urbano"
"2026.3.11.11302.424.6908.600031.6";"2026.3.11.11302.424.6908.600031.6";"2026.6196106.11302.1.600031.424.6908.97023.6";"Secretaria da Educação"
"2026.3.18.18101.417.1399.600085.6";"2026.3.18.18101.417.1399.600085.6";"2026.6196516.18401.1.600085.417.1399.97498.6";"Secretaria de Desenvolvimento Rural"
"2026.3.18.18401.417.1399.600038.6";"2026.3.18.18401.417.1399.600038.6";"2026.6191089.18401.1.600038.417.1399.95156.6";"Secretaria de Desenvolvimento Rural"
"2026.3.80.80102.900.8070.600005.6";"2026.3.80.80102.900.8070.600005.6";"2026.6187084.80102.0.600005.900.8070.97030.6";"Encargos Gerais do Estado"
"2026.3.9.9801.442.1340.600064.6";"2026.3.9.9801.442.1340.600064.6";"2026.6188827.9801.0.600064.442.1340.95206.6";"Secretaria da Administração"
"2023.3.22.22101.302.7980.600005.6";"2023.3.22.22301.302.7980.600005.6";"2023.4934362.22101.1.600005.302.7980.55819.6";"Secretaria de Cultura"
"2020.3.21.21301.308.5793.600002.6";"2020.3.21.21301.308.5793.600002.6";"2020.3893187.21301.1.600002.308.5793.46265.6";"Secretaria do Trabalho, Emprego, Renda e Esporte"
"2021.3.10.10101.304.7385.600002.6";"2021.3.10.10101.304.7385.600002.6";"2021.4224201.10101.0.600002.304.7385.46524.6";"Secretaria da Agricultura, Pecuária, Irrigação, Pesca e Aquicultura"
"2021.3.11.11101.306.6596.600009.6";"2021.3.11.11101.306.6596.600009.6";"2021.4278508.11101.0.600009.306.6596.51514.6";"Secretaria da Educação"
"2021.3.11.11101.306.7744.600020.6";"2021.3.11.11101.306.7744.600020.6";"2021.4357885.11101.38.600020.306.7744.51525.6";"Secretaria da Educação"
"2022.3.18.18401.304.1399.600009.6";"2022.3.18.18401.304.1399.600009.6";"2022.4576396.18401.1.600009.304.1399.51878.6";"Secretaria de Desenvolvimento Rural"
"2022.3.22.22101.302.7980.600005.6";"2022.3.22.22101.302.7980.600005.6";"2022.4580562.22101.1.600005.302.7980.51795.6";"Secretaria de Cultura"
"2023.3.80.80102.900.8070.600014.6";"2023.3.80.80102.900.8070.600014.6";"2023.4928732.80102.0.600014.900.8070.55828.6";"Encargos Gerais do Estado"
"2024.3.10.10101.417.3044.600050.6";"2024.3.10.10101.417.3044.600050.6";"2024.5212106.10101.1.600050.417.3044.62310.6";"Secretaria da Agricultura, Pecuária, Irrigação, Pesca e Aquicultura"
"2024.3.21.21301.414.5779.600056.6";"2024.3.21.21301.414.5779.600056.6";"2024.5212790.21301.0.600056.414.5779.62315.6";"Secretaria do Trabalho, Emprego, Renda e Esporte"
"2024.3.38.38101.400.6953.600046.6";"2024.3.38.38101.400.6953.600046.6";"2024.5212362.38101.0.600046.400.6953.62306.6";"Secretaria de Justiça e Direitos Humanos"
"2025.3.11.11302.424.7867.600120.6";"2025.3.11.11302.424.7867.600120.6";"2025.6179357.11302.0.600120.424.7867.97697.6";"Secretaria da Educação"
"2025.3.18.18401.417.1399.600042.6";"2025.3.18.18401.417.1399.600042.6";"2025.5671906.18401.1.600042.417.1399.90193.6";"Secretaria de Desenvolvimento Rural"
"2025.3.32.32101.411.3701.600063.6";"2025.3.32.32101.411.3701.600063.6";"2025.5674322.32101.3.600063.411.3701.91446.6";"Secretaria de Turismo"
"2025.3.32.32101.411.3701.600102.6";"2025.3.32.32101.411.3701.600102.6";"2025.6179077.32101.0.600102.411.3701.97549.6";"Secretaria de Turismo"
"2025.3.34.34101.429.4181.600003.6";"2025.3.34.34101.429.4181.600003.6";"2025.5673408.34101.3.600003.429.4181.90205.6";"Secretaria de Políticas para as Mulheres"
"2026.3.22.22301.407.1251.600067.6";"2026.3.22.22301.407.1251.600067.6";"2026.6193153.22301.0.600067.407.1251.97083.6";"Secretaria de Cultura"
"2026.3.80.80102.900.8070.600055.6";"2026.3.80.80102.900.8070.600055.6";"2026.6187205.80102.0.600055.900.8070.97021.6";"Encargos Gerais do Estado"
"2026.3.80.80102.900.8070.600072.6";"2026.3.80.80102.900.8070.600072.6";"2026.6187271.80102.0.600072.900.8070.97086.6";"Encargos Gerais do Estado"
"2020.3.12.12201.314.4365.600002.6";"2020.3.12.12201.314.4365.600002.6";"2020.3893093.12201.1.600002.314.4365.46265.6";"Secretaria de Justiça, Direitos Humanos e Desenvolvimento Social"
"2020.3.80.80102.900.8070.600002.6";"2020.3.80.80102.900.8070.600002.6";"2020.3892128.80102.0.600002.900.8070.46265.6";"Encargos Gerais do Estado"
"2021.3.12.12101.300.2170.600009.6";"2021.3.12.12101.300.2170.600009.6";"2021.4234313.12101.3.600009.300.2170.51514.6";"Secretaria de Justiça, Direitos Humanos e Desenvolvimento Social"
"2021.3.26.26101.305.1162.600006.6";"2021.3.26.26101.305.1162.600006.6";"2021.4563683.26101.0.600006.305.1162.51511.6";"Secretaria de Desenvolvimento Urbano"
"2023.3.26.26101.305.1162.600020.6";"2023.3.26.26101.305.1162.600020.6";"2023.4941431.26101.0.600020.305.1162.55834.6";"Secretaria de Desenvolvimento Urbano"
"2023.3.80.80102.900.8070.600031.6";"2023.3.80.80102.900.8070.600031.6";"2023.4939131.80102.0.600031.900.8070.57303.6";"Encargos Gerais do Estado"
"2023.3.80.80102.900.8070.600052.6";"2023.3.80.80102.900.8070.600052.6";"2023.5200027.80102.0.600052.900.8070.62133.6";"Encargos Gerais do Estado"
"2024.3.10.10301.417.6166.600046.6";"2024.3.10.10301.417.6166.600046.6";"2024.5211696.10301.0.600046.417.6166.62306.6";"Secretaria da Agricultura, Pecuária, Irrigação, Pesca e Aquicultura"
"2024.3.20.20102.437.7880.600006.6";"2024.3.20.20102.437.7880.600006.6";"2024.5214903.20102.1.600006.437.7880.61626.6";"Secretaria da Segurança Pública"
"2024.3.26.26401.419.1162.600030.6";"2024.3.26.26401.419.1162.600030.6";"2024.5219219.26401.0.600030.419.1162.61647.6";"Secretaria de Desenvolvimento Urbano"
"2024.3.26.26401.419.1162.600030.6";"2024.3.26.26401.419.1162.600030.6";"2024.5219254.26401.1.600030.419.1162.61647.6";"Secretaria de Desenvolvimento Urbano"
"2024.3.38.38101.400.2170.600031.6";"2024.3.38.38101.400.2170.600031.6";"2024.5211872.38101.0.600031.400.2170.61618.6";"Secretaria de Justiça e Direitos Humanos"
"2025.3.10.10101.417.3146.600106.6";"2025.3.10.10101.417.3146.600106.6";"2025.6180337.10501.1.600106.417.3146.97557.6";"Secretaria da Agricultura, Pecuária, Irrigação, Pesca e Aquicultura"
"2025.3.21.21101.413.6672.600060.6";"2025.3.21.21101.413.6672.600060.6";"2025.5673275.21101.7.600060.413.6672.91413.6";"Secretaria do Trabalho, Emprego, Renda e Esporte"
"2025.3.21.21101.413.6672.600090.6";"2025.3.21.21101.413.6672.600090.6";"2025.6179361.21101.0.600090.413.6672.97528.6";"Secretaria do Trabalho, Emprego, Renda e Esporte"
"2025.3.21.21301.414.1009.600039.6";"2025.3.21.21301.414.1009.600039.6";"2025.5669291.21301.0.600039.414.1009.90190.6";"Secretaria do Trabalho, Emprego, Renda e Esporte"
"2025.3.21.21301.414.4997.600000.6";"2025.3.21.21301.414.4997.600000.6";"2025.5670423.21301.0.600000.414.4997.90202.6";"Secretaria do Trabalho, Emprego, Renda e Esporte"
"2025.3.21.21301.414.7882.600058.6";"2025.3.21.21301.414.7882.600058.6";"2025.5673238.21301.1.600058.414.7882.91461.6";"Secretaria do Trabalho, Emprego, Renda e Esporte"
"2025.3.26.26401.419.5183.600075.6";"2025.3.26.26401.419.5183.600075.6";"2025.5675363.26401.1.600075.419.5183.91385.6";"Secretaria de Desenvolvimento Urbano"
"2025.3.34.34101.430.4239.600073.6";"2025.3.34.34101.430.4239.600073.6";"2025.5683628.34101.2.600073.430.4239.91387.6";"Secretaria de Políticas para as Mulheres"
"2026.3.10.10101.417.7244.600113.6";"2026.3.10.10101.417.7244.600113.6";"2026.6189060.10101.1.600113.417.7244.97634.6";"Secretaria da Agricultura, Pecuária, Irrigação, Pesca e Aquicultura"
"2026.3.18.18401.417.1399.600042.6";"2026.3.18.18401.417.1399.600042.6";"2026.6191093.18401.1.600042.417.1399.97016.6";"Secretaria de Desenvolvimento Rural"
"2026.3.21.21101.446.7850.600058.6";"2026.3.21.21101.446.7850.600058.6";"2026.6191680.21101.1.600058.446.7850.95377.6";"Secretaria do Trabalho, Emprego, Renda e Esporte"
"2025.3.22.22101.406.2314.600067.6";"2025.3.22.22201.406.2314.600067.6";"2025.5676838.22101.1.600067.406.2314.91386.6";"Secretaria de Cultura"
"2022.3.18.18401.304.1399.600022.6";"2022.3.18.18401.304.1399.600022.6";"2022.4923013.18401.1.600022.304.1399.51858.6";"Secretaria de Desenvolvimento Rural"
"2022.3.34.34101.311.5558.600002.6";"2022.3.34.34101.311.5558.600002.6";"2022.4586926.34101.0.600002.311.5558.46893.6";"Secretaria de Políticas para as Mulheres"
"2023.3.24.24801.309.7911.600038.6";"2023.3.24.24801.309.7911.600038.6";"2023.4932062.24801.1.600038.309.7911.57258.6";"Secretaria de Infraestrutura"
"2023.3.28.28101.301.7917.600005.6";"2023.3.28.28101.301.7917.600005.6";"2023.4932387.28101.0.600005.301.7917.55819.6";"Secretaria de Ciência, Tecnologia e Inovação"
"2024.3.32.32802.411.5893.600056.6";"2024.3.32.32802.411.5893.600056.6";"2024.5221151.32802.1.600056.411.5893.62315.6";"Secretaria de Turismo"
"2025.3.18.18401.417.1399.600108.6";"2025.3.18.18401.417.1399.600108.6";"2025.6179066.18401.0.600108.417.1399.97561.6";"Secretaria de Desenvolvimento Rural"
"2025.3.32.32101.411.3701.600102.6";"2025.3.32.32101.411.3701.600102.6";"2025.6179140.32101.3.600102.411.3701.97549.6";"Secretaria de Turismo"
"2025.3.32.32101.411.5491.600040.6";"2025.3.32.32101.411.5491.600040.6";"2025.5672875.32101.2.600040.411.5491.90191.6";"Secretaria de Turismo"
"2025.3.80.80102.900.8070.600073.6";"2025.3.80.80102.900.8070.600073.6";"2025.5665868.80102.0.600073.900.8070.91387.6";"Encargos Gerais do Estado"
"2026.3.18.18401.417.1399.600042.6";"2026.3.18.18401.417.1399.600042.6";"2026.6190613.18401.0.600042.417.1399.97016.6";"Secretaria de Desenvolvimento Rural"
"2026.3.80.80102.900.8070.600036.6";"2026.3.80.80102.900.8070.600036.6";"2026.6187152.80102.0.600036.900.8070.97024.6";"Encargos Gerais do Estado"
"2026.3.18.18101.417.1399.600084.6";"2026.3.18.18401.417.1399.600084.6";"2026.6196513.18401.1.600084.417.1399.97496.6";"Secretaria de Desenvolvimento Rural"
"2026.3.18.18101.417.1399.600085.6";"2026.3.18.18401.417.1399.600085.6";"2026.6196516.18401.1.600085.417.1399.97498.6";"Secretaria de Desenvolvimento Rural"
"2026.3.28.28101.405.5649.600046.6";"2026.3.11.11302.405.5649.600046.6";"2026.6194145.11302.1.600046.405.5649.97011.6";"Secretaria da Educação"
"2022.3.22.22101.302.6903.600005.6";"2022.3.22.22101.302.6903.600005.6";"2022.4924769.22101.1.600005.302.6903.51874.6";"Secretaria de Cultura"
"2022.3.26.26401.305.1158.600032.6";"2022.3.26.26401.305.1158.600032.6";"2022.4588616.26401.0.600032.305.1158.57110.6";"Secretaria de Desenvolvimento Urbano"
"2022.3.80.80102.900.8070.600031.6";"2022.3.80.80102.900.8070.600031.6";"2022.4588262.80102.0.600031.900.8070.57109.6";"Encargos Gerais do Estado"
"2023.3.32.32802.303.5893.600053.6";"2023.3.32.32802.303.5893.600053.6";"2023.5203749.32802.0.600053.303.5893.62127.6";"Secretaria de Turismo"
"2024.3.18.18401.417.1399.600038.6";"2024.3.18.18401.417.1399.600038.6";"2024.5210964.18401.0.600038.417.1399.61652.6";"Secretaria de Desenvolvimento Rural"
"2024.3.30.30101.426.3289.600046.6";"2024.3.30.30101.426.3289.600046.6";"2024.5219264.30101.2.600046.426.3289.62306.6";"Secretaria de Promoção da Igualdade Racial e dos Povos e Comunidades Tradicionais"
"2025.3.11.11301.424.2443.600047.6";"2025.3.11.11301.424.2443.600047.6";"2025.5673811.11301.0.600047.424.2443.90183.6";"Secretaria da Educação"
"2025.3.11.11301.424.2443.600047.6";"2025.3.11.11301.424.2443.600047.6";"2025.5675146.11301.1.600047.424.2443.90183.6";"Secretaria da Educação"
"2025.3.22.22101.406.3696.600058.6";"2025.3.22.22101.406.3696.600058.6";"2025.5675991.22101.0.600058.406.3696.91461.6";"Secretaria de Cultura"
"2025.3.32.32101.411.3701.600053.6";"2025.3.32.32101.411.3701.600053.6";"2025.5679325.32101.3.600053.411.3701.90185.6";"Secretaria de Turismo"
"2025.3.38.38101.400.4095.600046.6";"2025.3.38.38101.400.4095.600046.6";"2025.6180145.38101.3.600046.400.4095.90188.6";"Secretaria de Justiça e Direitos Humanos"
"2026.3.18.18101.417.1399.600155.6";"2026.3.18.18101.417.1399.600155.6";"2026.6196621.18101.3.600155.417.1399.97932.6";"Secretaria de Desenvolvimento Rural"
"2026.3.20.20801.437.7875.600072.6";"2026.3.20.20801.437.7875.600072.6";"2026.6194173.20801.1.600072.437.7875.97086.6";"Secretaria da Segurança Pública"
"2026.3.10.10101.417.5935.600162.6";"2026.3.10.10501.417.5935.600162.6";"2026.6186797.10101.1.600162.417.5935.97908.6";"Secretaria da Agricultura, Pecuária, Irrigação, Pesca e Aquicultura"
"2021.3.20.20801.314.7877.600008.6";"2021.3.20.20801.314.7877.600008.6";"2021.4234361.20801.0.600008.314.7877.51513.6";"Secretaria da Segurança Pública"
"2022.3.26.26101.305.1158.600000.6";"2022.3.26.26101.305.1158.600000.6";"2022.4922691.26101.4.600000.305.1158.51324.6";"Secretaria de Desenvolvimento Urbano"
"2023.3.21.21301.305.1009.600027.6";"2023.3.21.21301.305.1009.600027.6";"2023.4934338.21301.0.600027.305.1009.57240.6";"Secretaria do Trabalho, Emprego, Renda e Esporte"
"2023.3.38.38101.300.2170.600042.6";"2023.3.38.38101.300.2170.600042.6";"2023.5198739.38101.3.600042.300.2170.62132.6";"Secretaria de Justiça e Direitos Humanos"
"2023.3.80.80102.900.8070.600003.6";"2023.3.80.80102.900.8070.600003.6";"2023.4928708.80102.0.600003.900.8070.55817.6";"Encargos Gerais do Estado"
"2023.3.80.80102.900.8070.600051.6";"2023.3.80.80102.900.8070.600051.6";"2023.4952608.80102.0.600051.900.8070.62126.6";"Encargos Gerais do Estado"
"2023.3.9.9301.314.3450.600034.6";"2023.3.9.9301.314.3450.600034.6";"2023.4934306.9301.0.600034.314.3450.57253.6";"Secretaria da Administração"
"2024.3.34.34101.429.4181.600043.6";"2024.3.34.34101.429.4181.600043.6";"2024.5226807.34101.0.600043.429.4181.62303.6";"Secretaria de Políticas para as Mulheres"
"2024.3.34.34101.430.5558.600059.6";"2024.3.34.34101.430.5558.600059.6";"2024.5226126.34101.2.600059.430.5558.91326.6";"Secretaria de Políticas para as Mulheres"
"2025.3.21.21301.414.1009.600027.6";"2025.3.21.21301.414.1009.600027.6";"2025.5670554.21301.1.600027.414.1009.90227.6";"Secretaria do Trabalho, Emprego, Renda e Esporte"
"2025.3.22.22101.406.2314.600028.6";"2025.3.22.22101.406.2314.600028.6";"2025.5669135.22101.1.600028.406.2314.90199.6";"Secretaria de Cultura"
"2025.3.26.26401.419.1162.600075.6";"2025.3.26.26401.419.1162.600075.6";"2025.5673463.26401.1.600075.419.1162.91385.6";"Secretaria de Desenvolvimento Urbano"
"2026.3.38.38101.400.2170.600062.6";"2026.3.38.38101.400.2170.600062.6";"2026.6194225.38101.2.600062.400.2170.95497.6";"Secretaria de Justiça e Direitos Humanos"
"2026.3.80.80102.900.8070.600038.6";"2026.3.80.80102.900.8070.600038.6";"2026.6187156.80102.0.600038.900.8070.95156.6";"Encargos Gerais do Estado"
"2024.3.28.28101.405.7917.600000.6";"2024.3.26.26101.405.7917.600000.6";"2024.5211036.26101.4.600000.405.7917.61620.6";"Secretaria de Desenvolvimento Urbano"
"2022.3.10.10101.304.7385.600000.6";"2022.3.10.10101.304.7385.600000.6";"2022.4585617.10101.0.600000.304.7385.51324.6";"Secretaria da Agricultura, Pecuária, Irrigação, Pesca e Aquicultura"
"2022.3.11.11301.306.4048.600009.6";"2022.3.11.11301.306.4048.600009.6";"2022.4853352.11301.0.600009.306.4048.51878.6";"Secretaria da Educação"
"2022.3.20.20101.314.7880.600006.6";"2022.3.20.20101.314.7880.600006.6";"2022.4571284.20101.1.600006.314.7880.51875.6";"Secretaria da Segurança Pública"
"2022.3.24.24801.309.7911.600000.6";"2022.3.24.24801.309.7911.600000.6";"2022.4579041.24801.1.600000.309.7911.51324.6";"Secretaria de Infraestrutura"
"2022.3.24.24801.309.7911.600036.6";"2022.3.24.24801.309.7911.600036.6";"2022.4599023.24801.0.600036.309.7911.57114.6";"Secretaria de Infraestrutura"
"2022.3.34.34101.311.5558.600002.6";"2022.3.34.34101.311.5558.600002.6";"2022.4586940.34101.0.600002.311.5558.46893.6";"Secretaria de Políticas para as Mulheres"
"2023.3.21.21301.305.7882.600003.6";"2023.3.21.21301.305.7882.600003.6";"2023.4931526.21301.1.600003.305.7882.55817.6";"Secretaria do Trabalho, Emprego, Renda e Esporte"
"2023.3.22.22101.302.3696.600002.6";"2023.3.22.22101.302.3696.600002.6";"2023.4935142.22101.1.600002.302.3696.55816.6";"Secretaria de Cultura"
"2023.3.22.22202.302.7986.600031.6";"2023.3.22.22202.302.7986.600031.6";"2023.5199352.22202.1.600031.302.7986.57303.6";"Secretaria de Cultura"
"2023.3.26.26401.305.1158.600032.6";"2023.3.26.26401.305.1158.600032.6";"2023.4933795.26401.1.600032.305.1158.57250.6";"Secretaria de Desenvolvimento Urbano"
"2024.3.21.21301.414.1009.600020.6";"2024.3.21.21301.414.1009.600020.6";"2024.5212325.21301.0.600020.414.1009.61640.6";"Secretaria do Trabalho, Emprego, Renda e Esporte"
"2024.3.26.26101.419.1162.600009.6";"2024.3.26.26101.419.1162.600009.6";"2024.5250623.26401.2.600009.419.1162.61629.6";"Secretaria de Desenvolvimento Urbano"
"2024.3.28.28101.405.7917.600009.6";"2024.3.28.28101.405.7917.600009.6";"2024.5210945.28101.0.600009.405.7917.61629.6";"Secretaria de Ciência, Tecnologia e Inovação"
"2025.3.18.18401.417.1926.600023.6";"2025.3.18.18401.417.1926.600023.6";"2025.5670054.18401.1.600023.417.1926.90225.6";"Secretaria de Desenvolvimento Rural"
"2025.3.32.32101.411.3701.600139.6";"2025.3.32.32101.411.3701.600139.6";"2025.6180110.32101.0.600139.411.3701.97691.6";"Secretaria de Turismo"
"2026.3.11.11101.425.7744.600062.6";"2026.3.11.11101.425.7744.600062.6";"2026.6192428.11101.38.600062.425.7744.95497.6";"Secretaria da Educação"
"2026.3.18.18401.417.1399.600064.6";"2026.3.18.18401.417.1399.600064.6";"2026.6188877.18401.1.600064.417.1399.95206.6";"Secretaria de Desenvolvimento Rural"
"2026.3.18.18401.417.7988.600042.6";"2026.3.18.18401.417.7988.600042.6";"2026.6189083.18401.0.600042.417.7988.97016.6";"Secretaria de Desenvolvimento Rural"
"2026.3.38.38101.446.7850.600062.6";"2026.3.38.38101.446.7850.600062.6";"2026.6194773.38101.1.600062.446.7850.95497.6";"Secretaria de Justiça e Direitos Humanos"
"2026.3.18.18101.417.1399.600135.6";"2026.3.18.18401.417.1399.600135.6";"2026.6196614.18401.1.600135.417.1399.97682.6";"Secretaria de Desenvolvimento Rural"
"2022.3.22.22101.302.7857.600031.6";"2022.3.22.22202.302.7857.600031.6";"2022.4924764.22202.1.600031.302.7857.57109.6";"Secretaria de Cultura"
"2023.3.26.26101.305.1162.600053.6";"2023.3.26.26401.305.1162.600053.6";"2023.5094576.26101.4.600053.305.1162.62127.6";"Secretaria de Desenvolvimento Urbano"
"2021.3.11.11601.306.2696.600009.6";"2021.3.11.11601.306.2696.600009.6";"2021.4564204.11601.0.600009.306.2696.51514.6";"Secretaria da Educação"
"2021.3.18.18401.304.1926.600000.6";"2021.3.18.18401.304.1926.600000.6";"2021.4563553.18401.0.600000.304.1926.46473.6";"Secretaria de Desenvolvimento Rural"
"2021.3.22.22301.302.7857.600007.6";"2021.3.22.22301.302.7857.600007.6";"2021.4564921.22301.1.600007.302.7857.51512.6";"Secretaria de Cultura"
"2022.3.11.11201.306.7536.600036.6";"2022.3.11.11201.306.7536.600036.6";"2022.4589338.11201.1.600036.306.7536.57114.6";"Secretaria da Educação"
"2022.3.12.12101.300.2170.600025.6";"2022.3.12.12101.300.2170.600025.6";"2022.4924664.12101.0.600025.300.2170.57103.6";"Secretaria de Justiça, Direitos Humanos e Desenvolvimento Social"
"2022.3.18.18401.304.1926.600000.6";"2022.3.18.18401.304.1926.600000.6";"2022.4578558.18401.1.600000.304.1926.51324.6";"Secretaria de Desenvolvimento Rural"
"2022.3.26.26101.305.1162.600000.6";"2022.3.26.26101.305.1162.600000.6";"2022.4578999.26101.4.600000.305.1162.51324.6";"Secretaria de Desenvolvimento Urbano"
"2022.3.28.28101.301.7917.600000.6";"2022.3.28.28101.301.7917.600000.6";"2022.4580527.28101.1.600000.301.7917.51324.6";"Secretaria de Ciência, Tecnologia e Inovação"
"2024.3.10.10101.417.7385.600054.6";"2024.3.10.10101.417.7385.600054.6";"2024.5219734.10101.1.600054.417.7385.62314.6";"Secretaria da Agricultura, Pecuária, Irrigação, Pesca e Aquicultura"
"2024.3.21.21301.414.1009.600038.6";"2024.3.21.21301.414.1009.600038.6";"2024.5212536.21301.1.600038.414.1009.61652.6";"Secretaria do Trabalho, Emprego, Renda e Esporte"
"2024.3.22.22301.407.7052.600027.6";"2024.3.22.22301.407.7052.600027.6";"2024.5218763.22301.0.600027.407.7052.61645.6";"Secretaria de Cultura"
"2024.3.8.8501.434.7894.600052.6";"2024.3.8.8501.434.7894.600052.6";"2024.5659533.8501.2.600052.434.7894.62312.6";"Secretaria de Infraestrutura Hídrica e Saneamento"
"2024.3.80.80102.900.8070.600025.6";"2024.3.80.80102.900.8070.600025.6";"2024.5208900.80102.0.600025.900.8070.61644.6";"Encargos Gerais do Estado"
"2024.3.80.80102.900.8070.600061.6";"2024.3.80.80102.900.8070.600061.6";"2024.5225737.80102.0.600061.900.8070.91332.6";"Encargos Gerais do Estado"
"2025.3.20.20801.437.7877.600018.6";"2025.3.20.20801.437.7877.600018.6";"2025.5669919.20801.19.600018.437.7877.90220.6";"Secretaria da Segurança Pública"
"2025.3.21.21301.414.5793.600060.6";"2025.3.21.21301.414.5793.600060.6";"2025.5676651.21301.1.600060.414.5793.91413.6";"Secretaria do Trabalho, Emprego, Renda e Esporte"
"2025.3.26.26401.419.1162.600075.6";"2025.3.26.26401.419.1162.600075.6";"2025.5675356.26401.1.600075.419.1162.91385.6";"Secretaria de Desenvolvimento Urbano"
"2026.3.11.11301.424.4048.600059.6";"2026.3.11.11301.424.4048.600059.6";"2026.6192955.11301.16.600059.424.4048.95494.6";"Secretaria da Educação"
"2026.3.11.11302.424.6908.600031.6";"2026.3.11.11302.424.6908.600031.6";"2026.6192418.11302.1.600031.424.6908.97023.6";"Secretaria da Educação"
"2026.3.32.32101.411.3701.600124.6";"2026.3.32.32101.411.3701.600124.6";"2026.6187652.32101.3.600124.411.3701.97676.6";"Secretaria de Turismo"
"2026.3.39.39601.402.2256.600065.6";"2026.3.39.39601.402.2256.600065.6";"2026.6189965.39601.1.600065.402.2256.95382.6";"Secretaria de Assistência e Desenvolvimento Social"
"2021.3.21.21301.305.7882.600002.6";"2021.3.21.21301.305.7882.600002.6";"2021.4225169.21301.0.600002.305.7882.46524.6";"Secretaria do Trabalho, Emprego, Renda e Esporte"
"2022.3.24.24801.309.7911.600038.6";"2022.3.24.24801.309.7911.600038.6";"2022.4588424.24801.1.600038.309.7911.57116.6";"Secretaria de Infraestrutura"
"2023.3.80.80102.900.8070.600006.6";"2023.3.80.80102.900.8070.600006.6";"2023.4928718.80102.0.600006.900.8070.55820.6";"Encargos Gerais do Estado"
"2024.3.10.10501.417.5916.600052.6";"2024.3.10.10501.417.5916.600052.6";"2024.5224318.10501.1.600052.417.5916.62312.6";"Secretaria da Agricultura, Pecuária, Irrigação, Pesca e Aquicultura"
"2024.3.11.11302.424.6908.600031.6";"2024.3.11.11302.424.6908.600031.6";"2024.5223128.11302.0.600031.424.6908.61618.6";"Secretaria da Educação"
"2024.3.26.26101.419.5183.600043.6";"2024.3.26.26101.419.5183.600043.6";"2024.5225803.26401.2.600043.419.5183.62303.6";"Secretaria de Desenvolvimento Urbano"
"2024.3.28.28101.405.5649.600043.6";"2024.3.28.28101.405.5649.600043.6";"2024.5227496.28101.0.600043.405.5649.62303.6";"Secretaria de Ciência, Tecnologia e Inovação"
"2024.3.80.80102.900.8070.600033.6";"2024.3.80.80102.900.8070.600033.6";"2024.5208796.80102.0.600033.900.8070.61649.6";"Encargos Gerais do Estado"
"2024.3.80.80102.900.8070.600054.6";"2024.3.80.80102.900.8070.600054.6";"2024.5208912.80102.0.600054.900.8070.62314.6";"Encargos Gerais do Estado"
"2024.3.80.80102.900.8070.600057.6";"2024.3.80.80102.900.8070.600057.6";"2024.5225731.80102.0.600057.900.8070.91342.6";"Encargos Gerais do Estado"
"2025.3.10.10501.417.5916.600036.6";"2025.3.10.10501.417.5916.600036.6";"2025.5675447.10501.0.600036.417.5916.90201.6";"Secretaria da Agricultura, Pecuária, Irrigação, Pesca e Aquicultura"
"2025.3.22.22101.406.2314.600067.6";"2025.3.22.22101.406.2314.600067.6";"2025.5676839.22101.1.600067.406.2314.91386.6";"Secretaria de Cultura"
"2025.3.26.26401.419.1162.600075.6";"2025.3.26.26401.419.1162.600075.6";"2025.5673459.26401.1.600075.419.1162.91385.6";"Secretaria de Desenvolvimento Urbano"
"2025.3.32.32101.411.3701.600060.6";"2025.3.32.32101.411.3701.600060.6";"2025.5672038.32101.0.600060.411.3701.91413.6";"Secretaria de Turismo"
"2025.3.38.38101.400.2170.600066.6";"2025.3.38.38101.400.2170.600066.6";"2025.5679044.38101.3.600066.400.2170.91438.6";"Secretaria de Justiça e Direitos Humanos"
"2026.3.21.21101.413.5917.600066.6";"2026.3.21.21101.413.5917.600066.6";"2026.6193788.21101.0.600066.413.5917.95354.6";"Secretaria do Trabalho, Emprego, Renda e Esporte"
"2026.3.32.32101.411.3701.600164.6";"2026.3.32.32101.411.3701.600164.6";"2026.6188994.32101.3.600164.411.3701.97833.6";"Secretaria de Turismo"
"2026.3.32.32101.411.3701.600166.6";"2026.3.32.32101.411.3701.600166.6";"2026.6188996.32101.3.600166.411.3701.97860.6";"Secretaria de Turismo"
"2026.3.80.80102.900.8070.600048.6";"2026.3.80.80102.900.8070.600048.6";"2026.6187183.80102.0.600048.900.8070.97018.6";"Encargos Gerais do Estado"
"2021.3.24.24801.309.7911.600006.6";"2021.3.24.24801.309.7911.600006.6";"2021.4563681.24801.0.600006.309.7911.51511.6";"Secretaria de Infraestrutura"
"2022.3.10.10101.312.3066.600028.6";"2022.3.10.10101.312.3066.600028.6";"2022.4677496.10101.1.600028.312.3066.57106.6";"Secretaria da Agricultura, Pecuária, Irrigação, Pesca e Aquicultura"
"2022.3.11.11101.306.7744.600020.6";"2022.3.11.11101.306.7744.600020.6";"2022.4582075.11101.0.600020.306.7744.51889.6";"Secretaria da Educação"
"2022.3.21.21301.305.1009.600021.6";"2022.3.21.21301.305.1009.600021.6";"2022.4583960.21301.1.600021.305.1009.51890.6";"Secretaria do Trabalho, Emprego, Renda e Esporte"
"2023.3.10.10101.304.3044.600054.6";"2023.3.10.10101.304.3044.600054.6";"2023.5200433.10101.0.600054.304.3044.62128.6";"Secretaria da Agricultura, Pecuária, Irrigação, Pesca e Aquicultura"
"2023.3.11.11301.306.4048.600009.6";"2023.3.11.11301.306.4048.600009.6";"2023.4936080.11301.0.600009.306.4048.55823.6";"Secretaria da Educação"
"2023.3.11.11301.306.4048.600009.6";"2023.3.11.11301.306.4048.600009.6";"2023.4940325.11301.0.600009.306.4048.55823.6";"Secretaria da Educação"
"2023.3.21.21101.308.5917.600004.6";"2023.3.21.21101.308.5917.600004.6";"2023.4933333.21101.7.600004.308.5917.55818.6";"Secretaria do Trabalho, Emprego, Renda e Esporte"
"2024.3.18.18401.417.1399.600042.6";"2024.3.18.18401.417.1399.600042.6";"2024.5210963.18401.0.600042.417.1399.62302.6";"Secretaria de Desenvolvimento Rural"
"2024.3.21.21101.413.5917.600043.6";"2024.3.21.21101.413.5917.600043.6";"2024.5215660.21101.0.600043.413.5917.62303.6";"Secretaria do Trabalho, Emprego, Renda e Esporte"
"2024.3.21.21301.414.1009.600051.6";"2024.3.21.21301.414.1009.600051.6";"2024.5223367.21301.0.600051.414.1009.62311.6";"Secretaria do Trabalho, Emprego, Renda e Esporte"
"2024.3.21.21301.414.5793.600036.6";"2024.3.21.21301.414.5793.600036.6";"2024.5217921.21301.1.600036.414.5793.61619.6";"Secretaria do Trabalho, Emprego, Renda e Esporte"
"2025.3.18.18401.417.1399.600028.6";"2025.3.18.18401.417.1399.600028.6";"2025.5679722.18401.1.600028.417.1399.90199.6";"Secretaria de Desenvolvimento Rural"
"2025.3.18.18401.417.1399.600057.6";"2025.3.18.18401.417.1399.600057.6";"2025.5675974.18401.1.600057.417.1399.91415.6";"Secretaria de Desenvolvimento Rural"
"2025.3.38.38101.400.2505.600062.6";"2025.3.38.38101.400.2505.600062.6";"2025.5678497.38101.3.600062.400.2505.91471.6";"Secretaria de Justiça e Direitos Humanos"
"2025.3.80.80102.900.8070.600002.6";"2025.3.80.80102.900.8070.600002.6";"2025.5669889.80102.0.600002.900.8070.90204.6";"Encargos Gerais do Estado"
"2026.3.18.18101.417.1399.600056.6";"2026.3.18.18101.417.1399.600056.6";"2026.6194954.18401.1.600056.417.1399.97010.6";"Secretaria de Desenvolvimento Rural"
"2026.3.26.26101.419.1162.600081.6";"2026.3.26.26101.419.1162.600081.6";"2026.6195696.26101.4.600081.419.1162.97567.6";"Secretaria de Desenvolvimento Urbano"
"2026.3.80.80102.900.8070.600039.6";"2026.3.80.80102.900.8070.600039.6";"2026.6187160.80102.0.600039.900.8070.97013.6";"Encargos Gerais do Estado"
"2025.3.18.18101.417.1399.600108.6";"2025.3.18.18401.417.1399.600108.6";"2025.6181429.18101.3.600108.417.1399.97561.6";"Secretaria de Desenvolvimento Rural"
"2022.3.22.22101.302.7857.600031.6";"2022.3.22.22101.302.7857.600031.6";"2022.4924756.22101.0.600031.302.7857.57109.6";"Secretaria de Cultura"
"2022.3.30.30101.307.5713.600002.6";"2022.3.30.30101.307.5713.600002.6";"2022.4924561.30101.1.600002.307.5713.46893.6";"Secretaria de Promoção da Igualdade Racial"
"2023.3.11.11101.306.5266.600031.6";"2023.3.11.11101.306.5266.600031.6";"2023.4935101.11101.0.600031.306.5266.57248.6";"Secretaria da Educação"
"2023.3.21.21301.305.7882.600039.6";"2023.3.21.21301.305.7882.600039.6";"2023.5200896.21301.1.600039.305.7882.62121.6";"Secretaria do Trabalho, Emprego, Renda e Esporte"
"2023.3.80.80102.900.8070.600025.6";"2023.3.80.80102.900.8070.600025.6";"2023.4928746.80102.0.600025.900.8070.57238.6";"Encargos Gerais do Estado"
"2024.3.18.18401.417.1399.600043.6";"2024.3.18.18401.417.1399.600043.6";"2024.5219669.18401.1.600043.417.1399.62303.6";"Secretaria de Desenvolvimento Rural"
"2024.3.20.20102.437.7880.600053.6";"2024.3.20.20102.437.7880.600053.6";"2024.5213729.20102.0.600053.437.7880.62313.6";"Secretaria da Segurança Pública"
"2024.3.21.21301.414.5793.600046.6";"2024.3.21.21301.414.5793.600046.6";"2024.5213720.21301.0.600046.414.5793.62306.6";"Secretaria do Trabalho, Emprego, Renda e Esporte"
"2024.3.26.26401.419.1162.600039.6";"2024.3.26.26401.419.1162.600039.6";"2024.5217448.26401.1.600039.419.1162.62299.6";"Secretaria de Desenvolvimento Urbano"
"2024.3.80.80102.900.8070.600002.6";"2024.3.80.80102.900.8070.600002.6";"2024.5208804.80102.0.600002.900.8070.61622.6";"Encargos Gerais do Estado"
"2025.3.11.11301.424.4048.600009.6";"2025.3.11.11301.424.4048.600009.6";"2025.5667381.11301.0.600009.424.4048.90211.6";"Secretaria da Educação"
"2025.3.24.24801.432.7911.600069.6";"2025.3.24.24801.432.7911.600069.6";"2025.5675715.24801.1.600069.432.7911.91470.6";"Secretaria de Infraestrutura"
"2025.3.26.26101.419.1158.600020.6";"2025.3.26.26101.419.1158.600020.6";"2025.5676281.26101.0.600020.419.1158.90222.6";"Secretaria de Desenvolvimento Urbano"
"2025.3.26.26101.419.5183.600042.6";"2025.3.26.26101.419.5183.600042.6";"2025.5677339.26101.4.600042.419.5183.90193.6";"Secretaria de Desenvolvimento Urbano"
"2025.3.26.26401.419.1162.600075.6";"2025.3.26.26401.419.1162.600075.6";"2025.5675357.26401.1.600075.419.1162.91385.6";"Secretaria de Desenvolvimento Urbano"
"2026.3.11.11303.424.7867.600027.6";"2026.3.11.11303.424.7867.600027.6";"2026.6192289.11303.1.600027.424.7867.95149.6";"Secretaria da Educação"
"2026.3.21.21101.413.5917.600027.6";"2026.3.21.21101.413.5917.600027.6";"2026.6193874.21101.7.600027.413.5917.95149.6";"Secretaria do Trabalho, Emprego, Renda e Esporte"
"2026.3.32.32802.411.5893.600158.6";"2026.3.32.32802.411.5893.600158.6";"2026.6188279.32802.0.600158.411.5893.97892.6";"Secretaria de Turismo"
"2022.3.11.11101.306.6596.600009.6";"2022.3.11.11301.306.6596.600009.6";"2022.4588396.11301.1.600009.306.6596.51878.6";"Secretaria da Educação"
"2021.3.11.11302.306.7863.600009.6";"2021.3.11.11302.306.7863.600009.6";"2021.4236416.11302.1.600009.306.7863.51514.6";"Secretaria da Educação"
"2022.3.11.11302.306.7867.600031.6";"2022.3.11.11302.306.7867.600031.6";"2022.4590109.11302.1.600031.306.7867.57109.6";"Secretaria da Educação"
"2022.3.18.18401.304.7838.600020.6";"2022.3.18.18401.304.7838.600020.6";"2022.4582391.18401.1.600020.304.7838.51889.6";"Secretaria de Desenvolvimento Rural"
"2022.3.24.24801.309.7911.600000.6";"2022.3.24.24801.309.7911.600000.6";"2022.4578168.24801.1.600000.309.7911.51324.6";"Secretaria de Infraestrutura"
"2022.3.26.26101.305.1162.600020.6";"2022.3.26.26101.305.1162.600020.6";"2022.4578879.26101.4.600020.305.1162.51889.6";"Secretaria de Desenvolvimento Urbano"
"2022.3.80.80102.900.8070.600001.6";"2022.3.80.80102.900.8070.600001.6";"2022.4572025.80102.0.600001.900.8070.46892.6";"Encargos Gerais do Estado"
"2023.3.20.20801.314.7875.600024.6";"2023.3.20.20801.314.7875.600024.6";"2023.4944965.20801.57.600024.314.7875.62012.6";"Secretaria da Segurança Pública"
"2023.3.26.26101.305.1162.600009.6";"2023.3.26.26101.305.1162.600009.6";"2023.4943506.26101.0.600009.305.1162.55823.6";"Secretaria de Desenvolvimento Urbano"
"2023.3.26.26401.305.1162.600002.6";"2023.3.26.26401.305.1162.600002.6";"2023.4934485.26401.1.600002.305.1162.55816.6";"Secretaria de Desenvolvimento Urbano"
"2023.3.38.38101.300.6953.600027.6";"2023.3.38.38101.300.6953.600027.6";"2023.4944098.38101.3.600027.300.6953.57299.6";"Secretaria de Justiça e Direitos Humanos"
"2024.3.21.21301.414.1009.600039.6";"2024.3.21.21301.414.1009.600039.6";"2024.5214022.21301.1.600039.414.1009.62299.6";"Secretaria do Trabalho, Emprego, Renda e Esporte"
"2024.3.22.22301.406.7857.600027.6";"2024.3.22.22301.406.7857.600027.6";"2024.5212809.22301.0.600027.406.7857.61645.6";"Secretaria de Cultura"
"2024.3.26.26401.419.1162.600032.6";"2024.3.26.26401.419.1162.600032.6";"2024.5215331.26401.1.600032.419.1162.61648.6";"Secretaria de Desenvolvimento Urbano"
"2024.3.26.26401.419.1162.600043.6";"2024.3.26.26401.419.1162.600043.6";"2024.5223408.26401.1.600043.419.1162.62303.6";"Secretaria de Desenvolvimento Urbano"
"2024.3.34.34101.446.7850.600052.6";"2024.3.34.34101.446.7850.600052.6";"2024.5219397.34101.1.600052.446.7850.62312.6";"Secretaria de Políticas para as Mulheres"
"2024.3.38.38101.400.2170.600046.6";"2024.3.38.38101.400.2170.600046.6";"2024.5212361.38101.0.600046.400.2170.62306.6";"Secretaria de Justiça e Direitos Humanos"
"2025.3.11.11302.424.7867.600031.6";"2025.3.11.11302.424.7867.600031.6";"2025.5671450.11302.1.600031.424.7867.90200.6";"Secretaria da Educação"
"2025.3.21.21301.414.1009.600021.6";"2025.3.21.21301.414.1009.600021.6";"2025.5670514.21301.1.600021.414.1009.90223.6";"Secretaria do Trabalho, Emprego, Renda e Esporte"
"2025.3.21.21301.414.5779.600057.6";"2025.3.21.21301.414.5779.600057.6";"2025.5670582.21301.1.600057.414.5779.91415.6";"Secretaria do Trabalho, Emprego, Renda e Esporte"
"2025.3.24.24801.432.7911.600018.6";"2025.3.24.24801.432.7911.600018.6";"2025.5673235.24801.0.600018.432.7911.90220.6";"Secretaria de Infraestrutura"
"2025.3.26.26101.419.1162.600053.6";"2025.3.26.26101.419.1162.600053.6";"2025.5673365.26101.0.600053.419.1162.90185.6";"Secretaria de Desenvolvimento Urbano"
"2025.3.26.26401.419.1162.600075.6";"2025.3.26.26401.419.1162.600075.6";"2025.5673224.26401.0.600075.419.1162.91385.6";"Secretaria de Desenvolvimento Urbano"
"2025.3.30.30101.426.3289.600066.6";"2025.3.30.30101.426.3289.600066.6";"2025.5678640.30101.2.600066.426.3289.91438.6";"Secretaria de Promoção da Igualdade Racial e dos Povos e Comunidades Tradicionais"
"2026.3.18.18101.417.1399.600085.6";"2026.3.18.18101.417.1399.600085.6";"2026.6196515.18101.3.600085.417.1399.97498.6";"Secretaria de Desenvolvimento Rural"
"2026.3.32.32101.411.3701.600102.6";"2026.3.32.32101.411.3701.600102.6";"2026.6187572.32101.0.600102.411.3701.97600.6";"Secretaria de Turismo"
"2026.3.10.10101.417.5916.600161.6";"2026.3.10.10501.417.5916.600161.6";"2026.6186938.10101.1.600161.417.5916.97910.6";"Secretaria da Agricultura, Pecuária, Irrigação, Pesca e Aquicultura"
"2025.3.22.22101.406.2314.600058.6";"2025.3.22.22201.406.2314.600058.6";"2025.5677019.22101.1.600058.406.2314.91461.6";"Secretaria de Cultura"
"2024.3.28.28101.405.7917.600025.6";"2024.3.26.26101.405.7917.600025.6";"2024.5210983.28101.1.600025.405.7917.61644.6";"Secretaria de Desenvolvimento Urbano"
"2020.3.18.18401.304.7838.600002.6";"2020.3.18.18401.304.7838.600002.6";"2020.3893005.18401.1.600002.304.7838.46265.6";"Secretaria de Desenvolvimento Rural"
"2022.3.18.18401.304.1399.600003.6";"2022.3.18.18401.304.1399.600003.6";"2022.4575222.18401.1.600003.304.1399.51872.6";"Secretaria de Desenvolvimento Rural"
"2022.3.26.26101.305.7135.600005.6";"2022.3.26.26101.305.7135.600005.6";"2022.4589391.26101.4.600005.305.7135.51874.6";"Secretaria de Desenvolvimento Urbano"
"2022.3.80.80102.900.8070.600005.6";"2022.3.80.80102.900.8070.600005.6";"2022.4572049.80102.0.600005.900.8070.51874.6";"Encargos Gerais do Estado"
"2023.3.17.17301.315.2064.600011.6";"2023.3.17.17301.315.2064.600011.6";"2023.4931545.17301.1.600011.315.2064.55825.6";"Secretaria do Planejamento"
"2023.3.80.80102.900.8070.600028.6";"2023.3.80.80102.900.8070.600028.6";"2023.4939129.80102.0.600028.900.8070.57300.6";"Encargos Gerais do Estado"
"2024.3.21.21301.414.4997.600006.6";"2024.3.21.21301.414.4997.600006.6";"2024.5212543.21301.1.600006.414.4997.61626.6";"Secretaria do Trabalho, Emprego, Renda e Esporte"
"2024.3.21.21301.414.5031.600056.6";"2024.3.21.21301.414.5031.600056.6";"2024.5224817.21301.1.600056.414.5031.62315.6";"Secretaria do Trabalho, Emprego, Renda e Esporte"
"2025.3.21.21101.446.7850.600058.6";"2025.3.21.21101.446.7850.600058.6";"2025.5673652.21101.3.600058.446.7850.91461.6";"Secretaria do Trabalho, Emprego, Renda e Esporte"
"2025.3.22.22101.406.2314.600067.6";"2025.3.22.22101.406.2314.600067.6";"2025.5676823.22101.0.600067.406.2314.91386.6";"Secretaria de Cultura"
"2025.3.22.22101.408.7032.600005.6";"2025.3.22.22101.408.7032.600005.6";"2025.5669138.22101.1.600005.408.7032.90207.6";"Secretaria de Cultura"
"2025.3.38.38101.400.2170.600002.6";"2025.3.38.38101.400.2170.600002.6";"2025.5680978.38101.3.600002.400.2170.90204.6";"Secretaria de Justiça e Direitos Humanos"
"2026.3.18.18401.417.1399.600045.6";"2026.3.18.18401.417.1399.600045.6";"2026.6189624.18401.0.600045.417.1399.97017.6";"Secretaria de Desenvolvimento Rural"
"2026.3.32.32802.411.5893.600170.6";"2026.3.32.32802.411.5893.600170.6";"2026.6188343.32802.1.600170.411.5893.97930.6";"Secretaria de Turismo"
"2026.3.38.38101.400.6953.600148.6";"2026.3.38.38101.400.6953.600148.6";"2026.6193131.38101.0.600148.400.6953.97722.6";"Secretaria de Justiça e Direitos Humanos"
"2026.3.18.18101.417.1399.600056.6";"2026.3.18.18401.417.1399.600056.6";"2026.6194954.18401.1.600056.417.1399.97010.6";"Secretaria de Desenvolvimento Rural"
"2022.3.18.18401.312.5040.600015.6";"2022.3.18.18401.312.5040.600015.6";"2022.4577193.18401.1.600015.312.5040.51884.6";"Secretaria de Desenvolvimento Rural"
"2022.3.21.21301.305.7882.600003.6";"2022.3.21.21301.305.7882.600003.6";"2022.4577094.21301.0.600003.305.7882.51872.6";"Secretaria do Trabalho, Emprego, Renda e Esporte"
"2022.3.22.22101.302.6903.600005.6";"2022.3.22.22101.302.6903.600005.6";"2022.4924754.22101.0.600005.302.6903.51874.6";"Secretaria de Cultura"
"2022.3.9.9801.315.1340.600023.6";"2022.3.9.9801.315.1340.600023.6";"2022.4578511.9101.1.600023.315.1340.51949.6";"Secretaria da Administração"
"2023.3.22.22101.302.7857.600027.6";"2023.3.22.22101.302.7857.600027.6";"2023.4945182.22101.0.600027.302.7857.57299.6";"Secretaria de Cultura"
"2023.3.38.38101.300.2170.600042.6";"2023.3.38.38101.300.2170.600042.6";"2023.5090676.38101.0.600042.300.2170.62132.6";"Secretaria de Justiça e Direitos Humanos"
"2024.3.11.11301.424.4048.600059.6";"2024.3.11.11301.424.4048.600059.6";"2024.5226239.11301.1.600059.424.4048.91326.6";"Secretaria da Educação"
"2024.3.28.28101.405.5253.600046.6";"2024.3.28.28101.405.5253.600046.6";"2024.5227306.28101.1.600046.405.5253.62306.6";"Secretaria de Ciência, Tecnologia e Inovação"
"2024.3.32.32802.411.5893.600044.6";"2024.3.32.32802.411.5893.600044.6";"2024.5213731.32802.0.600044.411.5893.62304.6";"Secretaria de Turismo"
"2024.3.38.38101.400.6953.600027.6";"2024.3.38.38101.400.6953.600027.6";"2024.5211987.38101.3.600027.400.6953.61645.6";"Secretaria de Justiça e Direitos Humanos"
"2025.3.11.11302.424.6908.600031.6";"2025.3.11.11302.424.6908.600031.6";"2025.5671275.11302.0.600031.424.6908.90200.6";"Secretaria da Educação"
"2025.3.18.18401.417.7838.600057.6";"2025.3.18.18401.417.7838.600057.6";"2025.5675659.18401.0.600057.417.7838.91415.6";"Secretaria de Desenvolvimento Rural"
"2025.3.21.21301.414.5793.600071.6";"2025.3.21.21301.414.5793.600071.6";"2025.5676191.21301.0.600071.414.5793.91375.6";"Secretaria do Trabalho, Emprego, Renda e Esporte"
"2025.3.38.38101.400.2170.600054.6";"2025.3.38.38101.400.2170.600054.6";"2025.5680896.38101.2.600054.400.2170.90186.6";"Secretaria de Justiça e Direitos Humanos"
"2026.3.30.30101.427.5599.600066.6";"2026.3.30.30101.427.5599.600066.6";"2026.6190608.30101.0.600066.427.5599.95354.6";"Secretaria de Promoção da Igualdade Racial e dos Povos e Comunidades Tradicionais"
"2026.3.32.32802.411.5893.600158.6";"2026.3.32.32802.411.5893.600158.6";"2026.6188342.32802.1.600158.411.5893.97892.6";"Secretaria de Turismo"
"2022.3.21.21101.305.7882.600014.6";"2022.3.21.21301.305.7882.600014.6";"2022.4579543.21301.1.600014.305.7882.51883.6";"Secretaria do Trabalho, Emprego, Renda e Esporte"
"2021.3.20.20801.314.7873.600020.6";"2021.3.20.20801.314.7873.600020.6";"2021.4563547.20801.72.600020.314.7873.51525.6";"Secretaria da Segurança Pública"
"2022.3.34.34101.311.5558.600003.6";"2022.3.34.34101.311.5558.600003.6";"2022.4587205.34101.0.600003.311.5558.51872.6";"Secretaria de Políticas para as Mulheres"
"2022.3.80.80102.900.8070.600003.6";"2022.3.80.80102.900.8070.600003.6";"2022.4572038.80102.0.600003.900.8070.51872.6";"Encargos Gerais do Estado"
"2022.3.80.80102.900.8070.600032.6";"2022.3.80.80102.900.8070.600032.6";"2022.4588264.80102.0.600032.900.8070.57110.6";"Encargos Gerais do Estado"
"2023.3.10.10501.315.7950.600006.6";"2023.3.10.10501.315.7950.600006.6";"2023.5202081.10501.0.600006.315.7950.55820.6";"Secretaria da Agricultura, Pecuária, Irrigação, Pesca e Aquicultura"
"2023.3.18.18401.304.1399.600031.6";"2023.3.18.18401.304.1399.600031.6";"2023.4934420.18401.1.600031.304.1399.57248.6";"Secretaria de Desenvolvimento Rural"
"2023.3.18.18401.304.1399.600033.6";"2023.3.18.18401.304.1399.600033.6";"2023.4940097.18401.0.600033.304.1399.57305.6";"Secretaria de Desenvolvimento Rural"
"2023.3.18.18401.304.1399.600042.6";"2023.3.18.18401.304.1399.600042.6";"2023.5090665.18401.0.600042.304.1399.62132.6";"Secretaria de Desenvolvimento Rural"
"2023.3.38.38101.300.2170.600025.6";"2023.3.38.38101.300.2170.600025.6";"2023.4939567.38101.3.600025.300.2170.57298.6";"Secretaria de Justiça e Direitos Humanos"
"2023.3.80.80102.900.8070.600002.6";"2023.3.80.80102.900.8070.600002.6";"2023.4928702.80102.0.600002.900.8070.55816.6";"Encargos Gerais do Estado"
"2023.3.80.80102.900.8070.600038.6";"2023.3.80.80102.900.8070.600038.6";"2023.4928769.80102.0.600038.900.8070.57258.6";"Encargos Gerais do Estado"
"2024.3.11.11301.424.4048.600009.6";"2024.3.11.11301.424.4048.600009.6";"2024.5211158.11301.16.600009.424.4048.61629.6";"Secretaria da Educação"
"2024.3.11.11301.424.4048.600059.6";"2024.3.11.11301.424.4048.600059.6";"2024.5226238.11301.0.600059.424.4048.91326.6";"Secretaria da Educação"
"2024.3.38.38101.400.2170.600042.6";"2024.3.38.38101.400.2170.600042.6";"2024.5207985.38101.3.600042.400.2170.62302.6";"Secretaria de Justiça e Direitos Humanos"
"2024.3.38.38101.400.2170.600046.6";"2024.3.38.38101.400.2170.600046.6";"2024.5212415.38101.3.600046.400.2170.62306.6";"Secretaria de Justiça e Direitos Humanos"
"2024.3.38.38101.400.6953.600031.6";"2024.3.38.38101.400.6953.600031.6";"2024.5211986.38101.3.600031.400.6953.61618.6";"Secretaria de Justiça e Direitos Humanos"
"2024.3.80.80102.900.8070.600020.6";"2024.3.80.80102.900.8070.600020.6";"2024.5208888.80102.0.600020.900.8070.61640.6";"Encargos Gerais do Estado"
"2024.3.9.9301.439.3450.600034.6";"2024.3.9.9301.439.3450.600034.6";"2024.5658624.9301.1.600034.439.3450.61650.6";"Secretaria da Administração"
"2025.3.18.18101.417.1399.600157.6";"2025.3.18.18101.417.1399.600157.6";"2025.6181352.18101.0.600157.417.1399.97769.6";"Secretaria de Desenvolvimento Rural"
"2025.3.38.38101.400.2170.600062.6";"2025.3.38.38101.400.2170.600062.6";"2025.5680759.38101.0.600062.400.2170.91471.6";"Secretaria de Justiça e Direitos Humanos"
"2025.3.80.80102.900.8070.600043.6";"2025.3.80.80102.900.8070.600043.6";"2025.5665806.80102.0.600043.900.8070.90235.6";"Encargos Gerais do Estado"
"2026.3.11.11301.424.4048.600042.6";"2026.3.11.11301.424.4048.600042.6";"2026.6192958.11301.16.600042.424.4048.97016.6";"Secretaria da Educação"
"2026.3.30.30101.426.4699.600060.6";"2026.3.30.30101.426.4699.600060.6";"2026.6192274.30101.2.600060.426.4699.95220.6";"Secretaria de Promoção da Igualdade Racial e dos Povos e Comunidades Tradicionais"
"2026.3.32.32101.411.3701.600139.6";"2026.3.32.32101.411.3701.600139.6";"2026.6188998.32101.3.600139.411.3701.97678.6";"Secretaria de Turismo"
"2026.3.38.38101.400.2170.600066.6";"2026.3.38.38101.400.2170.600066.6";"2026.6193883.38101.3.600066.400.2170.95354.6";"Secretaria de Justiça e Direitos Humanos"
"2026.3.18.18101.417.1399.600163.6";"2026.3.18.18401.417.1399.600163.6";"2026.6196483.18101.3.600163.417.1399.97883.6";"Secretaria de Desenvolvimento Rural"
"2022.3.26.26101.305.1158.600000.6";"2022.3.26.26401.305.1158.600000.6";"2022.4922695.26401.2.600000.305.1158.51324.6";"Secretaria de Desenvolvimento Urbano"
"2022.3.18.18401.304.1926.600012.6";"2022.3.18.18401.304.1926.600012.6";"2022.4574631.18401.1.600012.304.1926.51881.6";"Secretaria de Desenvolvimento Rural"
"2023.3.18.18401.304.1399.600031.6";"2023.3.18.18401.304.1399.600031.6";"2023.4934377.18401.0.600031.304.1399.57248.6";"Secretaria de Desenvolvimento Rural"
"2023.3.24.24801.309.7911.600036.6";"2023.3.24.24801.309.7911.600036.6";"2023.4933155.24801.0.600036.309.7911.57254.6";"Secretaria de Infraestrutura"
"2024.3.22.22301.406.7857.600041.6";"2024.3.22.22301.406.7857.600041.6";"2024.5212022.22301.1.600041.406.7857.62301.6";"Secretaria de Cultura"
"2024.3.32.32802.411.5893.600052.6";"2024.3.32.32802.411.5893.600052.6";"2024.5224513.32802.0.600052.411.5893.62312.6";"Secretaria de Turismo"
"2025.3.11.11301.424.2443.600146.6";"2025.3.11.11301.424.2443.600146.6";"2025.6179250.11301.0.600146.424.2443.97707.6";"Secretaria da Educação"
"2025.3.21.21101.414.7882.600014.6";"2025.3.21.21101.414.7882.600014.6";"2025.5681207.21301.1.600014.414.7882.90216.6";"Secretaria do Trabalho, Emprego, Renda e Esporte"
"2025.3.38.38101.400.2170.600057.6";"2025.3.38.38101.400.2170.600057.6";"2025.5673487.38101.0.600057.400.2170.91415.6";"Secretaria de Justiça e Direitos Humanos"
"2025.3.38.38101.400.4095.600065.6";"2025.3.38.38101.400.4095.600065.6";"2025.5679868.38101.0.600065.400.4095.91466.6";"Secretaria de Justiça e Direitos Humanos"
"2025.3.80.80102.900.8070.600005.6";"2025.3.80.80102.900.8070.600005.6";"2025.5665430.80102.0.600005.900.8070.90207.6";"Encargos Gerais do Estado"
"2026.3.18.18401.417.1399.600015.6";"2026.3.18.18401.417.1399.600015.6";"2026.6192937.18401.1.600015.417.1399.95139.6";"Secretaria de Desenvolvimento Rural"
"2026.3.21.21101.413.5917.600066.6";"2026.3.21.21101.413.5917.600066.6";"2026.6193875.21101.7.600066.413.5917.95354.6";"Secretaria do Trabalho, Emprego, Renda e Esporte"
"2026.3.38.38101.400.4170.600148.6";"2026.3.38.38101.400.4170.600148.6";"2026.6193132.38101.0.600148.400.4170.97722.6";"Secretaria de Justiça e Direitos Humanos"
"2026.3.80.80102.900.8070.600047.6";"2026.3.80.80102.900.8070.600047.6";"2026.6187181.80102.0.600047.900.8070.97006.6";"Encargos Gerais do Estado"
"2026.3.10.10101.417.5935.600162.6";"2026.3.10.10501.417.5935.600162.6";"2026.6193521.10101.1.600162.417.5935.97908.6";"Secretaria da Agricultura, Pecuária, Irrigação, Pesca e Aquicultura"
"2026.3.10.10101.417.5935.600162.6";"2026.3.10.10501.417.5935.600162.6";"2026.6193519.10101.1.600162.417.5935.97908.6";"Secretaria da Agricultura, Pecuária, Irrigação, Pesca e Aquicultura"
"2025.3.18.18101.417.1399.600089.6";"2025.3.18.18401.417.1399.600089.6";"2025.6181476.18401.1.600089.417.1399.97493.6";"Secretaria de Desenvolvimento Rural"
"2021.3.18.18401.304.1399.600001.6";"2021.3.18.18401.304.1399.600001.6";"2021.4225382.18401.0.600001.304.1399.46523.6";"Secretaria de Desenvolvimento Rural"
"2021.3.21.21301.305.7974.600020.6";"2021.3.21.21301.305.7974.600020.6";"2021.4234054.21301.0.600020.305.7974.51525.6";"Secretaria do Trabalho, Emprego, Renda e Esporte"
"2022.3.18.18401.304.1399.600022.6";"2022.3.18.18401.304.1399.600022.6";"2022.4585426.18401.0.600022.304.1399.51856.6";"Secretaria de Desenvolvimento Rural"
"2022.3.21.21301.305.1009.600036.6";"2022.3.21.21301.305.1009.600036.6";"2022.4923474.21301.0.600036.305.1009.57114.6";"Secretaria do Trabalho, Emprego, Renda e Esporte"
"2024.3.10.10101.417.3044.600076.6";"2024.3.10.10101.417.3044.600076.6";"2024.5658722.10101.0.600076.417.3044.91339.6";"Secretaria da Agricultura, Pecuária, Irrigação, Pesca e Aquicultura"
"2024.3.21.21101.413.5917.600043.6";"2024.3.21.21101.413.5917.600043.6";"2024.5215694.21101.7.600043.413.5917.62303.6";"Secretaria do Trabalho, Emprego, Renda e Esporte"
"2024.3.21.21101.414.7882.600014.6";"2024.3.21.21101.414.7882.600014.6";"2024.5213813.21101.1.600014.414.7882.61634.6";"Secretaria do Trabalho, Emprego, Renda e Esporte"
"2024.3.26.26101.419.1158.600020.6";"2024.3.26.26101.419.1158.600020.6";"2024.5215394.26101.4.600020.419.1158.61640.6";"Secretaria de Desenvolvimento Urbano"
"2025.3.11.11301.424.4048.600009.6";"2025.3.11.11301.424.4048.600009.6";"2025.5667382.11301.16.600009.424.4048.90211.6";"Secretaria da Educação"
"2025.3.32.32802.411.5893.600057.6";"2025.3.32.32802.411.5893.600057.6";"2025.5674106.32802.0.600057.411.5893.91415.6";"Secretaria de Turismo"
"2025.3.80.80102.900.8070.600064.6";"2025.3.80.80102.900.8070.600064.6";"2025.5665851.80102.0.600064.900.8070.91398.6";"Encargos Gerais do Estado"
"2026.3.18.18101.417.1399.600063.6";"2026.3.18.18101.417.1399.600063.6";"2026.6195901.18101.3.600063.417.1399.95362.6";"Secretaria de Desenvolvimento Rural"
"2026.3.18.18401.417.1399.600042.6";"2026.3.18.18401.417.1399.600042.6";"2026.6192939.18401.1.600042.417.1399.97016.6";"Secretaria de Desenvolvimento Rural"
"2026.3.21.21101.446.7850.600058.6";"2026.3.21.21101.446.7850.600058.6";"2026.6191753.21101.3.600058.446.7850.95377.6";"Secretaria do Trabalho, Emprego, Renda e Esporte"
"2026.3.39.39601.402.2284.600083.6";"2026.3.39.39601.402.2284.600083.6";"2026.6195498.39601.0.600083.402.2284.97488.6";"Secretaria de Assistência e Desenvolvimento Social"
"2020.3.26.26101.305.1162.600000.6";"2020.3.26.26101.305.1162.600000.6";"2020.3893477.26101.4.600000.305.1162.46263.6";"Secretaria de Desenvolvimento Urbano"
"2022.3.11.11101.306.6596.600009.6";"2022.3.11.11101.306.6596.600009.6";"2022.4577276.11101.0.600009.306.6596.51878.6";"Secretaria da Educação"
"2022.3.12.12101.300.2170.600025.6";"2022.3.12.12101.300.2170.600025.6";"2022.4588539.12101.0.600025.300.2170.57103.6";"Secretaria de Justiça, Direitos Humanos e Desenvolvimento Social"
"2023.3.18.18401.304.1926.600015.6";"2023.3.18.18401.304.1926.600015.6";"2023.4934431.18401.1.600015.304.1926.55829.6";"Secretaria de Desenvolvimento Rural"
"2023.3.18.18401.312.5040.600015.6";"2023.3.18.18401.312.5040.600015.6";"2023.4933899.18401.0.600015.312.5040.55829.6";"Secretaria de Desenvolvimento Rural"
"2023.3.28.28101.301.7917.600006.6";"2023.3.28.28101.301.7917.600006.6";"2023.4932896.28101.1.600006.301.7917.55820.6";"Secretaria de Ciência, Tecnologia e Inovação"
"2023.3.80.80102.900.8070.600001.6";"2023.3.80.80102.900.8070.600001.6";"2023.4928700.80102.0.600001.900.8070.55815.6";"Encargos Gerais do Estado"
"2023.3.80.80102.900.8070.600052.6";"2023.3.80.80102.900.8070.600052.6";"2023.4952603.80102.0.600052.900.8070.62133.6";"Encargos Gerais do Estado"
"2024.3.21.21101.413.5917.600036.6";"2024.3.21.21101.413.5917.600036.6";"2024.5211816.21101.0.600036.413.5917.61619.6";"Secretaria do Trabalho, Emprego, Renda e Esporte"
"2024.3.21.21301.414.5793.600056.6";"2024.3.21.21301.414.5793.600056.6";"2024.5212791.21301.0.600056.414.5793.62315.6";"Secretaria do Trabalho, Emprego, Renda e Esporte"
"2024.3.26.26401.419.1162.600039.6";"2024.3.26.26401.419.1162.600039.6";"2024.5217436.26401.0.600039.419.1162.62299.6";"Secretaria de Desenvolvimento Urbano"
"2024.3.26.26401.419.1162.600056.6";"2024.3.26.26401.419.1162.600056.6";"2024.5219987.26401.0.600056.419.1162.62315.6";"Secretaria de Desenvolvimento Urbano"
"2025.3.18.18101.417.1399.600035.6";"2025.3.18.18101.417.1399.600035.6";"2025.5669989.18101.3.600035.417.1399.90179.6";"Secretaria de Desenvolvimento Rural"
"2025.3.26.26101.419.1162.600042.6";"2025.3.26.26101.419.1162.600042.6";"2025.5669034.26101.0.600042.419.1162.90193.6";"Secretaria de Desenvolvimento Urbano"
"2026.3.21.21101.413.6672.600060.6";"2026.3.21.21101.413.6672.600060.6";"2026.6190569.21101.0.600060.413.6672.95220.6";"Secretaria do Trabalho, Emprego, Renda e Esporte"
"2026.3.10.10101.417.5935.600162.6";"2026.3.10.10501.417.5935.600162.6";"2026.6194004.10501.1.600162.417.5935.97908.6";"Secretaria da Agricultura, Pecuária, Irrigação, Pesca e Aquicultura"
"2024.3.21.21101.414.7882.600014.6";"2024.3.21.21301.414.7882.600014.6";"2024.5227578.21301.1.600014.414.7882.61634.6";"Secretaria do Trabalho, Emprego, Renda e Esporte"
"2024.3.26.26101.419.1162.600053.6";"2024.3.26.26401.419.1162.600053.6";"2024.5212286.26101.4.600053.419.1162.62313.6";"Secretaria de Desenvolvimento Urbano"
"2021.3.21.21101.308.1793.600021.6";"2021.3.21.21101.308.1793.600021.6";"2021.4565905.21101.0.600021.308.1793.51574.6";"Secretaria do Trabalho, Emprego, Renda e Esporte"
"2022.3.11.11301.306.4048.600009.6";"2022.3.11.11301.306.4048.600009.6";"2022.4854832.11301.1.600009.306.4048.51878.6";"Secretaria da Educação"
"2023.3.10.10501.304.5916.600053.6";"2023.3.10.10501.304.5916.600053.6";"2023.5199342.10501.1.600053.304.5916.62127.6";"Secretaria da Agricultura, Pecuária, Irrigação, Pesca e Aquicultura"
"2023.3.18.18401.304.1926.600015.6";"2023.3.18.18401.304.1926.600015.6";"2023.4934316.18401.0.600015.304.1926.55829.6";"Secretaria de Desenvolvimento Rural"
"2023.3.21.21101.305.7882.600014.6";"2023.3.21.21101.305.7882.600014.6";"2023.4932633.21101.0.600014.305.7882.55828.6";"Secretaria do Trabalho, Emprego, Renda e Esporte"
"2023.3.32.32802.303.5893.600025.6";"2023.3.32.32802.303.5893.600025.6";"2023.4944220.32802.1.600025.303.5893.57238.6";"Secretaria de Turismo"
"2025.3.18.18101.417.1399.600089.6";"2025.3.18.18101.417.1399.600089.6";"2025.6181476.18401.1.600089.417.1399.97493.6";"Secretaria de Desenvolvimento Rural"
"2025.3.26.26401.419.1162.600075.6";"2025.3.26.26401.419.1162.600075.6";"2025.5675007.26401.0.600075.419.1162.91385.6";"Secretaria de Desenvolvimento Urbano"
"2026.3.10.10101.417.7244.600002.6";"2026.3.10.10101.417.7244.600002.6";"2026.6195588.10101.1.600002.417.7244.97027.6";"Secretaria da Agricultura, Pecuária, Irrigação, Pesca e Aquicultura"
"2026.3.18.18101.417.1399.600000.6";"2026.3.18.18101.417.1399.600000.6";"2026.6191077.18101.3.600000.417.1399.97025.6";"Secretaria de Desenvolvimento Rural"
"2026.3.32.32101.411.3701.600138.6";"2026.3.32.32101.411.3701.600138.6";"2026.6188763.32101.0.600138.411.3701.97680.6";"Secretaria de Turismo"
"2026.3.32.32802.411.5893.600172.6";"2026.3.32.32802.411.5893.600172.6";"2026.6188337.32802.1.600172.411.5893.97864.6";"Secretaria de Turismo"
"2024.3.28.28101.405.7917.600005.6";"2024.3.26.26101.405.7917.600005.6";"2024.5211038.26101.4.600005.405.7917.61625.6";"Secretaria de Desenvolvimento Urbano"
"2020.3.12.12201.314.4365.600002.6";"2020.3.12.12201.314.4365.600002.6";"2020.3893076.12201.0.600002.314.4365.46265.6";"Secretaria de Justiça, Direitos Humanos e Desenvolvimento Social"
"2021.3.12.12101.300.6953.600002.6";"2021.3.12.12101.300.6953.600002.6";"2021.4232259.12101.0.600002.300.6953.46524.6";"Secretaria de Justiça, Direitos Humanos e Desenvolvimento Social"
"2021.3.21.21301.305.7882.600013.6";"2021.3.21.21301.305.7882.600013.6";"2021.4234042.21301.1.600013.305.7882.51518.6";"Secretaria do Trabalho, Emprego, Renda e Esporte"
"2022.3.26.26101.305.1162.600020.6";"2022.3.26.26101.305.1162.600020.6";"2022.4577634.26101.0.600020.305.1162.51889.6";"Secretaria de Desenvolvimento Urbano"
"2022.3.26.26401.305.1162.600030.6";"2022.3.26.26401.305.1162.600030.6";"2022.4724265.26401.1.600030.305.1162.57108.6";"Secretaria de Desenvolvimento Urbano"
"2023.3.26.26101.305.1162.600053.6";"2023.3.26.26101.305.1162.600053.6";"2023.5094579.26401.2.600053.305.1162.62127.6";"Secretaria de Desenvolvimento Urbano"
"2023.3.80.80102.900.8070.600037.6";"2023.3.80.80102.900.8070.600037.6";"2023.4939127.80102.0.600037.900.8070.57308.6";"Encargos Gerais do Estado"
"2024.3.32.32101.411.3701.600036.6";"2024.3.32.32101.411.3701.600036.6";"2024.5659411.32101.3.600036.411.3701.61619.6";"Secretaria de Turismo"
"2024.3.32.32802.411.5893.600050.6";"2024.3.32.32802.411.5893.600050.6";"2024.5213733.32802.0.600050.411.5893.62310.6";"Secretaria de Turismo"
"2025.3.10.10101.417.7385.600031.6";"2025.3.10.10101.417.7385.600031.6";"2025.5677805.10101.1.600031.417.7385.90200.6";"Secretaria da Agricultura, Pecuária, Irrigação, Pesca e Aquicultura"
"2025.3.21.21301.414.1009.600029.6";"2025.3.21.21301.414.1009.600029.6";"2025.5668944.21301.1.600029.414.1009.90228.6";"Secretaria do Trabalho, Emprego, Renda e Esporte"
"2025.3.21.21301.414.5779.600060.6";"2025.3.21.21301.414.5779.600060.6";"2025.5676591.21301.1.600060.414.5779.91413.6";"Secretaria do Trabalho, Emprego, Renda e Esporte"
"2025.3.26.26101.419.1162.600053.6";"2025.3.26.26101.419.1162.600053.6";"2025.5673367.26401.2.600053.419.1162.90185.6";"Secretaria de Desenvolvimento Urbano"
"2025.3.80.80102.900.8070.600052.6";"2025.3.80.80102.900.8070.600052.6";"2025.5665544.80102.0.600052.900.8070.90197.6";"Encargos Gerais do Estado"
"2025.3.80.80102.900.8070.600068.6";"2025.3.80.80102.900.8070.600068.6";"2025.5665650.80102.0.600068.900.8070.91463.6";"Encargos Gerais do Estado"
"2026.3.18.18101.417.1399.600056.6";"2026.3.18.18101.417.1399.600056.6";"2026.6190571.18101.0.600056.417.1399.97010.6";"Secretaria de Desenvolvimento Rural"
"2026.3.18.18101.417.1399.600165.6";"2026.3.18.18101.417.1399.600165.6";"2026.6196603.18401.1.600165.417.1399.97912.6";"Secretaria de Desenvolvimento Rural"
"2024.3.26.26101.419.1162.600006.6";"2024.3.26.26401.419.1162.600006.6";"2024.5659167.26101.4.600006.419.1162.61626.6";"Secretaria de Desenvolvimento Urbano"
"2021.3.18.18401.312.5040.600002.6";"2021.3.18.18401.312.5040.600002.6";"2021.4225386.18401.0.600002.312.5040.46524.6";"Secretaria de Desenvolvimento Rural"
"2022.3.21.21301.305.7882.600003.6";"2022.3.21.21301.305.7882.600003.6";"2022.4577295.21301.1.600003.305.7882.51872.6";"Secretaria do Trabalho, Emprego, Renda e Esporte"
"2023.3.21.21101.308.5917.600036.6";"2023.3.21.21101.308.5917.600036.6";"2023.4934732.21101.7.600036.308.5917.57254.6";"Secretaria do Trabalho, Emprego, Renda e Esporte"
"2024.3.26.26401.419.1162.600039.6";"2024.3.26.26401.419.1162.600039.6";"2024.5217447.26401.1.600039.419.1162.62299.6";"Secretaria de Desenvolvimento Urbano"
"2025.3.26.26101.419.1158.600066.6";"2025.3.26.26101.419.1158.600066.6";"2025.5674950.26101.0.600066.419.1158.91438.6";"Secretaria de Desenvolvimento Urbano"
"2025.3.32.32802.411.5893.600063.6";"2025.3.32.32802.411.5893.600063.6";"2025.6176711.32802.0.600063.411.5893.91446.6";"Secretaria de Turismo"
"2025.3.80.80102.900.8070.600006.6";"2025.3.80.80102.900.8070.600006.6";"2025.5665733.80102.0.600006.900.8070.90208.6";"Encargos Gerais do Estado"
"2026.3.26.26101.419.5183.600042.6";"2026.3.26.26101.419.5183.600042.6";"2026.6194013.26401.2.600042.419.5183.97016.6";"Secretaria de Desenvolvimento Urbano"
"2026.3.30.30101.427.5599.600066.6";"2026.3.30.30101.427.5599.600066.6";"2026.6190771.30101.3.600066.427.5599.95354.6";"Secretaria de Promoção da Igualdade Racial e dos Povos e Comunidades Tradicionais"
"2026.3.80.80102.900.8070.600053.6";"2026.3.80.80102.900.8070.600053.6";"2026.6187195.80102.0.600053.900.8070.97008.6";"Encargos Gerais do Estado"
"2026.3.80.80102.900.8070.600059.6";"2026.3.80.80102.900.8070.600059.6";"2026.6187219.80102.0.600059.900.8070.95494.6";"Encargos Gerais do Estado"
"2024.3.26.26101.419.1162.600006.6";"2024.3.26.26401.419.1162.600006.6";"2024.5659168.26401.2.600006.419.1162.61626.6";"Secretaria de Desenvolvimento Urbano"
"2022.3.22.22202.302.7857.600031.6";"2022.3.22.22202.302.7857.600031.6";"2022.4924463.22202.0.600031.302.7857.57109.6";"Secretaria de Cultura"
"2022.3.28.28101.301.7917.600005.6";"2022.3.28.28101.301.7917.600005.6";"2022.4574275.28101.0.600005.301.7917.51874.6";"Secretaria de Ciência, Tecnologia e Inovação"
"2022.3.30.30101.307.5713.600007.6";"2022.3.30.30101.307.5713.600007.6";"2022.4575095.30101.1.600007.307.5713.51876.6";"Secretaria de Promoção da Igualdade Racial"
"2022.3.34.34101.311.5558.600003.6";"2022.3.34.34101.311.5558.600003.6";"2022.4587067.34101.0.600003.311.5558.51872.6";"Secretaria de Políticas para as Mulheres"
"2022.3.9.9301.314.3450.600034.6";"2022.3.9.9301.314.3450.600034.6";"2022.4588454.9301.1.600034.314.3450.57112.6";"Secretaria da Administração"
"2023.3.21.21301.305.7882.600038.6";"2023.3.21.21301.305.7882.600038.6";"2023.5200894.21301.1.600038.305.7882.57258.6";"Secretaria do Trabalho, Emprego, Renda e Esporte"
"2023.3.38.38101.300.2170.600046.6";"2023.3.38.38101.300.2170.600046.6";"2023.5201342.38101.3.600046.300.2170.62123.6";"Secretaria de Justiça e Direitos Humanos"
"2023.3.80.80102.900.8070.600020.6";"2023.3.80.80102.900.8070.600020.6";"2023.4928742.80102.0.600020.900.8070.55834.6";"Encargos Gerais do Estado"
"2024.3.24.24801.432.7911.600000.6";"2024.3.24.24801.432.7911.600000.6";"2024.5217543.24801.1.600000.432.7911.61620.6";"Secretaria de Infraestrutura"
"2024.3.32.32101.411.3701.600054.6";"2024.3.32.32101.411.3701.600054.6";"2024.5226209.32101.0.600054.411.3701.62314.6";"Secretaria de Turismo"
"2024.3.38.38101.400.6953.600038.6";"2024.3.38.38101.400.6953.600038.6";"2024.5215452.38101.3.600038.400.6953.61652.6";"Secretaria de Justiça e Direitos Humanos"
"2025.3.11.11301.424.2443.600047.6";"2025.3.11.11301.424.2443.600047.6";"2025.5675153.11301.0.600047.424.2443.90183.6";"Secretaria da Educação"
"2024.3.18.18101.417.1399.600000.6";"2024.3.18.18401.417.1399.600000.6";"2024.5211400.18101.3.600000.417.1399.61620.6";"Secretaria de Desenvolvimento Rural"
"2023.3.38.38201.300.4365.600002.6";"2023.3.32.32802.300.4365.600002.6";"2023.5202632.32802.1.600002.300.4365.55816.6";"Secretaria de Turismo"
"2021.3.21.21301.305.7882.600020.6";"2021.3.21.21301.305.7882.600020.6";"2021.4234052.21301.0.600020.305.7882.51525.6";"Secretaria do Trabalho, Emprego, Renda e Esporte"
"2021.3.26.26101.305.1158.600006.6";"2021.3.26.26101.305.1158.600006.6";"2021.4541677.26101.4.600006.305.1158.51511.6";"Secretaria de Desenvolvimento Urbano"
"2022.3.11.11101.306.6596.600009.6";"2022.3.11.11101.306.6596.600009.6";"2022.4577014.11101.0.600009.306.6596.51878.6";"Secretaria da Educação"
"2022.3.18.18401.304.1399.600028.6";"2022.3.18.18401.304.1399.600028.6";"2022.4588629.18401.1.600028.304.1399.57106.6";"Secretaria de Desenvolvimento Rural"
"2022.3.22.22101.302.3696.600002.6";"2022.3.22.22101.302.3696.600002.6";"2022.4586217.22101.1.600002.302.3696.46893.6";"Secretaria de Cultura"
"2022.3.24.24801.309.7911.600017.6";"2022.3.24.24801.309.7911.600017.6";"2022.4574281.24801.0.600017.309.7911.51886.6";"Secretaria de Infraestrutura"
"2023.3.20.20801.314.7877.600024.6";"2023.3.20.20801.314.7877.600024.6";"2023.4944767.20801.0.600024.314.7877.62012.6";"Secretaria da Segurança Pública"
"2024.3.11.11201.422.7536.600053.6";"2024.3.11.11201.422.7536.600053.6";"2024.5212373.11201.1.600053.422.7536.62313.6";"Secretaria da Educação"
"2024.3.11.11302.424.7867.600031.6";"2024.3.11.11302.424.7867.600031.6";"2024.5658203.11302.1.600031.424.7867.61618.6";"Secretaria da Educação"
"2024.3.18.18401.417.7988.600038.6";"2024.3.18.18401.417.7988.600038.6";"2024.5210483.18401.0.600038.417.7988.61652.6";"Secretaria de Desenvolvimento Rural"
"2024.3.21.21301.414.1009.600029.6";"2024.3.21.21301.414.1009.600029.6";"2024.5213260.21301.1.600029.414.1009.61646.6";"Secretaria do Trabalho, Emprego, Renda e Esporte"
"2025.3.21.21301.414.4997.600057.6";"2025.3.21.21301.414.4997.600057.6";"2025.5680238.21301.1.600057.414.4997.91415.6";"Secretaria do Trabalho, Emprego, Renda e Esporte"
"2025.3.22.22202.406.4357.600027.6";"2025.3.22.22202.406.4357.600027.6";"2025.5666255.22202.0.600027.406.4357.90227.6";"Secretaria de Cultura"
"2025.3.26.26401.419.1162.600075.6";"2025.3.26.26401.419.1162.600075.6";"2025.5674952.26401.0.600075.419.1162.91385.6";"Secretaria de Desenvolvimento Urbano"
"2025.3.32.32101.411.3701.600154.6";"2025.3.32.32101.411.3701.600154.6";"2025.6179076.32101.0.600154.411.3701.97715.6";"Secretaria de Turismo"
"2025.3.32.32802.411.5893.600068.6";"2025.3.32.32802.411.5893.600068.6";"2025.5673933.32802.1.600068.411.5893.91463.6";"Secretaria de Turismo"
"2025.3.80.80102.900.8070.600067.6";"2025.3.80.80102.900.8070.600067.6";"2025.5665642.80102.0.600067.900.8070.91386.6";"Encargos Gerais do Estado"
"2025.3.80.80102.900.8070.600072.6";"2025.3.80.80102.900.8070.600072.6";"2025.5665866.80102.0.600072.900.8070.91389.6";"Encargos Gerais do Estado"
"2026.3.18.18101.417.1399.600063.6";"2026.3.18.18101.417.1399.600063.6";"2026.6195851.18101.0.600063.417.1399.95362.6";"Secretaria de Desenvolvimento Rural"
"2026.3.26.26101.419.1162.600049.6";"2026.3.26.26101.419.1162.600049.6";"2026.6190099.26101.4.600049.419.1162.97012.6";"Secretaria de Desenvolvimento Urbano"
"2026.3.26.26101.419.5183.600081.6";"2026.3.26.26101.419.5183.600081.6";"2026.6195690.26101.4.600081.419.5183.97567.6";"Secretaria de Desenvolvimento Urbano"
"2022.3.11.11301.306.4048.600009.6";"2022.3.11.11301.306.4048.600009.6";"2022.4853353.11301.0.600009.306.4048.51878.6";"Secretaria da Educação"
"2022.3.21.21101.308.1793.600021.6";"2022.3.21.21101.308.1793.600021.6";"2022.4577824.21101.5.600021.308.1793.51890.6";"Secretaria do Trabalho, Emprego, Renda e Esporte"
"2022.3.24.24801.309.7911.600000.6";"2022.3.24.24801.309.7911.600000.6";"2022.4578210.24801.0.600000.309.7911.51324.6";"Secretaria de Infraestrutura"
"2022.3.26.26101.305.1158.600000.6";"2022.3.26.26101.305.1158.600000.6";"2022.4922696.26401.2.600000.305.1158.51324.6";"Secretaria de Desenvolvimento Urbano"
"2023.3.26.26401.305.1162.600002.6";"2023.3.26.26401.305.1162.600002.6";"2023.4934361.26401.0.600002.305.1162.55816.6";"Secretaria de Desenvolvimento Urbano"
"2024.3.10.10101.417.7385.600031.6";"2024.3.10.10101.417.7385.600031.6";"2024.5224291.10101.0.600031.417.7385.61618.6";"Secretaria da Agricultura, Pecuária, Irrigação, Pesca e Aquicultura"
"2024.3.28.28101.405.7917.600000.6";"2024.3.28.28101.405.7917.600000.6";"2024.5210984.28101.1.600000.405.7917.61620.6";"Secretaria de Ciência, Tecnologia e Inovação"
"2024.3.34.34101.429.5549.600027.6";"2024.3.34.34101.429.5549.600027.6";"2024.5212838.34101.0.600027.429.5549.61645.6";"Secretaria de Políticas para as Mulheres"
"2025.3.18.18101.417.1399.600080.6";"2025.3.18.18101.417.1399.600080.6";"2025.6181354.18101.0.600080.417.1399.97515.6";"Secretaria de Desenvolvimento Rural"
"2025.3.18.18401.417.1399.600064.6";"2025.3.18.18401.417.1399.600064.6";"2025.5671905.18401.1.600064.417.1399.91398.6";"Secretaria de Desenvolvimento Rural"
"2025.3.26.26101.419.1162.600082.6";"2025.3.26.26101.419.1162.600082.6";"2025.6179189.26101.4.600082.419.1162.97519.6";"Secretaria de Desenvolvimento Urbano"
"2025.3.80.80102.900.8070.600060.6";"2025.3.80.80102.900.8070.600060.6";"2025.5665578.80102.0.600060.900.8070.91413.6";"Encargos Gerais do Estado"
"2026.3.26.26101.419.5183.600042.6";"2026.3.26.26101.419.5183.600042.6";"2026.6191954.26101.4.600042.419.5183.97016.6";"Secretaria de Desenvolvimento Urbano"
"2023.3.22.22101.302.7857.600031.6";"2023.3.22.22202.302.7857.600031.6";"2023.4942317.22101.1.600031.302.7857.57248.6";"Secretaria de Cultura"
"2022.3.26.26101.305.1162.600036.6";"2022.3.26.26401.305.1162.600036.6";"2022.4922795.26101.4.600036.305.1162.57114.6";"Secretaria de Desenvolvimento Urbano"
"2021.3.21.21301.305.7882.600002.6";"2021.3.21.21301.305.7882.600002.6";"2021.4225168.21301.0.600002.305.7882.46524.6";"Secretaria do Trabalho, Emprego, Renda e Esporte"
"2022.3.21.21101.308.1793.600004.6";"2022.3.21.21101.308.1793.600004.6";"2022.4577823.21101.5.600004.308.1793.51873.6";"Secretaria do Trabalho, Emprego, Renda e Esporte"
"2022.3.34.34101.311.5558.600002.6";"2022.3.34.34101.311.5558.600002.6";"2022.4586925.34101.1.600002.311.5558.46893.6";"Secretaria de Políticas para as Mulheres"
"2022.3.80.80102.900.8070.600025.6";"2022.3.80.80102.900.8070.600025.6";"2022.4588256.80102.0.600025.900.8070.57103.6";"Encargos Gerais do Estado"
"2023.3.10.10101.304.7792.600054.6";"2023.3.10.10101.304.7792.600054.6";"2023.5201442.10101.0.600054.304.7792.62128.6";"Secretaria da Agricultura, Pecuária, Irrigação, Pesca e Aquicultura"
"2023.3.20.20801.314.7875.600006.6";"2023.3.20.20801.314.7875.600006.6";"2023.5200422.20801.0.600006.314.7875.55820.6";"Secretaria da Segurança Pública"
"2024.3.21.21301.414.1009.600029.6";"2024.3.21.21301.414.1009.600029.6";"2024.5660544.21301.1.600029.414.1009.61646.6";"Secretaria do Trabalho, Emprego, Renda e Esporte"
"2024.3.22.22301.407.5521.600034.6";"2024.3.22.22301.407.5521.600034.6";"2024.5212810.22301.0.600034.407.5521.61650.6";"Secretaria de Cultura"
"2024.3.80.80102.900.8070.600007.6";"2024.3.80.80102.900.8070.600007.6";"2024.5208853.80102.0.600007.900.8070.61627.6";"Encargos Gerais do Estado"
"2025.3.10.10501.417.5916.600066.6";"2025.3.10.10501.417.5916.600066.6";"2025.5675939.10501.0.600066.417.5916.91438.6";"Secretaria da Agricultura, Pecuária, Irrigação, Pesca e Aquicultura"
"2025.3.11.11301.424.4048.600116.6";"2025.3.11.11301.424.4048.600116.6";"2025.6180394.11301.16.600116.424.4048.97647.6";"Secretaria da Educação"
"2025.3.18.18401.417.1399.600107.6";"2025.3.18.18401.417.1399.600107.6";"2025.6179075.18401.1.600107.417.1399.97559.6";"Secretaria de Desenvolvimento Rural"
"2025.3.22.22101.406.2314.600067.6";"2025.3.22.22101.406.2314.600067.6";"2025.5676868.22201.1.600067.406.2314.91386.6";"Secretaria de Cultura"
"2025.3.24.24801.432.7911.600048.6";"2025.3.24.24801.432.7911.600048.6";"2025.6178967.24801.0.600048.432.7911.90195.6";"Secretaria de Infraestrutura"
"2025.3.26.26101.419.1158.600005.6";"2025.3.26.26101.419.1158.600005.6";"2025.5668462.26101.0.600005.419.1158.90207.6";"Secretaria de Desenvolvimento Urbano"
"2025.3.32.32101.411.3701.600171.6";"2025.3.32.32101.411.3701.600171.6";"2025.6180979.32101.0.600171.411.3701.97797.6";"Secretaria de Turismo"
"2025.3.39.39601.402.2256.600065.6";"2025.3.39.39601.402.2256.600065.6";"2025.5679872.39601.0.600065.402.2256.91466.6";"Secretaria de Assistência e Desenvolvimento Social"
"2021.3.17.17301.315.2064.600011.6";"2021.3.17.17301.315.2064.600011.6";"2021.4559388.17301.1.600011.315.2064.51516.6";"Secretaria do Planejamento"
"2022.3.12.12101.300.2170.600005.6";"2022.3.12.12101.300.2170.600005.6";"2022.4578992.12101.0.600005.300.2170.51795.6";"Secretaria de Justiça, Direitos Humanos e Desenvolvimento Social"
"2022.3.21.21301.305.1009.600003.6";"2022.3.21.21301.305.1009.600003.6";"2022.4923433.21301.1.600003.305.1009.51872.6";"Secretaria do Trabalho, Emprego, Renda e Esporte"
"2022.3.32.32801.303.5893.600025.6";"2022.3.32.32801.303.5893.600025.6";"2022.4588626.32801.1.600025.303.5893.57103.6";"Secretaria de Turismo"
"2022.3.34.34101.311.5558.600002.6";"2022.3.34.34101.311.5558.600002.6";"2022.4586937.34101.1.600002.311.5558.46893.6";"Secretaria de Políticas para as Mulheres"
"2022.3.80.80102.900.8070.600028.6";"2022.3.80.80102.900.8070.600028.6";"2022.4588255.80102.0.600028.900.8070.57106.6";"Encargos Gerais do Estado"
"2023.3.21.21301.308.5793.600038.6";"2023.3.21.21301.308.5793.600038.6";"2023.5200861.21301.0.600038.308.5793.57258.6";"Secretaria do Trabalho, Emprego, Renda e Esporte"
"2023.3.38.38201.300.4365.600002.6";"2023.3.38.38201.300.4365.600002.6";"2023.4934753.38201.1.600002.300.4365.55816.6";"Secretaria de Justiça e Direitos Humanos"
"2024.3.38.38101.400.2170.600038.6";"2024.3.38.38101.400.2170.600038.6";"2024.5215002.38101.0.600038.400.2170.61652.6";"Secretaria de Justiça e Direitos Humanos"
"2025.3.10.10101.417.7385.600031.6";"2025.3.10.10101.417.7385.600031.6";"2025.5677802.10101.0.600031.417.7385.90200.6";"Secretaria da Agricultura, Pecuária, Irrigação, Pesca e Aquicultura"
"2025.3.11.11301.424.2443.600146.6";"2025.3.11.11301.424.2443.600146.6";"2025.6179298.11301.5.600146.424.2443.97707.6";"Secretaria da Educação"
"2025.3.18.18401.417.7988.600038.6";"2025.3.18.18401.417.7988.600038.6";"2025.5673182.18401.0.600038.417.7988.90234.6";"Secretaria de Desenvolvimento Rural"
"2025.3.26.26101.419.1162.600025.6";"2025.3.26.26101.419.1162.600025.6";"2025.5668518.26101.4.600025.419.1162.90226.6";"Secretaria de Desenvolvimento Urbano"
"2026.3.18.18401.417.1399.600058.6";"2026.3.18.18401.417.1399.600058.6";"2026.6188841.18401.0.600058.417.1399.95377.6";"Secretaria de Desenvolvimento Rural"
"2026.3.26.26101.419.1162.600049.6";"2026.3.26.26101.419.1162.600049.6";"2026.6190098.26101.0.600049.419.1162.97012.6";"Secretaria de Desenvolvimento Urbano"
"2026.3.80.80102.900.8070.600027.6";"2026.3.80.80102.900.8070.600027.6";"2026.6187121.80102.0.600027.900.8070.95149.6";"Encargos Gerais do Estado"
"2022.3.9.9801.315.1340.600023.6";"2022.3.9.9101.315.1340.600023.6";"2022.4578510.9101.1.600023.315.1340.51949.6";"Secretaria da Administração"
"2025.3.17.17101.440.4042.600042.6";"2025.3.32.32802.440.4042.600042.6";"2025.5675976.32802.1.600042.440.4042.90193.6";"Secretaria de Turismo"
"2026.3.26.26101.419.1162.600042.6";"2026.3.26.26401.419.1162.600042.6";"2026.6189796.26101.4.600042.419.1162.97016.6";"Secretaria de Desenvolvimento Urbano"
"2021.3.21.21301.305.7882.600003.6";"2021.3.21.21301.305.7882.600003.6";"2021.4563490.21301.0.600003.305.7882.51508.6";"Secretaria do Trabalho, Emprego, Renda e Esporte"
"2021.3.21.21301.305.7882.600013.6";"2021.3.21.21301.305.7882.600013.6";"2021.4235517.21301.1.600013.305.7882.51518.6";"Secretaria do Trabalho, Emprego, Renda e Esporte"
"2021.3.34.34101.311.5550.600002.6";"2021.3.34.34101.311.5550.600002.6";"2021.4225268.34101.0.600002.311.5550.46524.6";"Secretaria de Políticas para as Mulheres"
"2022.3.21.21301.314.4565.600037.6";"2022.3.21.21301.314.4565.600037.6";"2022.4923689.21301.0.600037.314.4565.57115.6";"Secretaria do Trabalho, Emprego, Renda e Esporte"
"2023.3.10.10301.304.6166.600046.6";"2023.3.10.10301.304.6166.600046.6";"2023.5200869.10301.1.600046.304.6166.62123.6";"Secretaria da Agricultura, Pecuária, Irrigação, Pesca e Aquicultura"
"2023.3.11.11301.306.4048.600009.6";"2023.3.11.11301.306.4048.600009.6";"2023.4934963.11301.0.600009.306.4048.55823.6";"Secretaria da Educação"
"2023.3.18.18401.304.1399.600045.6";"2023.3.18.18401.304.1399.600045.6";"2023.5200611.18401.1.600045.304.1399.62130.6";"Secretaria de Desenvolvimento Rural"
"2023.3.21.21301.305.1009.600027.6";"2023.3.21.21301.305.1009.600027.6";"2023.4944091.21301.1.600027.305.1009.57299.6";"Secretaria do Trabalho, Emprego, Renda e Esporte"
"2023.3.22.22101.302.7857.600031.6";"2023.3.22.22101.302.7857.600031.6";"2023.4942317.22101.1.600031.302.7857.57248.6";"Secretaria de Cultura"
"2024.3.10.10101.417.3044.600050.6";"2024.3.10.10101.417.3044.600050.6";"2024.5211694.10101.0.600050.417.3044.62310.6";"Secretaria da Agricultura, Pecuária, Irrigação, Pesca e Aquicultura"
"2024.3.11.11301.424.4048.600059.6";"2024.3.11.11301.424.4048.600059.6";"2024.5226236.11301.1.600059.424.4048.91326.6";"Secretaria da Educação"
"2024.3.21.21101.414.7882.600014.6";"2024.3.21.21101.414.7882.600014.6";"2024.5227291.21301.1.600014.414.7882.61634.6";"Secretaria do Trabalho, Emprego, Renda e Esporte"
"2024.3.21.21301.414.1009.600039.6";"2024.3.21.21301.414.1009.600039.6";"2024.5216326.21301.0.600039.414.1009.62299.6";"Secretaria do Trabalho, Emprego, Renda e Esporte"
"2024.3.21.21301.414.7882.600003.6";"2024.3.21.21301.414.7882.600003.6";"2024.5213083.21301.1.600003.414.7882.61623.6";"Secretaria do Trabalho, Emprego, Renda e Esporte"
"2024.3.26.26101.419.1162.600009.6";"2024.3.26.26101.419.1162.600009.6";"2024.5250621.26101.4.600009.419.1162.61629.6";"Secretaria de Desenvolvimento Urbano"
"2024.3.32.32802.411.5893.600044.6";"2024.3.32.32802.411.5893.600044.6";"2024.5214125.32802.1.600044.411.5893.62304.6";"Secretaria de Turismo"
"2024.3.34.34101.429.4181.600043.6";"2024.3.34.34101.429.4181.600043.6";"2024.5226564.34101.0.600043.429.4181.62303.6";"Secretaria de Políticas para as Mulheres"
"2024.3.80.80102.900.8070.600022.6";"2024.3.80.80102.900.8070.600022.6";"2024.5208892.80102.0.600022.900.8070.61642.6";"Encargos Gerais do Estado"
"2025.3.11.11301.424.4048.600009.6";"2025.3.11.11301.424.4048.600009.6";"2025.5667385.11301.0.600009.424.4048.90211.6";"Secretaria da Educação"
"2025.3.18.18401.420.5040.600057.6";"2025.3.18.18401.420.5040.600057.6";"2025.5675660.18401.0.600057.420.5040.91415.6";"Secretaria de Desenvolvimento Rural"
"2025.3.21.21301.414.1009.600051.6";"2025.3.21.21301.414.1009.600051.6";"2025.5679395.21301.1.600051.414.1009.90196.6";"Secretaria do Trabalho, Emprego, Renda e Esporte"
"2025.3.26.26101.419.1162.600053.6";"2025.3.26.26101.419.1162.600053.6";"2025.5673366.26101.4.600053.419.1162.90185.6";"Secretaria de Desenvolvimento Urbano"
"2025.3.26.26401.419.1162.600075.6";"2025.3.26.26401.419.1162.600075.6";"2025.5673460.26401.1.600075.419.1162.91385.6";"Secretaria de Desenvolvimento Urbano"
"2025.3.38.38101.446.7850.600062.6";"2025.3.38.38101.446.7850.600062.6";"2025.5680915.38101.0.600062.446.7850.91471.6";"Secretaria de Justiça e Direitos Humanos"
"2025.3.39.39101.403.5445.600056.6";"2025.3.39.39101.403.5445.600056.6";"2025.5673209.39101.0.600056.403.5445.90187.6";"Secretaria de Assistência e Desenvolvimento Social"
"2025.3.39.39601.402.2256.600065.6";"2025.3.39.39601.402.2256.600065.6";"2025.5679871.39601.0.600065.402.2256.91466.6";"Secretaria de Assistência e Desenvolvimento Social"
"2025.3.39.39601.402.2284.600083.6";"2025.3.39.39601.402.2284.600083.6";"2025.6179880.39601.1.600083.402.2284.97485.6";"Secretaria de Assistência e Desenvolvimento Social"
"2025.3.80.80102.900.8070.600030.6";"2025.3.80.80102.900.8070.600030.6";"2025.5665778.80102.0.600030.900.8070.90229.6";"Encargos Gerais do Estado"
"2026.3.32.32101.411.3701.600164.6";"2026.3.32.32101.411.3701.600164.6";"2026.6188766.32101.0.600164.411.3701.97833.6";"Secretaria de Turismo"
"2026.3.80.80102.900.8070.600062.6";"2026.3.80.80102.900.8070.600062.6";"2026.6187232.80102.0.600062.900.8070.95497.6";"Encargos Gerais do Estado"
"2022.3.21.21101.305.7882.600014.6";"2022.3.21.21101.305.7882.600014.6";"2022.4574493.21101.1.600014.305.7882.51883.6";"Secretaria do Trabalho, Emprego, Renda e Esporte"
"2022.3.32.32801.303.5893.600002.6";"2022.3.32.32801.303.5893.600002.6";"2022.4588031.32801.0.600002.303.5893.46893.6";"Secretaria de Turismo"
"2022.3.34.34101.311.5558.600003.6";"2022.3.34.34101.311.5558.600003.6";"2022.4587216.34101.1.600003.311.5558.51872.6";"Secretaria de Políticas para as Mulheres"
"2023.3.18.18401.304.1399.600033.6";"2023.3.18.18401.304.1399.600033.6";"2023.4940122.18401.1.600033.304.1399.57305.6";"Secretaria de Desenvolvimento Rural"
"2023.3.22.22301.302.7857.600027.6";"2023.3.22.22301.302.7857.600027.6";"2023.4946028.22301.0.600027.302.7857.57299.6";"Secretaria de Cultura"
"2024.3.11.11301.424.4048.600042.6";"2024.3.11.11301.424.4048.600042.6";"2024.5211159.11301.16.600042.424.4048.62302.6";"Secretaria da Educação"
"2024.3.11.11301.424.4048.600059.6";"2024.3.11.11301.424.4048.600059.6";"2024.5226255.11301.16.600059.424.4048.91326.6";"Secretaria da Educação"
"2024.3.21.21301.414.7973.600051.6";"2024.3.21.21301.414.7973.600051.6";"2024.5222883.21301.0.600051.414.7973.62311.6";"Secretaria do Trabalho, Emprego, Renda e Esporte"
"2024.3.26.26101.419.1162.600000.6";"2024.3.26.26101.419.1162.600000.6";"2024.5213271.26101.0.600000.419.1162.61620.6";"Secretaria de Desenvolvimento Urbano"
"2024.3.26.26101.419.1162.600000.6";"2024.3.26.26101.419.1162.600000.6";"2024.5657981.26401.2.600000.419.1162.61620.6";"Secretaria de Desenvolvimento Urbano"
"2024.3.26.26101.419.1162.600053.6";"2024.3.26.26101.419.1162.600053.6";"2024.5212287.26101.0.600053.419.1162.62313.6";"Secretaria de Desenvolvimento Urbano"
"2025.3.21.21101.413.5917.600066.6";"2025.3.21.21101.413.5917.600066.6";"2025.5675180.21101.0.600066.413.5917.91438.6";"Secretaria do Trabalho, Emprego, Renda e Esporte"
"2025.3.21.21301.414.7882.600063.6";"2025.3.21.21301.414.7882.600063.6";"2025.5683953.21301.0.600063.414.7882.91446.6";"Secretaria do Trabalho, Emprego, Renda e Esporte"
"2025.3.26.26401.419.1162.600052.6";"2025.3.26.26401.419.1162.600052.6";"2025.5681210.26401.1.600052.419.1162.90197.6";"Secretaria de Desenvolvimento Urbano"
"2026.3.18.18401.417.1399.600059.6";"2026.3.18.18401.417.1399.600059.6";"2026.6191897.18401.1.600059.417.1399.95494.6";"Secretaria de Desenvolvimento Rural"
"2026.3.32.32101.411.3701.600129.6";"2026.3.32.32101.411.3701.600129.6";"2026.6187653.32101.3.600129.411.3701.97688.6";"Secretaria de Turismo"
"2026.3.32.32101.411.3701.600138.6";"2026.3.32.32101.411.3701.600138.6";"2026.6188993.32101.3.600138.411.3701.97680.6";"Secretaria de Turismo"
"2026.3.32.32802.411.5893.600160.6";"2026.3.32.32802.411.5893.600160.6";"2026.6188344.32802.1.600160.411.5893.97927.6";"Secretaria de Turismo"
"2025.3.22.22101.407.1251.600067.6";"2025.3.22.22301.407.1251.600067.6";"2025.5679411.22301.1.600067.407.1251.91386.6";"Secretaria de Cultura"
"2020.3.21.21101.314.5365.600001.6";"2020.3.21.21101.314.5365.600001.6";"2020.3892987.21101.0.600001.314.5365.46264.6";"Secretaria do Trabalho, Emprego, Renda e Esporte"
"2021.3.21.21101.308.6672.600004.6";"2021.3.21.21101.308.6672.600004.6";"2021.4237691.21101.7.600004.308.6672.51509.6";"Secretaria do Trabalho, Emprego, Renda e Esporte"
"2022.3.12.12101.300.2170.600025.6";"2022.3.12.12101.300.2170.600025.6";"2022.4588786.12101.0.600025.300.2170.57103.6";"Secretaria de Justiça, Direitos Humanos e Desenvolvimento Social"
"2022.3.21.21101.308.1793.600021.6";"2022.3.21.21101.308.1793.600021.6";"2022.4575094.21101.0.600021.308.1793.51890.6";"Secretaria do Trabalho, Emprego, Renda e Esporte"
"2022.3.21.21301.308.5793.600009.6";"2022.3.21.21301.308.5793.600009.6";"2022.4577338.21301.1.600009.308.5793.51878.6";"Secretaria do Trabalho, Emprego, Renda e Esporte"
"2022.3.28.28101.301.7917.600020.6";"2022.3.28.28101.301.7917.600020.6";"2022.4581567.28101.1.600020.301.7917.51889.6";"Secretaria de Ciência, Tecnologia e Inovação"
"2023.3.21.21301.314.4565.600006.6";"2023.3.21.21301.314.4565.600006.6";"2023.4938047.21301.0.600006.314.4565.55820.6";"Secretaria do Trabalho, Emprego, Renda e Esporte"
"2023.3.80.80102.900.8070.600053.6";"2023.3.80.80102.900.8070.600053.6";"2023.4952612.80102.0.600053.900.8070.62127.6";"Encargos Gerais do Estado"
"2024.3.10.10501.446.3194.600006.6";"2024.3.10.10501.446.3194.600006.6";"2024.5212109.10501.1.600006.446.3194.61626.6";"Secretaria da Agricultura, Pecuária, Irrigação, Pesca e Aquicultura"
"2024.3.11.11301.424.4048.600059.6";"2024.3.11.11301.424.4048.600059.6";"2024.5226257.11301.16.600059.424.4048.91326.6";"Secretaria da Educação"
"2024.3.26.26401.419.1162.600030.6";"2024.3.26.26401.419.1162.600030.6";"2024.5219218.26401.0.600030.419.1162.61647.6";"Secretaria de Desenvolvimento Urbano"
"2026.3.11.11303.424.6927.600052.6";"2026.3.11.11303.424.6927.600052.6";"2026.6192292.11303.1.600052.424.6927.97020.6";"Secretaria da Educação"
"2026.3.18.18101.417.1399.600035.6";"2026.3.18.18101.417.1399.600035.6";"2026.6191081.18101.3.600035.417.1399.97002.6";"Secretaria de Desenvolvimento Rural"
"2026.3.21.21101.413.5914.600043.6";"2026.3.21.21101.413.5914.600043.6";"2026.6191682.21101.7.600043.413.5914.95157.6";"Secretaria do Trabalho, Emprego, Renda e Esporte"
"2026.3.32.32802.411.5893.600160.6";"2026.3.32.32802.411.5893.600160.6";"2026.6188270.32802.0.600160.411.5893.97927.6";"Secretaria de Turismo"
"2026.3.10.10101.417.5935.600162.6";"2026.3.10.10501.417.5935.600162.6";"2026.6194003.10501.1.600162.417.5935.97908.6";"Secretaria da Agricultura, Pecuária, Irrigação, Pesca e Aquicultura"
"2026.3.26.26101.419.1162.600042.6";"2026.3.26.26401.419.1162.600042.6";"2026.6190450.26401.2.600042.419.1162.97016.6";"Secretaria de Desenvolvimento Urbano"
"2022.3.21.21301.305.1009.600003.6";"2022.3.21.21301.305.1009.600003.6";"2022.4923430.21301.0.600003.305.1009.51872.6";"Secretaria do Trabalho, Emprego, Renda e Esporte"
"2022.3.34.34101.311.5558.600002.6";"2022.3.34.34101.311.5558.600002.6";"2022.4586938.34101.0.600002.311.5558.46893.6";"Secretaria de Políticas para as Mulheres"
"2022.3.80.80102.900.8070.600017.6";"2022.3.80.80102.900.8070.600017.6";"2022.4572095.80102.0.600017.900.8070.51886.6";"Encargos Gerais do Estado"
"2023.3.22.22301.302.7857.600031.6";"2023.3.22.22301.302.7857.600031.6";"2023.4939351.22301.1.600031.302.7857.57248.6";"Secretaria de Cultura"
"2024.3.11.11302.424.6908.600031.6";"2024.3.11.11302.424.6908.600031.6";"2024.5658342.11302.1.600031.424.6908.61618.6";"Secretaria da Educação"
"2024.3.21.21301.414.1009.600003.6";"2024.3.21.21301.414.1009.600003.6";"2024.5213082.21301.1.600003.414.1009.61623.6";"Secretaria do Trabalho, Emprego, Renda e Esporte"
"2024.3.21.21301.414.1009.600056.6";"2024.3.21.21301.414.1009.600056.6";"2024.5213079.21301.1.600056.414.1009.62315.6";"Secretaria do Trabalho, Emprego, Renda e Esporte"
"2024.3.21.21301.414.5779.600056.6";"2024.3.21.21301.414.5779.600056.6";"2024.5213080.21301.1.600056.414.5779.62315.6";"Secretaria do Trabalho, Emprego, Renda e Esporte"
"2025.3.11.11101.425.7744.600020.6";"2025.3.11.11101.425.7744.600020.6";"2025.5670718.11101.38.600020.425.7744.90222.6";"Secretaria da Educação"
"2025.3.17.17101.440.4042.600054.6";"2025.3.17.17101.440.4042.600054.6";"2025.5675956.17101.0.600054.440.4042.90186.6";"Secretaria do Planejamento"
"2025.3.18.18401.417.1399.600038.6";"2025.3.18.18401.417.1399.600038.6";"2025.5678420.18401.1.600038.417.1399.90234.6";"Secretaria de Desenvolvimento Rural"
"2025.3.21.21301.414.1009.600043.6";"2025.3.21.21301.414.1009.600043.6";"2025.6179547.21301.1.600043.414.1009.90235.6";"Secretaria do Trabalho, Emprego, Renda e Esporte"
"2025.3.21.21301.414.5779.600071.6";"2025.3.21.21301.414.5779.600071.6";"2025.5670964.21301.1.600071.414.5779.91375.6";"Secretaria do Trabalho, Emprego, Renda e Esporte"
"2025.3.22.22101.408.7032.600005.6";"2025.3.22.22101.408.7032.600005.6";"2025.5681389.22101.4.600005.408.7032.90207.6";"Secretaria de Cultura"
"2026.3.10.10101.417.5935.600162.6";"2026.3.10.10101.417.5935.600162.6";"2026.6189188.10501.1.600162.417.5935.97908.6";"Secretaria da Agricultura, Pecuária, Irrigação, Pesca e Aquicultura"
"2026.3.38.38101.446.3194.600062.6";"2026.3.38.38101.446.3194.600062.6";"2026.6193810.38101.0.600062.446.3194.95497.6";"Secretaria de Justiça e Direitos Humanos"
"2026.3.80.80102.900.8070.600004.6";"2026.3.80.80102.900.8070.600004.6";"2026.6187082.80102.0.600004.900.8070.97029.6";"Encargos Gerais do Estado"
"2026.3.80.80102.900.8070.600068.6";"2026.3.80.80102.900.8070.600068.6";"2026.6187263.80102.0.600068.900.8070.95379.6";"Encargos Gerais do Estado"
"2022.3.22.22101.302.7980.600005.6";"2022.3.22.22202.302.7980.600005.6";"2022.4590052.22202.1.600005.302.7980.51795.6";"Secretaria de Cultura"
"2021.3.18.18401.304.1926.600015.6";"2021.3.18.18401.304.1926.600015.6";"2021.4234803.18401.1.600015.304.1926.51520.6";"Secretaria de Desenvolvimento Rural"
"2022.3.11.11101.306.6596.600009.6";"2022.3.11.11101.306.6596.600009.6";"2022.4577275.11101.1.600009.306.6596.51878.6";"Secretaria da Educação"
"2022.3.24.24801.309.7886.600006.6";"2022.3.24.24801.309.7886.600006.6";"2022.4575016.24801.0.600006.309.7886.51875.6";"Secretaria de Infraestrutura"
"2022.3.34.34101.311.5558.600002.6";"2022.3.34.34101.311.5558.600002.6";"2022.4586931.34101.1.600002.311.5558.46893.6";"Secretaria de Políticas para as Mulheres"
"2023.3.18.18401.304.1399.600038.6";"2023.3.18.18401.304.1399.600038.6";"2023.4946336.18401.0.600038.304.1399.57309.6";"Secretaria de Desenvolvimento Rural"
"2023.3.21.21301.305.1009.600029.6";"2023.3.21.21301.305.1009.600029.6";"2023.4937674.21301.0.600029.305.1009.57244.6";"Secretaria do Trabalho, Emprego, Renda e Esporte"
"2023.3.32.32802.303.5893.600053.6";"2023.3.32.32802.303.5893.600053.6";"2023.5203753.32802.1.600053.303.5893.62127.6";"Secretaria de Turismo"
"2024.3.18.18101.417.1926.600038.6";"2024.3.18.18101.417.1926.600038.6";"2024.5222487.18101.3.600038.417.1926.61652.6";"Secretaria de Desenvolvimento Rural"
"2025.3.18.18101.417.1399.600108.6";"2025.3.18.18101.417.1399.600108.6";"2025.6181353.18101.0.600108.417.1399.97561.6";"Secretaria de Desenvolvimento Rural"
"2025.3.20.20801.437.7873.600071.6";"2025.3.20.20801.437.7873.600071.6";"2025.5669152.20801.72.600071.437.7873.91375.6";"Secretaria da Segurança Pública"
"2026.3.32.32101.411.3701.600054.6";"2026.3.32.32101.411.3701.600054.6";"2026.6195160.32101.3.600054.411.3701.97009.6";"Secretaria de Turismo"
"2026.3.38.38101.400.2170.600148.6";"2026.3.38.38101.400.2170.600148.6";"2026.6193251.38101.3.600148.400.2170.97722.6";"Secretaria de Justiça e Direitos Humanos"
"2026.3.10.10101.417.5916.600111.6";"2026.3.10.10501.417.5916.600111.6";"2026.6186671.10101.1.600111.417.5916.97630.6";"Secretaria da Agricultura, Pecuária, Irrigação, Pesca e Aquicultura"
"2021.3.11.11601.306.7744.600010.6";"2021.3.11.11601.306.7744.600010.6";"2021.4567917.11601.0.600010.306.7744.51515.6";"Secretaria da Educação"
"2022.3.18.18401.312.5040.600013.6";"2022.3.18.18401.312.5040.600013.6";"2022.4575972.18401.1.600013.312.5040.51882.6";"Secretaria de Desenvolvimento Rural"
"2022.3.22.22301.302.7857.600007.6";"2022.3.22.22301.302.7857.600007.6";"2022.4575472.22301.0.600007.302.7857.51876.6";"Secretaria de Cultura"
"2022.3.24.24801.309.7911.600000.6";"2022.3.24.24801.309.7911.600000.6";"2022.4578124.24801.0.600000.309.7911.51324.6";"Secretaria de Infraestrutura"
"2023.3.18.18401.304.1399.600001.6";"2023.3.18.18401.304.1399.600001.6";"2023.4934315.18401.0.600001.304.1399.55815.6";"Secretaria de Desenvolvimento Rural"
"2023.3.21.21301.308.5793.600009.6";"2023.3.21.21301.308.5793.600009.6";"2023.4936012.21301.0.600009.308.5793.55823.6";"Secretaria do Trabalho, Emprego, Renda e Esporte"
"2023.3.32.32802.303.5893.600044.6";"2023.3.32.32802.303.5893.600044.6";"2023.5199344.32802.0.600044.303.5893.62129.6";"Secretaria de Turismo"
"2024.3.21.21301.414.4997.600006.6";"2024.3.21.21301.414.4997.600006.6";"2024.5212411.21301.0.600006.414.4997.61626.6";"Secretaria do Trabalho, Emprego, Renda e Esporte"
"2024.3.30.30101.427.5599.600063.6";"2024.3.30.30101.427.5599.600063.6";"2024.5232476.30101.0.600063.427.5599.91323.6";"Secretaria de Promoção da Igualdade Racial e dos Povos e Comunidades Tradicionais"
"2025.3.21.21101.414.7882.600014.6";"2025.3.21.21101.414.7882.600014.6";"2025.5670300.21101.1.600014.414.7882.90216.6";"Secretaria do Trabalho, Emprego, Renda e Esporte"
"2025.3.26.26401.419.1158.600075.6";"2025.3.26.26401.419.1158.600075.6";"2025.5675360.26401.1.600075.419.1158.91385.6";"Secretaria de Desenvolvimento Urbano"
"2025.3.26.26401.419.7794.600052.6";"2025.3.26.26401.419.7794.600052.6";"2025.5681169.26401.0.600052.419.7794.90197.6";"Secretaria de Desenvolvimento Urbano"
"2026.3.80.80102.900.8070.600003.6";"2026.3.80.80102.900.8070.600003.6";"2026.6187078.80102.0.600003.900.8070.97028.6";"Encargos Gerais do Estado"
"2026.3.80.80102.900.8070.600066.6";"2026.3.80.80102.900.8070.600066.6";"2026.6187256.80102.0.600066.900.8070.95354.6";"Encargos Gerais do Estado"
"2026.3.10.10101.417.5916.600159.6";"2026.3.10.10501.417.5916.600159.6";"2026.6189186.10501.1.600159.417.5916.97841.6";"Secretaria da Agricultura, Pecuária, Irrigação, Pesca e Aquicultura"
"2025.3.21.21101.414.7882.600014.6";"2025.3.21.21301.414.7882.600014.6";"2025.5681204.21101.1.600014.414.7882.90216.6";"Secretaria do Trabalho, Emprego, Renda e Esporte"
"2021.3.18.18401.304.1399.600015.6";"2021.3.18.18401.304.1399.600015.6";"2021.4234772.18401.0.600015.304.1399.51520.6";"Secretaria de Desenvolvimento Rural"
"2021.3.21.21301.305.7882.600002.6";"2021.3.21.21301.305.7882.600002.6";"2021.4225635.21301.1.600002.305.7882.46524.6";"Secretaria do Trabalho, Emprego, Renda e Esporte"
"2022.3.80.80102.900.8070.600027.6";"2022.3.80.80102.900.8070.600027.6";"2022.4588259.80102.0.600027.900.8070.57105.6";"Encargos Gerais do Estado"
"2024.3.8.8501.434.7894.600052.6";"2024.3.8.8501.434.7894.600052.6";"2024.5225682.8501.0.600052.434.7894.62312.6";"Secretaria de Infraestrutura Hídrica e Saneamento"
"2025.3.28.28101.405.5649.600043.6";"2025.3.28.28101.405.5649.600043.6";"2025.5673217.28101.0.600043.405.5649.90235.6";"Secretaria de Ciência, Tecnologia e Inovação"
"2025.3.38.38101.400.2170.600057.6";"2025.3.38.38101.400.2170.600057.6";"2025.5681065.38101.2.600057.400.2170.91415.6";"Secretaria de Justiça e Direitos Humanos"
"2026.3.18.18401.417.1399.600069.6";"2026.3.18.18401.417.1399.600069.6";"2026.6188816.18401.0.600069.417.1399.95496.6";"Secretaria de Desenvolvimento Rural"
"2026.3.28.28101.405.5649.600046.6";"2026.3.28.28101.405.5649.600046.6";"2026.6194145.11302.1.600046.405.5649.97011.6";"Secretaria de Ciência, Tecnologia e Inovação"
"2021.3.11.11201.306.7536.600006.6";"2021.3.11.11201.306.7536.600006.6";"2021.4542170.11201.1.600006.306.7536.51511.6";"Secretaria da Educação"
"2022.3.21.21301.305.1009.600003.6";"2022.3.21.21301.305.1009.600003.6";"2022.4577092.21301.0.600003.305.1009.51872.6";"Secretaria do Trabalho, Emprego, Renda e Esporte"
"2022.3.80.80102.900.8070.600018.6";"2022.3.80.80102.900.8070.600018.6";"2022.4572097.80102.0.600018.900.8070.51887.6";"Encargos Gerais do Estado"
"2023.3.80.80102.900.8070.600004.6";"2023.3.80.80102.900.8070.600004.6";"2023.4928710.80102.0.600004.900.8070.55818.6";"Encargos Gerais do Estado"
"2024.3.10.10501.446.3194.600053.6";"2024.3.10.10501.446.3194.600053.6";"2024.5216361.10501.0.600053.446.3194.62313.6";"Secretaria da Agricultura, Pecuária, Irrigação, Pesca e Aquicultura"
"2024.3.21.21301.414.7882.600042.6";"2024.3.21.21301.414.7882.600042.6";"2024.5212318.21301.0.600042.414.7882.62302.6";"Secretaria do Trabalho, Emprego, Renda e Esporte"
"2024.3.80.80102.900.8070.600061.6";"2024.3.80.80102.900.8070.600061.6";"2024.5225738.80102.0.600061.900.8070.91332.6";"Encargos Gerais do Estado"
"2025.3.11.11301.424.7863.600075.6";"2025.3.11.11301.424.7863.600075.6";"2025.5674283.11301.11.600075.424.7863.91385.6";"Secretaria da Educação"
"2025.3.21.21301.414.7882.600063.6";"2025.3.21.21301.414.7882.600063.6";"2025.5683952.21301.0.600063.414.7882.91446.6";"Secretaria do Trabalho, Emprego, Renda e Esporte"
"2025.3.26.26401.418.5112.600075.6";"2025.3.26.26401.418.5112.600075.6";"2025.5673225.26401.0.600075.418.5112.91385.6";"Secretaria de Desenvolvimento Urbano"
"2026.3.18.18101.417.1399.600105.6";"2026.3.18.18101.417.1399.600105.6";"2026.6196526.18401.1.600105.417.1399.97606.6";"Secretaria de Desenvolvimento Rural"
"2026.3.20.20801.437.7873.600071.6";"2026.3.20.20801.437.7873.600071.6";"2026.6190712.20801.0.600071.437.7873.97072.6";"Secretaria da Segurança Pública"
"2026.3.21.21101.413.5914.600043.6";"2026.3.21.21101.413.5914.600043.6";"2026.6191584.21101.0.600043.413.5914.95157.6";"Secretaria do Trabalho, Emprego, Renda e Esporte"
"2026.3.80.80102.900.8070.600004.6";"2026.3.80.80102.900.8070.600004.6";"2026.6187080.80102.0.600004.900.8070.97029.6";"Encargos Gerais do Estado"
"2026.3.80.80102.900.8070.600020.6";"2026.3.80.80102.900.8070.600020.6";"2026.6187113.80102.0.600020.900.8070.95144.6";"Encargos Gerais do Estado"
"2026.3.80.80102.900.8070.600050.6";"2026.3.80.80102.900.8070.600050.6";"2026.6187187.80102.0.600050.900.8070.97007.6";"Encargos Gerais do Estado"
"2022.3.26.26101.305.1162.600036.6";"2022.3.26.26401.305.1162.600036.6";"2022.4924989.26401.2.600036.305.1162.57114.6";"Secretaria de Desenvolvimento Urbano"
"2022.3.21.21301.305.7882.600013.6";"2022.3.21.21301.305.7882.600013.6";"2022.4577083.21301.0.600013.305.7882.51882.6";"Secretaria do Trabalho, Emprego, Renda e Esporte"
"2022.3.22.22101.302.7980.600005.6";"2022.3.22.22101.302.7980.600005.6";"2022.4590052.22202.1.600005.302.7980.51795.6";"Secretaria de Cultura"
"2022.3.22.22101.302.7986.600002.6";"2022.3.22.22101.302.7986.600002.6";"2022.4580516.22101.0.600002.302.7986.46893.6";"Secretaria de Cultura"
"2023.3.18.18401.304.7988.600004.6";"2023.3.18.18401.304.7988.600004.6";"2023.5093499.18401.1.600004.304.7988.53677.6";"Secretaria de Desenvolvimento Rural"
"2023.3.21.21301.308.5793.600004.6";"2023.3.21.21301.308.5793.600004.6";"2023.4937834.21301.1.600004.308.5793.55818.6";"Secretaria do Trabalho, Emprego, Renda e Esporte"
"2023.3.22.22101.302.7980.600005.6";"2023.3.22.22101.302.7980.600005.6";"2023.4935789.22202.1.600005.302.7980.55819.6";"Secretaria de Cultura"
"2023.3.22.22202.302.7986.600002.6";"2023.3.22.22202.302.7986.600002.6";"2023.4934342.22202.0.600002.302.7986.55816.6";"Secretaria de Cultura"
"2024.3.18.18401.417.1926.600023.6";"2024.3.18.18401.417.1926.600023.6";"2024.5210991.18401.1.600023.417.1926.61643.6";"Secretaria de Desenvolvimento Rural"
"2024.3.18.18401.417.7988.600042.6";"2024.3.18.18401.417.7988.600042.6";"2024.5211233.18401.0.600042.417.7988.62302.6";"Secretaria de Desenvolvimento Rural"
"2024.3.80.80102.900.8070.600019.6";"2024.3.80.80102.900.8070.600019.6";"2024.5208884.80102.0.600019.900.8070.61639.6";"Encargos Gerais do Estado"
"2024.3.80.80102.900.8070.600043.6";"2024.3.80.80102.900.8070.600043.6";"2024.5208833.80102.0.600043.900.8070.62303.6";"Encargos Gerais do Estado"
"2025.3.18.18101.417.1399.600105.6";"2025.3.18.18101.417.1399.600105.6";"2025.6181356.18101.0.600105.417.1399.97555.6";"Secretaria de Desenvolvimento Rural"
"2025.3.21.21101.414.7882.600014.6";"2025.3.21.21101.414.7882.600014.6";"2025.5670301.21101.0.600014.414.7882.90216.6";"Secretaria do Trabalho, Emprego, Renda e Esporte"
"2025.3.26.26401.418.5112.600075.6";"2025.3.26.26401.418.5112.600075.6";"2025.5673226.26401.0.600075.418.5112.91385.6";"Secretaria de Desenvolvimento Urbano"
"2026.3.11.11301.424.4048.600042.6";"2026.3.11.11301.424.4048.600042.6";"2026.6191975.11301.0.600042.424.4048.97016.6";"Secretaria da Educação"
"2026.3.80.80102.900.8070.600005.6";"2026.3.80.80102.900.8070.600005.6";"2026.6187086.80102.0.600005.900.8070.97030.6";"Encargos Gerais do Estado"
"2020.3.26.26101.305.1162.600000.6";"2020.3.26.26101.305.1162.600000.6";"2020.3893458.26101.0.600000.305.1162.46263.6";"Secretaria de Desenvolvimento Urbano"
"2022.3.24.24801.309.7911.600006.6";"2022.3.24.24801.309.7911.600006.6";"2022.4575120.24801.1.600006.309.7911.51875.6";"Secretaria de Infraestrutura"
"2022.3.80.80102.900.8070.600006.6";"2022.3.80.80102.900.8070.600006.6";"2022.4572053.80102.0.600006.900.8070.51875.6";"Encargos Gerais do Estado"
"2023.3.26.26401.305.1162.600032.6";"2023.3.26.26401.305.1162.600032.6";"2023.4933787.26401.1.600032.305.1162.57250.6";"Secretaria de Desenvolvimento Urbano"
"2024.3.22.22301.406.7857.600027.6";"2024.3.22.22301.406.7857.600027.6";"2024.5212863.22301.1.600027.406.7857.61645.6";"Secretaria de Cultura"
"2024.3.8.8501.434.7894.600052.6";"2024.3.8.8501.434.7894.600052.6";"2024.5659532.8501.2.600052.434.7894.62312.6";"Secretaria de Infraestrutura Hídrica e Saneamento"
"2024.3.80.80102.900.8070.600031.6";"2024.3.80.80102.900.8070.600031.6";"2024.5208790.80102.0.600031.900.8070.61618.6";"Encargos Gerais do Estado"
"2025.3.18.18101.417.1399.600105.6";"2025.3.18.18101.417.1399.600105.6";"2025.6181479.18401.1.600105.417.1399.97555.6";"Secretaria de Desenvolvimento Rural"
"2025.3.21.21301.414.1009.600051.6";"2025.3.21.21301.414.1009.600051.6";"2025.5679276.21301.0.600051.414.1009.90196.6";"Secretaria do Trabalho, Emprego, Renda e Esporte"
"2025.3.22.22101.406.2314.600028.6";"2025.3.22.22101.406.2314.600028.6";"2025.5669040.22101.0.600028.406.2314.90199.6";"Secretaria de Cultura"
"2025.3.22.22101.406.2314.600058.6";"2025.3.22.22101.406.2314.600058.6";"2025.5676997.22101.0.600058.406.2314.91461.6";"Secretaria de Cultura"
"2025.3.22.22101.406.3696.600058.6";"2025.3.22.22101.406.3696.600058.6";"2025.5675990.22101.1.600058.406.3696.91461.6";"Secretaria de Cultura"
"2025.3.24.24801.432.5138.600061.6";"2025.3.24.24801.432.5138.600061.6";"2025.5672642.24801.0.600061.432.5138.91454.6";"Secretaria de Infraestrutura"
"2025.3.26.26101.419.1158.600095.6";"2025.3.26.26101.419.1158.600095.6";"2025.6179258.26101.0.600095.419.1158.97535.6";"Secretaria de Desenvolvimento Urbano"
"2025.3.26.26101.419.5183.600043.6";"2025.3.26.26101.419.5183.600043.6";"2025.5672256.26101.0.600043.419.5183.90235.6";"Secretaria de Desenvolvimento Urbano"
"2025.3.32.32101.411.3701.600053.6";"2025.3.32.32101.411.3701.600053.6";"2025.5679322.32101.0.600053.411.3701.90185.6";"Secretaria de Turismo"
"2025.3.38.38101.400.2170.600057.6";"2025.3.38.38101.400.2170.600057.6";"2025.5681062.38101.0.600057.400.2170.91415.6";"Secretaria de Justiça e Direitos Humanos"
"2026.3.28.28101.405.5649.600046.6";"2026.3.28.28101.405.5649.600046.6";"2026.6190396.28101.1.600046.405.5649.97011.6";"Secretaria de Ciência, Tecnologia e Inovação"
"2020.3.18.18401.304.1399.600001.6";"2020.3.18.18401.304.1399.600001.6";"2020.3892989.18401.0.600001.304.1399.46264.6";"Secretaria de Desenvolvimento Rural"
"2021.3.18.18401.312.5040.600002.6";"2021.3.18.18401.312.5040.600002.6";"2021.4567813.18401.1.600002.312.5040.46524.6";"Secretaria de Desenvolvimento Rural"
"2022.3.12.12201.300.4365.600002.6";"2022.3.12.12201.300.4365.600002.6";"2022.4583291.12201.0.600002.300.4365.46893.6";"Secretaria de Justiça, Direitos Humanos e Desenvolvimento Social"
"2022.3.28.28101.301.7917.600009.6";"2022.3.28.28101.301.7917.600009.6";"2022.4575139.28101.1.600009.301.7917.51878.6";"Secretaria de Ciência, Tecnologia e Inovação"
"2023.3.20.20102.314.7877.600002.6";"2023.3.20.20102.314.7877.600002.6";"2023.4945682.20102.1.600002.314.7877.55816.6";"Secretaria da Segurança Pública"
"2023.3.38.38101.300.6953.600031.6";"2023.3.38.38101.300.6953.600031.6";"2023.5199131.38101.3.600031.300.6953.57303.6";"Secretaria de Justiça e Direitos Humanos"
"2024.3.11.11302.424.6908.600031.6";"2024.3.11.11302.424.6908.600031.6";"2024.5657249.11302.1.600031.424.6908.61618.6";"Secretaria da Educação"
"2024.3.20.20801.437.7877.600018.6";"2024.3.20.20801.437.7877.600018.6";"2024.5659357.20801.1.600018.437.7877.61638.6";"Secretaria da Segurança Pública"
"2024.3.21.21301.414.1009.600036.6";"2024.3.21.21301.414.1009.600036.6";"2024.5213263.21301.1.600036.414.1009.61619.6";"Secretaria do Trabalho, Emprego, Renda e Esporte"
"2024.3.22.22202.407.3294.600046.6";"2024.3.22.22202.407.3294.600046.6";"2024.5225699.22202.1.600046.407.3294.62306.6";"Secretaria de Cultura"
"2024.3.34.34101.429.4181.600043.6";"2024.3.34.34101.429.4181.600043.6";"2024.5326419.34101.1.600043.429.4181.62303.6";"Secretaria de Políticas para as Mulheres"
"2024.3.80.80102.900.8070.600056.6";"2024.3.80.80102.900.8070.600056.6";"2024.5208928.80102.0.600056.900.8070.62315.6";"Encargos Gerais do Estado"
"2025.3.18.18101.417.1399.600107.6";"2025.3.18.18101.417.1399.600107.6";"2025.6181357.18101.0.600107.417.1399.97559.6";"Secretaria de Desenvolvimento Rural"
"2025.3.26.26101.419.1162.600056.6";"2025.3.26.26101.419.1162.600056.6";"2025.5673352.26101.4.600056.419.1162.90187.6";"Secretaria de Desenvolvimento Urbano"
"2025.3.30.30101.426.4699.600060.6";"2025.3.30.30101.426.4699.600060.6";"2025.5672340.30101.2.600060.426.4699.91413.6";"Secretaria de Promoção da Igualdade Racial e dos Povos e Comunidades Tradicionais"
"2026.3.10.10101.417.5916.600111.6";"2026.3.10.10101.417.5916.600111.6";"2026.6186671.10101.1.600111.417.5916.97630.6";"Secretaria da Agricultura, Pecuária, Irrigação, Pesca e Aquicultura"
"2026.3.26.26101.419.1162.600081.6";"2026.3.26.26101.419.1162.600081.6";"2026.6195697.26101.0.600081.419.1162.97567.6";"Secretaria de Desenvolvimento Urbano"
"2026.3.38.38101.400.2505.600062.6";"2026.3.38.38101.400.2505.600062.6";"2026.6194232.38101.3.600062.400.2505.95497.6";"Secretaria de Justiça e Direitos Humanos"
"2026.3.10.10101.417.3146.600106.6";"2026.3.10.10501.417.3146.600106.6";"2026.6189182.10501.1.600106.417.3146.97608.6";"Secretaria da Agricultura, Pecuária, Irrigação, Pesca e Aquicultura"
"2020.3.26.26101.305.1162.600000.6";"2020.3.26.26101.305.1162.600000.6";"2020.3893460.26101.0.600000.305.1162.46263.6";"Secretaria de Desenvolvimento Urbano"
"2021.3.21.21301.305.7882.600003.6";"2021.3.21.21301.305.7882.600003.6";"2021.4542149.21301.1.600003.305.7882.51508.6";"Secretaria do Trabalho, Emprego, Renda e Esporte"
"2021.3.80.80102.900.8070.600003.6";"2021.3.80.80102.900.8070.600003.6";"2021.4233223.80102.0.600003.900.8070.51508.6";"Encargos Gerais do Estado"
"2022.3.11.11302.306.7863.600009.6";"2022.3.11.11302.306.7863.600009.6";"2022.4575505.11302.0.600009.306.7863.51878.6";"Secretaria da Educação"
"2022.3.18.18401.312.5040.600015.6";"2022.3.18.18401.312.5040.600015.6";"2022.4577026.18401.0.600015.312.5040.51884.6";"Secretaria de Desenvolvimento Rural"
"2022.3.34.34101.311.5558.600003.6";"2022.3.34.34101.311.5558.600003.6";"2022.4586880.34101.1.600003.311.5558.51872.6";"Secretaria de Políticas para as Mulheres"
"2022.3.80.80102.900.8070.600019.6";"2022.3.80.80102.900.8070.600019.6";"2022.4572101.80102.0.600019.900.8070.51888.6";"Encargos Gerais do Estado"
"2023.3.26.26101.305.1162.600009.6";"2023.3.26.26101.305.1162.600009.6";"2023.4946386.26401.2.600009.305.1162.55823.6";"Secretaria de Desenvolvimento Urbano"
"2024.3.24.24801.432.7911.600036.6";"2024.3.24.24801.432.7911.600036.6";"2024.5215674.24801.0.600036.432.7911.61619.6";"Secretaria de Infraestrutura"
"2024.3.26.26101.419.1158.600020.6";"2024.3.26.26101.419.1158.600020.6";"2024.5215397.26101.0.600020.419.1158.61640.6";"Secretaria de Desenvolvimento Urbano"
"2024.3.80.80102.900.8070.600015.6";"2024.3.80.80102.900.8070.600015.6";"2024.5208876.80102.0.600015.900.8070.61635.6";"Encargos Gerais do Estado"
"2025.3.11.11301.424.2443.600047.6";"2025.3.11.11301.424.2443.600047.6";"2025.5675158.11301.5.600047.424.2443.90183.6";"Secretaria da Educação"
"2025.3.21.21101.446.7850.600058.6";"2025.3.21.21101.446.7850.600058.6";"2025.5673611.21101.0.600058.446.7850.91461.6";"Secretaria do Trabalho, Emprego, Renda e Esporte"
"2025.3.21.21301.414.1009.600029.6";"2025.3.21.21301.414.1009.600029.6";"2025.5668945.21301.0.600029.414.1009.90228.6";"Secretaria do Trabalho, Emprego, Renda e Esporte"
"2025.3.26.26101.419.1162.600053.6";"2025.3.26.26101.419.1162.600053.6";"2025.5673350.26101.4.600053.419.1162.90185.6";"Secretaria de Desenvolvimento Urbano"
"2025.3.26.26101.419.1162.600057.6";"2025.3.26.26101.419.1162.600057.6";"2025.5674140.26101.4.600057.419.1162.91415.6";"Secretaria de Desenvolvimento Urbano"
"2025.3.26.26401.419.1162.600075.6";"2025.3.26.26401.419.1162.600075.6";"2025.5674956.26401.0.600075.419.1162.91385.6";"Secretaria de Desenvolvimento Urbano"
"2026.3.26.26101.419.5183.600042.6";"2026.3.26.26101.419.5183.600042.6";"2026.6194628.26401.2.600042.419.5183.97016.6";"Secretaria de Desenvolvimento Urbano"
"2024.3.18.18101.417.1399.600000.6";"2024.3.18.18401.417.1399.600000.6";"2024.5219347.18401.1.600000.417.1399.61620.6";"Secretaria de Desenvolvimento Rural"
"2026.3.28.28101.405.5649.600046.6";"2026.3.11.11302.405.5649.600046.6";"2026.6194143.28101.1.600046.405.5649.97011.6";"Secretaria da Educação"
"2021.3.18.18401.304.1399.600004.6";"2021.3.18.18401.304.1399.600004.6";"2021.4234813.18401.1.600004.304.1399.51509.6";"Secretaria de Desenvolvimento Rural"
"2022.3.11.11303.306.7867.600031.6";"2022.3.11.11303.306.7867.600031.6";"2022.4662256.11303.1.600031.306.7867.57109.6";"Secretaria da Educação"
"2022.3.80.80102.900.8070.600015.6";"2022.3.80.80102.900.8070.600015.6";"2022.4572091.80102.0.600015.900.8070.51884.6";"Encargos Gerais do Estado"
"2023.3.20.20801.314.7875.600006.6";"2023.3.20.20801.314.7875.600006.6";"2023.5200493.20801.50.600006.314.7875.55820.6";"Secretaria da Segurança Pública"
"2024.3.8.8501.434.7894.600052.6";"2024.3.8.8501.434.7894.600052.6";"2024.5227895.8501.2.600052.434.7894.62312.6";"Secretaria de Infraestrutura Hídrica e Saneamento"
"2025.3.10.10101.417.7385.600086.6";"2025.3.10.10101.417.7385.600086.6";"2025.6176675.10101.0.600086.417.7385.97522.6";"Secretaria da Agricultura, Pecuária, Irrigação, Pesca e Aquicultura"
"2025.3.32.32101.411.3701.600139.6";"2025.3.32.32101.411.3701.600139.6";"2025.6180135.32101.3.600139.411.3701.97691.6";"Secretaria de Turismo"
"2026.3.10.10501.417.5916.600036.6";"2026.3.10.10501.417.5916.600036.6";"2026.6190528.10501.0.600036.417.5916.97024.6";"Secretaria da Agricultura, Pecuária, Irrigação, Pesca e Aquicultura"
"2026.3.80.80102.900.8070.600013.6";"2026.3.80.80102.900.8070.600013.6";"2026.6187105.80102.0.600013.900.8070.95137.6";"Encargos Gerais do Estado"
"2023.3.26.26101.305.1162.600053.6";"2023.3.26.26401.305.1162.600053.6";"2023.5094579.26401.2.600053.305.1162.62127.6";"Secretaria de Desenvolvimento Urbano"
"2023.3.38.38201.300.4365.600002.6";"2023.3.32.32802.300.4365.600002.6";"2023.4934754.38201.1.600002.300.4365.55816.6";"Secretaria de Turismo"
"2021.3.11.11101.306.5262.600009.6";"2021.3.11.11101.306.5262.600009.6";"2021.4278510.11101.0.600009.306.5262.51514.6";"Secretaria da Educação"
"2021.3.21.21301.305.7882.600003.6";"2021.3.21.21301.305.7882.600003.6";"2021.4563537.21301.1.600003.305.7882.51508.6";"Secretaria do Trabalho, Emprego, Renda e Esporte"
"2023.3.11.11302.306.7871.600009.6";"2023.3.11.11302.306.7871.600009.6";"2023.4938157.11302.1.600009.306.7871.55823.6";"Secretaria da Educação"
"2023.3.28.28101.301.7917.600020.6";"2023.3.28.28101.301.7917.600020.6";"2023.4932380.28101.0.600020.301.7917.55834.6";"Secretaria de Ciência, Tecnologia e Inovação"
"2024.3.24.24801.432.7911.600048.6";"2024.3.24.24801.432.7911.600048.6";"2024.5226301.24801.0.600048.432.7911.62308.6";"Secretaria de Infraestrutura"
"2024.3.38.38101.400.2170.600042.6";"2024.3.38.38101.400.2170.600042.6";"2024.5207987.38101.3.600042.400.2170.62302.6";"Secretaria de Justiça e Direitos Humanos"
"2025.3.10.10101.417.7385.600054.6";"2025.3.10.10101.417.7385.600054.6";"2025.5673396.10101.1.600054.417.7385.90186.6";"Secretaria da Agricultura, Pecuária, Irrigação, Pesca e Aquicultura"
"2025.3.18.18101.417.7988.600119.6";"2025.3.18.18101.417.7988.600119.6";"2025.6181537.18401.1.600119.417.7988.97667.6";"Secretaria de Desenvolvimento Rural"
"2025.3.18.18401.417.1399.600105.6";"2025.3.18.18401.417.1399.600105.6";"2025.6179064.18401.0.600105.417.1399.97555.6";"Secretaria de Desenvolvimento Rural"
"2025.3.21.21301.414.5793.600071.6";"2025.3.21.21301.414.5793.600071.6";"2025.5670678.21301.0.600071.414.5793.91375.6";"Secretaria do Trabalho, Emprego, Renda e Esporte"
"2026.3.10.10101.417.5916.600159.6";"2026.3.10.10101.417.5916.600159.6";"2026.6186936.10101.1.600159.417.5916.97841.6";"Secretaria da Agricultura, Pecuária, Irrigação, Pesca e Aquicultura"
"2026.3.18.18401.417.1399.600069.6";"2026.3.18.18401.417.1399.600069.6";"2026.6188815.18401.0.600069.417.1399.95496.6";"Secretaria de Desenvolvimento Rural"
"2021.3.10.10101.304.7385.600002.6";"2021.3.10.10101.304.7385.600002.6";"2021.4224573.10101.1.600002.304.7385.46524.6";"Secretaria da Agricultura, Pecuária, Irrigação, Pesca e Aquicultura"
"2021.3.11.11101.306.5258.600009.6";"2021.3.11.11101.306.5258.600009.6";"2021.4278549.11101.1.600009.306.5258.51514.6";"Secretaria da Educação"
"2021.3.17.17301.315.2064.600011.6";"2021.3.17.17301.315.2064.600011.6";"2021.4332280.17301.0.600011.315.2064.51516.6";"Secretaria do Planejamento"
"2022.3.10.10101.304.7385.600000.6";"2022.3.10.10101.304.7385.600000.6";"2022.4586287.10101.1.600000.304.7385.51324.6";"Secretaria da Agricultura, Pecuária, Irrigação, Pesca e Aquicultura"
"2022.3.18.18401.304.1399.600033.6";"2022.3.18.18401.304.1399.600033.6";"2022.4588788.18401.0.600033.304.1399.57111.6";"Secretaria de Desenvolvimento Rural"
"2022.3.26.26101.305.1158.600000.6";"2022.3.26.26101.305.1158.600000.6";"2022.4922692.26101.4.600000.305.1158.51324.6";"Secretaria de Desenvolvimento Urbano"
"2022.3.34.34101.311.5558.600002.6";"2022.3.34.34101.311.5558.600002.6";"2022.4586933.34101.1.600002.311.5558.46893.6";"Secretaria de Políticas para as Mulheres"
"2022.3.34.34101.311.5558.600002.6";"2022.3.34.34101.311.5558.600002.6";"2022.4586934.34101.0.600002.311.5558.46893.6";"Secretaria de Políticas para as Mulheres"
"2022.3.80.80102.900.8070.600020.6";"2022.3.80.80102.900.8070.600020.6";"2022.4578488.80102.0.600020.900.8070.51810.6";"Encargos Gerais do Estado"
"2023.3.11.11301.306.4048.600009.6";"2023.3.11.11301.306.4048.600009.6";"2023.4940388.11301.16.600009.306.4048.55823.6";"Secretaria da Educação"
"2023.3.11.11302.306.7867.600031.6";"2023.3.11.11302.306.7867.600031.6";"2023.4934720.11302.0.600031.306.7867.57248.6";"Secretaria da Educação"
"2023.3.38.38101.300.2170.600005.6";"2023.3.38.38101.300.2170.600005.6";"2023.4935041.38101.3.600005.300.2170.55819.6";"Secretaria de Justiça e Direitos Humanos"
"2023.3.80.80102.900.8070.600022.6";"2023.3.80.80102.900.8070.600022.6";"2023.4928744.80102.0.600022.900.8070.55836.6";"Encargos Gerais do Estado"
"2024.3.21.21301.414.5793.600059.6";"2024.3.21.21301.414.5793.600059.6";"2024.5226259.21301.1.600059.414.5793.91326.6";"Secretaria do Trabalho, Emprego, Renda e Esporte"
"2025.3.10.10501.417.5916.600031.6";"2025.3.10.10501.417.5916.600031.6";"2025.5671116.10501.1.600031.417.5916.90200.6";"Secretaria da Agricultura, Pecuária, Irrigação, Pesca e Aquicultura"
"2025.3.18.18101.417.1399.600135.6";"2025.3.18.18101.417.1399.600135.6";"2025.6181431.18101.3.600135.417.1399.97695.6";"Secretaria de Desenvolvimento Rural"
"2025.3.18.18401.417.1399.600059.6";"2025.3.18.18401.417.1399.600059.6";"2025.5671904.18401.1.600059.417.1399.91468.6";"Secretaria de Desenvolvimento Rural"
"2025.3.24.24801.432.7911.600061.6";"2025.3.24.24801.432.7911.600061.6";"2025.6179974.24801.0.600061.432.7911.91454.6";"Secretaria de Infraestrutura"
"2026.3.22.22301.407.5521.600034.6";"2026.3.22.22301.407.5521.600034.6";"2026.6190974.22301.1.600034.407.5521.95154.6";"Secretaria de Cultura"
"2026.3.26.26101.419.1162.600043.6";"2026.3.26.26101.419.1162.600043.6";"2026.6195953.26101.4.600043.419.1162.95157.6";"Secretaria de Desenvolvimento Urbano"
"2026.3.26.26101.419.5183.600042.6";"2026.3.26.26101.419.5183.600042.6";"2026.6191932.26101.0.600042.419.5183.97016.6";"Secretaria de Desenvolvimento Urbano"
"2026.3.18.18101.417.1399.600155.6";"2026.3.18.18401.417.1399.600155.6";"2026.6196636.18401.1.600155.417.1399.97932.6";"Secretaria de Desenvolvimento Rural"
"2021.3.24.24801.309.7911.600000.6";"2021.3.24.24801.309.7911.600000.6";"2021.4224248.24801.0.600000.309.7911.46473.6";"Secretaria de Infraestrutura"
"2021.3.80.80102.900.8070.600021.6";"2021.3.80.80102.900.8070.600021.6";"2021.4564352.80102.0.600021.900.8070.51574.6";"Encargos Gerais do Estado"
"2022.3.22.22101.302.7986.600002.6";"2022.3.22.22101.302.7986.600002.6";"2022.4580560.22101.1.600002.302.7986.46893.6";"Secretaria de Cultura"
"2024.3.21.21101.414.7882.600014.6";"2024.3.21.21101.414.7882.600014.6";"2024.5213778.21101.0.600014.414.7882.61634.6";"Secretaria do Trabalho, Emprego, Renda e Esporte"
"2024.3.26.26101.419.1162.600025.6";"2024.3.26.26101.419.1162.600025.6";"2024.5219217.26101.0.600025.419.1162.61644.6";"Secretaria de Desenvolvimento Urbano"
"2024.3.80.80102.900.8070.600000.6";"2024.3.80.80102.900.8070.600000.6";"2024.5208794.80102.0.600000.900.8070.61620.6";"Encargos Gerais do Estado"
"2024.3.80.80102.900.8070.600012.6";"2024.3.80.80102.900.8070.600012.6";"2024.5208862.80102.0.600012.900.8070.61632.6";"Encargos Gerais do Estado"
"2025.3.18.18401.417.1399.600046.6";"2025.3.18.18401.417.1399.600046.6";"2025.5678353.18401.0.600046.417.1399.90188.6";"Secretaria de Desenvolvimento Rural"
"2025.3.20.20801.437.7873.600088.6";"2025.3.20.20801.437.7873.600088.6";"2025.6180307.20801.72.600088.437.7873.97525.6";"Secretaria da Segurança Pública"
"2025.3.21.21301.414.4997.600045.6";"2025.3.21.21301.414.4997.600045.6";"2025.5670350.21301.0.600045.414.4997.90194.6";"Secretaria do Trabalho, Emprego, Renda e Esporte"
"2025.3.26.26401.419.1162.600039.6";"2025.3.26.26401.419.1162.600039.6";"2025.5670588.26401.1.600039.419.1162.90190.6";"Secretaria de Desenvolvimento Urbano"
"2025.3.80.80102.900.8070.600078.6";"2025.3.80.80102.900.8070.600078.6";"2025.5665688.80102.0.600078.900.8070.91419.6";"Encargos Gerais do Estado"
"2026.3.10.10101.417.7385.600086.6";"2026.3.10.10101.417.7385.600086.6";"2026.6187580.10101.0.600086.417.7385.97572.6";"Secretaria da Agricultura, Pecuária, Irrigação, Pesca e Aquicultura"
"2026.3.11.11301.424.4048.600042.6";"2026.3.11.11301.424.4048.600042.6";"2026.6192953.11301.16.600042.424.4048.97016.6";"Secretaria da Educação"
"2026.3.18.18101.417.1399.600059.6";"2026.3.18.18101.417.1399.600059.6";"2026.6191062.18101.3.600059.417.1399.95494.6";"Secretaria de Desenvolvimento Rural"
"2026.3.18.18401.417.1399.600077.6";"2026.3.18.18401.417.1399.600077.6";"2026.6188869.18401.1.600077.417.1399.97088.6";"Secretaria de Desenvolvimento Rural"
"2026.3.21.21101.413.6672.600090.6";"2026.3.21.21101.413.6672.600090.6";"2026.6191595.21101.0.600090.413.6672.97576.6";"Secretaria do Trabalho, Emprego, Renda e Esporte"
"2026.3.32.32101.411.3701.600050.6";"2026.3.32.32101.411.3701.600050.6";"2026.6195159.32101.3.600050.411.3701.97007.6";"Secretaria de Turismo"
"2026.3.80.80102.900.8070.600001.6";"2026.3.80.80102.900.8070.600001.6";"2026.6187071.80102.0.600001.900.8070.97026.6";"Encargos Gerais do Estado"
"2026.3.10.10101.417.5935.600162.6";"2026.3.10.10501.417.5935.600162.6";"2026.6194002.10501.1.600162.417.5935.97908.6";"Secretaria da Agricultura, Pecuária, Irrigação, Pesca e Aquicultura"
"2023.3.22.22101.302.7857.600031.6";"2023.3.22.22202.302.7857.600031.6";"2023.4933943.22101.1.600031.302.7857.57248.6";"Secretaria de Cultura"
"2022.3.21.21301.305.1009.600036.6";"2022.3.21.21301.305.1009.600036.6";"2022.4923485.21301.1.600036.305.1009.57114.6";"Secretaria do Trabalho, Emprego, Renda e Esporte"
"2023.3.80.80102.900.8070.600030.6";"2023.3.80.80102.900.8070.600030.6";"2023.4928754.80102.0.600030.900.8070.57246.6";"Encargos Gerais do Estado"
"2024.3.18.18401.417.1926.600023.6";"2024.3.18.18401.417.1926.600023.6";"2024.5210966.18401.0.600023.417.1926.61643.6";"Secretaria de Desenvolvimento Rural"
"2024.3.21.21301.414.1009.600038.6";"2024.3.21.21301.414.1009.600038.6";"2024.5212324.21301.0.600038.414.1009.61652.6";"Secretaria do Trabalho, Emprego, Renda e Esporte"
"2024.3.21.21301.414.5793.600004.6";"2024.3.21.21301.414.5793.600004.6";"2024.5212541.21301.1.600004.414.5793.61624.6";"Secretaria do Trabalho, Emprego, Renda e Esporte"
"2024.3.26.26101.419.1158.600020.6";"2024.3.26.26101.419.1158.600020.6";"2024.5225943.26101.4.600020.419.1158.61640.6";"Secretaria de Desenvolvimento Urbano"
"2024.3.34.34101.446.3194.600005.6";"2024.3.34.34101.446.3194.600005.6";"2024.5657440.34101.0.600005.446.3194.61590.6";"Secretaria de Políticas para as Mulheres"
"2025.3.18.18101.417.1399.600056.6";"2025.3.18.18101.417.1399.600056.6";"2025.5675172.18101.0.600056.417.1399.90187.6";"Secretaria de Desenvolvimento Rural"
"2025.3.18.18401.417.1399.600045.6";"2025.3.18.18401.417.1399.600045.6";"2025.5670666.18401.0.600045.417.1399.90194.6";"Secretaria de Desenvolvimento Rural"
"2025.3.20.20801.437.7875.600006.6";"2025.3.20.20801.437.7875.600006.6";"2025.5669814.20801.0.600006.437.7875.90208.6";"Secretaria da Segurança Pública"
"2025.3.21.21301.414.4997.600045.6";"2025.3.21.21301.414.4997.600045.6";"2025.5670580.21301.1.600045.414.4997.90194.6";"Secretaria do Trabalho, Emprego, Renda e Esporte"
"2025.3.21.21301.414.7882.600073.6";"2025.3.21.21301.414.7882.600073.6";"2025.5675466.21301.0.600073.414.7882.91387.6";"Secretaria do Trabalho, Emprego, Renda e Esporte"
"2025.3.30.30101.426.4034.600043.6";"2025.3.30.30101.426.4034.600043.6";"2025.5672654.30101.0.600043.426.4034.90235.6";"Secretaria de Promoção da Igualdade Racial e dos Povos e Comunidades Tradicionais"
"2026.3.11.11301.424.2443.600047.6";"2026.3.11.11301.424.2443.600047.6";"2026.6192219.11301.0.600047.424.2443.97006.6";"Secretaria da Educação"
"2026.3.11.11301.424.2443.600047.6";"2026.3.11.11301.424.2443.600047.6";"2026.6192403.11301.5.600047.424.2443.97006.6";"Secretaria da Educação"
"2026.3.11.11301.424.2443.600047.6";"2026.3.11.11301.424.2443.600047.6";"2026.6192405.11301.5.600047.424.2443.97006.6";"Secretaria da Educação"
"2026.3.11.11301.424.2443.600047.6";"2026.3.11.11301.424.2443.600047.6";"2026.6192407.11301.5.600047.424.2443.97006.6";"Secretaria da Educação"
"2026.3.18.18401.417.1399.600073.6";"2026.3.18.18401.417.1399.600073.6";"2026.6188675.18401.1.600073.417.1399.97084.6";"Secretaria de Desenvolvimento Rural"
"2026.3.22.22201.406.2314.600067.6";"2026.3.22.22201.406.2314.600067.6";"2026.6196377.22201.0.600067.406.2314.97083.6";"Secretaria de Cultura"
"2026.3.39.39601.402.2284.600083.6";"2026.3.39.39601.402.2284.600083.6";"2026.6195592.39601.1.600083.402.2284.97488.6";"Secretaria de Assistência e Desenvolvimento Social"
"2026.3.80.80102.900.8070.600018.6";"2026.3.80.80102.900.8070.600018.6";"2026.6187111.80102.0.600018.900.8070.95142.6";"Encargos Gerais do Estado"
"2026.3.80.80102.900.8070.600025.6";"2026.3.80.80102.900.8070.600025.6";"2026.6187119.80102.0.600025.900.8070.95148.6";"Encargos Gerais do Estado"
"2022.3.22.22101.302.7980.600005.6";"2022.3.22.22202.302.7980.600005.6";"2022.4924779.22202.1.600005.302.7980.51795.6";"Secretaria de Cultura"
"2021.3.12.12101.300.2170.600009.6";"2021.3.12.12101.300.2170.600009.6";"2021.4234314.12101.0.600009.300.2170.51514.6";"Secretaria de Justiça, Direitos Humanos e Desenvolvimento Social"
"2021.3.80.80102.900.8070.600004.6";"2021.3.80.80102.900.8070.600004.6";"2021.4233225.80102.0.600004.900.8070.51509.6";"Encargos Gerais do Estado"
"2022.3.21.21101.308.5917.600004.6";"2022.3.21.21101.308.5917.600004.6";"2022.4575135.21101.7.600004.308.5917.51873.6";"Secretaria do Trabalho, Emprego, Renda e Esporte"
"2022.3.34.34101.311.5549.600003.6";"2022.3.34.34101.311.5549.600003.6";"2022.4576492.34101.1.600003.311.5549.51872.6";"Secretaria de Políticas para as Mulheres"
"2023.3.11.11301.306.4048.600009.6";"2023.3.11.11301.306.4048.600009.6";"2023.4940321.11301.0.600009.306.4048.55823.6";"Secretaria da Educação"
"2023.3.28.28101.301.7917.600020.6";"2023.3.28.28101.301.7917.600020.6";"2023.4932897.28101.1.600020.301.7917.55834.6";"Secretaria de Ciência, Tecnologia e Inovação"
"2023.3.38.38101.300.2170.600042.6";"2023.3.38.38101.300.2170.600042.6";"2023.5090905.38101.1.600042.300.2170.62132.6";"Secretaria de Justiça e Direitos Humanos"
"2024.3.10.10101.417.7385.600053.6";"2024.3.10.10101.417.7385.600053.6";"2024.5225282.10101.1.600053.417.7385.62313.6";"Secretaria da Agricultura, Pecuária, Irrigação, Pesca e Aquicultura"
"2024.3.26.26401.419.1162.600030.6";"2024.3.26.26401.419.1162.600030.6";"2024.5219253.26401.1.600030.419.1162.61647.6";"Secretaria de Desenvolvimento Urbano"
"2025.3.11.11301.424.2443.600047.6";"2025.3.11.11301.424.2443.600047.6";"2025.5673810.11301.1.600047.424.2443.90183.6";"Secretaria da Educação"
"2025.3.11.11301.424.4048.600059.6";"2025.3.11.11301.424.4048.600059.6";"2025.5670498.11301.16.600059.424.4048.91468.6";"Secretaria da Educação"
"2025.3.11.11302.424.7867.600031.6";"2025.3.11.11302.424.7867.600031.6";"2025.5671274.11302.0.600031.424.7867.90200.6";"Secretaria da Educação"
"2025.3.26.26401.419.1162.600075.6";"2025.3.26.26401.419.1162.600075.6";"2025.5675355.26401.1.600075.419.1162.91385.6";"Secretaria de Desenvolvimento Urbano"
"2025.3.80.80102.900.8070.600037.6";"2025.3.80.80102.900.8070.600037.6";"2025.5665792.80102.0.600037.900.8070.90233.6";"Encargos Gerais do Estado"
"2026.3.18.18101.417.1399.600099.6";"2026.3.18.18101.417.1399.600099.6";"2026.6196522.18101.3.600099.417.1399.97593.6";"Secretaria de Desenvolvimento Rural"
"2026.3.28.28101.405.5253.600046.6";"2026.3.28.28101.405.5253.600046.6";"2026.6189627.28101.0.600046.405.5253.97011.6";"Secretaria de Ciência, Tecnologia e Inovação"
"2020.3.20.20102.314.7877.600002.6";"2020.3.20.20102.314.7877.600002.6";"2020.4218767.20102.1.600002.314.7877.46265.6";"Secretaria da Segurança Pública"
"2021.3.12.12201.300.4365.600002.6";"2021.3.12.12201.300.4365.600002.6";"2021.4224466.12201.1.600002.300.4365.46524.6";"Secretaria de Justiça, Direitos Humanos e Desenvolvimento Social"
"2022.3.12.12101.300.2170.600025.6";"2022.3.12.12101.300.2170.600025.6";"2022.4588787.12101.0.600025.300.2170.57103.6";"Secretaria de Justiça, Direitos Humanos e Desenvolvimento Social"
"2023.3.10.10101.304.7385.600036.6";"2023.3.10.10101.304.7385.600036.6";"2023.4935798.10101.1.600036.304.7385.57254.6";"Secretaria da Agricultura, Pecuária, Irrigação, Pesca e Aquicultura"
"2023.3.18.18401.304.1399.600033.6";"2023.3.18.18401.304.1399.600033.6";"2023.4934368.18401.0.600033.304.1399.57252.6";"Secretaria de Desenvolvimento Rural"
"2023.3.22.22101.302.7980.600005.6";"2023.3.22.22101.302.7980.600005.6";"2023.4938010.22101.1.600005.302.7980.55819.6";"Secretaria de Cultura"
"2023.3.32.32802.303.5893.600042.6";"2023.3.32.32802.303.5893.600042.6";"2023.5092867.32802.1.600042.303.5893.62132.6";"Secretaria de Turismo"
"2023.3.9.9301.314.3450.600034.6";"2023.3.9.9301.314.3450.600034.6";"2023.4934452.9301.1.600034.314.3450.57253.6";"Secretaria da Administração"
"2024.3.21.21301.414.5793.600059.6";"2024.3.21.21301.414.5793.600059.6";"2024.5226192.21301.0.600059.414.5793.91326.6";"Secretaria do Trabalho, Emprego, Renda e Esporte"
"2024.3.22.22101.406.6903.600046.6";"2024.3.22.22101.406.6903.600046.6";"2024.5223155.22101.0.600046.406.6903.62306.6";"Secretaria de Cultura"
"2024.3.30.30101.426.3289.600063.6";"2024.3.30.30101.426.3289.600063.6";"2024.5232477.30101.0.600063.426.3289.91323.6";"Secretaria de Promoção da Igualdade Racial e dos Povos e Comunidades Tradicionais"
"2025.3.11.11101.425.7744.600064.6";"2025.3.11.11101.425.7744.600064.6";"2025.5668686.11101.38.600064.425.7744.91398.6";"Secretaria da Educação"
"2025.3.18.18101.417.1399.600056.6";"2025.3.18.18101.417.1399.600056.6";"2025.5675441.18401.1.600056.417.1399.90187.6";"Secretaria de Desenvolvimento Rural"
"2025.3.18.18401.417.1399.600042.6";"2025.3.18.18401.417.1399.600042.6";"2025.5678415.18401.0.600042.417.1399.90193.6";"Secretaria de Desenvolvimento Rural"
"2025.3.21.21301.414.1009.600013.6";"2025.3.21.21301.414.1009.600013.6";"2025.5674975.21301.0.600013.414.1009.90215.6";"Secretaria do Trabalho, Emprego, Renda e Esporte"
"2025.3.21.21301.414.1009.600029.6";"2025.3.21.21301.414.1009.600029.6";"2025.5668942.21301.1.600029.414.1009.90228.6";"Secretaria do Trabalho, Emprego, Renda e Esporte"
"2025.3.26.26401.419.1162.600056.6";"2025.3.26.26401.419.1162.600056.6";"2025.5673219.26401.0.600056.419.1162.90187.6";"Secretaria de Desenvolvimento Urbano"
"2025.3.26.26401.419.5183.600052.6";"2025.3.26.26401.419.5183.600052.6";"2025.5681170.26401.0.600052.419.5183.90197.6";"Secretaria de Desenvolvimento Urbano"
"2025.3.38.38101.400.2170.600065.6";"2025.3.38.38101.400.2170.600065.6";"2025.5679869.38101.0.600065.400.2170.91466.6";"Secretaria de Justiça e Direitos Humanos"
"2026.3.26.26101.419.1162.600006.6";"2026.3.26.26101.419.1162.600006.6";"2026.6190829.26101.4.600006.419.1162.97031.6";"Secretaria de Desenvolvimento Urbano"
"2026.3.32.32802.411.5893.600170.6";"2026.3.32.32802.411.5893.600170.6";"2026.6188283.32802.0.600170.411.5893.97930.6";"Secretaria de Turismo"
"2026.3.38.38101.400.2170.600066.6";"2026.3.38.38101.400.2170.600066.6";"2026.6193808.38101.0.600066.400.2170.95354.6";"Secretaria de Justiça e Direitos Humanos"
"2026.3.80.80102.900.8070.600031.6";"2026.3.80.80102.900.8070.600031.6";"2026.6187137.80102.0.600031.900.8070.97023.6";"Encargos Gerais do Estado"
"2025.3.26.26101.419.1162.600042.6";"2025.3.26.26401.419.1162.600042.6";"2025.5669675.26101.4.600042.419.1162.90193.6";"Secretaria de Desenvolvimento Urbano"
"2021.3.11.11201.306.7536.600016.6";"2021.3.11.11201.306.7536.600016.6";"2021.4234084.11201.0.600016.306.7536.51521.6";"Secretaria da Educação"
"2022.3.18.18401.304.1399.600028.6";"2022.3.18.18401.304.1399.600028.6";"2022.4588623.18401.0.600028.304.1399.57106.6";"Secretaria de Desenvolvimento Rural"
"2022.3.34.34101.311.5549.600003.6";"2022.3.34.34101.311.5549.600003.6";"2022.4576491.34101.0.600003.311.5549.51872.6";"Secretaria de Políticas para as Mulheres"
"2023.3.38.38101.300.2170.600025.6";"2023.3.38.38101.300.2170.600025.6";"2023.4939397.38101.0.600025.300.2170.57298.6";"Secretaria de Justiça e Direitos Humanos"
"2024.3.10.10501.417.5916.600036.6";"2024.3.10.10501.417.5916.600036.6";"2024.5220993.10501.1.600036.417.5916.61619.6";"Secretaria da Agricultura, Pecuária, Irrigação, Pesca e Aquicultura"
"2024.3.11.11301.424.4048.600059.6";"2024.3.11.11301.424.4048.600059.6";"2024.5226240.11301.0.600059.424.4048.91326.6";"Secretaria da Educação"
"2024.3.15.15101.409.2059.600046.6";"2024.3.15.15101.409.2059.600046.6";"2024.5659040.15101.1.600046.409.2059.62306.6";"Secretaria de Desenvolvimento Econômico"
"2024.3.18.18101.416.7289.600034.6";"2024.3.18.18101.416.7289.600034.6";"2024.5212423.18101.3.600034.416.7289.61650.6";"Secretaria de Desenvolvimento Rural"
"2025.3.11.11301.424.2443.600047.6";"2025.3.11.11301.424.2443.600047.6";"2025.5673575.11301.0.600047.424.2443.90183.6";"Secretaria da Educação"
"2025.3.11.11301.424.2443.600047.6";"2025.3.11.11301.424.2443.600047.6";"2025.5675155.11301.5.600047.424.2443.90183.6";"Secretaria da Educação"
"2025.3.11.11301.424.2443.600047.6";"2025.3.11.11301.424.2443.600047.6";"2025.5675156.11301.5.600047.424.2443.90183.6";"Secretaria da Educação"
"2025.3.18.18101.416.7289.600034.6";"2025.3.18.18101.416.7289.600034.6";"2025.5669262.18101.3.600034.416.7289.90232.6";"Secretaria de Desenvolvimento Rural"
"2025.3.18.18401.417.1399.600038.6";"2025.3.18.18401.417.1399.600038.6";"2025.5678417.18401.0.600038.417.1399.90234.6";"Secretaria de Desenvolvimento Rural"
"2025.3.22.22101.406.7980.600071.6";"2025.3.22.22101.406.7980.600071.6";"2025.5668575.22101.1.600071.406.7980.91375.6";"Secretaria de Cultura"
"2025.3.39.39101.403.5445.600038.6";"2025.3.39.39101.403.5445.600038.6";"2025.5671059.39101.0.600038.403.5445.90234.6";"Secretaria de Assistência e Desenvolvimento Social"
"2025.3.80.80102.900.8070.600061.6";"2025.3.80.80102.900.8070.600061.6";"2025.5665600.80102.0.600061.900.8070.91454.6";"Encargos Gerais do Estado"
"2026.3.11.11301.424.4048.600059.6";"2026.3.11.11301.424.4048.600059.6";"2026.6192956.11301.16.600059.424.4048.95494.6";"Secretaria da Educação"
"2025.3.22.22101.406.2314.600046.6";"2025.3.22.22201.406.2314.600046.6";"2025.5676837.22101.1.600046.406.2314.90188.6";"Secretaria de Cultura"
"2021.3.18.18401.312.5040.600013.6";"2021.3.18.18401.312.5040.600013.6";"2021.4233898.18401.0.600013.312.5040.51518.6";"Secretaria de Desenvolvimento Rural"
"2022.3.18.18401.304.1399.600010.6";"2022.3.18.18401.304.1399.600010.6";"2022.4575602.18401.1.600010.304.1399.51879.6";"Secretaria de Desenvolvimento Rural"
"2022.3.18.18401.304.1399.600025.6";"2022.3.18.18401.304.1399.600025.6";"2022.4588619.18401.1.600025.304.1399.57103.6";"Secretaria de Desenvolvimento Rural"
"2022.3.21.21301.305.7974.600003.6";"2022.3.21.21301.305.7974.600003.6";"2022.4575408.21301.0.600003.305.7974.51872.6";"Secretaria do Trabalho, Emprego, Renda e Esporte"
"2022.3.9.9801.315.1340.600023.6";"2022.3.9.9801.315.1340.600023.6";"2022.4578456.9801.0.600023.315.1340.51949.6";"Secretaria da Administração"
"2023.3.22.22101.302.2314.600036.6";"2023.3.22.22101.302.2314.600036.6";"2023.4931572.22101.0.600036.302.2314.57254.6";"Secretaria de Cultura"
"2023.3.28.28101.301.7917.600036.6";"2023.3.28.28101.301.7917.600036.6";"2023.4932899.28101.1.600036.301.7917.57254.6";"Secretaria de Ciência, Tecnologia e Inovação"
"2024.3.11.11301.424.4048.600059.6";"2024.3.11.11301.424.4048.600059.6";"2024.5226243.11301.1.600059.424.4048.91326.6";"Secretaria da Educação"
"2025.3.11.11301.424.2443.600146.6";"2025.3.11.11301.424.2443.600146.6";"2025.6179253.11301.0.600146.424.2443.97707.6";"Secretaria da Educação"
"2025.3.21.21101.413.5917.600006.6";"2025.3.21.21101.413.5917.600006.6";"2025.5671096.21101.0.600006.413.5917.90208.6";"Secretaria do Trabalho, Emprego, Renda e Esporte"
"2026.3.10.10101.417.7244.600104.6";"2026.3.10.10101.417.7244.600104.6";"2026.6189061.10101.1.600104.417.7244.97604.6";"Secretaria da Agricultura, Pecuária, Irrigação, Pesca e Aquicultura"
"2026.3.10.10501.417.6608.600065.6";"2026.3.10.10501.417.6608.600065.6";"2026.6190526.10501.0.600065.417.6608.95382.6";"Secretaria da Agricultura, Pecuária, Irrigação, Pesca e Aquicultura"
"2026.3.21.21101.413.6672.600097.6";"2026.3.21.21101.413.6672.600097.6";"2026.6191676.21101.7.600097.413.6672.97590.6";"Secretaria do Trabalho, Emprego, Renda e Esporte"
"2026.3.80.80102.900.8070.600046.6";"2026.3.80.80102.900.8070.600046.6";"2026.6187176.80102.0.600046.900.8070.97011.6";"Encargos Gerais do Estado"
"2025.3.22.22101.406.2314.600065.6";"2025.3.22.22201.406.2314.600065.6";"2025.5677011.22101.1.600065.406.2314.91466.6";"Secretaria de Cultura"
"2021.3.24.24801.309.7911.600006.6";"2021.3.24.24801.309.7911.600006.6";"2021.4563695.24801.1.600006.309.7911.51511.6";"Secretaria de Infraestrutura"
"2022.3.11.11101.306.7744.600020.6";"2022.3.11.11101.306.7744.600020.6";"2022.4582453.11101.38.600020.306.7744.51889.6";"Secretaria da Educação"
"2022.3.21.21301.314.4565.600000.6";"2022.3.21.21301.314.4565.600000.6";"2022.4923477.21301.0.600000.314.4565.51324.6";"Secretaria do Trabalho, Emprego, Renda e Esporte"
"2023.3.21.21301.305.1009.600029.6";"2023.3.21.21301.305.1009.600029.6";"2023.4937832.21301.1.600029.305.1009.57244.6";"Secretaria do Trabalho, Emprego, Renda e Esporte"
"2023.3.80.80102.900.8070.600053.6";"2023.3.80.80102.900.8070.600053.6";"2023.4952611.80102.0.600053.900.8070.62127.6";"Encargos Gerais do Estado"
"2024.3.38.38101.400.2170.600046.6";"2024.3.38.38101.400.2170.600046.6";"2024.5207989.38101.3.600046.400.2170.62306.6";"Secretaria de Justiça e Direitos Humanos"
"2025.3.18.18401.417.1399.600033.6";"2025.3.18.18401.417.1399.600033.6";"2025.5669854.18401.0.600033.417.1399.90231.6";"Secretaria de Desenvolvimento Rural"
"2025.3.18.18401.417.1399.600038.6";"2025.3.18.18401.417.1399.600038.6";"2025.5673250.18401.1.600038.417.1399.90234.6";"Secretaria de Desenvolvimento Rural"
"2025.3.21.21101.413.5917.600027.6";"2025.3.21.21101.413.5917.600027.6";"2025.5669030.21101.0.600027.413.5917.90227.6";"Secretaria do Trabalho, Emprego, Renda e Esporte"
"2025.3.22.22202.406.7980.600046.6";"2025.3.22.22202.406.7980.600046.6";"2025.5675488.22202.1.600046.406.7980.90188.6";"Secretaria de Cultura"
"2025.3.80.80102.900.8070.600031.6";"2025.3.80.80102.900.8070.600031.6";"2025.5665780.80102.0.600031.900.8070.90200.6";"Encargos Gerais do Estado"
"2026.3.18.18101.417.1399.600155.6";"2026.3.18.18101.417.1399.600155.6";"2026.6196467.18101.0.600155.417.1399.97932.6";"Secretaria de Desenvolvimento Rural"
"2026.3.18.18101.417.1399.600157.6";"2026.3.18.18101.417.1399.600157.6";"2026.6196643.18101.3.600157.417.1399.97923.6";"Secretaria de Desenvolvimento Rural"
"2026.3.21.21101.413.5917.600058.6";"2026.3.21.21101.413.5917.600058.6";"2026.6191577.21101.0.600058.413.5917.95377.6";"Secretaria do Trabalho, Emprego, Renda e Esporte"
"2026.3.21.21101.446.7850.600058.6";"2026.3.21.21101.446.7850.600058.6";"2026.6191641.21101.0.600058.446.7850.95377.6";"Secretaria do Trabalho, Emprego, Renda e Esporte"
"2026.3.26.26101.419.5183.600042.6";"2026.3.26.26401.419.5183.600042.6";"2026.6194628.26401.2.600042.419.5183.97016.6";"Secretaria de Desenvolvimento Urbano"
"2020.3.26.26101.305.1162.600000.6";"2020.3.26.26101.305.1162.600000.6";"2020.3893457.26101.0.600000.305.1162.46263.6";"Secretaria de Desenvolvimento Urbano"
"2020.3.80.80102.900.8070.600002.6";"2020.3.80.80102.900.8070.600002.6";"2020.3892132.80102.0.600002.900.8070.46265.6";"Encargos Gerais do Estado"
"2021.3.21.21301.305.7882.600013.6";"2021.3.21.21301.305.7882.600013.6";"2021.4234481.21301.0.600013.305.7882.51518.6";"Secretaria do Trabalho, Emprego, Renda e Esporte"
"2021.3.80.80102.900.8070.600014.6";"2021.3.80.80102.900.8070.600014.6";"2021.4233212.80102.0.600014.900.8070.51519.6";"Encargos Gerais do Estado"
"2022.3.12.12201.300.4365.600002.6";"2022.3.12.12201.300.4365.600002.6";"2022.4583292.12201.0.600002.300.4365.46893.6";"Secretaria de Justiça, Direitos Humanos e Desenvolvimento Social"
"2022.3.20.20102.314.7877.600002.6";"2022.3.20.20102.314.7877.600002.6";"2022.4576221.20102.0.600002.314.7877.46893.6";"Secretaria da Segurança Pública"
"2022.3.34.34101.311.5549.600003.6";"2022.3.34.34101.311.5549.600003.6";"2022.4576493.34101.0.600003.311.5549.51872.6";"Secretaria de Políticas para as Mulheres"
"2023.3.11.11303.306.7867.600027.6";"2023.3.11.11303.306.7867.600027.6";"2023.4944775.11303.0.600027.306.7867.57299.6";"Secretaria da Educação"
"2023.3.22.22301.302.7857.600007.6";"2023.3.22.22301.302.7857.600007.6";"2023.4931583.22301.0.600007.302.7857.55821.6";"Secretaria de Cultura"
"2023.3.38.38101.300.6953.600031.6";"2023.3.38.38101.300.6953.600031.6";"2023.5199123.38101.0.600031.300.6953.57303.6";"Secretaria de Justiça e Direitos Humanos"
"2023.3.38.38101.300.6953.600052.6";"2023.3.38.38101.300.6953.600052.6";"2023.5203750.38101.0.600052.300.6953.62133.6";"Secretaria de Justiça e Direitos Humanos"
"2023.3.80.80102.900.8070.600032.6";"2023.3.80.80102.900.8070.600032.6";"2023.4928756.80102.0.600032.900.8070.57250.6";"Encargos Gerais do Estado"
"2024.3.22.22101.406.2314.600046.6";"2024.3.22.22101.406.2314.600046.6";"2024.5215678.22101.1.600046.406.2314.62306.6";"Secretaria de Cultura"
"2025.3.18.18101.417.1399.600000.6";"2025.3.18.18101.417.1399.600000.6";"2025.5667664.18101.0.600000.417.1399.90202.6";"Secretaria de Desenvolvimento Rural"
"2025.3.20.20801.437.7877.600058.6";"2025.3.20.20801.437.7877.600058.6";"2025.5673379.20801.95.600058.437.7877.91461.6";"Secretaria da Segurança Pública"
"2025.3.26.26101.419.1162.600053.6";"2025.3.26.26101.419.1162.600053.6";"2025.5674236.26401.2.600053.419.1162.90185.6";"Secretaria de Desenvolvimento Urbano"
"2025.3.26.26401.419.1162.600075.6";"2025.3.26.26401.419.1162.600075.6";"2025.5673461.26401.1.600075.419.1162.91385.6";"Secretaria de Desenvolvimento Urbano"
"2025.3.32.32101.411.3701.600154.6";"2025.3.32.32101.411.3701.600154.6";"2025.6179141.32101.3.600154.411.3701.97715.6";"Secretaria de Turismo"
"2025.3.38.38101.400.4095.600005.6";"2025.3.38.38101.400.4095.600005.6";"2025.5683958.38101.0.600005.400.4095.90207.6";"Secretaria de Justiça e Direitos Humanos"
"2025.3.9.9801.442.1340.600064.6";"2025.3.9.9801.442.1340.600064.6";"2025.5668287.9801.0.600064.442.1340.91398.6";"Secretaria da Administração"
"2022.3.26.26101.305.1162.600000.6";"2022.3.26.26401.305.1162.600000.6";"2022.4580775.26401.2.600000.305.1162.51324.6";"Secretaria de Desenvolvimento Urbano"
"2021.3.12.12201.300.4365.600002.6";"2021.3.12.12201.300.4365.600002.6";"2021.4224316.12201.0.600002.300.4365.46524.6";"Secretaria de Justiça, Direitos Humanos e Desenvolvimento Social"
"2022.3.24.24801.309.7886.600006.6";"2022.3.24.24801.309.7886.600006.6";"2022.4575124.24801.1.600006.309.7886.51875.6";"Secretaria de Infraestrutura"
"2022.3.26.26101.305.1162.600036.6";"2022.3.26.26101.305.1162.600036.6";"2022.4922793.26101.0.600036.305.1162.57114.6";"Secretaria de Desenvolvimento Urbano"
"2022.3.26.26101.305.7135.600005.6";"2022.3.26.26101.305.7135.600005.6";"2022.4589392.26101.0.600005.305.7135.51874.6";"Secretaria de Desenvolvimento Urbano"
"2023.3.11.11301.306.4048.600009.6";"2023.3.11.11301.306.4048.600009.6";"2023.4940389.11301.16.600009.306.4048.55823.6";"Secretaria da Educação"
"2023.3.21.21301.308.5793.600009.6";"2023.3.21.21301.308.5793.600009.6";"2023.4936104.21301.1.600009.308.5793.55823.6";"Secretaria do Trabalho, Emprego, Renda e Esporte"
"2023.3.22.22101.302.2314.600028.6";"2023.3.22.22101.302.2314.600028.6";"2023.4947238.22101.0.600028.302.2314.57300.6";"Secretaria de Cultura"
"2024.3.21.21301.414.5793.600050.6";"2024.3.21.21301.414.5793.600050.6";"2024.5212550.21301.1.600050.414.5793.62310.6";"Secretaria do Trabalho, Emprego, Renda e Esporte"
"2024.3.32.32101.411.3701.600066.6";"2024.3.32.32101.411.3701.600066.6";"2024.5226219.32101.3.600066.411.3701.91331.6";"Secretaria de Turismo"
"2024.3.80.80102.900.8070.600023.6";"2024.3.80.80102.900.8070.600023.6";"2024.5208896.80102.0.600023.900.8070.61643.6";"Encargos Gerais do Estado"
"2025.3.10.10101.417.5916.600111.6";"2025.3.10.10101.417.5916.600111.6";"2025.6179709.10101.0.600111.417.5916.97619.6";"Secretaria da Agricultura, Pecuária, Irrigação, Pesca e Aquicultura"
"2025.3.21.21301.414.7882.600064.6";"2025.3.21.21301.414.7882.600064.6";"2025.5669384.21301.0.600064.414.7882.91398.6";"Secretaria do Trabalho, Emprego, Renda e Esporte"
"2026.3.26.26101.419.1162.600042.6";"2026.3.26.26101.419.1162.600042.6";"2026.6189796.26101.4.600042.419.1162.97016.6";"Secretaria de Desenvolvimento Urbano"
"2026.3.26.26101.419.1162.600049.6";"2026.3.26.26101.419.1162.600049.6";"2026.6190100.26101.0.600049.419.1162.97012.6";"Secretaria de Desenvolvimento Urbano"
"2026.3.32.32101.411.3701.600166.6";"2026.3.32.32101.411.3701.600166.6";"2026.6188777.32101.0.600166.411.3701.97860.6";"Secretaria de Turismo"
"2026.3.80.80102.900.8070.600063.6";"2026.3.80.80102.900.8070.600063.6";"2026.6187240.80102.0.600063.900.8070.95362.6";"Encargos Gerais do Estado"
"2021.3.11.11201.306.7536.600016.6";"2021.3.11.11201.306.7536.600016.6";"2021.4234085.11201.0.600016.306.7536.51521.6";"Secretaria da Educação"
"2022.3.18.18401.304.1399.600010.6";"2022.3.18.18401.304.1399.600010.6";"2022.4581480.18401.0.600010.304.1399.51879.6";"Secretaria de Desenvolvimento Rural"
"2022.3.18.18401.304.7838.600020.6";"2022.3.18.18401.304.7838.600020.6";"2022.4582392.18401.1.600020.304.7838.51810.6";"Secretaria de Desenvolvimento Rural"
"2023.3.26.26401.305.1162.600030.6";"2023.3.26.26401.305.1162.600030.6";"2023.4937680.26401.0.600030.305.1162.57246.6";"Secretaria de Desenvolvimento Urbano"
"2023.3.26.26401.305.1162.600038.6";"2023.3.26.26401.305.1162.600038.6";"2023.4946194.26401.1.600038.305.1162.57309.6";"Secretaria de Desenvolvimento Urbano"
"2023.3.80.80102.900.8070.600019.6";"2023.3.80.80102.900.8070.600019.6";"2023.4928738.80102.0.600019.900.8070.55833.6";"Encargos Gerais do Estado"
"2024.3.11.11301.424.2443.600047.6";"2024.3.11.11301.424.2443.600047.6";"2024.5216398.11301.0.600047.424.2443.62307.6";"Secretaria da Educação"
"2024.3.32.32802.411.5893.600053.6";"2024.3.32.32802.411.5893.600053.6";"2024.5216911.32802.1.600053.411.5893.62313.6";"Secretaria de Turismo"
"2024.3.34.34101.446.7850.600052.6";"2024.3.34.34101.446.7850.600052.6";"2024.5219398.34101.0.600052.446.7850.62312.6";"Secretaria de Políticas para as Mulheres"
"2025.3.22.22301.407.7052.600071.6";"2025.3.22.22301.407.7052.600071.6";"2025.5670353.22301.0.600071.407.7052.91375.6";"Secretaria de Cultura"
"2025.3.9.9801.442.1340.600064.6";"2025.3.9.9801.442.1340.600064.6";"2025.5668286.9801.1.600064.442.1340.91398.6";"Secretaria da Administração"
"2026.3.18.18101.446.7850.600063.6";"2026.3.18.18101.446.7850.600063.6";"2026.6193906.18101.1.600063.446.7850.95362.6";"Secretaria de Desenvolvimento Rural"
"2026.3.18.18401.417.1399.600073.6";"2026.3.18.18401.417.1399.600073.6";"2026.6188676.18401.1.600073.417.1399.97084.6";"Secretaria de Desenvolvimento Rural"
"2026.3.22.22101.408.7032.600005.6";"2026.3.22.22101.408.7032.600005.6";"2026.6190594.22101.0.600005.408.7032.97030.6";"Secretaria de Cultura"
"2026.3.26.26101.419.5183.600042.6";"2026.3.26.26101.419.5183.600042.6";"2026.6191458.26101.4.600042.419.5183.97016.6";"Secretaria de Desenvolvimento Urbano"
"2026.3.28.28101.405.5649.600043.6";"2026.3.28.28101.405.5649.600043.6";"2026.6189625.28101.0.600043.405.5649.95157.6";"Secretaria de Ciência, Tecnologia e Inovação"
"2026.3.32.32101.411.3701.600128.6";"2026.3.32.32101.411.3701.600128.6";"2026.6187578.32101.0.600128.411.3701.97686.6";"Secretaria de Turismo"
"2024.3.26.26101.419.1158.600020.6";"2024.3.26.26401.419.1158.600020.6";"2024.5225943.26101.4.600020.419.1158.61640.6";"Secretaria de Desenvolvimento Urbano"
"2021.3.10.10501.304.5916.600015.6";"2021.3.10.10501.304.5916.600015.6";"2021.4525029.10501.1.600015.304.5916.51520.6";"Secretaria da Agricultura, Pecuária, Irrigação, Pesca e Aquicultura"
"2021.3.18.18401.312.5040.600013.6";"2021.3.18.18401.312.5040.600013.6";"2021.4233897.18401.1.600013.312.5040.51518.6";"Secretaria de Desenvolvimento Rural"
"2022.3.10.10101.304.7385.600033.6";"2022.3.10.10101.304.7385.600033.6";"2022.4905280.10101.1.600033.304.7385.57111.6";"Secretaria da Agricultura, Pecuária, Irrigação, Pesca e Aquicultura"
"2022.3.11.11301.306.4048.600009.6";"2022.3.11.11301.306.4048.600009.6";"2022.4853351.11301.0.600009.306.4048.51878.6";"Secretaria da Educação"
"2022.3.21.21301.305.1009.600013.6";"2022.3.21.21301.305.1009.600013.6";"2022.4889050.21301.1.600013.305.1009.51882.6";"Secretaria do Trabalho, Emprego, Renda e Esporte"
"2022.3.80.80102.900.8070.600010.6";"2022.3.80.80102.900.8070.600010.6";"2022.4572073.80102.0.600010.900.8070.51879.6";"Encargos Gerais do Estado"
"2023.3.11.11302.306.7871.600009.6";"2023.3.11.11302.306.7871.600009.6";"2023.4938143.11302.0.600009.306.7871.55823.6";"Secretaria da Educação"
"2023.3.38.38101.300.2170.600046.6";"2023.3.38.38101.300.2170.600046.6";"2023.5201273.38101.0.600046.300.2170.62123.6";"Secretaria de Justiça e Direitos Humanos"
"2024.3.18.18101.417.1399.600000.6";"2024.3.18.18101.417.1399.600000.6";"2024.5211401.18101.0.600000.417.1399.61620.6";"Secretaria de Desenvolvimento Rural"
"2024.3.28.28101.405.7917.600009.6";"2024.3.28.28101.405.7917.600009.6";"2024.5210981.28101.1.600009.405.7917.61629.6";"Secretaria de Ciência, Tecnologia e Inovação"
"2025.3.10.10501.417.5916.600036.6";"2025.3.10.10501.417.5916.600036.6";"2025.5675992.10501.1.600036.417.5916.90201.6";"Secretaria da Agricultura, Pecuária, Irrigação, Pesca e Aquicultura"
"2025.3.21.21101.413.6672.600097.6";"2025.3.21.21101.413.6672.600097.6";"2025.6179359.21101.0.600097.413.6672.97539.6";"Secretaria do Trabalho, Emprego, Renda e Esporte"
"2025.3.26.26401.419.1162.600039.6";"2025.3.26.26401.419.1162.600039.6";"2025.5670411.26401.0.600039.419.1162.90190.6";"Secretaria de Desenvolvimento Urbano"
"2025.3.38.38101.400.6953.600058.6";"2025.3.38.38101.400.6953.600058.6";"2025.5674109.38101.0.600058.400.6953.91461.6";"Secretaria de Justiça e Direitos Humanos"
"2025.3.39.39101.403.5445.600038.6";"2025.3.39.39101.403.5445.600038.6";"2025.5671258.39101.2.600038.403.5445.90234.6";"Secretaria de Assistência e Desenvolvimento Social"
"2025.3.80.80102.900.8070.600029.6";"2025.3.80.80102.900.8070.600029.6";"2025.5665623.80102.0.600029.900.8070.90228.6";"Encargos Gerais do Estado"
"2026.3.10.10101.417.3146.600106.6";"2026.3.10.10101.417.3146.600106.6";"2026.6189182.10501.1.600106.417.3146.97608.6";"Secretaria da Agricultura, Pecuária, Irrigação, Pesca e Aquicultura"
"2026.3.11.11101.422.3334.600031.6";"2026.3.11.11101.422.3334.600031.6";"2026.6192973.11101.94.600031.422.3334.97023.6";"Secretaria da Educação"
"2026.3.11.11301.424.4048.600042.6";"2026.3.11.11301.424.4048.600042.6";"2026.6192954.11301.16.600042.424.4048.97016.6";"Secretaria da Educação"
"2023.3.22.22101.302.7980.600005.6";"2023.3.22.22202.302.7980.600005.6";"2023.4935772.22101.1.600005.302.7980.55819.6";"Secretaria de Cultura"
"2024.3.26.26101.419.1162.600009.6";"2024.3.26.26401.419.1162.600009.6";"2024.5250623.26401.2.600009.419.1162.61629.6";"Secretaria de Desenvolvimento Urbano"
"2020.3.21.21301.305.7882.600002.6";"2020.3.21.21301.305.7882.600002.6";"2020.3893172.21301.0.600002.305.7882.46265.6";"Secretaria do Trabalho, Emprego, Renda e Esporte"
"2022.3.11.11101.306.5266.600031.6";"2022.3.11.11101.306.5266.600031.6";"2022.4589928.11101.1.600031.306.5266.57109.6";"Secretaria da Educação"
"2022.3.11.11601.306.2696.600009.6";"2022.3.11.11601.306.2696.600009.6";"2022.4925483.11601.0.600009.306.2696.51878.6";"Secretaria da Educação"
"2022.3.18.18401.304.1399.600015.6";"2022.3.18.18401.304.1399.600015.6";"2022.4577025.18401.0.600015.304.1399.51884.6";"Secretaria de Desenvolvimento Rural"
"2022.3.18.18401.304.1399.600022.6";"2022.3.18.18401.304.1399.600022.6";"2022.4585477.18401.1.600022.304.1399.51858.6";"Secretaria de Desenvolvimento Rural"
"2022.3.28.28101.301.7917.600000.6";"2022.3.28.28101.301.7917.600000.6";"2022.4580525.28101.0.600000.301.7917.51324.6";"Secretaria de Ciência, Tecnologia e Inovação"
"2023.3.21.21301.305.1009.600029.6";"2023.3.21.21301.305.1009.600029.6";"2023.4937831.21301.1.600029.305.1009.57244.6";"Secretaria do Trabalho, Emprego, Renda e Esporte"
"2023.3.30.30101.307.5713.600036.6";"2023.3.30.30101.307.5713.600036.6";"2023.4939552.30101.0.600036.307.5713.57254.6";"Secretaria de Promoção da Igualdade Racial e dos Povos e Comunidades Tradicionais"
"2023.3.80.80102.900.8070.600044.6";"2023.3.80.80102.900.8070.600044.6";"2023.4952607.80102.0.600044.900.8070.62129.6";"Encargos Gerais do Estado"
"2024.3.11.11301.424.4048.600009.6";"2024.3.11.11301.424.4048.600009.6";"2024.5211176.11301.0.600009.424.4048.61629.6";"Secretaria da Educação"
"2024.3.24.24801.432.7911.600006.6";"2024.3.24.24801.432.7911.600006.6";"2024.5213928.24801.1.600006.432.7911.61626.6";"Secretaria de Infraestrutura"
"2025.3.10.10501.417.5916.600052.6";"2025.3.10.10501.417.5916.600052.6";"2025.5673281.10501.1.600052.417.5916.90197.6";"Secretaria da Agricultura, Pecuária, Irrigação, Pesca e Aquicultura"
"2025.3.11.11301.424.2443.600047.6";"2025.3.11.11301.424.2443.600047.6";"2025.5675157.11301.5.600047.424.2443.90183.6";"Secretaria da Educação"
"2025.3.18.18101.417.1399.600163.6";"2025.3.18.18101.417.1399.600163.6";"2025.6181359.18101.0.600163.417.1399.97781.6";"Secretaria de Desenvolvimento Rural"
"2025.3.26.26101.419.5183.600042.6";"2025.3.26.26101.419.5183.600042.6";"2025.5677334.26101.0.600042.419.5183.90193.6";"Secretaria de Desenvolvimento Urbano"
"2025.3.26.26401.419.1162.600075.6";"2025.3.26.26401.419.1162.600075.6";"2025.5673230.26401.0.600075.419.1162.91385.6";"Secretaria de Desenvolvimento Urbano"
"2025.3.32.32802.411.5893.600060.6";"2025.3.32.32802.411.5893.600060.6";"2025.5672655.32802.0.600060.411.5893.91413.6";"Secretaria de Turismo"
"2026.3.11.11301.424.2443.600047.6";"2026.3.11.11301.424.2443.600047.6";"2026.6192217.11301.0.600047.424.2443.97006.6";"Secretaria da Educação"
"2026.3.18.18101.417.1399.600000.6";"2026.3.18.18101.417.1399.600000.6";"2026.6190581.18101.0.600000.417.1399.97025.6";"Secretaria de Desenvolvimento Rural"
"2026.3.18.18101.417.1399.600135.6";"2026.3.18.18101.417.1399.600135.6";"2026.6196614.18401.1.600135.417.1399.97682.6";"Secretaria de Desenvolvimento Rural"
"2021.3.11.11601.306.2696.600009.6";"2021.3.11.11601.306.2696.600009.6";"2021.4564317.11601.1.600009.306.2696.51514.6";"Secretaria da Educação"
"2021.3.18.18401.304.1398.600015.6";"2021.3.18.18401.304.1398.600015.6";"2021.4234773.18401.0.600015.304.1398.51520.6";"Secretaria de Desenvolvimento Rural"
"2021.3.21.21101.308.1793.600004.6";"2021.3.21.21101.308.1793.600004.6";"2021.4234088.21101.0.600004.308.1793.51509.6";"Secretaria do Trabalho, Emprego, Renda e Esporte"
"2022.3.18.18401.304.1399.600031.6";"2022.3.18.18401.304.1399.600031.6";"2022.4922260.18401.1.600031.304.1399.57109.6";"Secretaria de Desenvolvimento Rural"
"2023.3.21.21301.303.5779.600019.6";"2023.3.21.21301.303.5779.600019.6";"2023.5201091.21301.1.600019.303.5779.55833.6";"Secretaria do Trabalho, Emprego, Renda e Esporte"
"2023.3.38.38101.300.2170.600025.6";"2023.3.38.38101.300.2170.600025.6";"2023.4939557.38101.0.600025.300.2170.57298.6";"Secretaria de Justiça e Direitos Humanos"
"2024.3.11.11301.424.4048.600059.6";"2024.3.11.11301.424.4048.600059.6";"2024.5226237.11301.1.600059.424.4048.91326.6";"Secretaria da Educação"
"2024.3.21.21301.414.5793.600066.6";"2024.3.21.21301.414.5793.600066.6";"2024.5226191.21301.0.600066.414.5793.91331.6";"Secretaria do Trabalho, Emprego, Renda e Esporte"
"2024.3.22.22301.406.7980.600005.6";"2024.3.22.22301.406.7980.600005.6";"2024.5213800.22301.1.600005.406.7980.61625.6";"Secretaria de Cultura"
"2024.3.26.26401.419.1162.600038.6";"2024.3.26.26401.419.1162.600038.6";"2024.5216658.26401.1.600038.419.1162.61652.6";"Secretaria de Desenvolvimento Urbano"
"2024.3.80.80102.900.8070.600049.6";"2024.3.80.80102.900.8070.600049.6";"2024.5208882.80102.0.600049.900.8070.62309.6";"Encargos Gerais do Estado"
"2024.3.80.80102.900.8070.600077.6";"2024.3.80.80102.900.8070.600077.6";"2024.5225728.80102.0.600077.900.8070.91340.6";"Encargos Gerais do Estado"
"2025.3.18.18101.417.1399.600038.6";"2025.3.18.18101.417.1399.600038.6";"2025.5672041.18101.3.600038.417.1399.90234.6";"Secretaria de Desenvolvimento Rural"
"2025.3.18.18401.417.1399.600077.6";"2025.3.18.18401.417.1399.600077.6";"2025.5678354.18401.0.600077.417.1399.91391.6";"Secretaria de Desenvolvimento Rural"
"2026.3.10.10501.417.6608.600065.6";"2026.3.10.10501.417.6608.600065.6";"2026.6190657.10501.1.600065.417.6608.95382.6";"Secretaria da Agricultura, Pecuária, Irrigação, Pesca e Aquicultura"
"2026.3.11.11302.424.6908.600031.6";"2026.3.11.11302.424.6908.600031.6";"2026.6196107.11302.0.600031.424.6908.97023.6";"Secretaria da Educação"
"2021.3.18.18401.312.5040.600002.6";"2021.3.18.18401.312.5040.600002.6";"2021.4567814.18401.0.600002.312.5040.46524.6";"Secretaria de Desenvolvimento Rural"
"2022.3.26.26101.305.1162.600000.6";"2022.3.26.26101.305.1162.600000.6";"2022.4579808.26101.0.600000.305.1162.51324.6";"Secretaria de Desenvolvimento Urbano"
"2022.3.80.80102.900.8070.600002.6";"2022.3.80.80102.900.8070.600002.6";"2022.4572028.80102.0.600002.900.8070.46893.6";"Encargos Gerais do Estado"
"2023.3.18.18401.304.1399.600042.6";"2023.3.18.18401.304.1399.600042.6";"2023.5094572.18401.1.600042.304.1399.62132.6";"Secretaria de Desenvolvimento Rural"
"2023.3.21.21101.308.5917.600004.6";"2023.3.21.21101.308.5917.600004.6";"2023.4933179.21101.0.600004.308.5917.55818.6";"Secretaria do Trabalho, Emprego, Renda e Esporte"
"2023.3.22.22301.302.1372.600046.6";"2023.3.22.22301.302.1372.600046.6";"2023.5203884.22301.0.600046.302.1372.62123.6";"Secretaria de Cultura"
"2024.3.11.11302.424.7867.600031.6";"2024.3.11.11302.424.7867.600031.6";"2024.5223127.11302.0.600031.424.7867.61618.6";"Secretaria da Educação"
"2025.3.21.21301.414.1009.600029.6";"2025.3.21.21301.414.1009.600029.6";"2025.5668943.21301.0.600029.414.1009.90228.6";"Secretaria do Trabalho, Emprego, Renda e Esporte"
"2025.3.32.32101.411.5491.600040.6";"2025.3.32.32101.411.5491.600040.6";"2025.5673663.32101.2.600040.411.5491.90191.6";"Secretaria de Turismo"
"2025.3.38.38101.400.2170.600062.6";"2025.3.38.38101.400.2170.600062.6";"2025.5678494.38101.3.600062.400.2170.91471.6";"Secretaria de Justiça e Direitos Humanos"
"2025.3.39.39601.402.2284.600049.6";"2025.3.39.39601.402.2284.600049.6";"2025.6176893.39601.0.600049.402.2284.90189.6";"Secretaria de Assistência e Desenvolvimento Social"
"2025.3.80.80102.900.8070.600067.6";"2025.3.80.80102.900.8070.600067.6";"2025.5665857.80102.0.600067.900.8070.91386.6";"Encargos Gerais do Estado"
"2026.3.18.18101.417.1399.600085.6";"2026.3.18.18101.417.1399.600085.6";"2026.6196453.18101.0.600085.417.1399.97498.6";"Secretaria de Desenvolvimento Rural"
"2026.3.30.30101.426.3289.600058.6";"2026.3.30.30101.426.3289.600058.6";"2026.6193315.30101.2.600058.426.3289.95377.6";"Secretaria de Promoção da Igualdade Racial e dos Povos e Comunidades Tradicionais"
"2026.3.38.38101.400.2505.600062.6";"2026.3.38.38101.400.2505.600062.6";"2026.6194205.38101.0.600062.400.2505.95497.6";"Secretaria de Justiça e Direitos Humanos"
"2026.3.26.26101.419.1162.600006.6";"2026.3.26.26401.419.1162.600006.6";"2026.6191236.26401.2.600006.419.1162.97031.6";"Secretaria de Desenvolvimento Urbano"
"2021.3.21.21101.314.5365.600004.6";"2021.3.21.21101.314.5365.600004.6";"2021.4564462.21101.0.600004.314.5365.51509.6";"Secretaria do Trabalho, Emprego, Renda e Esporte"
"2022.3.20.20101.314.7880.600036.6";"2022.3.20.20101.314.7880.600036.6";"2022.4589336.20101.1.600036.314.7880.57114.6";"Secretaria da Segurança Pública"
"2022.3.21.21301.314.4565.600006.6";"2022.3.21.21301.314.4565.600006.6";"2022.4923476.21301.0.600006.314.4565.51875.6";"Secretaria do Trabalho, Emprego, Renda e Esporte"
"2022.3.22.22101.302.3696.600002.6";"2022.3.22.22101.302.3696.600002.6";"2022.4586218.22101.0.600002.302.3696.46893.6";"Secretaria de Cultura"
"2022.3.28.28101.301.7917.600020.6";"2022.3.28.28101.301.7917.600020.6";"2022.4576323.28101.0.600020.301.7917.51889.6";"Secretaria de Ciência, Tecnologia e Inovação"
"2023.3.22.22101.302.2314.600036.6";"2023.3.22.22101.302.2314.600036.6";"2023.4931672.22101.1.600036.302.2314.57254.6";"Secretaria de Cultura"
"2023.3.26.26401.305.5183.600038.6";"2023.3.26.26401.305.5183.600038.6";"2023.4946219.26401.1.600038.305.5183.57309.6";"Secretaria de Desenvolvimento Urbano"
"2023.3.38.38101.300.2170.600031.6";"2023.3.38.38101.300.2170.600031.6";"2023.5199133.38101.3.600031.300.2170.57303.6";"Secretaria de Justiça e Direitos Humanos"
"2023.3.80.80102.900.8070.600005.6";"2023.3.80.80102.900.8070.600005.6";"2023.4928706.80102.0.600005.900.8070.55819.6";"Encargos Gerais do Estado"
"2023.3.80.80102.900.8070.600019.6";"2023.3.80.80102.900.8070.600019.6";"2023.4928740.80102.0.600019.900.8070.55833.6";"Encargos Gerais do Estado"
"2023.3.80.80102.900.8070.600036.6";"2023.3.80.80102.900.8070.600036.6";"2023.4928765.80102.0.600036.900.8070.57254.6";"Encargos Gerais do Estado"
"2024.3.18.18101.417.1399.600059.6";"2024.3.18.18101.417.1399.600059.6";"2024.5660078.18101.0.600059.417.1399.91326.6";"Secretaria de Desenvolvimento Rural"
"2024.3.22.22202.406.7980.600046.6";"2024.3.22.22202.406.7980.600046.6";"2024.5225697.22202.1.600046.406.7980.62306.6";"Secretaria de Cultura"
"2025.3.21.21301.414.1009.600036.6";"2025.3.21.21301.414.1009.600036.6";"2025.5671194.21301.1.600036.414.1009.90201.6";"Secretaria do Trabalho, Emprego, Renda e Esporte"
"2025.3.32.32802.411.5893.600059.6";"2025.3.32.32802.411.5893.600059.6";"2025.5673930.32802.1.600059.411.5893.91468.6";"Secretaria de Turismo"
"2026.3.18.18401.417.1399.600073.6";"2026.3.18.18401.417.1399.600073.6";"2026.6188625.18401.0.600073.417.1399.97084.6";"Secretaria de Desenvolvimento Rural"
"2026.3.26.26101.419.1162.600043.6";"2026.3.26.26101.419.1162.600043.6";"2026.6195871.26101.0.600043.419.1162.95157.6";"Secretaria de Desenvolvimento Urbano"
"2024.3.28.28101.405.7917.600036.6";"2024.3.26.26101.405.7917.600036.6";"2024.5212248.26101.4.600036.405.7917.61619.6";"Secretaria de Desenvolvimento Urbano"
"2021.3.80.80102.900.8070.600002.6";"2021.3.80.80102.900.8070.600002.6";"2021.4222919.80102.0.600002.900.8070.46524.6";"Encargos Gerais do Estado"
"2022.3.11.11101.306.6596.600009.6";"2022.3.11.11101.306.6596.600009.6";"2022.4577013.11101.0.600009.306.6596.51878.6";"Secretaria da Educação"
"2022.3.34.34101.311.5558.600002.6";"2022.3.34.34101.311.5558.600002.6";"2022.4586930.34101.0.600002.311.5558.46893.6";"Secretaria de Políticas para as Mulheres"
"2022.3.9.9801.315.1340.600023.6";"2022.3.9.9801.315.1340.600023.6";"2022.4578455.9801.0.600023.315.1340.51949.6";"Secretaria da Administração"
"2023.3.21.21301.308.5793.600004.6";"2023.3.21.21301.308.5793.600004.6";"2023.4937678.21301.0.600004.308.5793.55818.6";"Secretaria do Trabalho, Emprego, Renda e Esporte"
"2023.3.22.22101.302.7980.600005.6";"2023.3.22.22101.302.7980.600005.6";"2023.4934340.22101.0.600005.302.7980.55819.6";"Secretaria de Cultura"
"2023.3.26.26401.305.1162.600030.6";"2023.3.26.26401.305.1162.600030.6";"2023.4937870.26401.1.600030.305.1162.57246.6";"Secretaria de Desenvolvimento Urbano"
"2024.3.26.26101.419.1162.600036.6";"2024.3.26.26101.419.1162.600036.6";"2024.5216879.26101.0.600036.419.1162.61619.6";"Secretaria de Desenvolvimento Urbano"
"2024.3.32.32802.411.5893.600042.6";"2024.3.32.32802.411.5893.600042.6";"2024.5219663.32802.0.600042.411.5893.62302.6";"Secretaria de Turismo"
"2024.3.34.34101.429.4181.600043.6";"2024.3.34.34101.429.4181.600043.6";"2024.5226569.34101.3.600043.429.4181.62303.6";"Secretaria de Políticas para as Mulheres"
"2024.3.80.80102.900.8070.600018.6";"2024.3.80.80102.900.8070.600018.6";"2024.5208880.80102.0.600018.900.8070.61638.6";"Encargos Gerais do Estado"
"2025.3.10.10101.417.3044.600050.6";"2025.3.10.10101.417.3044.600050.6";"2025.5673135.10101.1.600050.417.3044.90184.6";"Secretaria da Agricultura, Pecuária, Irrigação, Pesca e Aquicultura"
"2025.3.11.11302.424.7867.600120.6";"2025.3.11.11302.424.7867.600120.6";"2025.6179367.11302.1.600120.424.7867.97697.6";"Secretaria da Educação"
"2025.3.18.18401.417.7988.600119.6";"2025.3.18.18401.417.7988.600119.6";"2025.6179089.18401.1.600119.417.7988.97667.6";"Secretaria de Desenvolvimento Rural"
"2025.3.20.20803.437.7143.600070.6";"2025.3.20.20803.437.7143.600070.6";"2025.5670579.20803.13.600070.437.7143.91445.6";"Secretaria da Segurança Pública"
"2025.3.21.21101.413.5917.600058.6";"2025.3.21.21101.413.5917.600058.6";"2025.5673653.21101.6.600058.413.5917.91461.6";"Secretaria do Trabalho, Emprego, Renda e Esporte"
"2025.3.22.22101.406.2314.600046.6";"2025.3.22.22101.406.2314.600046.6";"2025.5676837.22101.1.600046.406.2314.90188.6";"Secretaria de Cultura"
"2025.3.26.26101.419.5183.600043.6";"2025.3.26.26101.419.5183.600043.6";"2025.5672457.26101.3.600043.419.5183.90235.6";"Secretaria de Desenvolvimento Urbano"
"2025.3.80.80102.900.8070.600034.6";"2025.3.80.80102.900.8070.600034.6";"2025.5665664.80102.0.600034.900.8070.90232.6";"Encargos Gerais do Estado"
"2026.3.18.18101.417.1399.600080.6";"2026.3.18.18101.417.1399.600080.6";"2026.6196448.18101.0.600080.417.1399.97566.6";"Secretaria de Desenvolvimento Rural"
"2026.3.18.18401.417.1399.600057.6";"2026.3.18.18401.417.1399.600057.6";"2026.6191085.18401.1.600057.417.1399.95222.6";"Secretaria de Desenvolvimento Rural"
"2026.3.21.21101.413.6672.600090.6";"2026.3.21.21101.413.6672.600090.6";"2026.6191675.21101.7.600090.413.6672.97576.6";"Secretaria do Trabalho, Emprego, Renda e Esporte"
"2026.3.38.38101.400.2170.600066.6";"2026.3.38.38101.400.2170.600066.6";"2026.6193809.38101.0.600066.400.2170.95354.6";"Secretaria de Justiça e Direitos Humanos"
"2020.3.11.11302.306.6910.600002.6";"2020.3.11.11302.306.6910.600002.6";"2020.3893333.11302.1.600002.306.6910.46265.6";"Secretaria da Educação"
"2021.3.11.11301.306.7867.600002.6";"2021.3.11.11301.306.7867.600002.6";"2021.4224113.11301.0.600002.306.7867.46524.6";"Secretaria da Educação"
"2021.3.20.20102.314.7880.600002.6";"2021.3.20.20102.314.7880.600002.6";"2021.4225481.20102.0.600002.314.7880.46524.6";"Secretaria da Segurança Pública"
"2022.3.20.20801.314.7873.600020.6";"2022.3.20.20801.314.7873.600020.6";"2022.4578576.20801.1.600020.314.7873.51889.6";"Secretaria da Segurança Pública"
"2024.3.18.18401.420.5040.600042.6";"2024.3.18.18401.420.5040.600042.6";"2024.5211970.18401.1.600042.420.5040.62302.6";"Secretaria de Desenvolvimento Rural"
"2024.3.21.21101.412.1793.600005.6";"2024.3.21.21101.412.1793.600005.6";"2024.5211973.21101.5.600005.412.1793.61625.6";"Secretaria do Trabalho, Emprego, Renda e Esporte"
"2025.3.11.11301.424.4048.600042.6";"2025.3.11.11301.424.4048.600042.6";"2025.5670500.11301.16.600042.424.4048.90193.6";"Secretaria da Educação"
"2025.3.18.18401.417.1399.600015.6";"2025.3.18.18401.417.1399.600015.6";"2025.5670769.18401.1.600015.417.1399.90217.6";"Secretaria de Desenvolvimento Rural"
"2025.3.18.18401.417.1399.600059.6";"2025.3.18.18401.417.1399.600059.6";"2025.5668442.18401.0.600059.417.1399.91468.6";"Secretaria de Desenvolvimento Rural"
"2026.3.10.10101.417.5935.600162.6";"2026.3.10.10101.417.5935.600162.6";"2026.6186798.10101.0.600162.417.5935.97908.6";"Secretaria da Agricultura, Pecuária, Irrigação, Pesca e Aquicultura"
"2026.3.28.28101.405.5649.600046.6";"2026.3.28.28101.405.5649.600046.6";"2026.6192723.28101.0.600046.405.5649.97011.6";"Secretaria de Ciência, Tecnologia e Inovação"
"2025.3.20.20803.437.1102.600070.6";"2025.3.20.20602.437.1102.600070.6";"2025.6181924.20602.1.600070.437.1102.91445.6";"Secretaria da Segurança Pública"
"2021.3.18.18401.304.1926.600000.6";"2021.3.18.18401.304.1926.600000.6";"2021.4563569.18401.1.600000.304.1926.46473.6";"Secretaria de Desenvolvimento Rural"
"2022.3.80.80102.900.8070.600038.6";"2022.3.80.80102.900.8070.600038.6";"2022.4588266.80102.0.600038.900.8070.57116.6";"Encargos Gerais do Estado"
"2023.3.80.80102.900.8070.600036.6";"2023.3.80.80102.900.8070.600036.6";"2023.4939126.80102.0.600036.900.8070.57307.6";"Encargos Gerais do Estado"
"2024.3.11.11301.424.4048.600009.6";"2024.3.11.11301.424.4048.600009.6";"2024.5210474.11301.0.600009.424.4048.61629.6";"Secretaria da Educação"
"2024.3.21.21101.413.5917.600004.6";"2024.3.21.21101.413.5917.600004.6";"2024.5211803.21101.0.600004.413.5917.61624.6";"Secretaria do Trabalho, Emprego, Renda e Esporte"
"2024.3.38.38101.400.6953.600062.6";"2024.3.38.38101.400.6953.600062.6";"2024.5656632.38101.0.600062.400.6953.91336.6";"Secretaria de Justiça e Direitos Humanos"
"2024.3.80.80102.900.8070.600065.6";"2024.3.80.80102.900.8070.600065.6";"2024.5225739.80102.0.600065.900.8070.91324.6";"Encargos Gerais do Estado"
"2024.3.9.9301.439.3450.600034.6";"2024.3.9.9301.439.3450.600034.6";"2024.5658593.9301.0.600034.439.3450.61650.6";"Secretaria da Administração"
"2025.3.21.21101.413.5917.600066.6";"2025.3.21.21101.413.5917.600066.6";"2025.5675210.21101.7.600066.413.5917.91438.6";"Secretaria do Trabalho, Emprego, Renda e Esporte"
"2025.3.21.21301.414.5779.600071.6";"2025.3.21.21301.414.5779.600071.6";"2025.5670677.21301.0.600071.414.5779.91375.6";"Secretaria do Trabalho, Emprego, Renda e Esporte"
"2025.3.22.22101.406.2314.600065.6";"2025.3.22.22101.406.2314.600065.6";"2025.5676994.22101.0.600065.406.2314.91466.6";"Secretaria de Cultura"
"2025.3.26.26401.419.1162.600075.6";"2025.3.26.26401.419.1162.600075.6";"2025.5673223.26401.0.600075.419.1162.91385.6";"Secretaria de Desenvolvimento Urbano"
"2025.3.38.38101.400.4095.600005.6";"2025.3.38.38101.400.4095.600005.6";"2025.5683967.38101.3.600005.400.4095.90207.6";"Secretaria de Justiça e Direitos Humanos"
"2025.3.80.80102.900.8070.600015.6";"2025.3.80.80102.900.8070.600015.6";"2025.5665751.80102.0.600015.900.8070.90217.6";"Encargos Gerais do Estado"
"2026.3.18.18101.417.1399.600163.6";"2026.3.18.18101.417.1399.600163.6";"2026.6196488.18401.1.600163.417.1399.97883.6";"Secretaria de Desenvolvimento Rural"
"2022.3.11.11101.306.6596.600009.6";"2022.3.11.11101.306.6596.600009.6";"2022.4588398.11301.1.600009.306.6596.51878.6";"Secretaria da Educação"
"2022.3.21.21301.305.7882.600021.6";"2022.3.21.21301.305.7882.600021.6";"2022.4575279.21301.1.600021.305.7882.51890.6";"Secretaria do Trabalho, Emprego, Renda e Esporte"
"2022.3.34.34101.311.3059.600003.6";"2022.3.34.34101.311.3059.600003.6";"2022.4587211.34101.1.600003.311.3059.51872.6";"Secretaria de Políticas para as Mulheres"
"2023.3.20.20102.314.7880.600002.6";"2023.3.20.20102.314.7880.600002.6";"2023.4938962.20102.0.600002.314.7880.55816.6";"Secretaria da Segurança Pública"
"2023.3.26.26101.305.1162.600020.6";"2023.3.26.26101.305.1162.600020.6";"2023.4941673.26101.0.600020.305.1162.55834.6";"Secretaria de Desenvolvimento Urbano"
"2023.3.80.80102.900.8070.600000.6";"2023.3.80.80102.900.8070.600000.6";"2023.4928695.80102.0.600000.900.8070.55814.6";"Encargos Gerais do Estado"
"2024.3.21.21301.414.1009.600029.6";"2024.3.21.21301.414.1009.600029.6";"2024.5212796.21301.0.600029.414.1009.61646.6";"Secretaria do Trabalho, Emprego, Renda e Esporte"
"2024.3.22.22301.407.7052.600041.6";"2024.3.22.22301.407.7052.600041.6";"2024.5218764.22301.0.600041.407.7052.62301.6";"Secretaria de Cultura"
"2024.3.38.38101.400.2170.600042.6";"2024.3.38.38101.400.2170.600042.6";"2024.5207988.38101.0.600042.400.2170.62302.6";"Secretaria de Justiça e Direitos Humanos"
"2024.3.80.80102.900.8070.600013.6";"2024.3.80.80102.900.8070.600013.6";"2024.5208866.80102.0.600013.900.8070.61633.6";"Encargos Gerais do Estado"
"2025.3.10.10301.417.6166.600065.6";"2025.3.10.10301.417.6166.600065.6";"2025.5673262.10301.0.600065.417.6166.91466.6";"Secretaria da Agricultura, Pecuária, Irrigação, Pesca e Aquicultura"
"2025.3.18.18401.417.1399.600157.6";"2025.3.18.18401.417.1399.600157.6";"2025.6180966.18401.1.600157.417.1399.97769.6";"Secretaria de Desenvolvimento Rural"
"2025.3.80.80102.900.8070.600050.6";"2025.3.80.80102.900.8070.600050.6";"2025.5665824.80102.0.600050.900.8070.90184.6";"Encargos Gerais do Estado"
"2026.3.18.18101.417.7988.600119.6";"2026.3.18.18101.417.7988.600119.6";"2026.6196595.18101.3.600119.417.7988.97673.6";"Secretaria de Desenvolvimento Rural"
"2026.3.32.32802.411.5893.600160.6";"2026.3.32.32802.411.5893.600160.6";"2026.6188269.32802.0.600160.411.5893.97927.6";"Secretaria de Turismo"
"2026.3.38.38101.400.2170.600062.6";"2026.3.38.38101.400.2170.600062.6";"2026.6194201.38101.0.600062.400.2170.95497.6";"Secretaria de Justiça e Direitos Humanos"
"2022.3.9.9801.315.1340.600023.6";"2022.3.9.9101.315.1340.600023.6";"2022.4578507.9801.1.600023.315.1340.51949.6";"Secretaria da Administração"
"2025.3.22.22101.406.7980.600063.6";"2025.3.22.22201.406.7980.600063.6";"2025.5669136.22101.1.600063.406.7980.91446.6";"Secretaria de Cultura"
"2025.3.26.26101.419.1158.600020.6";"2025.3.26.26401.419.1158.600020.6";"2025.5676282.26101.4.600020.419.1158.90222.6";"Secretaria de Desenvolvimento Urbano"
"2021.3.11.11101.306.5258.600009.6";"2021.3.11.11101.306.5258.600009.6";"2021.4278511.11101.0.600009.306.5258.51514.6";"Secretaria da Educação"
"2021.3.18.18401.304.7838.600002.6";"2021.3.18.18401.304.7838.600002.6";"2021.4225387.18401.0.600002.304.7838.46524.6";"Secretaria de Desenvolvimento Rural"
"2021.3.34.34101.311.5549.600003.6";"2021.3.34.34101.311.5549.600003.6";"2021.4564378.34101.1.600003.311.5549.51508.6";"Secretaria de Políticas para as Mulheres"
"2022.3.21.21101.305.7882.600014.6";"2022.3.21.21101.305.7882.600014.6";"2022.4579543.21301.1.600014.305.7882.51883.6";"Secretaria do Trabalho, Emprego, Renda e Esporte"
"2022.3.21.21301.305.7882.600013.6";"2022.3.21.21301.305.7882.600013.6";"2022.4577333.21301.1.600013.305.7882.51882.6";"Secretaria do Trabalho, Emprego, Renda e Esporte"
"2022.3.80.80102.900.8070.600020.6";"2022.3.80.80102.900.8070.600020.6";"2022.4572105.80102.0.600020.900.8070.51889.6";"Encargos Gerais do Estado"
"2024.3.10.10501.417.5916.600048.6";"2024.3.10.10501.417.5916.600048.6";"2024.5221287.10501.1.600048.417.5916.62308.6";"Secretaria da Agricultura, Pecuária, Irrigação, Pesca e Aquicultura"
"2024.3.11.11301.424.4048.600059.6";"2024.3.11.11301.424.4048.600059.6";"2024.5226185.11301.0.600059.424.4048.91326.6";"Secretaria da Educação"
"2024.3.32.32101.411.3701.600063.6";"2024.3.32.32101.411.3701.600063.6";"2024.5227861.32101.0.600063.411.3701.91323.6";"Secretaria de Turismo"
"2024.3.38.38101.400.6953.600038.6";"2024.3.38.38101.400.6953.600038.6";"2024.5215001.38101.0.600038.400.6953.61652.6";"Secretaria de Justiça e Direitos Humanos"
"2024.3.38.38101.400.6953.600052.6";"2024.3.38.38101.400.6953.600052.6";"2024.5210968.38101.0.600052.400.6953.62312.6";"Secretaria de Justiça e Direitos Humanos"
"2025.3.10.10501.417.5916.600068.6";"2025.3.10.10501.417.5916.600068.6";"2025.5668540.10501.1.600068.417.5916.91463.6";"Secretaria da Agricultura, Pecuária, Irrigação, Pesca e Aquicultura"
"2025.3.22.22101.407.1251.600067.6";"2025.3.22.22101.407.1251.600067.6";"2025.5678897.22101.0.600067.407.1251.91386.6";"Secretaria de Cultura"
"2025.3.26.26101.419.1158.600020.6";"2025.3.26.26101.419.1158.600020.6";"2025.5674242.26101.4.600020.419.1158.90222.6";"Secretaria de Desenvolvimento Urbano"
"2025.3.26.26401.419.1158.600075.6";"2025.3.26.26401.419.1158.600075.6";"2025.5675361.26401.1.600075.419.1158.91385.6";"Secretaria de Desenvolvimento Urbano"
"2026.3.22.22201.406.7980.600063.6";"2026.3.22.22201.406.7980.600063.6";"2026.6196009.22201.1.600063.406.7980.95362.6";"Secretaria de Cultura"
"2025.3.18.18101.417.1399.600059.6";"2025.3.18.18401.417.1399.600059.6";"2025.5670608.18401.1.600059.417.1399.91468.6";"Secretaria de Desenvolvimento Rural"
"2025.3.26.26101.419.1158.600020.6";"2025.3.26.26401.419.1158.600020.6";"2025.5674675.26401.2.600020.419.1158.90222.6";"Secretaria de Desenvolvimento Urbano"
"2022.3.11.11302.306.7863.600025.6";"2022.3.11.11302.306.7863.600025.6";"2022.4588605.11302.0.600025.306.7863.57103.6";"Secretaria da Educação"
"2022.3.21.21101.308.5917.600036.6";"2022.3.21.21101.308.5917.600036.6";"2022.4853363.21101.0.600036.308.5917.57114.6";"Secretaria do Trabalho, Emprego, Renda e Esporte"
"2022.3.21.21101.308.5917.600036.6";"2022.3.21.21101.308.5917.600036.6";"2022.4854338.21101.7.600036.308.5917.57114.6";"Secretaria do Trabalho, Emprego, Renda e Esporte"
"2022.3.22.22202.302.7986.600002.6";"2022.3.22.22202.302.7986.600002.6";"2022.4922683.22202.1.600002.302.7986.46893.6";"Secretaria de Cultura"
"2022.3.26.26401.305.1158.600032.6";"2022.3.26.26401.305.1158.600032.6";"2022.4588615.26401.0.600032.305.1158.57110.6";"Secretaria de Desenvolvimento Urbano"
"2022.3.28.28101.301.7917.600036.6";"2022.3.28.28101.301.7917.600036.6";"2022.4589418.28101.0.600036.301.7917.57114.6";"Secretaria de Ciência, Tecnologia e Inovação"
"2024.3.80.80102.900.8070.600059.6";"2024.3.80.80102.900.8070.600059.6";"2024.5225743.80102.0.600059.900.8070.91326.6";"Encargos Gerais do Estado"
"2025.3.11.11301.424.2443.600047.6";"2025.3.11.11301.424.2443.600047.6";"2025.5675145.11301.0.600047.424.2443.90183.6";"Secretaria da Educação"
"2025.3.11.11303.424.7867.600027.6";"2025.3.11.11303.424.7867.600027.6";"2025.5669911.11303.0.600027.424.7867.90227.6";"Secretaria da Educação"
"2025.3.22.22101.406.2314.600046.6";"2025.3.22.22101.406.2314.600046.6";"2025.5676827.22101.0.600046.406.2314.90188.6";"Secretaria de Cultura"
"2026.3.11.11301.424.2443.600047.6";"2026.3.11.11301.424.2443.600047.6";"2026.6192404.11301.5.600047.424.2443.97006.6";"Secretaria da Educação"
"2026.3.18.18101.417.1926.600038.6";"2026.3.18.18101.417.1926.600038.6";"2026.6190573.18101.0.600038.417.1926.95156.6";"Secretaria de Desenvolvimento Rural"
"2026.3.38.38101.401.3285.600063.6";"2026.3.38.38101.401.3285.600063.6";"2026.6192795.38101.0.600063.401.3285.95362.6";"Secretaria de Justiça e Direitos Humanos"
"2026.3.39.39601.402.2256.600065.6";"2026.3.39.39601.402.2256.600065.6";"2026.6189966.39601.0.600065.402.2256.95382.6";"Secretaria de Assistência e Desenvolvimento Social"
"2026.3.18.18101.417.1399.600135.6";"2026.3.18.18401.417.1399.600135.6";"2026.6196604.18101.3.600135.417.1399.97682.6";"Secretaria de Desenvolvimento Rural"
"2026.3.28.28101.405.5649.600046.6";"2026.3.11.11303.405.5649.600046.6";"2026.6192747.28101.1.600046.405.5649.97011.6";"Secretaria da Educação"
"2021.3.12.12101.300.6953.600002.6";"2021.3.12.12101.300.6953.600002.6";"2021.4232281.12101.3.600002.300.6953.46524.6";"Secretaria de Justiça, Direitos Humanos e Desenvolvimento Social"
"2021.3.18.18401.304.7838.600019.6";"2021.3.18.18401.304.7838.600019.6";"2021.4564606.18401.1.600019.304.7838.51524.6";"Secretaria de Desenvolvimento Rural"
"2022.3.12.12101.300.2170.600025.6";"2022.3.12.12101.300.2170.600025.6";"2022.4924663.12101.3.600025.300.2170.57103.6";"Secretaria de Justiça, Direitos Humanos e Desenvolvimento Social"
"2022.3.20.20801.314.7873.600020.6";"2022.3.20.20801.314.7873.600020.6";"2022.4578487.20801.0.600020.314.7873.51889.6";"Secretaria da Segurança Pública"
"2022.3.9.9301.314.3450.600034.6";"2022.3.9.9301.314.3450.600034.6";"2022.4588455.9301.0.600034.314.3450.57112.6";"Secretaria da Administração"
"2023.3.11.11301.306.4048.600042.6";"2023.3.11.11301.306.4048.600042.6";"2023.5090649.11301.0.600042.306.4048.62132.6";"Secretaria da Educação"
"2023.3.21.21301.303.5779.600038.6";"2023.3.21.21301.303.5779.600038.6";"2023.5200891.21301.1.600038.303.5779.57258.6";"Secretaria do Trabalho, Emprego, Renda e Esporte"
"2023.3.26.26101.305.1162.600009.6";"2023.3.26.26101.305.1162.600009.6";"2023.4943521.26101.4.600009.305.1162.55823.6";"Secretaria de Desenvolvimento Urbano"
"2024.3.80.80102.900.8070.600058.6";"2024.3.80.80102.900.8070.600058.6";"2024.5225745.80102.0.600058.900.8070.91321.6";"Encargos Gerais do Estado"
"2025.3.18.18101.417.1399.600089.6";"2025.3.18.18101.417.1399.600089.6";"2025.6181427.18101.3.600089.417.1399.97493.6";"Secretaria de Desenvolvimento Rural"
"2025.3.21.21301.414.1009.600039.6";"2025.3.21.21301.414.1009.600039.6";"2025.5670587.21301.1.600039.414.1009.90190.6";"Secretaria do Trabalho, Emprego, Renda e Esporte"
"2025.3.32.32101.411.3701.600164.6";"2025.3.32.32101.411.3701.600164.6";"2025.6181017.32101.3.600164.411.3701.97783.6";"Secretaria de Turismo"
"2025.3.32.32101.411.5491.600040.6";"2025.3.32.32101.411.5491.600040.6";"2025.5673618.32101.0.600040.411.5491.90191.6";"Secretaria de Turismo"
"2026.3.10.10101.417.3146.600106.6";"2026.3.10.10101.417.3146.600106.6";"2026.6186668.10101.1.600106.417.3146.97608.6";"Secretaria da Agricultura, Pecuária, Irrigação, Pesca e Aquicultura"
"2026.3.10.10101.417.5935.600162.6";"2026.3.10.10101.417.5935.600162.6";"2026.6193521.10101.1.600162.417.5935.97908.6";"Secretaria da Agricultura, Pecuária, Irrigação, Pesca e Aquicultura"
"2026.3.18.18401.420.5040.600068.6";"2026.3.18.18401.420.5040.600068.6";"2026.6190200.18401.1.600068.420.5040.95379.6";"Secretaria de Desenvolvimento Rural"
"2026.3.22.22201.406.2314.600067.6";"2026.3.22.22201.406.2314.600067.6";"2026.6196602.22201.1.600067.406.2314.97083.6";"Secretaria de Cultura"
"2026.3.80.80102.900.8070.600067.6";"2026.3.80.80102.900.8070.600067.6";"2026.6187260.80102.0.600067.900.8070.97083.6";"Encargos Gerais do Estado"
"2020.3.26.26101.305.1162.600000.6";"2020.3.26.26101.305.1162.600000.6";"2020.3893475.26101.4.600000.305.1162.46263.6";"Secretaria de Desenvolvimento Urbano"
"2022.3.11.11201.306.7536.600036.6";"2022.3.11.11201.306.7536.600036.6";"2022.4589331.11201.0.600036.306.7536.57114.6";"Secretaria da Educação"
"2022.3.20.20102.314.7880.600002.6";"2022.3.20.20102.314.7880.600002.6";"2022.4574239.20102.0.600002.314.7880.46893.6";"Secretaria da Segurança Pública"
"2022.3.34.34101.311.5558.600002.6";"2022.3.34.34101.311.5558.600002.6";"2022.4586927.34101.1.600002.311.5558.46893.6";"Secretaria de Políticas para as Mulheres"
"2022.3.34.34101.311.5558.600002.6";"2022.3.34.34101.311.5558.600002.6";"2022.4586939.34101.1.600002.311.5558.46893.6";"Secretaria de Políticas para as Mulheres"
"2023.3.18.18401.304.1399.600000.6";"2023.3.18.18401.304.1399.600000.6";"2023.4934359.18401.0.600000.304.1399.55814.6";"Secretaria de Desenvolvimento Rural"
"2023.3.22.22301.302.5521.600034.6";"2023.3.22.22301.302.5521.600034.6";"2023.5203443.22301.1.600034.302.5521.57253.6";"Secretaria de Cultura"
"2024.3.22.22101.406.6903.600046.6";"2024.3.22.22101.406.6903.600046.6";"2024.5223159.22101.1.600046.406.6903.62306.6";"Secretaria de Cultura"
"2024.3.26.26101.419.1162.600053.6";"2024.3.26.26101.419.1162.600053.6";"2024.5212286.26101.4.600053.419.1162.62313.6";"Secretaria de Desenvolvimento Urbano"
"2024.3.26.26401.419.1162.600032.6";"2024.3.26.26401.419.1162.600032.6";"2024.5214992.26401.0.600032.419.1162.61648.6";"Secretaria de Desenvolvimento Urbano"
"2025.3.10.10101.417.7385.600031.6";"2025.3.10.10101.417.7385.600031.6";"2025.5671787.10101.1.600031.417.7385.90200.6";"Secretaria da Agricultura, Pecuária, Irrigação, Pesca e Aquicultura"
"2025.3.18.18101.417.1399.600092.6";"2025.3.18.18101.417.1399.600092.6";"2025.6181358.18101.0.600092.417.1399.97531.6";"Secretaria de Desenvolvimento Rural"
"2025.3.18.18401.420.5040.600068.6";"2025.3.18.18401.420.5040.600068.6";"2025.5671899.18401.1.600068.420.5040.91463.6";"Secretaria de Desenvolvimento Rural"
"2025.3.32.32101.411.3701.600050.6";"2025.3.32.32101.411.3701.600050.6";"2025.6180443.32101.3.600050.411.3701.90184.6";"Secretaria de Turismo"
"2025.3.80.80102.900.8070.600069.6";"2025.3.80.80102.900.8070.600069.6";"2025.5665859.80102.0.600069.900.8070.91470.6";"Encargos Gerais do Estado"
"2026.3.21.21101.413.5917.600006.6";"2026.3.21.21101.413.5917.600006.6";"2026.6191571.21101.0.600006.413.5917.97031.6";"Secretaria do Trabalho, Emprego, Renda e Esporte"
"2026.3.28.28101.405.5649.600046.6";"2026.3.28.28101.405.5649.600046.6";"2026.6192749.11304.1.600046.405.5649.97011.6";"Secretaria de Ciência, Tecnologia e Inovação"
"2023.3.18.18401.304.1399.600037.6";"2023.3.18.18401.304.1399.600037.6";"2023.4939722.18401.0.600037.304.1399.57308.6";"Secretaria de Desenvolvimento Rural"
"2023.3.21.21301.305.1009.600029.6";"2023.3.21.21301.305.1009.600029.6";"2023.4937675.21301.0.600029.305.1009.57244.6";"Secretaria do Trabalho, Emprego, Renda e Esporte"
"2024.3.10.10501.417.6608.600036.6";"2024.3.10.10501.417.6608.600036.6";"2024.5220995.10501.1.600036.417.6608.61619.6";"Secretaria da Agricultura, Pecuária, Irrigação, Pesca e Aquicultura"
"2024.3.21.21301.414.1009.600029.6";"2024.3.21.21301.414.1009.600029.6";"2024.5212797.21301.0.600029.414.1009.61646.6";"Secretaria do Trabalho, Emprego, Renda e Esporte"
"2024.3.21.21301.414.1009.600039.6";"2024.3.21.21301.414.1009.600039.6";"2024.5216325.21301.1.600039.414.1009.62299.6";"Secretaria do Trabalho, Emprego, Renda e Esporte"
"2024.3.26.26101.419.1158.600020.6";"2024.3.26.26101.419.1158.600020.6";"2024.5215425.26401.2.600020.419.1158.61640.6";"Secretaria de Desenvolvimento Urbano"
"2024.3.38.38101.400.6953.600052.6";"2024.3.38.38101.400.6953.600052.6";"2024.5211008.38101.3.600052.400.6953.62312.6";"Secretaria de Justiça e Direitos Humanos"
"2025.3.11.11301.424.2443.600146.6";"2025.3.11.11301.424.2443.600146.6";"2025.6179300.11301.5.600146.424.2443.97707.6";"Secretaria da Educação"
"2025.3.11.11301.424.4048.600059.6";"2025.3.11.11301.424.4048.600059.6";"2025.5670441.11301.0.600059.424.4048.91468.6";"Secretaria da Educação"
"2025.3.21.21101.413.6672.600066.6";"2025.3.21.21101.413.6672.600066.6";"2025.5675179.21101.0.600066.413.6672.91438.6";"Secretaria do Trabalho, Emprego, Renda e Esporte"
"2025.3.26.26401.419.1162.600075.6";"2025.3.26.26401.419.1162.600075.6";"2025.5675008.26401.0.600075.419.1162.91385.6";"Secretaria de Desenvolvimento Urbano"
"2025.3.32.32802.411.5893.600066.6";"2025.3.32.32802.411.5893.600066.6";"2025.5673931.32802.1.600066.411.5893.91438.6";"Secretaria de Turismo"
"2025.3.32.32802.411.5893.600103.6";"2025.3.32.32802.411.5893.600103.6";"2025.6179201.32802.0.600103.411.5893.97551.6";"Secretaria de Turismo"
"2026.3.10.10101.417.3044.600169.6";"2026.3.10.10101.417.3044.600169.6";"2026.6188970.10101.1.600169.417.3044.97904.6";"Secretaria da Agricultura, Pecuária, Irrigação, Pesca e Aquicultura"
"2026.3.28.28101.405.1600.600065.6";"2026.3.28.28101.405.1600.600065.6";"2026.6188335.28101.1.600065.405.1600.95382.6";"Secretaria de Ciência, Tecnologia e Inovação"
"2026.3.18.18101.417.1399.600108.6";"2026.3.18.18401.417.1399.600108.6";"2026.6196538.18101.3.600108.417.1399.97612.6";"Secretaria de Desenvolvimento Rural"
"2023.3.26.26101.305.1158.600020.6";"2023.3.26.26401.305.1158.600020.6";"2023.4941428.26101.4.600020.305.1158.55834.6";"Secretaria de Desenvolvimento Urbano"
"2020.3.18.18401.304.1399.600001.6";"2020.3.18.18401.304.1399.600001.6";"2020.3893004.18401.1.600001.304.1399.46264.6";"Secretaria de Desenvolvimento Rural"
"2020.3.21.21301.308.5793.600002.6";"2020.3.21.21301.308.5793.600002.6";"2020.3893173.21301.0.600002.308.5793.46265.6";"Secretaria do Trabalho, Emprego, Renda e Esporte"
"2022.3.18.18401.304.1399.600001.6";"2022.3.18.18401.304.1399.600001.6";"2022.4576358.18401.0.600001.304.1399.46892.6";"Secretaria de Desenvolvimento Rural"
"2022.3.21.21301.303.5779.600038.6";"2022.3.21.21301.303.5779.600038.6";"2022.4589621.21301.1.600038.303.5779.57116.6";"Secretaria do Trabalho, Emprego, Renda e Esporte"
"2022.3.21.21301.305.1009.600013.6";"2022.3.21.21301.305.1009.600013.6";"2022.4873260.21301.0.600013.305.1009.51882.6";"Secretaria do Trabalho, Emprego, Renda e Esporte"
"2023.3.30.30101.307.5713.600039.6";"2023.3.30.30101.307.5713.600039.6";"2023.5200639.30101.2.600039.307.5713.62121.6";"Secretaria de Promoção da Igualdade Racial e dos Povos e Comunidades Tradicionais"
"2024.3.10.10301.417.6166.600046.6";"2024.3.10.10301.417.6166.600046.6";"2024.5211942.10301.1.600046.417.6166.62306.6";"Secretaria da Agricultura, Pecuária, Irrigação, Pesca e Aquicultura"
"2024.3.32.32802.411.5893.600061.6";"2024.3.32.32802.411.5893.600061.6";"2024.5655836.32802.1.600061.411.5893.91332.6";"Secretaria de Turismo"
"2024.3.80.80102.900.8070.600006.6";"2024.3.80.80102.900.8070.600006.6";"2024.5208851.80102.0.600006.900.8070.61626.6";"Encargos Gerais do Estado"
"2025.3.18.18101.417.1399.600059.6";"2025.3.18.18101.417.1399.600059.6";"2025.5670608.18401.1.600059.417.1399.91468.6";"Secretaria de Desenvolvimento Rural"
"2025.3.18.18101.417.7988.600119.6";"2025.3.18.18101.417.7988.600119.6";"2025.6181527.18101.0.600119.417.7988.97667.6";"Secretaria de Desenvolvimento Rural"
"2025.3.18.18101.417.7988.600119.6";"2025.3.18.18101.417.7988.600119.6";"2025.6181534.18101.3.600119.417.7988.97667.6";"Secretaria de Desenvolvimento Rural"
"2025.3.32.32101.411.3701.600060.6";"2025.3.32.32101.411.3701.600060.6";"2025.5672073.32101.3.600060.411.3701.91413.6";"Secretaria de Turismo"
"2025.3.32.32101.411.3701.600128.6";"2025.3.32.32101.411.3701.600128.6";"2025.6179078.32101.0.600128.411.3701.97699.6";"Secretaria de Turismo"
"2025.3.34.34101.429.4181.600003.6";"2025.3.34.34101.429.4181.600003.6";"2025.5679321.34101.1.600003.429.4181.90205.6";"Secretaria de Políticas para as Mulheres"
"2025.3.80.80102.900.8070.600059.6";"2025.3.80.80102.900.8070.600059.6";"2025.5665585.80102.0.600059.900.8070.91468.6";"Encargos Gerais do Estado"
"2026.3.21.21101.413.6672.600039.6";"2026.3.21.21101.413.6672.600039.6";"2026.6191674.21101.7.600039.413.6672.97013.6";"Secretaria do Trabalho, Emprego, Renda e Esporte"
"2026.3.80.80102.900.8070.600006.6";"2026.3.80.80102.900.8070.600006.6";"2026.6187088.80102.0.600006.900.8070.97031.6";"Encargos Gerais do Estado"
"2021.3.11.11201.306.7524.600002.6";"2021.3.11.11201.306.7524.600002.6";"2021.4225923.11201.1.600002.306.7524.46524.6";"Secretaria da Educação"
"2021.3.21.21301.305.7974.600003.6";"2021.3.21.21301.305.7974.600003.6";"2021.4542152.21301.0.600003.305.7974.51508.6";"Secretaria do Trabalho, Emprego, Renda e Esporte"
"2021.3.26.26101.305.1162.600006.6";"2021.3.26.26101.305.1162.600006.6";"2021.4563686.26101.0.600006.305.1162.51511.6";"Secretaria de Desenvolvimento Urbano"
"2022.3.18.18401.304.1399.600020.6";"2022.3.18.18401.304.1399.600020.6";"2022.4576430.18401.0.600020.304.1399.51889.6";"Secretaria de Desenvolvimento Rural"
"2022.3.20.20102.314.7877.600002.6";"2022.3.20.20102.314.7877.600002.6";"2022.4577419.20102.1.600002.314.7877.46893.6";"Secretaria da Segurança Pública"
"2022.3.21.21301.305.1009.600020.6";"2022.3.21.21301.305.1009.600020.6";"2022.4580968.21301.1.600020.305.1009.51889.6";"Secretaria do Trabalho, Emprego, Renda e Esporte"
"2022.3.26.26101.305.1162.600020.6";"2022.3.26.26101.305.1162.600020.6";"2022.4578878.26101.4.600020.305.1162.51889.6";"Secretaria de Desenvolvimento Urbano"
"2023.3.11.11302.306.7867.600031.6";"2023.3.11.11302.306.7867.600031.6";"2023.4934731.11302.1.600031.306.7867.57248.6";"Secretaria da Educação"
"2024.3.21.21101.413.5917.600036.6";"2024.3.21.21101.413.5917.600036.6";"2024.5211904.21101.7.600036.413.5917.61619.6";"Secretaria do Trabalho, Emprego, Renda e Esporte"
"2024.3.21.21301.414.1009.600039.6";"2024.3.21.21301.414.1009.600039.6";"2024.5217037.21301.1.600039.414.1009.62299.6";"Secretaria do Trabalho, Emprego, Renda e Esporte"
"2024.3.26.26401.419.1162.600043.6";"2024.3.26.26401.419.1162.600043.6";"2024.5215852.26401.1.600043.419.1162.62303.6";"Secretaria de Desenvolvimento Urbano"
"2024.3.30.30101.427.5599.600027.6";"2024.3.30.30101.427.5599.600027.6";"2024.5217195.30101.3.600027.427.5599.61645.6";"Secretaria de Promoção da Igualdade Racial e dos Povos e Comunidades Tradicionais"
"2024.3.8.8501.434.7894.600052.6";"2024.3.8.8501.434.7894.600052.6";"2024.5225683.8501.0.600052.434.7894.62312.6";"Secretaria de Infraestrutura Hídrica e Saneamento"
"2024.3.80.80102.900.8070.600002.6";"2024.3.80.80102.900.8070.600002.6";"2024.5208831.80102.0.600002.900.8070.61622.6";"Encargos Gerais do Estado"
"2024.3.80.80102.900.8070.600009.6";"2024.3.80.80102.900.8070.600009.6";"2024.5208858.80102.0.600009.900.8070.61629.6";"Encargos Gerais do Estado"
"2025.3.18.18401.417.1399.600028.6";"2025.3.18.18401.417.1399.600028.6";"2025.5679678.18401.0.600028.417.1399.90199.6";"Secretaria de Desenvolvimento Rural"
"2025.3.20.20102.437.7880.600053.6";"2025.3.20.20102.437.7880.600053.6";"2025.5673589.20102.0.600053.437.7880.90185.6";"Secretaria da Segurança Pública"
"2025.3.21.21301.414.4997.600045.6";"2025.3.21.21301.414.4997.600045.6";"2025.5684281.21301.1.600045.414.4997.90194.6";"Secretaria do Trabalho, Emprego, Renda e Esporte"
"2025.3.21.21301.414.4997.600060.6";"2025.3.21.21301.414.4997.600060.6";"2025.5682598.21301.0.600060.414.4997.91413.6";"Secretaria do Trabalho, Emprego, Renda e Esporte"
"2025.3.21.21301.414.5793.600060.6";"2025.3.21.21301.414.5793.600060.6";"2025.5676650.21301.1.600060.414.5793.91413.6";"Secretaria do Trabalho, Emprego, Renda e Esporte"
"2025.3.21.21301.414.7973.600051.6";"2025.3.21.21301.414.7973.600051.6";"2025.5679394.21301.1.600051.414.7973.90196.6";"Secretaria do Trabalho, Emprego, Renda e Esporte"
"2025.3.29.29101.440.3362.600065.6";"2025.3.29.29101.440.3362.600065.6";"2025.5682582.29101.0.600065.440.3362.91466.6";"Secretaria de Relações Institucionais"
"2025.3.80.80102.900.8070.600057.6";"2025.3.80.80102.900.8070.600057.6";"2025.5665838.80102.0.600057.900.8070.91415.6";"Encargos Gerais do Estado"
"2025.3.80.80102.900.8070.600062.6";"2025.3.80.80102.900.8070.600062.6";"2025.5665847.80102.0.600062.900.8070.91471.6";"Encargos Gerais do Estado"
"2026.3.11.11301.424.2443.600047.6";"2026.3.11.11301.424.2443.600047.6";"2026.6192218.11301.0.600047.424.2443.97006.6";"Secretaria da Educação"
"2026.3.11.11301.424.4048.600042.6";"2026.3.11.11301.424.4048.600042.6";"2026.6192773.11301.0.600042.424.4048.97016.6";"Secretaria da Educação"
"2026.3.21.21101.413.5917.600027.6";"2026.3.21.21101.413.5917.600027.6";"2026.6193785.21101.0.600027.413.5917.95149.6";"Secretaria do Trabalho, Emprego, Renda e Esporte"
"2026.3.38.38101.446.7850.600062.6";"2026.3.38.38101.446.7850.600062.6";"2026.6194765.38101.0.600062.446.7850.95497.6";"Secretaria de Justiça e Direitos Humanos"
"2026.3.39.39101.403.5445.600038.6";"2026.3.39.39101.403.5445.600038.6";"2026.6190691.39101.0.600038.403.5445.95156.6";"Secretaria de Assistência e Desenvolvimento Social"
"2026.3.80.80102.900.8070.600065.6";"2026.3.80.80102.900.8070.600065.6";"2026.6187245.80102.0.600065.900.8070.95382.6";"Encargos Gerais do Estado"
"2026.3.80.80102.900.8070.600073.6";"2026.3.80.80102.900.8070.600073.6";"2026.6187433.80102.0.600073.900.8070.97084.6";"Encargos Gerais do Estado"
"2026.3.18.18101.417.1399.600099.6";"2026.3.18.18401.417.1399.600099.6";"2026.6196522.18101.3.600099.417.1399.97593.6";"Secretaria de Desenvolvimento Rural"
"2024.3.28.28101.405.7917.600005.6";"2024.3.26.26101.405.7917.600005.6";"2024.5210985.28101.1.600005.405.7917.61625.6";"Secretaria de Desenvolvimento Urbano"
"2021.3.24.24801.309.7911.600000.6";"2021.3.24.24801.309.7911.600000.6";"2021.4233249.24801.0.600000.309.7911.46473.6";"Secretaria de Infraestrutura"
"2021.3.28.28101.301.7917.600009.6";"2021.3.28.28101.301.7917.600009.6";"2021.4234110.28101.0.600009.301.7917.51514.6";"Secretaria de Ciência, Tecnologia e Inovação"
"2021.3.80.80102.900.8070.600007.6";"2021.3.80.80102.900.8070.600007.6";"2021.4233227.80102.0.600007.900.8070.51512.6";"Encargos Gerais do Estado"
"2021.3.80.80102.900.8070.600019.6";"2021.3.80.80102.900.8070.600019.6";"2021.4233214.80102.0.600019.900.8070.51524.6";"Encargos Gerais do Estado"
"2022.3.18.18401.304.1399.600010.6";"2022.3.18.18401.304.1399.600010.6";"2022.4581482.18401.1.600010.304.1399.51879.6";"Secretaria de Desenvolvimento Rural"
"2022.3.26.26401.305.1162.600030.6";"2022.3.26.26401.305.1162.600030.6";"2022.4724263.26401.1.600030.305.1162.57108.6";"Secretaria de Desenvolvimento Urbano"
"2022.3.28.28101.301.7917.600025.6";"2022.3.28.28101.301.7917.600025.6";"2022.4588624.28101.1.600025.301.7917.57103.6";"Secretaria de Ciência, Tecnologia e Inovação"
"2022.3.9.9801.315.1340.600023.6";"2022.3.9.9801.315.1340.600023.6";"2022.4578510.9101.1.600023.315.1340.51949.6";"Secretaria da Administração"
"2023.3.80.80102.900.8070.600024.6";"2023.3.80.80102.900.8070.600024.6";"2023.4939135.80102.0.600024.900.8070.62012.6";"Encargos Gerais do Estado"
"2024.3.26.26401.419.5183.600038.6";"2024.3.26.26401.419.5183.600038.6";"2024.5216657.26401.1.600038.419.5183.61652.6";"Secretaria de Desenvolvimento Urbano"
"2024.3.34.34101.430.5558.600059.6";"2024.3.34.34101.430.5558.600059.6";"2024.5226127.34101.0.600059.430.5558.91326.6";"Secretaria de Políticas para as Mulheres"
"2024.3.80.80102.900.8070.600029.6";"2024.3.80.80102.900.8070.600029.6";"2024.5208922.80102.0.600029.900.8070.61646.6";"Encargos Gerais do Estado"
"2025.3.11.11101.422.3334.600031.6";"2025.3.11.11101.422.3334.600031.6";"2025.5670193.11101.94.600031.422.3334.90200.6";"Secretaria da Educação"
"2025.3.21.21301.414.1009.600036.6";"2025.3.21.21301.414.1009.600036.6";"2025.5671193.21301.1.600036.414.1009.90201.6";"Secretaria do Trabalho, Emprego, Renda e Esporte"
"2025.3.22.22101.406.7980.600071.6";"2025.3.22.22101.406.7980.600071.6";"2025.5668438.22101.0.600071.406.7980.91375.6";"Secretaria de Cultura"
"2025.3.24.24801.432.7911.600018.6";"2025.3.24.24801.432.7911.600018.6";"2025.5673340.24801.1.600018.432.7911.90220.6";"Secretaria de Infraestrutura"
"2025.3.80.80102.900.8070.600013.6";"2025.3.80.80102.900.8070.600013.6";"2025.5665746.80102.0.600013.900.8070.90215.6";"Encargos Gerais do Estado"
"2026.3.18.18101.417.1399.600157.6";"2026.3.18.18101.417.1399.600157.6";"2026.6196644.18401.1.600157.417.1399.97923.6";"Secretaria de Desenvolvimento Rural"
"2026.3.24.24801.432.7911.600018.6";"2026.3.24.24801.432.7911.600018.6";"2026.6190649.24801.0.600018.432.7911.95142.6";"Secretaria de Infraestrutura"
"2026.3.38.38101.400.2170.600057.6";"2026.3.38.38101.400.2170.600057.6";"2026.6193812.38101.0.600057.400.2170.95222.6";"Secretaria de Justiça e Direitos Humanos"
"2026.3.18.18101.417.1399.600107.6";"2026.3.18.18401.417.1399.600107.6";"2026.6196528.18101.3.600107.417.1399.97610.6";"Secretaria de Desenvolvimento Rural"
"2026.3.26.26101.419.1162.600081.6";"2026.3.26.26401.419.1162.600081.6";"2026.6195694.26101.4.600081.419.1162.97567.6";"Secretaria de Desenvolvimento Urbano"
"2021.3.21.21101.305.7882.600014.6";"2021.3.21.21101.305.7882.600014.6";"2021.4278501.21101.0.600014.305.7882.51519.6";"Secretaria do Trabalho, Emprego, Renda e Esporte"
"2023.3.22.22101.302.3696.600002.6";"2023.3.22.22101.302.3696.600002.6";"2023.4935126.22101.0.600002.302.3696.55816.6";"Secretaria de Cultura"
"2023.3.80.80102.900.8070.600023.6";"2023.3.80.80102.900.8070.600023.6";"2023.4939124.80102.0.600023.900.8070.53696.6";"Encargos Gerais do Estado"
"2024.3.11.11303.424.7867.600031.6";"2024.3.11.11303.424.7867.600031.6";"2024.5212783.11303.0.600031.424.7867.61618.6";"Secretaria da Educação"
"2024.3.21.21101.413.6672.600039.6";"2024.3.21.21101.413.6672.600039.6";"2024.5213734.21101.0.600039.413.6672.62299.6";"Secretaria do Trabalho, Emprego, Renda e Esporte"
"2024.3.26.26101.419.1162.600053.6";"2024.3.26.26101.419.1162.600053.6";"2024.5212930.26401.2.600053.419.1162.62313.6";"Secretaria de Desenvolvimento Urbano"
"2024.3.80.80102.900.8070.600054.6";"2024.3.80.80102.900.8070.600054.6";"2024.5208914.80102.0.600054.900.8070.62314.6";"Encargos Gerais do Estado"
"2025.3.11.11301.424.4048.600042.6";"2025.3.11.11301.424.4048.600042.6";"2025.5670430.11301.0.600042.424.4048.90193.6";"Secretaria da Educação"
"2025.3.21.21301.414.1009.600038.6";"2025.3.21.21301.414.1009.600038.6";"2025.5673254.21301.1.600038.414.1009.90234.6";"Secretaria do Trabalho, Emprego, Renda e Esporte"
"2025.3.32.32101.411.3701.600166.6";"2025.3.32.32101.411.3701.600166.6";"2025.6181016.32101.3.600166.411.3701.97787.6";"Secretaria de Turismo"
"2025.3.80.80102.900.8070.600077.6";"2025.3.80.80102.900.8070.600077.6";"2025.5665872.80102.0.600077.900.8070.91391.6";"Encargos Gerais do Estado"
"2026.3.10.10501.417.5916.600068.6";"2026.3.10.10501.417.5916.600068.6";"2026.6190744.10501.1.600068.417.5916.95379.6";"Secretaria da Agricultura, Pecuária, Irrigação, Pesca e Aquicultura"
"2026.3.18.18401.417.1399.600043.6";"2026.3.18.18401.417.1399.600043.6";"2026.6188873.18401.1.600043.417.1399.95157.6";"Secretaria de Desenvolvimento Rural"
"2026.3.28.28101.405.5649.600046.6";"2026.3.28.28101.405.5649.600046.6";"2026.6194144.28101.0.600046.405.5649.97011.6";"Secretaria de Ciência, Tecnologia e Inovação"
"2026.3.80.80102.900.8070.600056.6";"2026.3.80.80102.900.8070.600056.6";"2026.6187207.80102.0.600056.900.8070.97010.6";"Encargos Gerais do Estado"
"2024.3.28.28101.405.7917.600020.6";"2024.3.26.26101.405.7917.600020.6";"2024.5210982.28101.1.600020.405.7917.61640.6";"Secretaria de Desenvolvimento Urbano"
"2020.3.18.18401.312.5040.600002.6";"2020.3.18.18401.312.5040.600002.6";"2020.4216890.18401.0.600002.312.5040.46265.6";"Secretaria de Desenvolvimento Rural"
"2022.3.21.21101.308.1793.600022.6";"2022.3.21.21101.308.1793.600022.6";"2022.4581404.21101.5.600022.308.1793.51856.6";"Secretaria do Trabalho, Emprego, Renda e Esporte"
"2023.3.21.21301.308.5793.600046.6";"2023.3.21.21301.308.5793.600046.6";"2023.5200901.21301.1.600046.308.5793.62123.6";"Secretaria do Trabalho, Emprego, Renda e Esporte"
"2023.3.22.22101.302.7857.600027.6";"2023.3.22.22101.302.7857.600027.6";"2023.4945205.22101.1.600027.302.7857.57299.6";"Secretaria de Cultura"
"2024.3.11.11302.424.6908.600031.6";"2024.3.11.11302.424.6908.600031.6";"2024.5657250.11302.1.600031.424.6908.61618.6";"Secretaria da Educação"
"2024.3.11.11302.424.6908.600031.6";"2024.3.11.11302.424.6908.600031.6";"2024.5657251.11302.0.600031.424.6908.61618.6";"Secretaria da Educação"
"2024.3.22.22101.408.7032.600005.6";"2024.3.22.22101.408.7032.600005.6";"2024.5212839.22101.1.600005.408.7032.61625.6";"Secretaria de Cultura"
"2024.3.26.26101.419.1162.600042.6";"2024.3.26.26101.419.1162.600042.6";"2024.5213272.26101.0.600042.419.1162.62302.6";"Secretaria de Desenvolvimento Urbano"
"2024.3.28.28101.405.7917.600036.6";"2024.3.28.28101.405.7917.600036.6";"2024.5212248.26101.4.600036.405.7917.61619.6";"Secretaria de Ciência, Tecnologia e Inovação"
"2025.3.10.10101.417.7244.600002.6";"2025.3.10.10101.417.7244.600002.6";"2025.5668472.10101.0.600002.417.7244.90204.6";"Secretaria da Agricultura, Pecuária, Irrigação, Pesca e Aquicultura"
"2025.3.18.18101.417.1399.600107.6";"2025.3.18.18101.417.1399.600107.6";"2025.6181433.18101.3.600107.417.1399.97559.6";"Secretaria de Desenvolvimento Rural"
"2025.3.21.21301.414.1009.600063.6";"2025.3.21.21301.414.1009.600063.6";"2025.6177213.21301.1.600063.414.1009.91446.6";"Secretaria do Trabalho, Emprego, Renda e Esporte"
"2025.3.21.21301.414.7882.600063.6";"2025.3.21.21301.414.7882.600063.6";"2025.5776393.21301.1.600063.414.7882.91446.6";"Secretaria do Trabalho, Emprego, Renda e Esporte"
"2025.3.32.32802.411.5893.600061.6";"2025.3.32.32802.411.5893.600061.6";"2025.5673934.32802.1.600061.411.5893.91454.6";"Secretaria de Turismo"
"2025.3.80.80102.900.8070.600032.6";"2025.3.80.80102.900.8070.600032.6";"2025.5665782.80102.0.600032.900.8070.90230.6";"Encargos Gerais do Estado"
"2026.3.18.18101.417.1399.600099.6";"2026.3.18.18101.417.1399.600099.6";"2026.6196524.18401.1.600099.417.1399.97593.6";"Secretaria de Desenvolvimento Rural"
"2020.3.24.24801.309.7911.600000.6";"2020.3.24.24801.309.7911.600000.6";"2020.3898133.24801.1.600000.309.7911.46263.6";"Secretaria de Infraestrutura"
"2021.3.18.18401.304.1926.600015.6";"2021.3.18.18401.304.1926.600015.6";"2021.4234774.18401.0.600015.304.1926.51520.6";"Secretaria de Desenvolvimento Rural"
"2021.3.24.24801.309.7911.600000.6";"2021.3.24.24801.309.7911.600000.6";"2021.4224420.24801.1.600000.309.7911.46473.6";"Secretaria de Infraestrutura"
"2021.3.80.80102.900.8070.600016.6";"2021.3.80.80102.900.8070.600016.6";"2021.4233211.80102.0.600016.900.8070.51521.6";"Encargos Gerais do Estado"
"2022.3.10.10101.304.7385.600006.6";"2022.3.10.10101.304.7385.600006.6";"2022.4586331.10101.0.600006.304.7385.51875.6";"Secretaria da Agricultura, Pecuária, Irrigação, Pesca e Aquicultura"
"2022.3.20.20102.314.7880.600002.6";"2022.3.20.20102.314.7880.600002.6";"2022.4574842.20102.1.600002.314.7880.46893.6";"Secretaria da Segurança Pública"
"2022.3.24.24801.309.7911.600036.6";"2022.3.24.24801.309.7911.600036.6";"2022.4923173.24801.1.600036.309.7911.57114.6";"Secretaria de Infraestrutura"
"2023.3.18.18401.304.1399.600001.6";"2023.3.18.18401.304.1399.600001.6";"2023.4934419.18401.1.600001.304.1399.55815.6";"Secretaria de Desenvolvimento Rural"
"2023.3.20.20101.314.7880.600006.6";"2023.3.20.20101.314.7880.600006.6";"2023.4942012.20101.1.600006.314.7880.55820.6";"Secretaria da Segurança Pública"
"2023.3.22.22101.303.7032.600005.6";"2023.3.22.22101.303.7032.600005.6";"2023.4939577.22101.0.600005.303.7032.55819.6";"Secretaria de Cultura"
"2023.3.24.24801.309.7911.600006.6";"2023.3.24.24801.309.7911.600006.6";"2023.4933152.24801.0.600006.309.7911.55820.6";"Secretaria de Infraestrutura"
"2023.3.80.80102.900.8070.600036.6";"2023.3.80.80102.900.8070.600036.6";"2023.4928767.80102.0.600036.900.8070.57254.6";"Encargos Gerais do Estado"
"2025.3.18.18101.417.1399.600157.6";"2025.3.18.18101.417.1399.600157.6";"2025.6181495.18401.1.600157.417.1399.97769.6";"Secretaria de Desenvolvimento Rural"
"2025.3.18.18401.417.1399.600135.6";"2025.3.18.18401.417.1399.600135.6";"2025.6179073.18401.1.600135.417.1399.97695.6";"Secretaria de Desenvolvimento Rural"
"2025.3.22.22101.407.1251.600067.6";"2025.3.22.22101.407.1251.600067.6";"2025.5679411.22301.1.600067.407.1251.91386.6";"Secretaria de Cultura"
"2025.3.30.30101.426.4034.600043.6";"2025.3.30.30101.426.4034.600043.6";"2025.5672330.30101.2.600043.426.4034.90235.6";"Secretaria de Promoção da Igualdade Racial e dos Povos e Comunidades Tradicionais"
"2025.3.34.34101.429.5549.600073.6";"2025.3.34.34101.429.5549.600073.6";"2025.5683474.34101.3.600073.429.5549.91387.6";"Secretaria de Políticas para as Mulheres"
"2025.3.80.80102.900.8070.600033.6";"2025.3.80.80102.900.8070.600033.6";"2025.5665786.80102.0.600033.900.8070.90231.6";"Encargos Gerais do Estado"
"2025.3.80.80102.900.8070.600046.6";"2025.3.80.80102.900.8070.600046.6";"2025.5665492.80102.0.600046.900.8070.90188.6";"Encargos Gerais do Estado"
"2026.3.32.32802.411.5893.600103.6";"2026.3.32.32802.411.5893.600103.6";"2026.6188339.32802.1.600103.411.5893.97602.6";"Secretaria de Turismo"
"2025.3.22.22101.406.2314.600065.6";"2025.3.22.22201.406.2314.600065.6";"2025.5677013.22201.1.600065.406.2314.91466.6";"Secretaria de Cultura"
"2022.3.10.10101.304.7385.600006.6";"2022.3.10.10101.304.7385.600006.6";"2022.4586407.10101.1.600006.304.7385.51875.6";"Secretaria da Agricultura, Pecuária, Irrigação, Pesca e Aquicultura"
"2022.3.18.18401.312.5040.600015.6";"2022.3.18.18401.312.5040.600015.6";"2022.4922082.18401.0.600015.312.5040.51884.6";"Secretaria de Desenvolvimento Rural"
"2022.3.21.21301.305.7882.600013.6";"2022.3.21.21301.305.7882.600013.6";"2022.4577331.21301.1.600013.305.7882.51882.6";"Secretaria do Trabalho, Emprego, Renda e Esporte"
"2022.3.21.21301.305.7882.600020.6";"2022.3.21.21301.305.7882.600020.6";"2022.4575282.21301.0.600020.305.7882.51889.6";"Secretaria do Trabalho, Emprego, Renda e Esporte"
"2022.3.34.34101.311.5558.600003.6";"2022.3.34.34101.311.5558.600003.6";"2022.4587202.34101.0.600003.311.5558.51872.6";"Secretaria de Políticas para as Mulheres"
"2022.3.34.34101.311.5558.600005.6";"2022.3.34.34101.311.5558.600005.6";"2022.4587246.34101.1.600005.311.5558.51795.6";"Secretaria de Políticas para as Mulheres"
"2023.3.21.21301.305.1009.600020.6";"2023.3.21.21301.305.1009.600020.6";"2023.5203952.21301.1.600020.305.1009.55834.6";"Secretaria do Trabalho, Emprego, Renda e Esporte"
"2023.3.26.26401.305.5183.600038.6";"2023.3.26.26401.305.5183.600038.6";"2023.4946189.26401.0.600038.305.5183.57309.6";"Secretaria de Desenvolvimento Urbano"
"2024.3.18.18401.417.1399.600059.6";"2024.3.18.18401.417.1399.600059.6";"2024.5226102.18401.1.600059.417.1399.91326.6";"Secretaria de Desenvolvimento Rural"
"2024.3.21.21301.414.1009.600043.6";"2024.3.21.21301.414.1009.600043.6";"2024.5214021.21301.1.600043.414.1009.62303.6";"Secretaria do Trabalho, Emprego, Renda e Esporte"
"2024.3.21.21301.414.5793.600045.6";"2024.3.21.21301.414.5793.600045.6";"2024.5212795.21301.0.600045.414.5793.62305.6";"Secretaria do Trabalho, Emprego, Renda e Esporte"
"2024.3.28.28101.405.7917.600020.6";"2024.3.28.28101.405.7917.600020.6";"2024.5210982.28101.1.600020.405.7917.61640.6";"Secretaria de Ciência, Tecnologia e Inovação"
"2024.3.34.34101.429.4181.600043.6";"2024.3.34.34101.429.4181.600043.6";"2024.5326420.34101.1.600043.429.4181.62303.6";"Secretaria de Políticas para as Mulheres"
"2024.3.80.80102.900.8070.600025.6";"2024.3.80.80102.900.8070.600025.6";"2024.5208904.80102.0.600025.900.8070.61644.6";"Encargos Gerais do Estado"
"2025.3.10.10101.417.3044.600169.6";"2025.3.10.10101.417.3044.600169.6";"2025.6181399.10101.0.600169.417.3044.97793.6";"Secretaria da Agricultura, Pecuária, Irrigação, Pesca e Aquicultura"
"2025.3.11.11301.424.4048.600116.6";"2025.3.11.11301.424.4048.600116.6";"2025.6180316.11301.0.600116.424.4048.97647.6";"Secretaria da Educação"
"2025.3.22.22101.408.7032.600005.6";"2025.3.22.22101.408.7032.600005.6";"2025.5669052.22101.0.600005.408.7032.90207.6";"Secretaria de Cultura"
"2025.3.30.30101.427.5599.600066.6";"2025.3.30.30101.427.5599.600066.6";"2025.5678653.30101.3.600066.427.5599.91438.6";"Secretaria de Promoção da Igualdade Racial e dos Povos e Comunidades Tradicionais"
"2025.3.32.32101.411.3701.600050.6";"2025.3.32.32101.411.3701.600050.6";"2025.6180434.32101.0.600050.411.3701.90184.6";"Secretaria de Turismo"
"2025.3.80.80102.900.8070.600036.6";"2025.3.80.80102.900.8070.600036.6";"2025.5665790.80102.0.600036.900.8070.90201.6";"Encargos Gerais do Estado"
"2025.3.80.80102.900.8070.600057.6";"2025.3.80.80102.900.8070.600057.6";"2025.5665574.80102.0.600057.900.8070.91415.6";"Encargos Gerais do Estado"
"2020.3.18.18401.312.5040.600002.6";"2020.3.18.18401.312.5040.600002.6";"2020.4216908.18401.1.600002.312.5040.46265.6";"Secretaria de Desenvolvimento Rural"
"2020.3.80.80102.900.8070.600001.6";"2020.3.80.80102.900.8070.600001.6";"2020.3892130.80102.0.600001.900.8070.46264.6";"Encargos Gerais do Estado"
"2021.3.80.80102.900.8070.600015.6";"2021.3.80.80102.900.8070.600015.6";"2021.4233213.80102.0.600015.900.8070.51520.6";"Encargos Gerais do Estado"
"2022.3.10.10101.304.7385.600025.6";"2022.3.10.10101.304.7385.600025.6";"2022.4588781.10101.0.600025.304.7385.57103.6";"Secretaria da Agricultura, Pecuária, Irrigação, Pesca e Aquicultura"
"2022.3.12.12101.300.2170.600025.6";"2022.3.12.12101.300.2170.600025.6";"2022.4588537.12101.0.600025.300.2170.57103.6";"Secretaria de Justiça, Direitos Humanos e Desenvolvimento Social"
"2022.3.18.18401.312.5040.600002.6";"2022.3.18.18401.312.5040.600002.6";"2022.4580874.18401.1.600002.312.5040.46893.6";"Secretaria de Desenvolvimento Rural"
"2022.3.22.22101.302.7986.600002.6";"2022.3.22.22101.302.7986.600002.6";"2022.4583247.22101.1.600002.302.7986.46893.6";"Secretaria de Cultura"
"2023.3.26.26101.305.1162.600020.6";"2023.3.26.26101.305.1162.600020.6";"2023.4941671.26101.0.600020.305.1162.55834.6";"Secretaria de Desenvolvimento Urbano"
"2023.3.80.80102.900.8070.600004.6";"2023.3.80.80102.900.8070.600004.6";"2023.4928712.80102.0.600004.900.8070.55818.6";"Encargos Gerais do Estado"
"2024.3.18.18401.417.1399.600056.6";"2024.3.18.18401.417.1399.600056.6";"2024.5210996.18401.1.600056.417.1399.62315.6";"Secretaria de Desenvolvimento Rural"
"2024.3.21.21301.414.1009.600039.6";"2024.3.21.21301.414.1009.600039.6";"2024.5213741.21301.0.600039.414.1009.62299.6";"Secretaria do Trabalho, Emprego, Renda e Esporte"
"2024.3.22.22301.407.7052.600041.6";"2024.3.22.22301.407.7052.600041.6";"2024.5218774.22301.1.600041.407.7052.62301.6";"Secretaria de Cultura"
"2025.3.18.18101.417.1926.600038.6";"2025.3.18.18101.417.1926.600038.6";"2025.5671147.18101.0.600038.417.1926.90234.6";"Secretaria de Desenvolvimento Rural"
"2025.3.18.18401.417.1399.600089.6";"2025.3.18.18401.417.1399.600089.6";"2025.6179062.18401.0.600089.417.1399.97493.6";"Secretaria de Desenvolvimento Rural"
"2025.3.24.24801.432.7911.600048.6";"2025.3.24.24801.432.7911.600048.6";"2025.5670356.24801.0.600048.432.7911.90195.6";"Secretaria de Infraestrutura"
"2025.3.39.39101.404.4183.600067.6";"2025.3.39.39101.404.4183.600067.6";"2025.5674121.39101.0.600067.404.4183.91386.6";"Secretaria de Assistência e Desenvolvimento Social"
"2026.3.11.11301.424.2443.600047.6";"2026.3.11.11301.424.2443.600047.6";"2026.6192220.11301.0.600047.424.2443.97006.6";"Secretaria da Educação"
"2026.3.11.11301.424.4048.600042.6";"2026.3.11.11301.424.4048.600042.6";"2026.6192777.11301.0.600042.424.4048.97016.6";"Secretaria da Educação"
"2026.3.18.18101.417.1399.600099.6";"2026.3.18.18101.417.1399.600099.6";"2026.6196455.18101.0.600099.417.1399.97593.6";"Secretaria de Desenvolvimento Rural"
"2026.3.80.80102.900.8070.600038.6";"2026.3.80.80102.900.8070.600038.6";"2026.6187158.80102.0.600038.900.8070.95156.6";"Encargos Gerais do Estado"
"2026.3.80.80102.900.8070.600047.6";"2026.3.80.80102.900.8070.600047.6";"2026.6187179.80102.0.600047.900.8070.97006.6";"Encargos Gerais do Estado"
"2021.3.18.18401.304.1399.600019.6";"2021.3.18.18401.304.1399.600019.6";"2021.4564605.18401.1.600019.304.1399.51524.6";"Secretaria de Desenvolvimento Rural"
"2023.3.20.20101.314.7880.600053.6";"2023.3.20.20101.314.7880.600053.6";"2023.5090907.20101.1.600053.314.7880.62127.6";"Secretaria da Segurança Pública"
"2024.3.18.18401.417.1399.600056.6";"2024.3.18.18401.417.1399.600056.6";"2024.5210954.18401.0.600056.417.1399.62315.6";"Secretaria de Desenvolvimento Rural"
"2024.3.21.21301.414.4997.600000.6";"2024.3.21.21301.414.4997.600000.6";"2024.5212326.21301.0.600000.414.4997.61620.6";"Secretaria do Trabalho, Emprego, Renda e Esporte"
"2024.3.22.22101.406.2314.600028.6";"2024.3.22.22101.406.2314.600028.6";"2024.5212424.22101.1.600028.406.2314.61617.6";"Secretaria de Cultura"
"2024.3.8.8501.434.7894.600052.6";"2024.3.8.8501.434.7894.600052.6";"2024.5659524.8501.0.600052.434.7894.62312.6";"Secretaria de Infraestrutura Hídrica e Saneamento"
"2025.3.11.11302.424.6908.600031.6";"2025.3.11.11302.424.6908.600031.6";"2025.5675684.11302.0.600031.424.6908.90200.6";"Secretaria da Educação"
"2025.3.18.18101.417.1399.600035.6";"2025.3.18.18101.417.1399.600035.6";"2025.5669845.18101.0.600035.417.1399.90179.6";"Secretaria de Desenvolvimento Rural"
"2025.3.20.20801.437.7877.600058.6";"2025.3.20.20801.437.7877.600058.6";"2025.5673204.20801.0.600058.437.7877.91461.6";"Secretaria da Segurança Pública"
"2026.3.10.10101.417.5935.600162.6";"2026.3.10.10101.417.5935.600162.6";"2026.6193520.10101.0.600162.417.5935.97908.6";"Secretaria da Agricultura, Pecuária, Irrigação, Pesca e Aquicultura"
"2026.3.32.32101.411.3701.600050.6";"2026.3.32.32101.411.3701.600050.6";"2026.6195128.32101.0.600050.411.3701.97007.6";"Secretaria de Turismo"
"2026.3.80.80102.900.8070.600042.6";"2026.3.80.80102.900.8070.600042.6";"2026.6187166.80102.0.600042.900.8070.97016.6";"Encargos Gerais do Estado"
"2022.3.26.26101.305.1162.600000.6";"2022.3.26.26401.305.1162.600000.6";"2022.4579838.26101.4.600000.305.1162.51324.6";"Secretaria de Desenvolvimento Urbano"
"2020.3.12.12201.314.4365.600002.6";"2020.3.12.12201.314.4365.600002.6";"2020.3893077.12201.0.600002.314.4365.46265.6";"Secretaria de Justiça, Direitos Humanos e Desenvolvimento Social"
"2020.3.18.18401.304.1399.600002.6";"2020.3.18.18401.304.1399.600002.6";"2020.3893003.18401.1.600002.304.1399.46265.6";"Secretaria de Desenvolvimento Rural"
"2022.3.11.11301.306.4048.600009.6";"2022.3.11.11301.306.4048.600009.6";"2022.4853350.11301.0.600009.306.4048.51878.6";"Secretaria da Educação"
"2022.3.18.18401.304.7838.600019.6";"2022.3.18.18401.304.7838.600019.6";"2022.4576355.18401.0.600019.304.7838.51888.6";"Secretaria de Desenvolvimento Rural"
"2022.3.80.80102.900.8070.600005.6";"2022.3.80.80102.900.8070.600005.6";"2022.4578491.80102.0.600005.900.8070.51795.6";"Encargos Gerais do Estado"
"2022.3.80.80102.900.8070.600020.6";"2022.3.80.80102.900.8070.600020.6";"2022.4572116.80102.0.600020.900.8070.51889.6";"Encargos Gerais do Estado"
"2023.3.21.21301.305.7882.600042.6";"2023.3.21.21301.305.7882.600042.6";"2023.5200877.21301.0.600042.305.7882.62132.6";"Secretaria do Trabalho, Emprego, Renda e Esporte"
"2023.3.24.24801.309.7911.600006.6";"2023.3.24.24801.309.7911.600006.6";"2023.4933364.24801.1.600006.309.7911.55820.6";"Secretaria de Infraestrutura"
"2024.3.21.21301.414.1009.600043.6";"2024.3.21.21301.414.1009.600043.6";"2024.5213736.21301.0.600043.414.1009.62303.6";"Secretaria do Trabalho, Emprego, Renda e Esporte"
"2024.3.22.22301.406.7857.600034.6";"2024.3.22.22301.406.7857.600034.6";"2024.5218761.22301.0.600034.406.7857.61650.6";"Secretaria de Cultura"
"2024.3.24.24801.432.7911.600036.6";"2024.3.24.24801.432.7911.600036.6";"2024.5217544.24801.1.600036.432.7911.61619.6";"Secretaria de Infraestrutura"
"2025.3.10.10101.417.7385.600061.6";"2025.3.10.10101.417.7385.600061.6";"2025.5672247.10101.0.600061.417.7385.91454.6";"Secretaria da Agricultura, Pecuária, Irrigação, Pesca e Aquicultura"
"2025.3.18.18401.417.7988.600059.6";"2025.3.18.18401.417.7988.600059.6";"2025.5674967.18401.0.600059.417.7988.91468.6";"Secretaria de Desenvolvimento Rural"
"2025.3.21.21301.414.1009.600013.6";"2025.3.21.21301.414.1009.600013.6";"2025.5675109.21301.1.600013.414.1009.90215.6";"Secretaria do Trabalho, Emprego, Renda e Esporte"
"2025.3.26.26101.419.1162.600053.6";"2025.3.26.26101.419.1162.600053.6";"2025.5673232.26101.0.600053.419.1162.90185.6";"Secretaria de Desenvolvimento Urbano"
"2026.3.18.18401.417.1399.600077.6";"2026.3.18.18401.417.1399.600077.6";"2026.6188818.18401.0.600077.417.1399.97088.6";"Secretaria de Desenvolvimento Rural"
"2026.3.38.38101.400.2170.600066.6";"2026.3.38.38101.400.2170.600066.6";"2026.6193882.38101.3.600066.400.2170.95354.6";"Secretaria de Justiça e Direitos Humanos"
"2025.3.26.26101.419.1162.600042.6";"2025.3.26.26401.419.1162.600042.6";"2025.6179263.26401.2.600042.419.1162.90193.6";"Secretaria de Desenvolvimento Urbano"
"2020.3.18.18401.312.5040.600002.6";"2020.3.18.18401.312.5040.600002.6";"2020.4218916.18401.0.600002.312.5040.46265.6";"Secretaria de Desenvolvimento Rural"
"2021.3.17.17301.315.7457.600011.6";"2021.3.17.17301.315.7457.600011.6";"2021.4347844.17301.1.600011.315.7457.51516.6";"Secretaria do Planejamento"
"2021.3.21.21301.305.7974.600003.6";"2021.3.21.21301.305.7974.600003.6";"2021.4542151.21301.1.600003.305.7974.51508.6";"Secretaria do Trabalho, Emprego, Renda e Esporte"
"2023.3.80.80102.900.8070.600013.6";"2023.3.80.80102.900.8070.600013.6";"2023.4928730.80102.0.600013.900.8070.55827.6";"Encargos Gerais do Estado"
"2023.3.80.80102.900.8070.600054.6";"2023.3.80.80102.900.8070.600054.6";"2023.4952601.80102.0.600054.900.8070.62128.6";"Encargos Gerais do Estado"
"2024.3.21.21301.414.1009.600051.6";"2024.3.21.21301.414.1009.600051.6";"2024.5223394.21301.1.600051.414.1009.62311.6";"Secretaria do Trabalho, Emprego, Renda e Esporte"
"2024.3.80.80102.900.8070.600046.6";"2024.3.80.80102.900.8070.600046.6";"2024.5208864.80102.0.600046.900.8070.62306.6";"Encargos Gerais do Estado"
"2025.3.21.21301.414.5779.600060.6";"2025.3.21.21301.414.5779.600060.6";"2025.5676495.21301.0.600060.414.5779.91413.6";"Secretaria do Trabalho, Emprego, Renda e Esporte"
"2025.3.38.38101.400.4095.600005.6";"2025.3.38.38101.400.4095.600005.6";"2025.5683959.38101.0.600005.400.4095.90207.6";"Secretaria de Justiça e Direitos Humanos"
"2025.3.38.38101.400.4196.600046.6";"2025.3.38.38101.400.4196.600046.6";"2025.5676452.38101.0.600046.400.4196.90188.6";"Secretaria de Justiça e Direitos Humanos"
"2025.3.80.80102.900.8070.600001.6";"2025.3.80.80102.900.8070.600001.6";"2025.5665422.80102.0.600001.900.8070.90203.6";"Encargos Gerais do Estado"
"2025.3.80.80102.900.8070.600020.6";"2025.3.80.80102.900.8070.600020.6";"2025.5665758.80102.0.600020.900.8070.90222.6";"Encargos Gerais do Estado"
"2026.3.18.18101.417.1399.600107.6";"2026.3.18.18101.417.1399.600107.6";"2026.6196536.18401.1.600107.417.1399.97610.6";"Secretaria de Desenvolvimento Rural"
"2026.3.18.18401.417.1399.600015.6";"2026.3.18.18401.417.1399.600015.6";"2026.6191092.18401.1.600015.417.1399.95139.6";"Secretaria de Desenvolvimento Rural"
"2026.3.18.18101.417.1399.600157.6";"2026.3.18.18401.417.1399.600157.6";"2026.6196643.18101.3.600157.417.1399.97923.6";"Secretaria de Desenvolvimento Rural"
"2022.3.21.21101.305.7882.600014.6";"2022.3.21.21301.305.7882.600014.6";"2022.4574493.21101.1.600014.305.7882.51883.6";"Secretaria do Trabalho, Emprego, Renda e Esporte"
"2024.3.26.26101.419.1158.600020.6";"2024.3.26.26401.419.1158.600020.6";"2024.5215426.26401.2.600020.419.1158.61640.6";"Secretaria de Desenvolvimento Urbano"
"2021.3.26.26101.305.1162.600020.6";"2021.3.26.26101.305.1162.600020.6";"2021.4234753.26101.0.600020.305.1162.51525.6";"Secretaria de Desenvolvimento Urbano"
"2021.3.28.28101.301.7917.600020.6";"2021.3.28.28101.301.7917.600020.6";"2021.4234109.28101.0.600020.301.7917.51525.6";"Secretaria de Ciência, Tecnologia e Inovação"
"2022.3.26.26101.305.1158.600020.6";"2022.3.26.26101.305.1158.600020.6";"2022.4577635.26101.0.600020.305.1158.51889.6";"Secretaria de Desenvolvimento Urbano"
"2022.3.26.26101.305.1162.600020.6";"2022.3.26.26101.305.1162.600020.6";"2022.4577638.26101.0.600020.305.1162.51889.6";"Secretaria de Desenvolvimento Urbano"
"2023.3.11.11301.306.4048.600009.6";"2023.3.11.11301.306.4048.600009.6";"2023.4934962.11301.1.600009.306.4048.55823.6";"Secretaria da Educação"
"2023.3.11.11301.306.4048.600009.6";"2023.3.11.11301.306.4048.600009.6";"2023.4934964.11301.1.600009.306.4048.55823.6";"Secretaria da Educação"
"2023.3.20.20101.314.7880.600006.6";"2023.3.20.20101.314.7880.600006.6";"2023.4941997.20101.0.600006.314.7880.55820.6";"Secretaria da Segurança Pública"
"2023.3.20.20801.314.7873.600020.6";"2023.3.20.20801.314.7873.600020.6";"2023.4933174.20801.0.600020.314.7873.55834.6";"Secretaria da Segurança Pública"
"2024.3.28.28101.405.7917.600020.6";"2024.3.28.28101.405.7917.600020.6";"2024.5211037.26101.4.600020.405.7917.61640.6";"Secretaria de Ciência, Tecnologia e Inovação"
"2025.3.10.10101.417.6608.600161.6";"2025.3.10.10101.417.6608.600161.6";"2025.6180609.10101.0.600161.417.6608.97777.6";"Secretaria da Agricultura, Pecuária, Irrigação, Pesca e Aquicultura"
"2025.3.11.11301.424.2443.600047.6";"2025.3.11.11301.424.2443.600047.6";"2025.5675149.11301.0.600047.424.2443.90183.6";"Secretaria da Educação"
"2025.3.11.11301.424.4048.600009.6";"2025.3.11.11301.424.4048.600009.6";"2025.5667377.11301.0.600009.424.4048.90211.6";"Secretaria da Educação"
"2025.3.22.22301.406.7857.600034.6";"2025.3.22.22301.406.7857.600034.6";"2025.5676164.22301.0.600034.406.7857.90232.6";"Secretaria de Cultura"
"2025.3.38.38101.400.6953.600059.6";"2025.3.38.38101.400.6953.600059.6";"2025.5671289.38101.0.600059.400.6953.91468.6";"Secretaria de Justiça e Direitos Humanos"
"2025.3.80.80102.900.8070.600049.6";"2025.3.80.80102.900.8070.600049.6";"2025.5665819.80102.0.600049.900.8070.90189.6";"Encargos Gerais do Estado"
"2026.3.18.18101.417.1926.600038.6";"2026.3.18.18101.417.1926.600038.6";"2026.6191054.18101.3.600038.417.1926.95156.6";"Secretaria de Desenvolvimento Rural"
"2026.3.10.10101.417.5935.600162.6";"2026.3.10.10501.417.5935.600162.6";"2026.6194001.10101.1.600162.417.5935.97908.6";"Secretaria da Agricultura, Pecuária, Irrigação, Pesca e Aquicultura"
"2021.3.18.18401.304.1398.600015.6";"2021.3.18.18401.304.1398.600015.6";"2021.4234815.18401.1.600015.304.1398.51520.6";"Secretaria de Desenvolvimento Rural"
"2022.3.21.21101.308.1793.600004.6";"2022.3.21.21101.308.1793.600004.6";"2022.4575073.21101.0.600004.308.1793.51873.6";"Secretaria do Trabalho, Emprego, Renda e Esporte"
"2022.3.21.21101.308.5917.600004.6";"2022.3.21.21101.308.5917.600004.6";"2022.4575074.21101.0.600004.308.5917.51873.6";"Secretaria do Trabalho, Emprego, Renda e Esporte"
"2022.3.21.21301.314.4565.600036.6";"2022.3.21.21301.314.4565.600036.6";"2022.4923478.21301.0.600036.314.4565.57114.6";"Secretaria do Trabalho, Emprego, Renda e Esporte"
"2022.3.80.80102.900.8070.600009.6";"2022.3.80.80102.900.8070.600009.6";"2022.4572061.80102.0.600009.900.8070.51878.6";"Encargos Gerais do Estado"
"2024.3.21.21301.414.5779.600038.6";"2024.3.21.21301.414.5779.600038.6";"2024.5212538.21301.1.600038.414.5779.61652.6";"Secretaria do Trabalho, Emprego, Renda e Esporte"
"2024.3.24.24801.432.7911.600048.6";"2024.3.24.24801.432.7911.600048.6";"2024.5225266.24801.1.600048.432.7911.62308.6";"Secretaria de Infraestrutura"
"2024.3.26.26101.419.1162.600006.6";"2024.3.26.26101.419.1162.600006.6";"2024.5659168.26401.2.600006.419.1162.61626.6";"Secretaria de Desenvolvimento Urbano"
"2025.3.18.18401.417.7988.600059.6";"2025.3.18.18401.417.7988.600059.6";"2025.5674978.18401.1.600059.417.7988.91468.6";"Secretaria de Desenvolvimento Rural"
"2025.3.26.26101.419.5183.600043.6";"2025.3.26.26101.419.5183.600043.6";"2025.5676296.26401.2.600043.419.5183.90235.6";"Secretaria de Desenvolvimento Urbano"
"2026.3.10.10101.417.7244.600002.6";"2026.3.10.10101.417.7244.600002.6";"2026.6195469.10101.0.600002.417.7244.97027.6";"Secretaria da Agricultura, Pecuária, Irrigação, Pesca e Aquicultura"
"2026.3.28.28101.405.5649.600046.6";"2026.3.28.28101.405.5649.600046.6";"2026.6189626.28101.0.600046.405.5649.97011.6";"Secretaria de Ciência, Tecnologia e Inovação"
"2026.3.30.30101.426.4034.600043.6";"2026.3.30.30101.426.4034.600043.6";"2026.6193121.30101.0.600043.426.4034.95157.6";"Secretaria de Promoção da Igualdade Racial e dos Povos e Comunidades Tradicionais"
"2026.3.80.80102.900.8070.600061.6";"2026.3.80.80102.900.8070.600061.6";"2026.6187226.80102.0.600061.900.8070.95370.6";"Encargos Gerais do Estado"
"2026.3.9.9801.442.1340.600064.6";"2026.3.9.9801.442.1340.600064.6";"2026.6189297.9101.1.600064.442.1340.95206.6";"Secretaria da Administração"
"2021.3.12.12201.300.4365.600002.6";"2021.3.12.12201.300.4365.600002.6";"2021.4224465.12201.1.600002.300.4365.46524.6";"Secretaria de Justiça, Direitos Humanos e Desenvolvimento Social"
"2021.3.18.18401.304.1399.600010.6";"2021.3.18.18401.304.1399.600010.6";"2021.4234784.18401.0.600010.304.1399.51515.6";"Secretaria de Desenvolvimento Rural"
"2021.3.20.20102.314.7877.600002.6";"2021.3.20.20102.314.7877.600002.6";"2021.4226469.20102.1.600002.314.7877.46524.6";"Secretaria da Segurança Pública"
"2021.3.34.34101.311.5550.600002.6";"2021.3.34.34101.311.5550.600002.6";"2021.4225623.34101.1.600002.311.5550.46524.6";"Secretaria de Políticas para as Mulheres"
"2021.3.80.80102.900.8070.600006.6";"2021.3.80.80102.900.8070.600006.6";"2021.4233219.80102.0.600006.900.8070.51511.6";"Encargos Gerais do Estado"
"2022.3.11.11101.306.6596.600009.6";"2022.3.11.11101.306.6596.600009.6";"2022.4577273.11101.1.600009.306.6596.51878.6";"Secretaria da Educação"
"2022.3.21.21101.308.1793.600021.6";"2022.3.21.21101.308.1793.600021.6";"2022.4575142.21101.5.600021.308.1793.51890.6";"Secretaria do Trabalho, Emprego, Renda e Esporte"
"2022.3.34.34101.311.5558.600005.6";"2022.3.34.34101.311.5558.600005.6";"2022.4587204.34101.0.600005.311.5558.51795.6";"Secretaria de Políticas para as Mulheres"
"2023.3.10.10101.304.7385.600036.6";"2023.3.10.10101.304.7385.600036.6";"2023.4935739.10101.0.600036.304.7385.57254.6";"Secretaria da Agricultura, Pecuária, Irrigação, Pesca e Aquicultura"
"2023.3.39.39101.300.7169.600038.6";"2023.3.39.39101.300.7169.600038.6";"2023.4948085.39101.0.600038.300.7169.57258.6";"Secretaria de Assistência e Desenvolvimento Social"
"2024.3.15.15101.409.2059.600046.6";"2024.3.15.15101.409.2059.600046.6";"2024.5659021.15101.0.600046.409.2059.62306.6";"Secretaria de Desenvolvimento Econômico"
"2024.3.18.18101.416.7289.600034.6";"2024.3.18.18101.416.7289.600034.6";"2024.5212380.18101.0.600034.416.7289.61650.6";"Secretaria de Desenvolvimento Rural"
"2024.3.18.18401.417.1399.600015.6";"2024.3.18.18401.417.1399.600015.6";"2024.5210957.18401.0.600015.417.1399.61635.6";"Secretaria de Desenvolvimento Rural"
"2024.3.28.28101.405.7917.600036.6";"2024.3.28.28101.405.7917.600036.6";"2024.5211863.28101.0.600036.405.7917.61619.6";"Secretaria de Ciência, Tecnologia e Inovação"
"2024.3.80.80102.900.8070.600052.6";"2024.3.80.80102.900.8070.600052.6";"2024.5208894.80102.0.600052.900.8070.62312.6";"Encargos Gerais do Estado"
"2025.3.10.10101.417.7385.600054.6";"2025.3.10.10101.417.7385.600054.6";"2025.5677804.10101.1.600054.417.7385.90186.6";"Secretaria da Agricultura, Pecuária, Irrigação, Pesca e Aquicultura"
"2025.3.11.11301.424.2443.600047.6";"2025.3.11.11301.424.2443.600047.6";"2025.5673751.11301.1.600047.424.2443.90183.6";"Secretaria da Educação"
"2025.3.21.21301.414.1009.600021.6";"2025.3.21.21301.414.1009.600021.6";"2025.5670421.21301.0.600021.414.1009.90223.6";"Secretaria do Trabalho, Emprego, Renda e Esporte"
"2025.3.22.22202.406.7986.600031.6";"2025.3.22.22202.406.7986.600031.6";"2025.5671101.22202.0.600031.406.7986.90200.6";"Secretaria de Cultura"
"2025.3.38.38101.400.2170.600054.6";"2025.3.38.38101.400.2170.600054.6";"2025.5680758.38101.0.600054.400.2170.90186.6";"Secretaria de Justiça e Direitos Humanos"
"2025.3.38.38101.400.4095.600065.6";"2025.3.38.38101.400.4095.600065.6";"2025.5679884.38101.3.600065.400.4095.91466.6";"Secretaria de Justiça e Direitos Humanos"
"2026.3.18.18401.417.1399.600042.6";"2026.3.18.18401.417.1399.600042.6";"2026.6192928.18401.0.600042.417.1399.97016.6";"Secretaria de Desenvolvimento Rural"
"2026.3.32.32101.411.5491.600040.6";"2026.3.32.32101.411.5491.600040.6";"2026.6195935.32101.2.600040.411.5491.97014.6";"Secretaria de Turismo"
"2021.3.20.20101.314.7880.600006.6";"2021.3.20.20101.314.7880.600006.6";"2021.4565525.20101.0.600006.314.7880.51511.6";"Secretaria da Segurança Pública"
"2022.3.10.10101.312.3066.600031.6";"2022.3.10.10101.312.3066.600031.6";"2022.4922970.10101.1.600031.312.3066.57109.6";"Secretaria da Agricultura, Pecuária, Irrigação, Pesca e Aquicultura"
"2022.3.20.20102.314.7877.600002.6";"2022.3.20.20102.314.7877.600002.6";"2022.4577418.20102.1.600002.314.7877.46893.6";"Secretaria da Segurança Pública"
"2023.3.21.21301.305.1009.600003.6";"2023.3.21.21301.305.1009.600003.6";"2023.4931529.21301.0.600003.305.1009.55817.6";"Secretaria do Trabalho, Emprego, Renda e Esporte"
"2023.3.22.22202.302.7857.600031.6";"2023.3.22.22202.302.7857.600031.6";"2023.4933804.22202.0.600031.302.7857.57248.6";"Secretaria de Cultura"
"2023.3.38.38101.300.6953.600046.6";"2023.3.38.38101.300.6953.600046.6";"2023.5199126.38101.0.600046.300.6953.62123.6";"Secretaria de Justiça e Direitos Humanos"
"2024.3.11.11201.422.7536.600053.6";"2024.3.11.11201.422.7536.600053.6";"2024.5212346.11201.0.600053.422.7536.62313.6";"Secretaria da Educação"
"2024.3.11.11302.424.6908.600031.6";"2024.3.11.11302.424.6908.600031.6";"2024.5658343.11302.0.600031.424.6908.61618.6";"Secretaria da Educação"
"2024.3.21.21101.413.5917.600004.6";"2024.3.21.21101.413.5917.600004.6";"2024.5211802.21101.0.600004.413.5917.61624.6";"Secretaria do Trabalho, Emprego, Renda e Esporte"
"2024.3.28.28101.405.5649.600046.6";"2024.3.28.28101.405.5649.600046.6";"2024.5220730.28101.0.600046.405.5649.62306.6";"Secretaria de Ciência, Tecnologia e Inovação"
"2024.3.38.38101.400.2170.600002.6";"2024.3.38.38101.400.2170.600002.6";"2024.5207995.38101.0.600002.400.2170.61622.6";"Secretaria de Justiça e Direitos Humanos"
"2024.3.80.80102.900.8070.600005.6";"2024.3.80.80102.900.8070.600005.6";"2024.5227337.80102.0.600005.900.8070.61590.6";"Encargos Gerais do Estado"
"2025.3.22.22202.406.4357.600027.6";"2025.3.22.22202.406.4357.600027.6";"2025.5666254.22202.1.600027.406.4357.90227.6";"Secretaria de Cultura"
"2025.3.26.26401.419.1162.600039.6";"2025.3.26.26401.419.1162.600039.6";"2025.5670410.26401.0.600039.419.1162.90190.6";"Secretaria de Desenvolvimento Urbano"
"2026.3.18.18401.417.1399.600064.6";"2026.3.18.18401.417.1399.600064.6";"2026.6188878.18401.1.600064.417.1399.95206.6";"Secretaria de Desenvolvimento Rural"
"2026.3.38.38101.400.2170.600057.6";"2026.3.38.38101.400.2170.600057.6";"2026.6192010.38101.3.600057.400.2170.95222.6";"Secretaria de Justiça e Direitos Humanos"
"2026.3.18.18101.417.1399.600085.6";"2026.3.18.18401.417.1399.600085.6";"2026.6196515.18101.3.600085.417.1399.97498.6";"Secretaria de Desenvolvimento Rural"
"2022.3.22.22101.302.7857.600031.6";"2022.3.22.22202.302.7857.600031.6";"2022.4924759.22101.1.600031.302.7857.57109.6";"Secretaria de Cultura"
"2021.3.20.20801.314.7873.600020.6";"2021.3.20.20801.314.7873.600020.6";"2021.4563473.20801.0.600020.314.7873.51525.6";"Secretaria da Segurança Pública"
"2021.3.80.80102.900.8070.600013.6";"2021.3.80.80102.900.8070.600013.6";"2021.4233221.80102.0.600013.900.8070.51518.6";"Encargos Gerais do Estado"
"2022.3.21.21101.308.1793.600004.6";"2022.3.21.21101.308.1793.600004.6";"2022.4577609.21101.0.600004.308.1793.51873.6";"Secretaria do Trabalho, Emprego, Renda e Esporte"
"2022.3.21.21301.305.7882.600013.6";"2022.3.21.21301.305.7882.600013.6";"2022.4577081.21301.0.600013.305.7882.51882.6";"Secretaria do Trabalho, Emprego, Renda e Esporte"
"2022.3.21.21301.305.7974.600003.6";"2022.3.21.21301.305.7974.600003.6";"2022.4575407.21301.1.600003.305.7974.51872.6";"Secretaria do Trabalho, Emprego, Renda e Esporte"
"2022.3.22.22202.302.7857.600031.6";"2022.3.22.22202.302.7857.600031.6";"2022.4889152.22202.1.600031.302.7857.57109.6";"Secretaria de Cultura"
"2023.3.22.22301.302.7857.600007.6";"2023.3.22.22301.302.7857.600007.6";"2023.4931981.22301.1.600007.302.7857.55821.6";"Secretaria de Cultura"
"2023.3.26.26401.305.1162.600038.6";"2023.3.26.26401.305.1162.600038.6";"2023.4946190.26401.0.600038.305.1162.57309.6";"Secretaria de Desenvolvimento Urbano"
"2023.3.80.80102.900.8070.600031.6";"2023.3.80.80102.900.8070.600031.6";"2023.4939130.80102.0.600031.900.8070.57303.6";"Encargos Gerais do Estado"
"2024.3.32.32802.411.5893.600056.6";"2024.3.32.32802.411.5893.600056.6";"2024.5220738.32802.0.600056.411.5893.62315.6";"Secretaria de Turismo"
"2025.3.11.11301.424.2443.600047.6";"2025.3.11.11301.424.2443.600047.6";"2025.5675150.11301.1.600047.424.2443.90183.6";"Secretaria da Educação"
"2025.3.17.17101.440.4042.600042.6";"2025.3.17.17101.440.4042.600042.6";"2025.5675976.32802.1.600042.440.4042.90193.6";"Secretaria do Planejamento"
"2025.3.26.26101.419.1158.600006.6";"2025.3.26.26101.419.1158.600006.6";"2025.5676190.26101.0.600006.419.1158.90208.6";"Secretaria de Desenvolvimento Urbano"
"2025.3.30.30101.426.3289.600043.6";"2025.3.30.30101.426.3289.600043.6";"2025.5672329.30101.2.600043.426.3289.90235.6";"Secretaria de Promoção da Igualdade Racial e dos Povos e Comunidades Tradicionais"
"2025.3.32.32101.411.3701.600066.6";"2025.3.32.32101.411.3701.600066.6";"2025.5671052.32101.0.600066.411.3701.91438.6";"Secretaria de Turismo"
"2025.3.34.34101.430.4239.600027.6";"2025.3.34.34101.430.4239.600027.6";"2025.5672596.34101.2.600027.430.4239.90227.6";"Secretaria de Políticas para as Mulheres"
"2026.3.18.18401.417.1399.600077.6";"2026.3.18.18401.417.1399.600077.6";"2026.6188819.18401.0.600077.417.1399.97088.6";"Secretaria de Desenvolvimento Rural"
"2026.3.18.18101.417.1399.600163.6";"2026.3.18.18401.417.1399.600163.6";"2026.6196488.18401.1.600163.417.1399.97883.6";"Secretaria de Desenvolvimento Rural"
"2021.3.34.34101.311.5550.600002.6";"2021.3.34.34101.311.5550.600002.6";"2021.4225624.34101.1.600002.311.5550.46524.6";"Secretaria de Políticas para as Mulheres"
"2022.3.21.21301.314.4565.600000.6";"2022.3.21.21301.314.4565.600000.6";"2022.4923487.21301.1.600000.314.4565.51324.6";"Secretaria do Trabalho, Emprego, Renda e Esporte"
"2023.3.21.21301.314.4565.600000.6";"2023.3.21.21301.314.4565.600000.6";"2023.4938071.21301.1.600000.314.4565.55814.6";"Secretaria do Trabalho, Emprego, Renda e Esporte"
"2023.3.22.22101.302.7857.600031.6";"2023.3.22.22101.302.7857.600031.6";"2023.4933834.22101.0.600031.302.7857.57248.6";"Secretaria de Cultura"
"2023.3.34.34101.311.5558.600002.6";"2023.3.34.34101.311.5558.600002.6";"2023.4940180.34101.2.600002.311.5558.53675.6";"Secretaria de Políticas para as Mulheres"
"2024.3.28.28101.405.5649.600046.6";"2024.3.28.28101.405.5649.600046.6";"2024.5220843.28101.1.600046.405.5649.62306.6";"Secretaria de Ciência, Tecnologia e Inovação"
"2025.3.11.11301.424.2443.600146.6";"2025.3.11.11301.424.2443.600146.6";"2025.6179252.11301.0.600146.424.2443.97707.6";"Secretaria da Educação"
"2026.3.24.24801.432.7911.600069.6";"2026.3.24.24801.432.7911.600069.6";"2026.6194705.24801.0.600069.432.7911.95496.6";"Secretaria de Infraestrutura"
"2026.3.26.26101.419.1158.600020.6";"2026.3.26.26401.419.1158.600020.6";"2026.6195568.26401.2.600020.419.1158.95144.6";"Secretaria de Desenvolvimento Urbano"
"2021.3.20.20101.314.7880.600006.6";"2021.3.20.20101.314.7880.600006.6";"2021.4565549.20101.1.600006.314.7880.51511.6";"Secretaria da Segurança Pública"
"2021.3.21.21301.308.5793.600004.6";"2021.3.21.21301.308.5793.600004.6";"2021.4235515.21301.1.600004.308.5793.51509.6";"Secretaria do Trabalho, Emprego, Renda e Esporte"
"2021.3.34.34101.311.5550.600002.6";"2021.3.34.34101.311.5550.600002.6";"2021.4225267.34101.0.600002.311.5550.46524.6";"Secretaria de Políticas para as Mulheres"
"2021.3.80.80102.900.8070.600001.6";"2021.3.80.80102.900.8070.600001.6";"2021.4222912.80102.0.600001.900.8070.46523.6";"Encargos Gerais do Estado"
"2022.3.18.18401.304.1399.600022.6";"2022.3.18.18401.304.1399.600022.6";"2022.4585425.18401.0.600022.304.1399.51858.6";"Secretaria de Desenvolvimento Rural"
"2022.3.34.34101.311.5558.600003.6";"2022.3.34.34101.311.5558.600003.6";"2022.4587066.34101.1.600003.311.5558.51872.6";"Secretaria de Políticas para as Mulheres"
"2023.3.20.20801.314.7877.600024.6";"2023.3.20.20801.314.7877.600024.6";"2023.4944966.20801.57.600024.314.7877.62012.6";"Secretaria da Segurança Pública"
"2023.3.22.22101.302.7857.600031.6";"2023.3.22.22101.302.7857.600031.6";"2023.4937613.22202.1.600031.302.7857.57248.6";"Secretaria de Cultura"
"2023.3.38.38101.300.2170.600042.6";"2023.3.38.38101.300.2170.600042.6";"2023.5198740.38101.3.600042.300.2170.62132.6";"Secretaria de Justiça e Direitos Humanos"
"2024.3.24.24801.432.7911.600006.6";"2024.3.24.24801.432.7911.600006.6";"2024.5213030.24801.1.600006.432.7911.61626.6";"Secretaria de Infraestrutura"
"2024.3.24.24801.432.7911.600048.6";"2024.3.24.24801.432.7911.600048.6";"2024.5225255.24801.0.600048.432.7911.62308.6";"Secretaria de Infraestrutura"
"2025.3.10.10501.417.5916.600068.6";"2025.3.10.10501.417.5916.600068.6";"2025.5668471.10501.0.600068.417.5916.91463.6";"Secretaria da Agricultura, Pecuária, Irrigação, Pesca e Aquicultura"
"2025.3.11.11301.424.4048.600009.6";"2025.3.11.11301.424.4048.600009.6";"2025.5667383.11301.0.600009.424.4048.90211.6";"Secretaria da Educação"
"2025.3.24.24801.432.7911.600048.6";"2025.3.24.24801.432.7911.600048.6";"2025.5670355.24801.0.600048.432.7911.90195.6";"Secretaria de Infraestrutura"
"2025.3.39.39601.402.2284.600049.6";"2025.3.39.39601.402.2284.600049.6";"2025.6176895.39601.1.600049.402.2284.90189.6";"Secretaria de Assistência e Desenvolvimento Social"
"2026.3.32.32101.411.3701.600124.6";"2026.3.32.32101.411.3701.600124.6";"2026.6187577.32101.0.600124.411.3701.97676.6";"Secretaria de Turismo"
"2025.3.18.18101.417.7988.600119.6";"2025.3.18.18401.417.7988.600119.6";"2025.6181537.18401.1.600119.417.7988.97667.6";"Secretaria de Desenvolvimento Rural"
"2021.3.11.11101.306.5262.600009.6";"2021.3.11.11101.306.5262.600009.6";"2021.4278555.11101.1.600009.306.5262.51514.6";"Secretaria da Educação"
"2022.3.26.26101.305.1162.600020.6";"2022.3.26.26101.305.1162.600020.6";"2022.4578876.26101.4.600020.305.1162.51889.6";"Secretaria de Desenvolvimento Urbano"
"2023.3.21.21101.308.1793.600005.6";"2023.3.21.21101.308.1793.600005.6";"2023.4934318.21101.0.600005.308.1793.55819.6";"Secretaria do Trabalho, Emprego, Renda e Esporte"
"2023.3.80.80102.900.8070.600045.6";"2023.3.80.80102.900.8070.600045.6";"2023.5200025.80102.0.600045.900.8070.62130.6";"Encargos Gerais do Estado"
"2024.3.11.11101.422.3334.600031.6";"2024.3.11.11101.422.3334.600031.6";"2024.5227472.11101.0.600031.422.3334.61618.6";"Secretaria da Educação"
"2024.3.18.18101.417.1399.600059.6";"2024.3.18.18101.417.1399.600059.6";"2024.5660077.18101.0.600059.417.1399.91326.6";"Secretaria de Desenvolvimento Rural"
"2024.3.80.80102.900.8070.600038.6";"2024.3.80.80102.900.8070.600038.6";"2024.5208812.80102.0.600038.900.8070.61652.6";"Encargos Gerais do Estado"
"2025.3.18.18101.417.1399.600157.6";"2025.3.18.18101.417.1399.600157.6";"2025.6181428.18101.3.600157.417.1399.97769.6";"Secretaria de Desenvolvimento Rural"
"2025.3.18.18401.417.7988.600059.6";"2025.3.18.18401.417.7988.600059.6";"2025.5674979.18401.1.600059.417.7988.91468.6";"Secretaria de Desenvolvimento Rural"
"2025.3.21.21301.414.7973.600051.6";"2025.3.21.21301.414.7973.600051.6";"2025.5679275.21301.0.600051.414.7973.90196.6";"Secretaria do Trabalho, Emprego, Renda e Esporte"
"2025.3.30.30101.426.4034.600043.6";"2025.3.30.30101.426.4034.600043.6";"2025.5672264.30101.0.600043.426.4034.90235.6";"Secretaria de Promoção da Igualdade Racial e dos Povos e Comunidades Tradicionais"
"2026.3.10.10101.417.5916.600161.6";"2026.3.10.10101.417.5916.600161.6";"2026.6186939.10101.0.600161.417.5916.97910.6";"Secretaria da Agricultura, Pecuária, Irrigação, Pesca e Aquicultura"
"2026.3.18.18101.417.1399.600105.6";"2026.3.18.18101.417.1399.600105.6";"2026.6196525.18101.3.600105.417.1399.97606.6";"Secretaria de Desenvolvimento Rural"
"2026.3.18.18401.417.1399.600064.6";"2026.3.18.18401.417.1399.600064.6";"2026.6188843.18401.0.600064.417.1399.95206.6";"Secretaria de Desenvolvimento Rural"
"2026.3.22.22201.406.2314.600067.6";"2026.3.22.22201.406.2314.600067.6";"2026.6196376.22201.0.600067.406.2314.97083.6";"Secretaria de Cultura"
"2026.3.80.80102.900.8070.600066.6";"2026.3.80.80102.900.8070.600066.6";"2026.6187251.80102.0.600066.900.8070.95354.6";"Encargos Gerais do Estado"
"2021.3.26.26101.305.1158.600020.6";"2021.3.26.26101.305.1158.600020.6";"2021.4234752.26101.0.600020.305.1158.51525.6";"Secretaria de Desenvolvimento Urbano"
"2022.3.24.24801.309.7911.600006.6";"2022.3.24.24801.309.7911.600006.6";"2022.4575018.24801.0.600006.309.7911.51875.6";"Secretaria de Infraestrutura"
"2022.3.34.34101.311.5558.600002.6";"2022.3.34.34101.311.5558.600002.6";"2022.4586928.34101.0.600002.311.5558.46893.6";"Secretaria de Políticas para as Mulheres"
"2023.3.21.21301.305.7882.600042.6";"2023.3.21.21301.305.7882.600042.6";"2023.5200895.21301.1.600042.305.7882.62132.6";"Secretaria do Trabalho, Emprego, Renda e Esporte"
"2023.3.80.80102.900.8070.600025.6";"2023.3.80.80102.900.8070.600025.6";"2023.4939134.80102.0.600025.900.8070.57298.6";"Encargos Gerais do Estado"
"2024.3.22.22301.406.7857.600034.6";"2024.3.22.22301.406.7857.600034.6";"2024.5219371.22301.1.600034.406.7857.61650.6";"Secretaria de Cultura"
"2024.3.38.38101.400.6953.600038.6";"2024.3.38.38101.400.6953.600038.6";"2024.5225746.38101.3.600038.400.6953.61652.6";"Secretaria de Justiça e Direitos Humanos"
"2024.3.80.80102.900.8070.600052.6";"2024.3.80.80102.900.8070.600052.6";"2024.5208898.80102.0.600052.900.8070.62312.6";"Encargos Gerais do Estado"
"2025.3.11.11301.424.2443.600047.6";"2025.3.11.11301.424.2443.600047.6";"2025.5675159.11301.5.600047.424.2443.90183.6";"Secretaria da Educação"
"2025.3.18.18401.417.1926.600023.6";"2025.3.18.18401.417.1926.600023.6";"2025.5669832.18401.0.600023.417.1926.90225.6";"Secretaria de Desenvolvimento Rural"
"2025.3.21.21301.414.5793.600057.6";"2025.3.21.21301.414.5793.600057.6";"2025.5670351.21301.0.600057.414.5793.91415.6";"Secretaria do Trabalho, Emprego, Renda e Esporte"
"2025.3.26.26401.419.1158.600052.6";"2025.3.26.26401.419.1158.600052.6";"2025.5681212.26401.1.600052.419.1158.90197.6";"Secretaria de Desenvolvimento Urbano"
"2025.3.32.32101.411.3701.600129.6";"2025.3.32.32101.411.3701.600129.6";"2025.6179392.32101.3.600129.411.3701.97701.6";"Secretaria de Turismo"
"2025.3.80.80102.900.8070.600054.6";"2025.3.80.80102.900.8070.600054.6";"2025.5665832.80102.0.600054.900.8070.90186.6";"Encargos Gerais do Estado"
"2026.3.20.20801.437.7873.600072.6";"2026.3.20.20801.437.7873.600072.6";"2026.6191464.20801.72.600072.437.7873.97086.6";"Secretaria da Segurança Pública"
"2026.3.80.80102.900.8070.600021.6";"2026.3.80.80102.900.8070.600021.6";"2026.6187117.80102.0.600021.900.8070.95145.6";"Encargos Gerais do Estado"
"2024.3.26.26101.419.1162.600053.6";"2024.3.26.26401.419.1162.600053.6";"2024.5212930.26401.2.600053.419.1162.62313.6";"Secretaria de Desenvolvimento Urbano"
"2026.3.28.28101.405.5649.600046.6";"2026.3.11.11304.405.5649.600046.6";"2026.6192749.11304.1.600046.405.5649.97011.6";"Secretaria da Educação"
"2021.3.80.80102.900.8070.600017.6";"2021.3.80.80102.900.8070.600017.6";"2021.4233217.80102.0.600017.900.8070.51522.6";"Encargos Gerais do Estado"
"2022.3.10.10101.312.3066.600031.6";"2022.3.10.10101.312.3066.600031.6";"2022.4922378.10101.0.600031.312.3066.57109.6";"Secretaria da Agricultura, Pecuária, Irrigação, Pesca e Aquicultura"
"2022.3.22.22202.302.7857.600031.6";"2022.3.22.22202.302.7857.600031.6";"2022.4924485.22202.1.600031.302.7857.57109.6";"Secretaria de Cultura"
"2022.3.24.24801.309.7911.600000.6";"2022.3.24.24801.309.7911.600000.6";"2022.4578169.24801.1.600000.309.7911.51324.6";"Secretaria de Infraestrutura"
"2023.3.18.18401.304.1399.600026.6";"2023.3.18.18401.304.1399.600026.6";"2023.4941169.18401.0.600026.304.1399.62011.6";"Secretaria de Desenvolvimento Rural"
"2024.3.18.18401.417.1399.600045.6";"2024.3.18.18401.417.1399.600045.6";"2024.5210994.18401.1.600045.417.1399.62305.6";"Secretaria de Desenvolvimento Rural"
"2024.3.21.21101.414.7882.600014.6";"2024.3.21.21101.414.7882.600014.6";"2024.5227564.21101.0.600014.414.7882.61634.6";"Secretaria do Trabalho, Emprego, Renda e Esporte"
"2024.3.24.24801.432.7911.600006.6";"2024.3.24.24801.432.7911.600006.6";"2024.5212816.24801.0.600006.432.7911.61626.6";"Secretaria de Infraestrutura"
"2024.3.30.30101.427.5599.600027.6";"2024.3.30.30101.427.5599.600027.6";"2024.5211866.30101.0.600027.427.5599.61645.6";"Secretaria de Promoção da Igualdade Racial e dos Povos e Comunidades Tradicionais"
"2025.3.26.26401.419.1162.600075.6";"2025.3.26.26401.419.1162.600075.6";"2025.5673222.26401.0.600075.419.1162.91385.6";"Secretaria de Desenvolvimento Urbano"
"2025.3.80.80102.900.8070.600019.6";"2025.3.80.80102.900.8070.600019.6";"2025.5665755.80102.0.600019.900.8070.90221.6";"Encargos Gerais do Estado"
"2026.3.38.38101.400.2170.600054.6";"2026.3.38.38101.400.2170.600054.6";"2026.6193863.38101.2.600054.400.2170.97009.6";"Secretaria de Justiça e Direitos Humanos"
"2025.3.18.18101.417.1399.600080.6";"2025.3.18.18401.417.1399.600080.6";"2025.6181430.18101.3.600080.417.1399.97515.6";"Secretaria de Desenvolvimento Rural"
"2026.3.26.26101.419.5183.600042.6";"2026.3.26.26401.419.5183.600042.6";"2026.6191954.26101.4.600042.419.5183.97016.6";"Secretaria de Desenvolvimento Urbano"
"2024.3.28.28101.405.7917.600009.6";"2024.3.26.26101.405.7917.600009.6";"2024.5211034.26101.4.600009.405.7917.61629.6";"Secretaria de Desenvolvimento Urbano"
"2021.3.30.30101.307.5713.600007.6";"2021.3.30.30101.307.5713.600007.6";"2021.4234134.30101.1.600007.307.5713.51512.6";"Secretaria de Promoção da Igualdade Racial"
"2022.3.18.18401.312.5040.600013.6";"2022.3.18.18401.312.5040.600013.6";"2022.4575973.18401.0.600013.312.5040.51882.6";"Secretaria de Desenvolvimento Rural"
"2023.3.10.10101.304.7244.600002.6";"2023.3.10.10101.304.7244.600002.6";"2023.5201881.10101.1.600002.304.7244.55816.6";"Secretaria da Agricultura, Pecuária, Irrigação, Pesca e Aquicultura"
"2023.3.11.11303.306.7867.600027.6";"2023.3.11.11303.306.7867.600027.6";"2023.4944939.11303.1.600027.306.7867.57299.6";"Secretaria da Educação"
"2024.3.10.10101.417.3044.600054.6";"2024.3.10.10101.417.3044.600054.6";"2024.5219736.10101.1.600054.417.3044.62314.6";"Secretaria da Agricultura, Pecuária, Irrigação, Pesca e Aquicultura"
"2024.3.10.10101.417.7385.600054.6";"2024.3.10.10101.417.7385.600054.6";"2024.5219679.10101.0.600054.417.7385.62314.6";"Secretaria da Agricultura, Pecuária, Irrigação, Pesca e Aquicultura"
"2024.3.22.22101.406.7980.600043.6";"2024.3.22.22101.406.7980.600043.6";"2024.5658526.22101.1.600043.406.7980.62303.6";"Secretaria de Cultura"
"2025.3.11.11301.424.4048.600117.6";"2025.3.11.11301.424.4048.600117.6";"2025.6180314.11301.0.600117.424.4048.97649.6";"Secretaria da Educação"
"2025.3.18.18401.417.1399.600045.6";"2025.3.18.18401.417.1399.600045.6";"2025.5671643.18401.1.600045.417.1399.90194.6";"Secretaria de Desenvolvimento Rural"
"2026.3.21.21101.413.6672.600097.6";"2026.3.21.21101.413.6672.600097.6";"2026.6191596.21101.0.600097.413.6672.97590.6";"Secretaria do Trabalho, Emprego, Renda e Esporte"
"2026.3.80.80102.900.8070.600070.6";"2026.3.80.80102.900.8070.600070.6";"2026.6187267.80102.0.600070.900.8070.95361.6";"Encargos Gerais do Estado"
"2025.3.17.17101.440.4042.600054.6";"2025.3.32.32802.440.4042.600054.6";"2025.5675981.32802.1.600054.440.4042.90186.6";"Secretaria de Turismo"
"2026.3.18.18101.417.1399.600157.6";"2026.3.18.18401.417.1399.600157.6";"2026.6196644.18401.1.600157.417.1399.97923.6";"Secretaria de Desenvolvimento Rural"
"2022.3.10.10501.304.5916.600015.6";"2022.3.10.10501.304.5916.600015.6";"2022.4576525.10501.1.600015.304.5916.51884.6";"Secretaria da Agricultura, Pecuária, Irrigação, Pesca e Aquicultura"
"2022.3.21.21301.308.5793.600002.6";"2022.3.21.21301.308.5793.600002.6";"2022.4582349.21301.1.600002.308.5793.46893.6";"Secretaria do Trabalho, Emprego, Renda e Esporte"
"2022.3.26.26101.305.1162.600020.6";"2022.3.26.26101.305.1162.600020.6";"2022.4578877.26101.4.600020.305.1162.51889.6";"Secretaria de Desenvolvimento Urbano"
"2022.3.80.80102.900.8070.600013.6";"2022.3.80.80102.900.8070.600013.6";"2022.4572085.80102.0.600013.900.8070.51882.6";"Encargos Gerais do Estado"
"2023.3.18.18401.304.1399.600026.6";"2023.3.18.18401.304.1399.600026.6";"2023.4941174.18401.1.600026.304.1399.62011.6";"Secretaria de Desenvolvimento Rural"
"2023.3.80.80102.900.8070.600042.6";"2023.3.80.80102.900.8070.600042.6";"2023.4952600.80102.0.600042.900.8070.62132.6";"Encargos Gerais do Estado"
"2024.3.18.18401.417.1399.600037.6";"2024.3.18.18401.417.1399.600037.6";"2024.5218507.18401.0.600037.417.1399.61651.6";"Secretaria de Desenvolvimento Rural"
"2024.3.18.18401.417.1926.600012.6";"2024.3.18.18401.417.1926.600012.6";"2024.5211928.18401.1.600012.417.1926.61632.6";"Secretaria de Desenvolvimento Rural"
"2024.3.26.26401.419.1162.600043.6";"2024.3.26.26401.419.1162.600043.6";"2024.5223405.26401.0.600043.419.1162.62303.6";"Secretaria de Desenvolvimento Urbano"
"2024.3.38.38101.400.6953.600062.6";"2024.3.38.38101.400.6953.600062.6";"2024.5656639.38101.3.600062.400.6953.91336.6";"Secretaria de Justiça e Direitos Humanos"
"2024.3.80.80102.900.8070.600035.6";"2024.3.80.80102.900.8070.600035.6";"2024.5208802.80102.0.600035.900.8070.62298.6";"Encargos Gerais do Estado"
"2025.3.18.18401.417.1399.600077.6";"2025.3.18.18401.417.1399.600077.6";"2025.5678418.18401.1.600077.417.1399.91391.6";"Secretaria de Desenvolvimento Rural"
"2025.3.26.26101.419.1158.600020.6";"2025.3.26.26101.419.1158.600020.6";"2025.5674675.26401.2.600020.419.1158.90222.6";"Secretaria de Desenvolvimento Urbano"
"2025.3.26.26101.419.1158.600057.6";"2025.3.26.26101.419.1158.600057.6";"2025.5674095.26101.0.600057.419.1158.91415.6";"Secretaria de Desenvolvimento Urbano"
"2025.3.30.30101.426.3289.600066.6";"2025.3.30.30101.426.3289.600066.6";"2025.5678593.30101.0.600066.426.3289.91438.6";"Secretaria de Promoção da Igualdade Racial e dos Povos e Comunidades Tradicionais"
"2025.3.80.80102.900.8070.600000.6";"2025.3.80.80102.900.8070.600000.6";"2025.5665709.80102.0.600000.900.8070.90202.6";"Encargos Gerais do Estado"
"2026.3.32.32101.411.3701.600129.6";"2026.3.32.32101.411.3701.600129.6";"2026.6187581.32101.0.600129.411.3701.97688.6";"Secretaria de Turismo"
"2024.3.26.26101.419.1158.600020.6";"2024.3.26.26401.419.1158.600020.6";"2024.5215394.26101.4.600020.419.1158.61640.6";"Secretaria de Desenvolvimento Urbano"
"2020.3.80.80102.900.8070.600000.6";"2020.3.80.80102.900.8070.600000.6";"2020.3892225.80102.0.600000.900.8070.46263.6";"Encargos Gerais do Estado"
"2021.3.26.26101.305.7496.600005.6";"2021.3.26.26101.305.7496.600005.6";"2021.4564601.26101.4.600005.305.7496.51510.6";"Secretaria de Desenvolvimento Urbano"
"2022.3.11.11101.306.6596.600009.6";"2022.3.11.11101.306.6596.600009.6";"2022.4588396.11301.1.600009.306.6596.51878.6";"Secretaria da Educação"
"2022.3.21.21301.308.5793.600004.6";"2022.3.21.21301.308.5793.600004.6";"2022.4577078.21301.0.600004.308.5793.51873.6";"Secretaria do Trabalho, Emprego, Renda e Esporte"
"2023.3.21.21101.305.7882.600014.6";"2023.3.21.21101.305.7882.600014.6";"2023.4932632.21101.1.600014.305.7882.55828.6";"Secretaria do Trabalho, Emprego, Renda e Esporte"
"2024.3.21.21301.414.5793.600050.6";"2024.3.21.21301.414.5793.600050.6";"2024.5212321.21301.0.600050.414.5793.62310.6";"Secretaria do Trabalho, Emprego, Renda e Esporte"
"2025.3.18.18401.417.1399.600073.6";"2025.3.18.18401.417.1399.600073.6";"2025.5673255.18401.0.600073.417.1399.91387.6";"Secretaria de Desenvolvimento Rural"
"2025.3.22.22301.406.7857.600007.6";"2025.3.22.22301.406.7857.600007.6";"2025.5675184.22301.0.600007.406.7857.90209.6";"Secretaria de Cultura"
"2025.3.26.26401.419.1158.600048.6";"2025.3.26.26401.419.1158.600048.6";"2025.5670868.26401.1.600048.419.1158.90195.6";"Secretaria de Desenvolvimento Urbano"
"2025.3.80.80102.900.8070.600048.6";"2025.3.80.80102.900.8070.600048.6";"2025.5665817.80102.0.600048.900.8070.90195.6";"Encargos Gerais do Estado"
"2026.3.80.80102.900.8070.600007.6";"2026.3.80.80102.900.8070.600007.6";"2026.6187100.80102.0.600007.900.8070.97032.6";"Encargos Gerais do Estado"
"2026.3.80.80102.900.8070.600054.6";"2026.3.80.80102.900.8070.600054.6";"2026.6187201.80102.0.600054.900.8070.97009.6";"Encargos Gerais do Estado"
"2026.3.80.80102.900.8070.600071.6";"2026.3.80.80102.900.8070.600071.6";"2026.6187269.80102.0.600071.900.8070.97072.6";"Encargos Gerais do Estado"
"2026.3.10.10101.417.5916.600161.6";"2026.3.10.10501.417.5916.600161.6";"2026.6189187.10501.1.600161.417.5916.97910.6";"Secretaria da Agricultura, Pecuária, Irrigação, Pesca e Aquicultura"
"2024.3.26.26101.419.1158.600020.6";"2024.3.26.26401.419.1158.600020.6";"2024.5225988.26401.2.600020.419.1158.61640.6";"Secretaria de Desenvolvimento Urbano"
"2023.3.10.10301.304.6166.600046.6";"2023.3.10.10301.304.6166.600046.6";"2023.5200863.10301.0.600046.304.6166.62123.6";"Secretaria da Agricultura, Pecuária, Irrigação, Pesca e Aquicultura"
"2023.3.10.10501.315.7950.600006.6";"2023.3.10.10501.315.7950.600006.6";"2023.5202168.10501.1.600006.315.7950.55820.6";"Secretaria da Agricultura, Pecuária, Irrigação, Pesca e Aquicultura"
"2023.3.22.22101.302.7980.600005.6";"2023.3.22.22101.302.7980.600005.6";"2023.4935765.22101.0.600005.302.7980.55819.6";"Secretaria de Cultura"
"2024.3.10.10101.417.3044.600076.6";"2024.3.10.10101.417.3044.600076.6";"2024.5659011.10101.1.600076.417.3044.91339.6";"Secretaria da Agricultura, Pecuária, Irrigação, Pesca e Aquicultura"
"2024.3.18.18401.417.1399.600012.6";"2024.3.18.18401.417.1399.600012.6";"2024.5218749.18401.0.600012.417.1399.61632.6";"Secretaria de Desenvolvimento Rural"
"2024.3.18.18401.417.1399.600037.6";"2024.3.18.18401.417.1399.600037.6";"2024.5218533.18401.1.600037.417.1399.61651.6";"Secretaria de Desenvolvimento Rural"
"2024.3.21.21101.413.5914.600043.6";"2024.3.21.21101.413.5914.600043.6";"2024.5216897.21101.7.600043.413.5914.62303.6";"Secretaria do Trabalho, Emprego, Renda e Esporte"
"2024.3.32.32802.411.5893.600002.6";"2024.3.32.32802.411.5893.600002.6";"2024.5220082.32802.1.600002.411.5893.61622.6";"Secretaria de Turismo"
"2024.3.80.80102.900.8070.600036.6";"2024.3.80.80102.900.8070.600036.6";"2024.5208808.80102.0.600036.900.8070.61619.6";"Encargos Gerais do Estado"
"2025.3.18.18101.417.1399.600135.6";"2025.3.18.18101.417.1399.600135.6";"2025.6181494.18401.1.600135.417.1399.97695.6";"Secretaria de Desenvolvimento Rural"
"2025.3.30.30101.426.3289.600007.6";"2025.3.30.30101.426.3289.600007.6";"2025.6176758.30101.2.600007.426.3289.90209.6";"Secretaria de Promoção da Igualdade Racial e dos Povos e Comunidades Tradicionais"
"2025.3.32.32101.411.3701.600078.6";"2025.3.32.32101.411.3701.600078.6";"2025.5670448.32101.3.600078.411.3701.91419.6";"Secretaria de Turismo"
"2025.3.80.80102.900.8070.600039.6";"2025.3.80.80102.900.8070.600039.6";"2025.5665796.80102.0.600039.900.8070.90190.6";"Encargos Gerais do Estado"
"2026.3.21.21101.412.1793.600093.6";"2026.3.21.21101.412.1793.600093.6";"2026.6191685.21101.5.600093.412.1793.97836.6";"Secretaria do Trabalho, Emprego, Renda e Esporte"
"2026.3.22.22301.406.3407.600031.6";"2026.3.22.22301.406.3407.600031.6";"2026.6195861.22301.0.600031.406.3407.97023.6";"Secretaria de Cultura"
"2022.3.11.11101.306.6596.600009.6";"2022.3.11.11301.306.6596.600009.6";"2022.4577271.11101.1.600009.306.6596.51878.6";"Secretaria da Educação"
"2025.3.22.22101.406.2314.600058.6";"2025.3.22.22201.406.2314.600058.6";"2025.5677022.22201.1.600058.406.2314.91461.6";"Secretaria de Cultura"
"2021.3.18.18401.304.1399.600004.6";"2021.3.18.18401.304.1399.600004.6";"2021.4234767.18401.0.600004.304.1399.51509.6";"Secretaria de Desenvolvimento Rural"
"2022.3.22.22101.302.6903.600005.6";"2022.3.22.22101.302.6903.600005.6";"2022.4924778.22202.1.600005.302.6903.51874.6";"Secretaria de Cultura"
"2022.3.26.26101.305.1158.600000.6";"2022.3.26.26101.305.1158.600000.6";"2022.4922686.26101.0.600000.305.1158.51324.6";"Secretaria de Desenvolvimento Urbano"
"2023.3.11.11101.306.7744.600020.6";"2023.3.11.11101.306.7744.600020.6";"2023.4934142.11101.38.600020.306.7744.55834.6";"Secretaria da Educação"
"2024.3.26.26101.419.1162.600025.6";"2024.3.26.26101.419.1162.600025.6";"2024.5219547.26101.4.600025.419.1162.61644.6";"Secretaria de Desenvolvimento Urbano"
"2025.3.11.11101.425.7744.600020.6";"2025.3.11.11101.425.7744.600020.6";"2025.5670427.11101.0.600020.425.7744.90222.6";"Secretaria da Educação"
"2025.3.11.11303.424.6927.600052.6";"2025.3.11.11303.424.6927.600052.6";"2025.5669912.11303.0.600052.424.6927.90197.6";"Secretaria da Educação"
"2025.3.26.26401.419.1158.600048.6";"2025.3.26.26401.419.1158.600048.6";"2025.5670869.26401.0.600048.419.1158.90195.6";"Secretaria de Desenvolvimento Urbano"
"2025.3.26.26401.419.1162.600043.6";"2025.3.26.26401.419.1162.600043.6";"2025.5672451.26401.1.600043.419.1162.90235.6";"Secretaria de Desenvolvimento Urbano"
"2026.3.10.10501.417.5916.600066.6";"2026.3.10.10501.417.5916.600066.6";"2026.6190768.10501.1.600066.417.5916.95354.6";"Secretaria da Agricultura, Pecuária, Irrigação, Pesca e Aquicultura"
"2020.3.21.21301.305.7882.600002.6";"2020.3.21.21301.305.7882.600002.6";"2020.3893185.21301.1.600002.305.7882.46265.6";"Secretaria do Trabalho, Emprego, Renda e Esporte"
"2020.3.24.24801.309.7911.600000.6";"2020.3.24.24801.309.7911.600000.6";"2020.3897559.24801.0.600000.309.7911.46263.6";"Secretaria de Infraestrutura"
"2022.3.18.18401.304.1398.600034.6";"2022.3.18.18401.304.1398.600034.6";"2022.4588407.18401.0.600034.304.1398.57112.6";"Secretaria de Desenvolvimento Rural"
"2022.3.22.22101.302.7986.600002.6";"2022.3.22.22101.302.7986.600002.6";"2022.4583248.22101.0.600002.302.7986.46893.6";"Secretaria de Cultura"
"2023.3.21.21301.305.7974.600020.6";"2023.3.21.21301.305.7974.600020.6";"2023.5203879.21301.0.600020.305.7974.55834.6";"Secretaria do Trabalho, Emprego, Renda e Esporte"
"2023.3.26.26401.305.5183.600038.6";"2023.3.26.26401.305.5183.600038.6";"2023.4946188.26401.0.600038.305.5183.57309.6";"Secretaria de Desenvolvimento Urbano"
"2023.3.28.28101.301.7917.600025.6";"2023.3.28.28101.301.7917.600025.6";"2023.4932381.28101.0.600025.301.7917.57238.6";"Secretaria de Ciência, Tecnologia e Inovação"
"2024.3.18.18401.417.1399.600015.6";"2024.3.18.18401.417.1399.600015.6";"2024.5210997.18401.1.600015.417.1399.61635.6";"Secretaria de Desenvolvimento Rural"
"2024.3.21.21301.414.1009.600036.6";"2024.3.21.21301.414.1009.600036.6";"2024.5212803.21301.0.600036.414.1009.61619.6";"Secretaria do Trabalho, Emprego, Renda e Esporte"
"2024.3.26.26101.419.1158.600020.6";"2024.3.26.26101.419.1158.600020.6";"2024.5225988.26401.2.600020.419.1158.61640.6";"Secretaria de Desenvolvimento Urbano"
"2025.3.10.10101.417.3044.600031.6";"2025.3.10.10101.417.3044.600031.6";"2025.5671788.10101.1.600031.417.3044.90200.6";"Secretaria da Agricultura, Pecuária, Irrigação, Pesca e Aquicultura"
"2025.3.10.10101.417.7385.600072.6";"2025.3.10.10101.417.7385.600072.6";"2025.5668473.10101.0.600072.417.7385.91389.6";"Secretaria da Agricultura, Pecuária, Irrigação, Pesca e Aquicultura"
"2025.3.26.26401.419.1162.600052.6";"2025.3.26.26401.419.1162.600052.6";"2025.5681174.26401.0.600052.419.1162.90197.6";"Secretaria de Desenvolvimento Urbano"
"2025.3.30.30101.427.5599.600066.6";"2025.3.30.30101.427.5599.600066.6";"2025.5678591.30101.0.600066.427.5599.91438.6";"Secretaria de Promoção da Igualdade Racial e dos Povos e Comunidades Tradicionais"
"2025.3.32.32101.411.3701.600078.6";"2025.3.32.32101.411.3701.600078.6";"2025.5670422.32101.0.600078.411.3701.91419.6";"Secretaria de Turismo"
"2025.3.32.32101.411.5491.600040.6";"2025.3.32.32101.411.5491.600040.6";"2025.5672880.32101.0.600040.411.5491.90191.6";"Secretaria de Turismo"
"2025.3.34.34101.429.5549.600073.6";"2025.3.34.34101.429.5549.600073.6";"2025.5683475.34101.0.600073.429.5549.91387.6";"Secretaria de Políticas para as Mulheres"
"2025.3.80.80102.900.8070.600070.6";"2025.3.80.80102.900.8070.600070.6";"2025.5665861.80102.0.600070.900.8070.91445.6";"Encargos Gerais do Estado"
"2026.3.11.11302.424.6908.600031.6";"2026.3.11.11302.424.6908.600031.6";"2026.6192225.11302.0.600031.424.6908.97023.6";"Secretaria da Educação"
"2026.3.18.18101.417.1399.600035.6";"2026.3.18.18101.417.1399.600035.6";"2026.6190593.18101.0.600035.417.1399.97002.6";"Secretaria de Desenvolvimento Rural"
"2026.3.20.20801.437.7873.600071.6";"2026.3.20.20801.437.7873.600071.6";"2026.6191467.20801.72.600071.437.7873.97072.6";"Secretaria da Segurança Pública"
"2026.3.22.22301.406.3407.600031.6";"2026.3.22.22301.406.3407.600031.6";"2026.6195888.22301.1.600031.406.3407.97023.6";"Secretaria de Cultura"
"2026.3.80.80102.900.8070.600051.6";"2026.3.80.80102.900.8070.600051.6";"2026.6187189.80102.0.600051.900.8070.97019.6";"Encargos Gerais do Estado"
"2021.3.11.11601.306.7744.600010.6";"2021.3.11.11601.306.7744.600010.6";"2021.4567979.11601.1.600010.306.7744.51515.6";"Secretaria da Educação"
"2022.3.18.18401.304.1399.600004.6";"2022.3.18.18401.304.1399.600004.6";"2022.4575093.18401.0.600004.304.1399.51873.6";"Secretaria de Desenvolvimento Rural"
"2022.3.22.22101.302.7980.600005.6";"2022.3.22.22101.302.7980.600005.6";"2022.4924771.22101.1.600005.302.7980.51795.6";"Secretaria de Cultura"
"2022.3.28.28101.301.7917.600006.6";"2022.3.28.28101.301.7917.600006.6";"2022.4575140.28101.1.600006.301.7917.51875.6";"Secretaria de Ciência, Tecnologia e Inovação"
"2023.3.38.38101.300.2170.600031.6";"2023.3.38.38101.300.2170.600031.6";"2023.5199124.38101.0.600031.300.2170.57303.6";"Secretaria de Justiça e Direitos Humanos"
"2023.3.38.38101.300.6953.600052.6";"2023.3.38.38101.300.6953.600052.6";"2023.5203763.38101.3.600052.300.6953.62133.6";"Secretaria de Justiça e Direitos Humanos"
"2024.3.10.10501.417.5916.600052.6";"2024.3.10.10501.417.5916.600052.6";"2024.5224292.10501.0.600052.417.5916.62312.6";"Secretaria da Agricultura, Pecuária, Irrigação, Pesca e Aquicultura"
"2024.3.22.22201.406.3696.600027.6";"2024.3.22.22201.406.3696.600027.6";"2024.5224337.22201.1.600027.406.3696.61645.6";"Secretaria de Cultura"
"2024.3.24.24801.432.7911.600048.6";"2024.3.24.24801.432.7911.600048.6";"2024.5225256.24801.0.600048.432.7911.62308.6";"Secretaria de Infraestrutura"
"2024.3.8.8501.434.7894.600052.6";"2024.3.8.8501.434.7894.600052.6";"2024.5659528.8501.2.600052.434.7894.62312.6";"Secretaria de Infraestrutura Hídrica e Saneamento"
"2025.3.18.18401.417.1399.600089.6";"2025.3.18.18401.417.1399.600089.6";"2025.6179069.18401.1.600089.417.1399.97493.6";"Secretaria de Desenvolvimento Rural"
"2025.3.28.28101.405.5253.600046.6";"2025.3.28.28101.405.5253.600046.6";"2025.5672105.28101.1.600046.405.5253.90188.6";"Secretaria de Ciência, Tecnologia e Inovação"
"2026.3.11.11101.422.3334.600031.6";"2026.3.11.11101.422.3334.600031.6";"2026.6192783.11101.0.600031.422.3334.97023.6";"Secretaria da Educação"
"2026.3.26.26101.419.5183.600042.6";"2026.3.26.26401.419.5183.600042.6";"2026.6194013.26401.2.600042.419.5183.97016.6";"Secretaria de Desenvolvimento Urbano"
"2020.3.26.26101.305.1162.600000.6";"2020.3.26.26101.305.1162.600000.6";"2020.3893476.26101.4.600000.305.1162.46263.6";"Secretaria de Desenvolvimento Urbano"
"2022.3.12.12201.300.4365.600002.6";"2022.3.12.12201.300.4365.600002.6";"2022.4583290.12201.0.600002.300.4365.46893.6";"Secretaria de Justiça, Direitos Humanos e Desenvolvimento Social"
"2022.3.20.20102.314.7880.600002.6";"2022.3.20.20102.314.7880.600002.6";"2022.4574238.20102.1.600002.314.7880.46893.6";"Secretaria da Segurança Pública"
"2022.3.21.21101.308.5917.600004.6";"2022.3.21.21101.308.5917.600004.6";"2022.4575134.21101.7.600004.308.5917.51873.6";"Secretaria do Trabalho, Emprego, Renda e Esporte"
"2023.3.11.11301.306.4048.600009.6";"2023.3.11.11301.306.4048.600009.6";"2023.4934966.11301.1.600009.306.4048.55823.6";"Secretaria da Educação"
"2023.3.11.11301.306.4048.600009.6";"2023.3.11.11301.306.4048.600009.6";"2023.4934968.11301.1.600009.306.4048.55823.6";"Secretaria da Educação"
"2023.3.11.11301.306.4048.600009.6";"2023.3.11.11301.306.4048.600009.6";"2023.4940391.11301.16.600009.306.4048.55823.6";"Secretaria da Educação"
"2023.3.22.22101.302.7980.600005.6";"2023.3.22.22101.302.7980.600005.6";"2023.4939916.22301.1.600005.302.7980.55819.6";"Secretaria de Cultura"
"2024.3.22.22301.406.7857.600007.6";"2024.3.22.22301.406.7857.600007.6";"2024.5212804.22301.0.600007.406.7857.61627.6";"Secretaria de Cultura"
"2024.3.26.26101.419.1162.600009.6";"2024.3.26.26101.419.1162.600009.6";"2024.5232538.26101.0.600009.419.1162.61629.6";"Secretaria de Desenvolvimento Urbano"
"2025.3.11.11301.424.2443.600047.6";"2025.3.11.11301.424.2443.600047.6";"2025.5675160.11301.5.600047.424.2443.90183.6";"Secretaria da Educação"
"2025.3.21.21301.414.5793.600060.6";"2025.3.21.21301.414.5793.600060.6";"2025.5676493.21301.0.600060.414.5793.91413.6";"Secretaria do Trabalho, Emprego, Renda e Esporte"
"2026.3.18.18101.417.1399.600107.6";"2026.3.18.18101.417.1399.600107.6";"2026.6196461.18101.0.600107.417.1399.97610.6";"Secretaria de Desenvolvimento Rural"
"2026.3.9.9801.442.1340.600064.6";"2026.3.9.9101.442.1340.600064.6";"2026.6189297.9101.1.600064.442.1340.95206.6";"Secretaria da Administração"
"2020.3.26.26101.305.1162.600000.6";"2020.3.26.26101.305.1162.600000.6";"2020.3893474.26101.4.600000.305.1162.46263.6";"Secretaria de Desenvolvimento Urbano"
"2021.3.12.12201.300.4365.600002.6";"2021.3.12.12201.300.4365.600002.6";"2021.4224313.12201.0.600002.300.4365.46524.6";"Secretaria de Justiça, Direitos Humanos e Desenvolvimento Social"
"2022.3.11.11101.306.6596.600009.6";"2022.3.11.11101.306.6596.600009.6";"2022.4577181.11101.1.600009.306.6596.51878.6";"Secretaria da Educação"
"2022.3.18.18401.304.1399.600025.6";"2022.3.18.18401.304.1399.600025.6";"2022.4588608.18401.0.600025.304.1399.57103.6";"Secretaria de Desenvolvimento Rural"
"2023.3.22.22202.315.7950.600031.6";"2023.3.22.22202.315.7950.600031.6";"2023.4935147.22202.1.600031.315.7950.57248.6";"Secretaria de Cultura"
"2024.3.34.34101.429.4181.600043.6";"2024.3.34.34101.429.4181.600043.6";"2024.5226831.34101.3.600043.429.4181.62303.6";"Secretaria de Políticas para as Mulheres"
"2024.3.39.39101.403.5445.600056.6";"2024.3.39.39101.403.5445.600056.6";"2024.5216887.39101.0.600056.403.5445.62315.6";"Secretaria de Assistência e Desenvolvimento Social"
"2024.3.80.80102.900.8070.600047.6";"2024.3.80.80102.900.8070.600047.6";"2024.5208872.80102.0.600047.900.8070.62307.6";"Encargos Gerais do Estado"
"2024.3.80.80102.900.8070.600078.6";"2024.3.80.80102.900.8070.600078.6";"2024.5225732.80102.0.600078.900.8070.91341.6";"Encargos Gerais do Estado"
"2025.3.11.11101.422.3334.600031.6";"2025.3.11.11101.422.3334.600031.6";"2025.5669823.11101.0.600031.422.3334.90200.6";"Secretaria da Educação"
"2025.3.18.18401.417.1399.600163.6";"2025.3.18.18401.417.1399.600163.6";"2025.6180954.18401.0.600163.417.1399.97781.6";"Secretaria de Desenvolvimento Rural"
"2025.3.21.21101.414.7882.600014.6";"2025.3.21.21101.414.7882.600014.6";"2025.5681202.21101.0.600014.414.7882.90216.6";"Secretaria do Trabalho, Emprego, Renda e Esporte"
"2025.3.21.21301.414.5793.600060.6";"2025.3.21.21301.414.5793.600060.6";"2025.5676494.21301.0.600060.414.5793.91413.6";"Secretaria do Trabalho, Emprego, Renda e Esporte"
"2025.3.22.22101.406.3696.600058.6";"2025.3.22.22101.406.3696.600058.6";"2025.5677021.22201.1.600058.406.3696.91461.6";"Secretaria de Cultura"
"2025.3.26.26401.419.1162.600056.6";"2025.3.26.26401.419.1162.600056.6";"2025.5673462.26401.1.600056.419.1162.90187.6";"Secretaria de Desenvolvimento Urbano"
"2025.3.80.80102.900.8070.600009.6";"2025.3.80.80102.900.8070.600009.6";"2025.5665443.80102.0.600009.900.8070.90211.6";"Encargos Gerais do Estado"
"2026.3.10.10101.417.5935.600162.6";"2026.3.10.10101.417.5935.600162.6";"2026.6194004.10501.1.600162.417.5935.97908.6";"Secretaria da Agricultura, Pecuária, Irrigação, Pesca e Aquicultura"
"2026.3.10.10101.417.7385.600098.6";"2026.3.10.10101.417.7385.600098.6";"2026.6187582.10101.0.600098.417.7385.97592.6";"Secretaria da Agricultura, Pecuária, Irrigação, Pesca e Aquicultura"
"2026.3.21.21101.412.1793.600093.6";"2026.3.21.21101.412.1793.600093.6";"2026.6191589.21101.0.600093.412.1793.97836.6";"Secretaria do Trabalho, Emprego, Renda e Esporte"
"2026.3.22.22301.407.5521.600034.6";"2026.3.22.22301.407.5521.600034.6";"2026.6190597.22301.0.600034.407.5521.95154.6";"Secretaria de Cultura"
"2026.3.26.26101.419.5183.600081.6";"2026.3.26.26101.419.5183.600081.6";"2026.6195691.26101.0.600081.419.5183.97567.6";"Secretaria de Desenvolvimento Urbano"
"2026.3.18.18101.417.1399.600107.6";"2026.3.18.18401.417.1399.600107.6";"2026.6196536.18401.1.600107.417.1399.97610.6";"Secretaria de Desenvolvimento Rural"
"2022.3.22.22101.302.7857.600031.6";"2022.3.22.22202.302.7857.600031.6";"2022.4921790.22101.1.600031.302.7857.57109.6";"Secretaria de Cultura"
"2024.3.26.26101.419.1158.600020.6";"2024.3.26.26401.419.1158.600020.6";"2024.5215396.26101.4.600020.419.1158.61640.6";"Secretaria de Desenvolvimento Urbano"
"2025.3.26.26101.419.1158.600020.6";"2025.3.26.26401.419.1158.600020.6";"2025.5674242.26101.4.600020.419.1158.90222.6";"Secretaria de Desenvolvimento Urbano"
"2025.3.26.26101.419.1162.600053.6";"2025.3.26.26401.419.1162.600053.6";"2025.5673367.26401.2.600053.419.1162.90185.6";"Secretaria de Desenvolvimento Urbano"
"2021.3.26.26101.305.1162.600006.6";"2021.3.26.26101.305.1162.600006.6";"2021.4563689.26101.4.600006.305.1162.51511.6";"Secretaria de Desenvolvimento Urbano"
"2021.3.80.80102.900.8070.600000.6";"2021.3.80.80102.900.8070.600000.6";"2021.4222910.80102.0.600000.900.8070.46473.6";"Encargos Gerais do Estado"
"2022.3.21.21301.305.1009.600036.6";"2022.3.21.21301.305.1009.600036.6";"2022.4923484.21301.1.600036.305.1009.57114.6";"Secretaria do Trabalho, Emprego, Renda e Esporte"
"2022.3.21.21301.305.7882.600003.6";"2022.3.21.21301.305.7882.600003.6";"2022.4577297.21301.1.600003.305.7882.51872.6";"Secretaria do Trabalho, Emprego, Renda e Esporte"
"2022.3.22.22202.302.7986.600002.6";"2022.3.22.22202.302.7986.600002.6";"2022.4922649.22202.0.600002.302.7986.46893.6";"Secretaria de Cultura"
"2022.3.30.30101.307.5713.600007.6";"2022.3.30.30101.307.5713.600007.6";"2022.4574984.30101.0.600007.307.5713.51876.6";"Secretaria de Promoção da Igualdade Racial"
"2023.3.18.18401.304.1926.600023.6";"2023.3.18.18401.304.1926.600023.6";"2023.4941688.18401.1.600023.304.1926.53696.6";"Secretaria de Desenvolvimento Rural"
"2023.3.21.21301.305.7882.600013.6";"2023.3.21.21301.305.7882.600013.6";"2023.5201064.21301.0.600013.305.7882.55827.6";"Secretaria do Trabalho, Emprego, Renda e Esporte"
"2024.3.18.18401.417.1399.600046.6";"2024.3.18.18401.417.1399.600046.6";"2024.5215630.18401.1.600046.417.1399.62306.6";"Secretaria de Desenvolvimento Rural"
"2025.3.17.17101.440.4042.600054.6";"2025.3.17.17101.440.4042.600054.6";"2025.5675981.32802.1.600054.440.4042.90186.6";"Secretaria do Planejamento"
"2025.3.18.18101.417.1399.600059.6";"2025.3.18.18101.417.1399.600059.6";"2025.5669844.18101.0.600059.417.1399.91468.6";"Secretaria de Desenvolvimento Rural"
"2025.3.18.18401.417.1399.600038.6";"2025.3.18.18401.417.1399.600038.6";"2025.5673181.18401.0.600038.417.1399.90234.6";"Secretaria de Desenvolvimento Rural"
"2025.3.18.18401.417.1399.600057.6";"2025.3.18.18401.417.1399.600057.6";"2025.5675661.18401.0.600057.417.1399.91415.6";"Secretaria de Desenvolvimento Rural"
"2025.3.18.18401.417.1399.600080.6";"2025.3.18.18401.417.1399.600080.6";"2025.6179072.18401.1.600080.417.1399.97515.6";"Secretaria de Desenvolvimento Rural"
"2025.3.20.20801.437.7873.600071.6";"2025.3.20.20801.437.7873.600071.6";"2025.5669039.20801.0.600071.437.7873.91375.6";"Secretaria da Segurança Pública"
"2025.3.21.21301.414.7882.600003.6";"2025.3.21.21301.414.7882.600003.6";"2025.5670969.21301.1.600003.414.7882.90205.6";"Secretaria do Trabalho, Emprego, Renda e Esporte"
"2025.3.26.26101.419.1158.600020.6";"2025.3.26.26101.419.1158.600020.6";"2025.5674243.26101.0.600020.419.1158.90222.6";"Secretaria de Desenvolvimento Urbano"
"2025.3.38.38101.400.2170.600002.6";"2025.3.38.38101.400.2170.600002.6";"2025.5680965.38101.0.600002.400.2170.90204.6";"Secretaria de Justiça e Direitos Humanos"
"2025.3.80.80102.900.8070.600005.6";"2025.3.80.80102.900.8070.600005.6";"2025.5665729.80102.0.600005.900.8070.90207.6";"Encargos Gerais do Estado"
"2025.3.80.80102.900.8070.600031.6";"2025.3.80.80102.900.8070.600031.6";"2025.5665631.80102.0.600031.900.8070.90200.6";"Encargos Gerais do Estado"
"2026.3.18.18401.417.1399.600057.6";"2026.3.18.18401.417.1399.600057.6";"2026.6190615.18401.0.600057.417.1399.95222.6";"Secretaria de Desenvolvimento Rural"
"2026.3.18.18401.420.5040.600068.6";"2026.3.18.18401.420.5040.600068.6";"2026.6189622.18401.0.600068.420.5040.95379.6";"Secretaria de Desenvolvimento Rural"
"2026.3.22.22201.406.7980.600063.6";"2026.3.22.22201.406.7980.600063.6";"2026.6196010.22201.0.600063.406.7980.95362.6";"Secretaria de Cultura"
"2026.3.38.38101.400.2170.600057.6";"2026.3.38.38101.400.2170.600057.6";"2026.6192011.38101.0.600057.400.2170.95222.6";"Secretaria de Justiça e Direitos Humanos"
"2026.3.38.38101.400.4170.600148.6";"2026.3.38.38101.400.4170.600148.6";"2026.6193254.38101.3.600148.400.4170.97722.6";"Secretaria de Justiça e Direitos Humanos"
"2026.3.80.80102.900.8070.600052.6";"2026.3.80.80102.900.8070.600052.6";"2026.6187193.80102.0.600052.900.8070.97020.6";"Encargos Gerais do Estado"
"2021.3.18.18401.304.1399.600003.6";"2021.3.18.18401.304.1399.600003.6";"2021.4565409.18401.1.600003.304.1399.51508.6";"Secretaria de Desenvolvimento Rural"
"2021.3.28.28101.301.7917.600009.6";"2021.3.28.28101.301.7917.600009.6";"2021.4234171.28101.1.600009.301.7917.51514.6";"Secretaria de Ciência, Tecnologia e Inovação"
"2022.3.10.10101.304.7385.600002.6";"2022.3.10.10101.304.7385.600002.6";"2022.4579076.10101.1.600002.304.7385.46893.6";"Secretaria da Agricultura, Pecuária, Irrigação, Pesca e Aquicultura"
"2022.3.18.18401.304.1398.600015.6";"2022.3.18.18401.304.1398.600015.6";"2022.4575997.18401.1.600015.304.1398.51884.6";"Secretaria de Desenvolvimento Rural"
"2022.3.21.21301.308.5793.600009.6";"2022.3.21.21301.308.5793.600009.6";"2022.4577076.21301.0.600009.308.5793.51878.6";"Secretaria do Trabalho, Emprego, Renda e Esporte"
"2023.3.24.24801.309.7911.600006.6";"2023.3.24.24801.309.7911.600006.6";"2023.4933365.24801.1.600006.309.7911.55820.6";"Secretaria de Infraestrutura"
"2023.3.30.30101.307.5599.600027.6";"2023.3.30.30101.307.5599.600027.6";"2023.4944559.30101.0.600027.307.5599.57299.6";"Secretaria de Promoção da Igualdade Racial e dos Povos e Comunidades Tradicionais"
"2024.3.22.22201.406.3696.600027.6";"2024.3.22.22201.406.3696.600027.6";"2024.5224306.22201.0.600027.406.3696.61645.6";"Secretaria de Cultura"
"2025.3.11.11301.424.2443.600146.6";"2025.3.11.11301.424.2443.600146.6";"2025.6179251.11301.0.600146.424.2443.97707.6";"Secretaria da Educação"
"2025.3.18.18401.417.1399.600058.6";"2025.3.18.18401.417.1399.600058.6";"2025.5672277.18401.1.600058.417.1399.91461.6";"Secretaria de Desenvolvimento Rural"
"2025.3.21.21301.414.1009.600036.6";"2025.3.21.21301.414.1009.600036.6";"2025.5671098.21301.0.600036.414.1009.90201.6";"Secretaria do Trabalho, Emprego, Renda e Esporte"
"2025.3.21.21301.414.7882.600063.6";"2025.3.21.21301.414.7882.600063.6";"2025.5683951.21301.0.600063.414.7882.91446.6";"Secretaria do Trabalho, Emprego, Renda e Esporte"
"2025.3.21.21301.414.7882.600063.6";"2025.3.21.21301.414.7882.600063.6";"2025.5776394.21301.1.600063.414.7882.91446.6";"Secretaria do Trabalho, Emprego, Renda e Esporte"
"2025.3.80.80102.900.8070.600001.6";"2025.3.80.80102.900.8070.600001.6";"2025.5665712.80102.0.600001.900.8070.90203.6";"Encargos Gerais do Estado"
"2026.3.11.11301.424.2443.600047.6";"2026.3.11.11301.424.2443.600047.6";"2026.6192408.11301.5.600047.424.2443.97006.6";"Secretaria da Educação"
"2026.3.32.32802.411.5893.600158.6";"2026.3.32.32802.411.5893.600158.6";"2026.6188341.32802.1.600158.411.5893.97892.6";"Secretaria de Turismo"
"2026.3.26.26101.419.1162.600081.6";"2026.3.26.26401.419.1162.600081.6";"2026.6196605.26401.2.600081.419.1162.97567.6";"Secretaria de Desenvolvimento Urbano"
"2021.3.80.80102.900.8070.600019.6";"2021.3.80.80102.900.8070.600019.6";"2021.4233230.80102.0.600019.900.8070.51524.6";"Encargos Gerais do Estado"
"2022.3.11.11101.306.6596.600009.6";"2022.3.11.11101.306.6596.600009.6";"2022.4588399.11301.1.600009.306.6596.51878.6";"Secretaria da Educação"
"2022.3.80.80102.900.8070.600030.6";"2022.3.80.80102.900.8070.600030.6";"2022.4588261.80102.0.600030.900.8070.57108.6";"Encargos Gerais do Estado"
"2022.3.80.80102.900.8070.600033.6";"2022.3.80.80102.900.8070.600033.6";"2022.4588258.80102.0.600033.900.8070.57111.6";"Encargos Gerais do Estado"
"2023.3.21.21301.305.1009.600029.6";"2023.3.21.21301.305.1009.600029.6";"2023.4937830.21301.1.600029.305.1009.57244.6";"Secretaria do Trabalho, Emprego, Renda e Esporte"
"2024.3.32.32101.411.3701.600054.6";"2024.3.32.32101.411.3701.600054.6";"2024.5226221.32101.3.600054.411.3701.62314.6";"Secretaria de Turismo"
"2025.3.10.10101.417.7385.600086.6";"2025.3.10.10101.417.7385.600086.6";"2025.6176712.10101.1.600086.417.7385.97522.6";"Secretaria da Agricultura, Pecuária, Irrigação, Pesca e Aquicultura"
"2025.3.21.21101.413.5914.600043.6";"2025.3.21.21101.413.5914.600043.6";"2025.5673197.21101.0.600043.413.5914.90235.6";"Secretaria do Trabalho, Emprego, Renda e Esporte"
"2025.3.26.26401.419.1162.600075.6";"2025.3.26.26401.419.1162.600075.6";"2025.5674953.26401.0.600075.419.1162.91385.6";"Secretaria de Desenvolvimento Urbano"
"2025.3.26.26401.419.5183.600075.6";"2025.3.26.26401.419.5183.600075.6";"2025.5675362.26401.1.600075.419.5183.91385.6";"Secretaria de Desenvolvimento Urbano"
"2025.3.34.34101.446.3194.600005.6";"2025.3.34.34101.446.3194.600005.6";"2025.5675560.34101.1.600005.446.3194.90207.6";"Secretaria de Políticas para as Mulheres"
"2025.3.39.39601.402.4828.600049.6";"2025.3.39.39601.402.4828.600049.6";"2025.5673212.39601.0.600049.402.4828.90189.6";"Secretaria de Assistência e Desenvolvimento Social"
"2026.3.10.10101.417.7385.600086.6";"2026.3.10.10101.417.7385.600086.6";"2026.6187755.10101.1.600086.417.7385.97572.6";"Secretaria da Agricultura, Pecuária, Irrigação, Pesca e Aquicultura"
"2026.3.10.10501.417.5916.600068.6";"2026.3.10.10501.417.5916.600068.6";"2026.6190527.10501.0.600068.417.5916.95379.6";"Secretaria da Agricultura, Pecuária, Irrigação, Pesca e Aquicultura"
"2026.3.18.18101.417.1399.600059.6";"2026.3.18.18401.417.1399.600059.6";"2026.6191205.18401.1.600059.417.1399.95494.6";"Secretaria de Desenvolvimento Rural"
"2024.3.26.26101.419.5183.600043.6";"2024.3.26.26401.419.5183.600043.6";"2024.5225803.26401.2.600043.419.5183.62303.6";"Secretaria de Desenvolvimento Urbano"
"2022.3.34.34101.311.5558.600002.6";"2022.3.34.34101.311.5558.600002.6";"2022.4586936.34101.0.600002.311.5558.46893.6";"Secretaria de Políticas para as Mulheres"
"2023.3.20.20801.314.7875.600024.6";"2023.3.20.20801.314.7875.600024.6";"2023.4944962.20801.55.600024.314.7875.62012.6";"Secretaria da Segurança Pública"
"2024.3.10.10101.417.5657.600046.6";"2024.3.10.10101.417.5657.600046.6";"2024.5219735.10101.1.600046.417.5657.62306.6";"Secretaria da Agricultura, Pecuária, Irrigação, Pesca e Aquicultura"
"2024.3.21.21301.414.5793.600066.6";"2024.3.21.21301.414.5793.600066.6";"2024.5227350.21301.1.600066.414.5793.91331.6";"Secretaria do Trabalho, Emprego, Renda e Esporte"
"2024.3.26.26101.419.1162.600056.6";"2024.3.26.26101.419.1162.600056.6";"2024.5213274.26101.0.600056.419.1162.62315.6";"Secretaria de Desenvolvimento Urbano"
"2025.3.17.17101.440.4042.600042.6";"2025.3.17.17101.440.4042.600042.6";"2025.5675967.17101.1.600042.440.4042.90193.6";"Secretaria do Planejamento"
"2025.3.20.20801.437.7877.600018.6";"2025.3.20.20801.437.7877.600018.6";"2025.5669825.20801.0.600018.437.7877.90220.6";"Secretaria da Segurança Pública"
"2025.3.21.21301.414.1009.600029.6";"2025.3.21.21301.414.1009.600029.6";"2025.5670412.21301.0.600029.414.1009.90228.6";"Secretaria do Trabalho, Emprego, Renda e Esporte"
"2025.3.26.26401.419.1158.600052.6";"2025.3.26.26401.419.1158.600052.6";"2025.5680949.26401.0.600052.419.1158.90197.6";"Secretaria de Desenvolvimento Urbano"
"2025.3.32.32802.411.5893.600074.6";"2025.3.32.32802.411.5893.600074.6";"2025.6181449.32802.0.600074.411.5893.91377.6";"Secretaria de Turismo"
"2026.3.10.10101.417.3044.600169.6";"2026.3.10.10101.417.3044.600169.6";"2026.6188657.10101.0.600169.417.3044.97904.6";"Secretaria da Agricultura, Pecuária, Irrigação, Pesca e Aquicultura"
"2026.3.11.11301.424.2443.600047.6";"2026.3.11.11301.424.2443.600047.6";"2026.6192406.11301.5.600047.424.2443.97006.6";"Secretaria da Educação"
"2026.3.18.18101.417.1399.600155.6";"2026.3.18.18101.417.1399.600155.6";"2026.6196636.18401.1.600155.417.1399.97932.6";"Secretaria de Desenvolvimento Rural"
"2026.3.20.20803.437.7143.600070.6";"2026.3.20.20803.437.7143.600070.6";"2026.6190920.20803.13.600070.437.7143.95361.6";"Secretaria da Segurança Pública"
"2026.3.30.30101.426.4699.600060.6";"2026.3.30.30101.426.4699.600060.6";"2026.6192243.30101.0.600060.426.4699.95220.6";"Secretaria de Promoção da Igualdade Racial e dos Povos e Comunidades Tradicionais"
"2022.3.11.11101.306.5262.600009.6";"2022.3.11.11101.306.5262.600009.6";"2022.4576016.11101.91.600009.306.5262.51878.6";"Secretaria da Educação"
"2022.3.28.28101.301.7917.600006.6";"2022.3.28.28101.301.7917.600006.6";"2022.4574987.28101.0.600006.301.7917.51875.6";"Secretaria de Ciência, Tecnologia e Inovação"
"2023.3.38.38101.300.2170.600038.6";"2023.3.38.38101.300.2170.600038.6";"2023.4948334.38101.3.600038.300.2170.57309.6";"Secretaria de Justiça e Direitos Humanos"
"2024.3.80.80102.900.8070.600055.6";"2024.3.80.80102.900.8070.600055.6";"2024.5208918.80102.0.600055.900.8070.62316.6";"Encargos Gerais do Estado"
"2025.3.10.10501.417.5916.600048.6";"2025.3.10.10501.417.5916.600048.6";"2025.5671064.10501.0.600048.417.5916.90195.6";"Secretaria da Agricultura, Pecuária, Irrigação, Pesca e Aquicultura"
"2025.3.11.11301.424.7863.600075.6";"2025.3.11.11301.424.7863.600075.6";"2025.5674077.11301.0.600075.424.7863.91385.6";"Secretaria da Educação"
"2025.3.18.18101.417.1399.600080.6";"2025.3.18.18101.417.1399.600080.6";"2025.6181466.18401.1.600080.417.1399.97515.6";"Secretaria de Desenvolvimento Rural"
"2025.3.21.21301.414.1009.600039.6";"2025.3.21.21301.414.1009.600039.6";"2025.5669290.21301.1.600039.414.1009.90190.6";"Secretaria do Trabalho, Emprego, Renda e Esporte"
"2025.3.21.21301.414.7882.600003.6";"2025.3.21.21301.414.7882.600003.6";"2025.5670717.21301.0.600003.414.7882.90205.6";"Secretaria do Trabalho, Emprego, Renda e Esporte"
"2025.3.26.26401.419.1162.600075.6";"2025.3.26.26401.419.1162.600075.6";"2025.5672545.26401.0.600075.419.1162.91385.6";"Secretaria de Desenvolvimento Urbano"
"2025.3.80.80102.900.8070.600062.6";"2025.3.80.80102.900.8070.600062.6";"2025.5665602.80102.0.600062.900.8070.91471.6";"Encargos Gerais do Estado"
"2026.3.22.22201.406.2314.600058.6";"2026.3.22.22201.406.2314.600058.6";"2026.6196375.22201.0.600058.406.2314.95377.6";"Secretaria de Cultura"
"2026.3.38.38101.400.2170.600054.6";"2026.3.38.38101.400.2170.600054.6";"2026.6193811.38101.0.600054.400.2170.97009.6";"Secretaria de Justiça e Direitos Humanos"
"2026.3.80.80102.900.8070.600028.6";"2026.3.80.80102.900.8070.600028.6";"2026.6187130.80102.0.600028.900.8070.97022.6";"Encargos Gerais do Estado"
"2026.3.80.80102.900.8070.600052.6";"2026.3.80.80102.900.8070.600052.6";"2026.6187191.80102.0.600052.900.8070.97020.6";"Encargos Gerais do Estado"
"2026.3.18.18101.417.1399.600165.6";"2026.3.18.18401.417.1399.600165.6";"2026.6196599.18101.3.600165.417.1399.97912.6";"Secretaria de Desenvolvimento Rural"
"2022.3.22.22101.302.6903.600005.6";"2022.3.22.22202.302.6903.600005.6";"2022.4590055.22202.1.600005.302.6903.51874.6";"Secretaria de Cultura"
"2022.3.22.22101.302.6903.600005.6";"2022.3.22.22101.302.6903.600005.6";"2022.4580839.22101.1.600005.302.6903.51874.6";"Secretaria de Cultura"
"2022.3.22.22202.315.7950.600031.6";"2022.3.22.22202.315.7950.600031.6";"2022.4889090.22202.0.600031.315.7950.57109.6";"Secretaria de Cultura"
"2023.3.11.11301.306.4048.600009.6";"2023.3.11.11301.306.4048.600009.6";"2023.4933088.11301.1.600009.306.4048.55823.6";"Secretaria da Educação"
"2023.3.11.11301.306.4048.600009.6";"2023.3.11.11301.306.4048.600009.6";"2023.4940390.11301.16.600009.306.4048.55823.6";"Secretaria da Educação"
"2023.3.30.30101.307.5713.600036.6";"2023.3.30.30101.307.5713.600036.6";"2023.4941330.30101.0.600036.307.5713.57254.6";"Secretaria de Promoção da Igualdade Racial e dos Povos e Comunidades Tradicionais"
"2023.3.80.80102.900.8070.600026.6";"2023.3.80.80102.900.8070.600026.6";"2023.4939136.80102.0.600026.900.8070.62011.6";"Encargos Gerais do Estado"
"2025.3.11.11301.424.2443.600146.6";"2025.3.11.11301.424.2443.600146.6";"2025.6179301.11301.5.600146.424.2443.97707.6";"Secretaria da Educação"
"2025.3.18.18401.417.1399.600092.6";"2025.3.18.18401.417.1399.600092.6";"2025.6179074.18401.1.600092.417.1399.97531.6";"Secretaria de Desenvolvimento Rural"
"2025.3.18.18401.417.7988.600042.6";"2025.3.18.18401.417.7988.600042.6";"2025.5674593.18401.0.600042.417.7988.90193.6";"Secretaria de Desenvolvimento Rural"
"2025.3.21.21301.414.5779.600056.6";"2025.3.21.21301.414.5779.600056.6";"2025.5674972.21301.0.600056.414.5779.90187.6";"Secretaria do Trabalho, Emprego, Renda e Esporte"
"2025.3.26.26401.419.7794.600052.6";"2025.3.26.26401.419.7794.600052.6";"2025.5680951.26401.1.600052.419.7794.90197.6";"Secretaria de Desenvolvimento Urbano"
"2025.3.28.28101.405.5649.600073.6";"2025.3.28.28101.405.5649.600073.6";"2025.5674133.28101.1.600073.405.5649.91387.6";"Secretaria de Ciência, Tecnologia e Inovação"
"2026.3.10.10101.417.5916.600111.6";"2026.3.10.10101.417.5916.600111.6";"2026.6186672.10101.0.600111.417.5916.97630.6";"Secretaria da Agricultura, Pecuária, Irrigação, Pesca e Aquicultura"
"2026.3.80.80102.900.8070.600054.6";"2026.3.80.80102.900.8070.600054.6";"2026.6187199.80102.0.600054.900.8070.97009.6";"Encargos Gerais do Estado"
"2020.3.26.26401.305.1162.600002.6";"2020.3.26.26401.305.1162.600002.6";"2020.3893081.26401.0.600002.305.1162.46265.6";"Secretaria de Desenvolvimento Urbano"
"2021.3.18.18401.312.5040.600002.6";"2021.3.18.18401.312.5040.600002.6";"2021.4563677.18401.0.600002.312.5040.46524.6";"Secretaria de Desenvolvimento Rural"
"2021.3.28.28101.301.7917.600020.6";"2021.3.28.28101.301.7917.600020.6";"2021.4234170.28101.1.600020.301.7917.51525.6";"Secretaria de Ciência, Tecnologia e Inovação"
"2022.3.26.26101.305.1162.600000.6";"2022.3.26.26101.305.1162.600000.6";"2022.4579838.26101.4.600000.305.1162.51324.6";"Secretaria de Desenvolvimento Urbano"
"2023.3.21.21101.308.5917.600000.6";"2023.3.21.21101.308.5917.600000.6";"2023.4934326.21101.0.600000.308.5917.55814.6";"Secretaria do Trabalho, Emprego, Renda e Esporte"
"2023.3.38.38101.300.6953.600038.6";"2023.3.38.38101.300.6953.600038.6";"2023.4946643.38101.0.600038.300.6953.57309.6";"Secretaria de Justiça e Direitos Humanos"
"2024.3.34.34101.429.4181.600043.6";"2024.3.34.34101.429.4181.600043.6";"2024.5326422.34101.1.600043.429.4181.62303.6";"Secretaria de Políticas para as Mulheres"
"2025.3.10.10101.417.7244.600002.6";"2025.3.10.10101.417.7244.600002.6";"2025.5669122.10101.1.600002.417.7244.90204.6";"Secretaria da Agricultura, Pecuária, Irrigação, Pesca e Aquicultura"
"2025.3.10.10101.417.7385.600072.6";"2025.3.10.10101.417.7385.600072.6";"2025.5669117.10101.1.600072.417.7385.91389.6";"Secretaria da Agricultura, Pecuária, Irrigação, Pesca e Aquicultura"
"2025.3.24.24801.432.7911.600048.6";"2025.3.24.24801.432.7911.600048.6";"2025.5670456.24801.1.600048.432.7911.90195.6";"Secretaria de Infraestrutura"
"2025.3.26.26101.419.1158.600020.6";"2025.3.26.26101.419.1158.600020.6";"2025.5674094.26101.0.600020.419.1158.90222.6";"Secretaria de Desenvolvimento Urbano"
"2025.3.32.32802.411.5893.600068.6";"2025.3.32.32802.411.5893.600068.6";"2025.5671575.32802.0.600068.411.5893.91463.6";"Secretaria de Turismo"
"2025.3.34.34101.429.4181.600043.6";"2025.3.34.34101.429.4181.600043.6";"2025.5673407.34101.3.600043.429.4181.90235.6";"Secretaria de Políticas para as Mulheres"
"2025.3.34.34101.430.4239.600027.6";"2025.3.34.34101.430.4239.600027.6";"2025.5672597.34101.0.600027.430.4239.90227.6";"Secretaria de Políticas para as Mulheres"
"2025.3.80.80102.900.8070.600002.6";"2025.3.80.80102.900.8070.600002.6";"2025.5665717.80102.0.600002.900.8070.90204.6";"Encargos Gerais do Estado"
"2026.3.10.10101.417.5935.600162.6";"2026.3.10.10101.417.5935.600162.6";"2026.6194003.10501.1.600162.417.5935.97908.6";"Secretaria da Agricultura, Pecuária, Irrigação, Pesca e Aquicultura"
"2026.3.11.11301.424.2443.600047.6";"2026.3.11.11301.424.2443.600047.6";"2026.6192221.11301.0.600047.424.2443.97006.6";"Secretaria da Educação"
"2026.3.18.18401.417.1399.600015.6";"2026.3.18.18401.417.1399.600015.6";"2026.6190607.18401.0.600015.417.1399.95139.6";"Secretaria de Desenvolvimento Rural"
"2026.3.18.18401.417.1399.600064.6";"2026.3.18.18401.417.1399.600064.6";"2026.6188844.18401.0.600064.417.1399.95206.6";"Secretaria de Desenvolvimento Rural"
"2026.3.18.18401.417.1399.600073.6";"2026.3.18.18401.417.1399.600073.6";"2026.6188624.18401.0.600073.417.1399.97084.6";"Secretaria de Desenvolvimento Rural"
"2026.3.32.32802.411.5893.600160.6";"2026.3.32.32802.411.5893.600160.6";"2026.6188345.32802.1.600160.411.5893.97927.6";"Secretaria de Turismo"
"2022.3.11.11101.306.6596.600009.6";"2022.3.11.11301.306.6596.600009.6";"2022.4577275.11101.1.600009.306.6596.51878.6";"Secretaria da Educação"
"2026.3.18.18101.417.1399.600155.6";"2026.3.18.18401.417.1399.600155.6";"2026.6196621.18101.3.600155.417.1399.97932.6";"Secretaria de Desenvolvimento Rural"
"2022.3.21.21301.308.5793.600019.6";"2022.3.21.21301.308.5793.600019.6";"2022.4577339.21301.1.600019.308.5793.51888.6";"Secretaria do Trabalho, Emprego, Renda e Esporte"
"2022.3.22.22101.302.7986.600002.6";"2022.3.22.22101.302.7986.600002.6";"2022.4580561.22101.1.600002.302.7986.46893.6";"Secretaria de Cultura"
"2022.3.26.26101.305.1162.600000.6";"2022.3.26.26101.305.1162.600000.6";"2022.4578975.26101.0.600000.305.1162.51324.6";"Secretaria de Desenvolvimento Urbano"
"2022.3.26.26401.305.1158.600032.6";"2022.3.26.26401.305.1158.600032.6";"2022.4921921.26401.1.600032.305.1158.57110.6";"Secretaria de Desenvolvimento Urbano"
"2022.3.26.26401.305.1162.600030.6";"2022.3.26.26401.305.1162.600030.6";"2022.4588612.26401.0.600030.305.1162.57108.6";"Secretaria de Desenvolvimento Urbano"
"2023.3.22.22101.302.3696.600002.6";"2023.3.22.22101.302.3696.600002.6";"2023.5199078.22101.0.600002.302.3696.55816.6";"Secretaria de Cultura"
"2023.3.32.32802.303.5893.600025.6";"2023.3.32.32802.303.5893.600025.6";"2023.4940721.32802.1.600025.303.5893.57298.6";"Secretaria de Turismo"
"2024.3.21.21101.414.7882.600014.6";"2024.3.21.21101.414.7882.600014.6";"2024.5227565.21101.1.600014.414.7882.61634.6";"Secretaria do Trabalho, Emprego, Renda e Esporte"
"2024.3.21.21301.414.5793.600009.6";"2024.3.21.21301.414.5793.600009.6";"2024.5212414.21301.0.600009.414.5793.61629.6";"Secretaria do Trabalho, Emprego, Renda e Esporte"
"2024.3.32.32802.411.5893.600059.6";"2024.3.32.32802.411.5893.600059.6";"2024.5226799.32802.1.600059.411.5893.91326.6";"Secretaria de Turismo"
"2024.3.38.38101.400.2170.600038.6";"2024.3.38.38101.400.2170.600038.6";"2024.5214260.38101.0.600038.400.2170.61652.6";"Secretaria de Justiça e Direitos Humanos"
"2024.3.39.39101.403.5445.600056.6";"2024.3.39.39101.403.5445.600056.6";"2024.5217041.39101.2.600056.403.5445.62315.6";"Secretaria de Assistência e Desenvolvimento Social"
"2024.3.80.80102.900.8070.600075.6";"2024.3.80.80102.900.8070.600075.6";"2024.5225741.80102.0.600075.900.8070.91328.6";"Encargos Gerais do Estado"
"2025.3.10.10501.417.5916.600031.6";"2025.3.10.10501.417.5916.600031.6";"2025.5671060.10501.0.600031.417.5916.90200.6";"Secretaria da Agricultura, Pecuária, Irrigação, Pesca e Aquicultura"
"2025.3.26.26401.419.1162.600052.6";"2025.3.26.26401.419.1162.600052.6";"2025.5681209.26401.1.600052.419.1162.90197.6";"Secretaria de Desenvolvimento Urbano"
"2025.3.26.26401.419.7794.600052.6";"2025.3.26.26401.419.7794.600052.6";"2025.5681213.26401.1.600052.419.7794.90197.6";"Secretaria de Desenvolvimento Urbano"
"2026.3.18.18101.417.1399.600038.6";"2026.3.18.18101.417.1399.600038.6";"2026.6190572.18101.0.600038.417.1399.95156.6";"Secretaria de Desenvolvimento Rural"
"2026.3.21.21101.413.6672.600039.6";"2026.3.21.21101.413.6672.600039.6";"2026.6191575.21101.0.600039.413.6672.97013.6";"Secretaria do Trabalho, Emprego, Renda e Esporte"
"2026.3.26.26101.419.1158.600066.6";"2026.3.26.26101.419.1158.600066.6";"2026.6189792.26101.4.600066.419.1158.95354.6";"Secretaria de Desenvolvimento Urbano"
"2024.3.26.26101.419.1158.600020.6";"2024.3.26.26401.419.1158.600020.6";"2024.5215425.26401.2.600020.419.1158.61640.6";"Secretaria de Desenvolvimento Urbano"
"2021.3.10.10501.304.5916.600015.6";"2021.3.10.10501.304.5916.600015.6";"2021.4509019.10501.0.600015.304.5916.51520.6";"Secretaria da Agricultura, Pecuária, Irrigação, Pesca e Aquicultura"
"2021.3.80.80102.900.8070.600001.6";"2021.3.80.80102.900.8070.600001.6";"2021.4222921.80102.0.600001.900.8070.46523.6";"Encargos Gerais do Estado"
"2022.3.11.11101.306.6596.600009.6";"2022.3.11.11101.306.6596.600009.6";"2022.4577274.11101.0.600009.306.6596.51878.6";"Secretaria da Educação"
"2022.3.11.11302.306.7863.600009.6";"2022.3.11.11302.306.7863.600009.6";"2022.4575552.11302.1.600009.306.7863.51878.6";"Secretaria da Educação"
"2022.3.18.18401.312.5040.600002.6";"2022.3.18.18401.312.5040.600002.6";"2022.4580795.18401.0.600002.312.5040.46893.6";"Secretaria de Desenvolvimento Rural"
"2022.3.80.80102.900.8070.600034.6";"2022.3.80.80102.900.8070.600034.6";"2022.4588252.80102.0.600034.900.8070.57112.6";"Encargos Gerais do Estado"
"2023.3.38.38101.300.2170.600005.6";"2023.3.38.38101.300.2170.600005.6";"2023.4935042.38101.3.600005.300.2170.55819.6";"Secretaria de Justiça e Direitos Humanos"
"2023.3.80.80102.900.8070.600005.6";"2023.3.80.80102.900.8070.600005.6";"2023.4928714.80102.0.600005.900.8070.55819.6";"Encargos Gerais do Estado"
"2024.3.80.80102.900.8070.600031.6";"2024.3.80.80102.900.8070.600031.6";"2024.5208788.80102.0.600031.900.8070.61618.6";"Encargos Gerais do Estado"
"2024.3.80.80102.900.8070.600039.6";"2024.3.80.80102.900.8070.600039.6";"2024.5208818.80102.0.600039.900.8070.62299.6";"Encargos Gerais do Estado"
"2025.3.11.11301.424.2443.600047.6";"2025.3.11.11301.424.2443.600047.6";"2025.5675151.11301.0.600047.424.2443.90183.6";"Secretaria da Educação"
"2025.3.18.18101.417.1399.600092.6";"2025.3.18.18101.417.1399.600092.6";"2025.6181478.18401.1.600092.417.1399.97531.6";"Secretaria de Desenvolvimento Rural"
"2025.3.20.20803.437.1102.600070.6";"2025.3.20.20803.437.1102.600070.6";"2025.5667737.20803.0.600070.437.1102.91445.6";"Secretaria da Segurança Pública"
"2025.3.26.26401.419.1162.600052.6";"2025.3.26.26401.419.1162.600052.6";"2025.5681172.26401.0.600052.419.1162.90197.6";"Secretaria de Desenvolvimento Urbano"
"2025.3.34.34101.430.5563.600065.6";"2025.3.34.34101.430.5563.600065.6";"2025.5673621.34101.0.600065.430.5563.91466.6";"Secretaria de Políticas para as Mulheres"
"2026.3.10.10501.417.5916.600036.6";"2026.3.10.10501.417.5916.600036.6";"2026.6190746.10501.1.600036.417.5916.97024.6";"Secretaria da Agricultura, Pecuária, Irrigação, Pesca e Aquicultura"
"2026.3.18.18101.417.1399.600059.6";"2026.3.18.18101.417.1399.600059.6";"2026.6190575.18101.0.600059.417.1399.95494.6";"Secretaria de Desenvolvimento Rural"
"2026.3.80.80102.900.8070.600074.6";"2026.3.80.80102.900.8070.600074.6";"2026.6187273.80102.0.600074.900.8070.97074.6";"Encargos Gerais do Estado"
"2025.3.26.26101.419.1158.600020.6";"2025.3.26.26401.419.1158.600020.6";"2025.5676284.26401.2.600020.419.1158.90222.6";"Secretaria de Desenvolvimento Urbano"
"2020.3.12.12101.300.6953.600002.6";"2020.3.12.12101.300.6953.600002.6";"2020.3892933.12101.3.600002.300.6953.46265.6";"Secretaria de Justiça, Direitos Humanos e Desenvolvimento Social"
"2022.3.11.11101.306.5262.600009.6";"2022.3.11.11101.306.5262.600009.6";"2022.4576017.11101.0.600009.306.5262.51878.6";"Secretaria da Educação"
"2022.3.21.21301.308.5793.600019.6";"2022.3.21.21301.308.5793.600019.6";"2022.4577077.21301.0.600019.308.5793.51888.6";"Secretaria do Trabalho, Emprego, Renda e Esporte"
"2023.3.80.80102.900.8070.600038.6";"2023.3.80.80102.900.8070.600038.6";"2023.4928771.80102.0.600038.900.8070.57258.6";"Encargos Gerais do Estado"
"2024.3.11.11301.424.4048.600059.6";"2024.3.11.11301.424.4048.600059.6";"2024.5226242.11301.0.600059.424.4048.91326.6";"Secretaria da Educação"
"2024.3.21.21301.414.5793.600036.6";"2024.3.21.21301.414.5793.600036.6";"2024.5217735.21301.0.600036.414.5793.61619.6";"Secretaria do Trabalho, Emprego, Renda e Esporte"
"2025.3.26.26401.419.1158.600052.6";"2025.3.26.26401.419.1158.600052.6";"2025.5681171.26401.0.600052.419.1158.90197.6";"Secretaria de Desenvolvimento Urbano"
"2025.3.32.32802.411.5893.600170.6";"2025.3.32.32802.411.5893.600170.6";"2025.6181737.32802.0.600170.411.5893.97795.6";"Secretaria de Turismo"
"2025.3.38.38101.401.3285.600063.6";"2025.3.38.38101.401.3285.600063.6";"2025.5679790.38101.3.600063.401.3285.91446.6";"Secretaria de Justiça e Direitos Humanos"
"2025.3.80.80102.900.8070.600071.6";"2025.3.80.80102.900.8070.600071.6";"2025.5670449.80102.0.600071.900.8070.91375.6";"Encargos Gerais do Estado"
"2025.3.9.9801.442.1340.600064.6";"2025.3.9.9801.442.1340.600064.6";"2025.5670688.9101.1.600064.442.1340.91398.6";"Secretaria da Administração"
"2026.3.18.18101.417.1399.600165.6";"2026.3.18.18401.417.1399.600165.6";"2026.6196603.18401.1.600165.417.1399.97912.6";"Secretaria de Desenvolvimento Rural"
"2025.3.22.22202.406.7986.600046.6";"2025.3.32.32101.406.7986.600046.6";"2025.5675484.22202.1.600046.406.7986.90188.6";"Secretaria de Turismo"
"2024.3.26.26101.419.5183.600043.6";"2024.3.26.26401.419.5183.600043.6";"2024.5220811.26101.4.600043.419.5183.62303.6";"Secretaria de Desenvolvimento Urbano"
"2021.3.12.12201.300.4365.600002.6";"2021.3.12.12201.300.4365.600002.6";"2021.4224314.12201.0.600002.300.4365.46524.6";"Secretaria de Justiça, Direitos Humanos e Desenvolvimento Social"
"2021.3.20.20102.314.7877.600002.6";"2021.3.20.20102.314.7877.600002.6";"2021.4226228.20102.0.600002.314.7877.46524.6";"Secretaria da Segurança Pública"
"2021.3.21.21301.305.7882.600003.6";"2021.3.21.21301.305.7882.600003.6";"2021.4542147.21301.1.600003.305.7882.51508.6";"Secretaria do Trabalho, Emprego, Renda e Esporte"
"2021.3.26.26101.305.1162.600006.6";"2021.3.26.26101.305.1162.600006.6";"2021.4563690.26101.4.600006.305.1162.51511.6";"Secretaria de Desenvolvimento Urbano"
"2022.3.18.18401.304.1399.600003.6";"2022.3.18.18401.304.1399.600003.6";"2022.4575091.18401.0.600003.304.1399.51872.6";"Secretaria de Desenvolvimento Rural"
"2022.3.21.21301.305.7974.600020.6";"2022.3.21.21301.305.7974.600020.6";"2022.4574627.21301.1.600020.305.7974.51889.6";"Secretaria do Trabalho, Emprego, Renda e Esporte"
"2022.3.34.34101.311.5558.600002.6";"2022.3.34.34101.311.5558.600002.6";"2022.4586932.34101.0.600002.311.5558.46893.6";"Secretaria de Políticas para as Mulheres"
"2023.3.18.18401.304.1399.600033.6";"2023.3.18.18401.304.1399.600033.6";"2023.4934423.18401.1.600033.304.1399.57252.6";"Secretaria de Desenvolvimento Rural"
"2023.3.22.22202.302.7986.600031.6";"2023.3.22.22202.302.7986.600031.6";"2023.5199339.22202.0.600031.302.7986.57303.6";"Secretaria de Cultura"
"2023.3.26.26101.305.1158.600020.6";"2023.3.26.26101.305.1158.600020.6";"2023.4941428.26101.4.600020.305.1158.55834.6";"Secretaria de Desenvolvimento Urbano"
"2024.3.24.24801.432.7911.600006.6";"2024.3.24.24801.432.7911.600006.6";"2024.5213927.24801.0.600006.432.7911.61626.6";"Secretaria de Infraestrutura"
"2024.3.26.26401.419.1162.600039.6";"2024.3.26.26401.419.1162.600039.6";"2024.5223406.26401.0.600039.419.1162.62299.6";"Secretaria de Desenvolvimento Urbano"
"2024.3.28.28101.405.7917.600000.6";"2024.3.28.28101.405.7917.600000.6";"2024.5211036.26101.4.600000.405.7917.61620.6";"Secretaria de Ciência, Tecnologia e Inovação"
"2024.3.38.38101.400.6953.600046.6";"2024.3.38.38101.400.6953.600046.6";"2024.5212413.38101.3.600046.400.6953.62306.6";"Secretaria de Justiça e Direitos Humanos"
"2024.3.80.80102.900.8070.600074.6";"2024.3.80.80102.900.8070.600074.6";"2024.5225734.80102.0.600074.900.8070.91329.6";"Encargos Gerais do Estado"
"2025.3.11.11301.424.2443.600047.6";"2025.3.11.11301.424.2443.600047.6";"2025.5675148.11301.1.600047.424.2443.90183.6";"Secretaria da Educação"
"2025.3.18.18401.417.7988.600059.6";"2025.3.18.18401.417.7988.600059.6";"2025.5674968.18401.0.600059.417.7988.91468.6";"Secretaria de Desenvolvimento Rural"
"2025.3.21.21301.414.1009.600027.6";"2025.3.21.21301.414.1009.600027.6";"2025.5670413.21301.0.600027.414.1009.90227.6";"Secretaria do Trabalho, Emprego, Renda e Esporte"
"2025.3.26.26101.419.1158.600020.6";"2025.3.26.26101.419.1158.600020.6";"2025.5676282.26101.4.600020.419.1158.90222.6";"Secretaria de Desenvolvimento Urbano"
"2025.3.32.32101.411.3701.600124.6";"2025.3.32.32101.411.3701.600124.6";"2025.6179143.32101.3.600124.411.3701.97669.6";"Secretaria de Turismo"
"2025.3.32.32802.411.5893.600160.6";"2025.3.32.32802.411.5893.600160.6";"2025.6181756.32802.1.600160.411.5893.97775.6";"Secretaria de Turismo"
"2026.3.10.10501.417.5916.600066.6";"2026.3.10.10501.417.5916.600066.6";"2026.6190766.10501.1.600066.417.5916.95354.6";"Secretaria da Agricultura, Pecuária, Irrigação, Pesca e Aquicultura"
"2026.3.18.18101.417.1399.600038.6";"2026.3.18.18101.417.1399.600038.6";"2026.6191052.18101.3.600038.417.1399.95156.6";"Secretaria de Desenvolvimento Rural"
"2026.3.32.32101.411.5491.600040.6";"2026.3.32.32101.411.5491.600040.6";"2026.6195872.32101.0.600040.411.5491.97014.6";"Secretaria de Turismo"
"2026.3.80.80102.900.8070.600062.6";"2026.3.80.80102.900.8070.600062.6";"2026.6187230.80102.0.600062.900.8070.95497.6";"Encargos Gerais do Estado"
"2022.3.12.12101.300.4135.600005.6";"2022.3.12.12101.300.4135.600005.6";"2022.4889217.12101.3.600005.300.4135.51795.6";"Secretaria de Justiça, Direitos Humanos e Desenvolvimento Social"
"2022.3.21.21301.314.4565.600036.6";"2022.3.21.21301.314.4565.600036.6";"2022.4923488.21301.1.600036.314.4565.57114.6";"Secretaria do Trabalho, Emprego, Renda e Esporte"
"2022.3.34.34101.311.5549.600003.6";"2022.3.34.34101.311.5549.600003.6";"2022.4576490.34101.1.600003.311.5549.51872.6";"Secretaria de Políticas para as Mulheres"
"2022.3.80.80102.900.8070.600036.6";"2022.3.80.80102.900.8070.600036.6";"2022.4588254.80102.0.600036.900.8070.57114.6";"Encargos Gerais do Estado"
"2023.3.21.21301.305.7974.600020.6";"2023.3.21.21301.305.7974.600020.6";"2023.5203953.21301.1.600020.305.7974.55834.6";"Secretaria do Trabalho, Emprego, Renda e Esporte"
"2024.3.18.18101.417.1399.600038.6";"2024.3.18.18101.417.1399.600038.6";"2024.5222203.18101.3.600038.417.1399.61652.6";"Secretaria de Desenvolvimento Rural"
"2024.3.21.21301.414.1009.600077.6";"2024.3.21.21301.414.1009.600077.6";"2024.5226468.21301.1.600077.414.1009.91340.6";"Secretaria do Trabalho, Emprego, Renda e Esporte"
"2024.3.80.80102.900.8070.600062.6";"2024.3.80.80102.900.8070.600062.6";"2024.5225736.80102.0.600062.900.8070.91336.6";"Encargos Gerais do Estado"
"2025.3.18.18101.417.7988.600163.6";"2025.3.18.18101.417.7988.600163.6";"2025.6181424.18101.3.600163.417.7988.97781.6";"Secretaria de Desenvolvimento Rural"
"2025.3.21.21301.414.1009.600003.6";"2025.3.21.21301.414.1009.600003.6";"2025.5670416.21301.0.600003.414.1009.90205.6";"Secretaria do Trabalho, Emprego, Renda e Esporte"
"2025.3.24.24801.432.7911.600061.6";"2025.3.24.24801.432.7911.600061.6";"2025.6179973.24801.1.600061.432.7911.91454.6";"Secretaria de Infraestrutura"
"2025.3.38.38101.400.2170.600065.6";"2025.3.38.38101.400.2170.600065.6";"2025.5679885.38101.3.600065.400.2170.91466.6";"Secretaria de Justiça e Direitos Humanos"
"2026.3.28.28101.405.5649.600046.6";"2026.3.28.28101.405.5649.600046.6";"2026.6190398.11304.1.600046.405.5649.97011.6";"Secretaria de Ciência, Tecnologia e Inovação"
"2026.3.80.80102.900.8070.600060.6";"2026.3.80.80102.900.8070.600060.6";"2026.6187224.80102.0.600060.900.8070.95220.6";"Encargos Gerais do Estado"
"2022.3.22.22101.302.7980.600005.6";"2022.3.22.22101.302.7980.600005.6";"2022.4580200.22101.0.600005.302.7980.51795.6";"Secretaria de Cultura"
"2023.3.21.21301.308.5793.600038.6";"2023.3.21.21301.308.5793.600038.6";"2023.5200862.21301.0.600038.308.5793.57258.6";"Secretaria do Trabalho, Emprego, Renda e Esporte"
"2023.3.24.24801.309.7911.600006.6";"2023.3.24.24801.309.7911.600006.6";"2023.4933151.24801.0.600006.309.7911.55820.6";"Secretaria de Infraestrutura"
"2023.3.26.26101.305.1162.600053.6";"2023.3.26.26101.305.1162.600053.6";"2023.5094576.26101.4.600053.305.1162.62127.6";"Secretaria de Desenvolvimento Urbano"
"2023.3.26.26401.305.5183.600038.6";"2023.3.26.26401.305.5183.600038.6";"2023.4946218.26401.1.600038.305.5183.57309.6";"Secretaria de Desenvolvimento Urbano"
"2023.3.32.32802.303.5893.600025.6";"2023.3.32.32802.303.5893.600025.6";"2023.4942825.32802.0.600025.303.5893.57238.6";"Secretaria de Turismo"
"2023.3.34.34101.311.5558.600002.6";"2023.3.34.34101.311.5558.600002.6";"2023.4938282.34101.0.600002.311.5558.53675.6";"Secretaria de Políticas para as Mulheres"
"2023.3.38.38201.300.4365.600002.6";"2023.3.38.38201.300.4365.600002.6";"2023.4934722.38201.0.600002.300.4365.55816.6";"Secretaria de Justiça e Direitos Humanos"
"2023.3.80.80102.900.8070.600038.6";"2023.3.80.80102.900.8070.600038.6";"2023.4939128.80102.0.600038.900.8070.57309.6";"Encargos Gerais do Estado"
"2024.3.21.21301.414.4997.600000.6";"2024.3.21.21301.414.4997.600000.6";"2024.5212551.21301.1.600000.414.4997.61620.6";"Secretaria do Trabalho, Emprego, Renda e Esporte"
"2025.3.34.34101.429.4181.600003.6";"2025.3.34.34101.429.4181.600003.6";"2025.5673211.34101.0.600003.429.4181.90205.6";"Secretaria de Políticas para as Mulheres"
"2025.3.80.80102.900.8070.600026.6";"2025.3.80.80102.900.8070.600026.6";"2025.5665975.80102.0.600026.900.8070.90181.6";"Encargos Gerais do Estado"
"2025.3.80.80102.900.8070.600051.6";"2025.3.80.80102.900.8070.600051.6";"2025.5665826.80102.0.600051.900.8070.90196.6";"Encargos Gerais do Estado"
"2026.3.18.18101.417.1399.600163.6";"2026.3.18.18101.417.1399.600163.6";"2026.6196470.18101.0.600163.417.1399.97883.6";"Secretaria de Desenvolvimento Rural"
"2026.3.9.9801.442.1340.600064.6";"2026.3.9.9801.442.1340.600064.6";"2026.6189294.9801.1.600064.442.1340.95206.6";"Secretaria da Administração"
"2020.3.20.20102.314.7880.600002.6";"2020.3.20.20102.314.7880.600002.6";"2020.3893104.20102.1.600002.314.7880.46265.6";"Secretaria da Segurança Pública"
"2021.3.21.21101.308.6672.600004.6";"2021.3.21.21101.308.6672.600004.6";"2021.4237683.21101.0.600004.308.6672.51509.6";"Secretaria do Trabalho, Emprego, Renda e Esporte"
"2021.3.34.34101.311.5549.600003.6";"2021.3.34.34101.311.5549.600003.6";"2021.4564379.34101.0.600003.311.5549.51508.6";"Secretaria de Políticas para as Mulheres"
"2021.3.80.80102.900.8070.600016.6";"2021.3.80.80102.900.8070.600016.6";"2021.4233210.80102.0.600016.900.8070.51521.6";"Encargos Gerais do Estado"
"2022.3.18.18401.304.7838.600019.6";"2022.3.18.18401.304.7838.600019.6";"2022.4576407.18401.1.600019.304.7838.51888.6";"Secretaria de Desenvolvimento Rural"
"2022.3.26.26101.305.1158.600000.6";"2022.3.26.26101.305.1158.600000.6";"2022.4922695.26401.2.600000.305.1158.51324.6";"Secretaria de Desenvolvimento Urbano"
"2022.3.34.34101.311.3059.600003.6";"2022.3.34.34101.311.3059.600003.6";"2022.4587201.34101.0.600003.311.3059.51872.6";"Secretaria de Políticas para as Mulheres"
"2023.3.11.11301.306.4048.600009.6";"2023.3.11.11301.306.4048.600009.6";"2023.4934965.11301.0.600009.306.4048.55823.6";"Secretaria da Educação"
"2023.3.18.18401.304.7988.600038.6";"2023.3.18.18401.304.7988.600038.6";"2023.4945748.18401.1.600038.304.7988.57309.6";"Secretaria de Desenvolvimento Rural"
"2023.3.18.18401.312.5040.600015.6";"2023.3.18.18401.312.5040.600015.6";"2023.4933898.18401.1.600015.312.5040.55829.6";"Secretaria de Desenvolvimento Rural"
"2023.3.26.26101.305.1162.600020.6";"2023.3.26.26101.305.1162.600020.6";"2023.5204237.26401.2.600020.305.1162.55834.6";"Secretaria de Desenvolvimento Urbano"
"2023.3.38.38101.300.2170.600002.6";"2023.3.38.38101.300.2170.600002.6";"2023.4939566.38101.3.600002.300.2170.55816.6";"Secretaria de Justiça e Direitos Humanos"
"2023.3.80.80102.900.8070.600007.6";"2023.3.80.80102.900.8070.600007.6";"2023.4928720.80102.0.600007.900.8070.55821.6";"Encargos Gerais do Estado"
"2023.3.80.80102.900.8070.600043.6";"2023.3.80.80102.900.8070.600043.6";"2023.4952614.80102.0.600043.900.8070.62122.6";"Encargos Gerais do Estado"
"2023.3.80.80102.900.8070.600056.6";"2023.3.80.80102.900.8070.600056.6";"2023.4952602.80102.0.600056.900.8070.62137.6";"Encargos Gerais do Estado"
"2024.3.20.20801.437.7877.600018.6";"2024.3.20.20801.437.7877.600018.6";"2024.5227008.20801.19.600018.437.7877.61638.6";"Secretaria da Segurança Pública"
"2024.3.26.26101.419.1158.600020.6";"2024.3.26.26101.419.1158.600020.6";"2024.5215387.26101.0.600020.419.1158.61640.6";"Secretaria de Desenvolvimento Urbano"
"2024.3.34.34101.429.4181.600043.6";"2024.3.34.34101.429.4181.600043.6";"2024.5226563.34101.3.600043.429.4181.62303.6";"Secretaria de Políticas para as Mulheres"
"2025.3.10.10501.417.5916.600066.6";"2025.3.10.10501.417.5916.600066.6";"2025.5675938.10501.0.600066.417.5916.91438.6";"Secretaria da Agricultura, Pecuária, Irrigação, Pesca e Aquicultura"
"2025.3.11.11301.424.4048.600059.6";"2025.3.11.11301.424.4048.600059.6";"2025.5670497.11301.16.600059.424.4048.91468.6";"Secretaria da Educação"
"2025.3.18.18101.417.1926.600038.6";"2025.3.18.18101.417.1926.600038.6";"2025.5671146.18101.3.600038.417.1926.90234.6";"Secretaria de Desenvolvimento Rural"
"2025.3.32.32101.411.3701.600063.6";"2025.3.32.32101.411.3701.600063.6";"2025.5674105.32101.0.600063.411.3701.91446.6";"Secretaria de Turismo"
"2026.3.11.11101.425.7744.600064.6";"2026.3.11.11101.425.7744.600064.6";"2026.6193139.11101.0.600064.425.7744.95206.6";"Secretaria da Educação"
"2026.3.18.18101.417.1399.600059.6";"2026.3.18.18101.417.1399.600059.6";"2026.6191205.18401.1.600059.417.1399.95494.6";"Secretaria de Desenvolvimento Rural"
"2026.3.18.18401.417.1399.600043.6";"2026.3.18.18401.417.1399.600043.6";"2026.6188874.18401.1.600043.417.1399.95157.6";"Secretaria de Desenvolvimento Rural"
"2026.3.80.80102.900.8070.600036.6";"2026.3.80.80102.900.8070.600036.6";"2026.6187154.80102.0.600036.900.8070.97024.6";"Encargos Gerais do Estado"
"2026.3.10.10101.417.5935.600162.6";"2026.3.10.10501.417.5935.600162.6";"2026.6189188.10501.1.600162.417.5935.97908.6";"Secretaria da Agricultura, Pecuária, Irrigação, Pesca e Aquicultura"
"2025.3.22.22101.406.3696.600058.6";"2025.3.22.22201.406.3696.600058.6";"2025.5677021.22201.1.600058.406.3696.91461.6";"Secretaria de Cultura"
"2020.3.18.18401.304.1399.600002.6";"2020.3.18.18401.304.1399.600002.6";"2020.3892988.18401.0.600002.304.1399.46265.6";"Secretaria de Desenvolvimento Rural"
"2021.3.11.11201.306.7536.600016.6";"2021.3.11.11201.306.7536.600016.6";"2021.4234181.11201.1.600016.306.7536.51521.6";"Secretaria da Educação"
"2022.3.10.10101.312.3066.600028.6";"2022.3.10.10101.312.3066.600028.6";"2022.4677473.10101.0.600028.312.3066.57106.6";"Secretaria da Agricultura, Pecuária, Irrigação, Pesca e Aquicultura"
"2022.3.12.12101.300.4135.600005.6";"2022.3.12.12101.300.4135.600005.6";"2022.4578991.12101.0.600005.300.4135.51795.6";"Secretaria de Justiça, Direitos Humanos e Desenvolvimento Social"
"2022.3.12.12101.300.4135.600005.6";"2022.3.12.12101.300.4135.600005.6";"2022.4588291.12101.3.600005.300.4135.51874.6";"Secretaria de Justiça, Direitos Humanos e Desenvolvimento Social"
"2022.3.18.18401.304.1398.600034.6";"2022.3.18.18401.304.1398.600034.6";"2022.4588406.18401.1.600034.304.1398.57112.6";"Secretaria de Desenvolvimento Rural"
"2022.3.21.21301.308.5793.600004.6";"2022.3.21.21301.308.5793.600004.6";"2022.4577340.21301.1.600004.308.5793.51873.6";"Secretaria do Trabalho, Emprego, Renda e Esporte"
"2022.3.22.22101.302.7857.600031.6";"2022.3.22.22101.302.7857.600031.6";"2022.4921790.22101.1.600031.302.7857.57109.6";"Secretaria de Cultura"
"2022.3.22.22101.302.7986.600002.6";"2022.3.22.22101.302.7986.600002.6";"2022.4580517.22101.0.600002.302.7986.46893.6";"Secretaria de Cultura"
"2022.3.26.26101.305.1162.600036.6";"2022.3.26.26101.305.1162.600036.6";"2022.4924989.26401.2.600036.305.1162.57114.6";"Secretaria de Desenvolvimento Urbano"
"2023.3.20.20801.314.7873.600020.6";"2023.3.20.20801.314.7873.600020.6";"2023.4933895.20801.1.600020.314.7873.55834.6";"Secretaria da Segurança Pública"
"2023.3.28.28101.301.7917.600036.6";"2023.3.28.28101.301.7917.600036.6";"2023.4932376.28101.0.600036.301.7917.57254.6";"Secretaria de Ciência, Tecnologia e Inovação"
"2023.3.34.34101.311.5549.600027.6";"2023.3.34.34101.311.5549.600027.6";"2023.4943219.34101.0.600027.311.5549.57299.6";"Secretaria de Políticas para as Mulheres"
"2023.3.38.38101.300.2170.600042.6";"2023.3.38.38101.300.2170.600042.6";"2023.5090906.38101.1.600042.300.2170.62132.6";"Secretaria de Justiça e Direitos Humanos"
"2024.3.11.11301.424.4048.600009.6";"2024.3.11.11301.424.4048.600009.6";"2024.5211172.11301.0.600009.424.4048.61629.6";"Secretaria da Educação"
"2024.3.11.11301.424.4048.600059.6";"2024.3.11.11301.424.4048.600059.6";"2024.5226253.11301.16.600059.424.4048.91326.6";"Secretaria da Educação"
"2024.3.18.18401.417.1399.600059.6";"2024.3.18.18401.417.1399.600059.6";"2024.5226022.18401.0.600059.417.1399.91326.6";"Secretaria de Desenvolvimento Rural"
"2024.3.21.21301.414.5031.600056.6";"2024.3.21.21301.414.5031.600056.6";"2024.5224802.21301.0.600056.414.5031.62315.6";"Secretaria do Trabalho, Emprego, Renda e Esporte"
"2024.3.28.28101.405.7917.600025.6";"2024.3.28.28101.405.7917.600025.6";"2024.5211032.26101.4.600025.405.7917.61644.6";"Secretaria de Ciência, Tecnologia e Inovação"
"2024.3.80.80102.900.8070.600036.6";"2024.3.80.80102.900.8070.600036.6";"2024.5208806.80102.0.600036.900.8070.61619.6";"Encargos Gerais do Estado"
"2025.3.11.11301.424.2443.600146.6";"2025.3.11.11301.424.2443.600146.6";"2025.6179297.11301.5.600146.424.2443.97707.6";"Secretaria da Educação"
"2025.3.11.11303.424.6927.600052.6";"2025.3.11.11303.424.6927.600052.6";"2025.5670267.11303.1.600052.424.6927.90197.6";"Secretaria da Educação"
"2025.3.38.38101.400.6953.600065.6";"2025.3.38.38101.400.6953.600065.6";"2025.5675194.38101.0.600065.400.6953.91466.6";"Secretaria de Justiça e Direitos Humanos"
"2026.3.18.18101.417.1399.600084.6";"2026.3.18.18101.417.1399.600084.6";"2026.6196452.18101.0.600084.417.1399.97496.6";"Secretaria de Desenvolvimento Rural"
"2025.3.22.22101.406.7980.600063.6";"2025.3.22.22201.406.7980.600063.6";"2025.5682647.22201.1.600063.406.7980.91446.6";"Secretaria de Cultura"
"2021.3.11.11201.306.7524.600002.6";"2021.3.11.11201.306.7524.600002.6";"2021.4225924.11201.0.600002.306.7524.46524.6";"Secretaria da Educação"
"2021.3.18.18401.304.1399.600009.6";"2021.3.18.18401.304.1399.600009.6";"2021.4234814.18401.1.600009.304.1399.51514.6";"Secretaria de Desenvolvimento Rural"
"2021.3.21.21101.314.5365.600004.6";"2021.3.21.21101.314.5365.600004.6";"2021.4564466.21101.7.600004.314.5365.51509.6";"Secretaria do Trabalho, Emprego, Renda e Esporte"
"2021.3.24.24801.309.7911.600017.6";"2021.3.24.24801.309.7911.600017.6";"2021.4237101.24801.0.600017.309.7911.51522.6";"Secretaria de Infraestrutura"
"2021.3.26.26101.305.7496.600005.6";"2021.3.26.26101.305.7496.600005.6";"2021.4564587.26101.0.600005.305.7496.51510.6";"Secretaria de Desenvolvimento Urbano"
"2022.3.21.21301.305.7882.600021.6";"2022.3.21.21301.305.7882.600021.6";"2022.4575280.21301.0.600021.305.7882.51890.6";"Secretaria do Trabalho, Emprego, Renda e Esporte"
"2023.3.11.11301.306.4048.600009.6";"2023.3.11.11301.306.4048.600009.6";"2023.4933089.11301.0.600009.306.4048.55823.6";"Secretaria da Educação"
"2023.3.22.22101.302.7857.600034.6";"2023.3.22.22101.302.7857.600034.6";"2023.4933200.22101.0.600034.302.7857.57253.6";"Secretaria de Cultura"
"2024.3.10.10101.417.7385.600053.6";"2024.3.10.10101.417.7385.600053.6";"2024.5225193.10101.0.600053.417.7385.62313.6";"Secretaria da Agricultura, Pecuária, Irrigação, Pesca e Aquicultura"
"2024.3.18.18101.417.1399.600059.6";"2024.3.18.18101.417.1399.600059.6";"2024.5660113.18101.3.600059.417.1399.91326.6";"Secretaria de Desenvolvimento Rural"
"2024.3.21.21301.414.1009.600039.6";"2024.3.21.21301.414.1009.600039.6";"2024.5216543.21301.0.600039.414.1009.62299.6";"Secretaria do Trabalho, Emprego, Renda e Esporte"
"2025.3.11.11301.424.4048.600059.6";"2025.3.11.11301.424.4048.600059.6";"2025.5670440.11301.0.600059.424.4048.91468.6";"Secretaria da Educação"
"2025.3.30.30101.426.3289.600007.6";"2025.3.30.30101.426.3289.600007.6";"2025.5679866.30101.0.600007.426.3289.90209.6";"Secretaria de Promoção da Igualdade Racial e dos Povos e Comunidades Tradicionais"
"2025.3.38.38101.400.4196.600046.6";"2025.3.38.38101.400.4196.600046.6";"2025.5676480.38101.3.600046.400.4196.90188.6";"Secretaria de Justiça e Direitos Humanos"
"2025.3.38.38101.446.7850.600062.6";"2025.3.38.38101.446.7850.600062.6";"2025.5680930.38101.1.600062.446.7850.91471.6";"Secretaria de Justiça e Direitos Humanos"
"2025.3.80.80102.900.8070.600044.6";"2025.3.80.80102.900.8070.600044.6";"2025.5665808.80102.0.600044.900.8070.90182.6";"Encargos Gerais do Estado"
"2026.3.30.30101.426.3289.600043.6";"2026.3.30.30101.426.3289.600043.6";"2026.6193120.30101.0.600043.426.3289.95157.6";"Secretaria de Promoção da Igualdade Racial e dos Povos e Comunidades Tradicionais"
"2026.3.18.18101.417.1399.600099.6";"2026.3.18.18401.417.1399.600099.6";"2026.6196524.18401.1.600099.417.1399.97593.6";"Secretaria de Desenvolvimento Rural"
"2021.3.18.18401.304.1399.600009.6";"2021.3.18.18401.304.1399.600009.6";"2021.4234768.18401.0.600009.304.1399.51514.6";"Secretaria de Desenvolvimento Rural"
"2021.3.80.80102.900.8070.600011.6";"2021.3.80.80102.900.8070.600011.6";"2021.4233222.80102.0.600011.900.8070.51516.6";"Encargos Gerais do Estado"
"2022.3.12.12201.300.4365.600002.6";"2022.3.12.12201.300.4365.600002.6";"2022.4583307.12201.1.600002.300.4365.46893.6";"Secretaria de Justiça, Direitos Humanos e Desenvolvimento Social"
"2022.3.9.9801.315.1340.600023.6";"2022.3.9.9801.315.1340.600023.6";"2022.4578507.9801.1.600023.315.1340.51949.6";"Secretaria da Administração"
"2023.3.10.10101.304.7792.600054.6";"2023.3.10.10101.304.7792.600054.6";"2023.5201441.10101.1.600054.304.7792.62128.6";"Secretaria da Agricultura, Pecuária, Irrigação, Pesca e Aquicultura"
"2024.3.38.38101.400.2170.600031.6";"2024.3.38.38101.400.2170.600031.6";"2024.5211988.38101.3.600031.400.2170.61618.6";"Secretaria de Justiça e Direitos Humanos"
"2025.3.10.10101.417.3044.600169.6";"2025.3.10.10101.417.3044.600169.6";"2025.6181436.10101.1.600169.417.3044.97793.6";"Secretaria da Agricultura, Pecuária, Irrigação, Pesca e Aquicultura"
"2025.3.10.10501.417.5916.600052.6";"2025.3.10.10501.417.5916.600052.6";"2025.5673263.10501.0.600052.417.5916.90197.6";"Secretaria da Agricultura, Pecuária, Irrigação, Pesca e Aquicultura"
"2025.3.11.11302.424.6908.600031.6";"2025.3.11.11302.424.6908.600031.6";"2025.5675683.11302.1.600031.424.6908.90200.6";"Secretaria da Educação"
"2025.3.20.20101.437.7873.600101.6";"2025.3.20.20101.437.7873.600101.6";"2025.6179105.20101.5.600101.437.7873.97547.6";"Secretaria da Segurança Pública"
"2025.3.21.21301.414.1009.600039.6";"2025.3.21.21301.414.1009.600039.6";"2025.5669288.21301.1.600039.414.1009.90190.6";"Secretaria do Trabalho, Emprego, Renda e Esporte"
"2026.3.18.18401.417.1399.600059.6";"2026.3.18.18401.417.1399.600059.6";"2026.6191566.18401.0.600059.417.1399.95494.6";"Secretaria de Desenvolvimento Rural"
"2025.3.26.26101.419.5183.600043.6";"2025.3.26.26401.419.5183.600043.6";"2025.5676296.26401.2.600043.419.5183.90235.6";"Secretaria de Desenvolvimento Urbano"
"2020.3.11.11302.306.6910.600002.6";"2020.3.11.11302.306.6910.600002.6";"2020.3893331.11302.0.600002.306.6910.46265.6";"Secretaria da Educação"
"2020.3.34.34101.311.5550.600002.6";"2020.3.34.34101.311.5550.600002.6";"2020.3892998.34101.1.600002.311.5550.46265.6";"Secretaria de Políticas para as Mulheres"
"2021.3.21.21301.305.7882.600020.6";"2021.3.21.21301.305.7882.600020.6";"2021.4234051.21301.1.600020.305.7882.51525.6";"Secretaria do Trabalho, Emprego, Renda e Esporte"
"2022.3.11.11101.306.6596.600009.6";"2022.3.11.11101.306.6596.600009.6";"2022.4577272.11101.0.600009.306.6596.51878.6";"Secretaria da Educação"
"2022.3.18.18401.304.1399.600003.6";"2022.3.18.18401.304.1399.600003.6";"2022.4575221.18401.1.600003.304.1399.51872.6";"Secretaria de Desenvolvimento Rural"
"2023.3.18.18101.304.7289.600034.6";"2023.3.18.18101.304.7289.600034.6";"2023.5202834.18101.1.600034.304.7289.57253.6";"Secretaria de Desenvolvimento Rural"
"2023.3.18.18401.304.1399.600000.6";"2023.3.18.18401.304.1399.600000.6";"2023.4934426.18401.1.600000.304.1399.55814.6";"Secretaria de Desenvolvimento Rural"
"2023.3.28.28101.301.7917.600009.6";"2023.3.28.28101.301.7917.600009.6";"2023.4932386.28101.0.600009.301.7917.55823.6";"Secretaria de Ciência, Tecnologia e Inovação"
"2024.3.10.10501.446.3194.600053.6";"2024.3.10.10501.446.3194.600053.6";"2024.5216476.10501.1.600053.446.3194.62313.6";"Secretaria da Agricultura, Pecuária, Irrigação, Pesca e Aquicultura"
"2024.3.21.21301.414.7973.600051.6";"2024.3.21.21301.414.7973.600051.6";"2024.5223395.21301.1.600051.414.7973.62311.6";"Secretaria do Trabalho, Emprego, Renda e Esporte"
"2025.3.18.18401.417.7838.600057.6";"2025.3.18.18401.417.7838.600057.6";"2025.5675731.18401.1.600057.417.7838.91415.6";"Secretaria de Desenvolvimento Rural"
"2025.3.21.21301.414.1009.600077.6";"2025.3.21.21301.414.1009.600077.6";"2025.5675467.21301.0.600077.414.1009.91391.6";"Secretaria do Trabalho, Emprego, Renda e Esporte"
"2025.3.21.21301.414.7882.600058.6";"2025.3.21.21301.414.7882.600058.6";"2025.5673200.21301.0.600058.414.7882.91461.6";"Secretaria do Trabalho, Emprego, Renda e Esporte"
"2025.3.24.24801.432.7911.600048.6";"2025.3.24.24801.432.7911.600048.6";"2025.5670454.24801.1.600048.432.7911.90195.6";"Secretaria de Infraestrutura"
"2025.3.26.26101.419.1158.600095.6";"2025.3.26.26101.419.1158.600095.6";"2025.6179267.26101.4.600095.419.1158.97535.6";"Secretaria de Desenvolvimento Urbano"
"2025.3.26.26101.419.5183.600043.6";"2025.3.26.26101.419.5183.600043.6";"2025.5676294.26101.4.600043.419.5183.90235.6";"Secretaria de Desenvolvimento Urbano"
"2025.3.26.26401.419.1162.600039.6";"2025.3.26.26401.419.1162.600039.6";"2025.5670589.26401.1.600039.419.1162.90190.6";"Secretaria de Desenvolvimento Urbano"
"2025.3.26.26401.419.5183.600030.6";"2025.3.26.26401.419.5183.600030.6";"2025.5676192.26401.0.600030.419.5183.90229.6";"Secretaria de Desenvolvimento Urbano"
"2025.3.30.30101.426.4699.600060.6";"2025.3.30.30101.426.4699.600060.6";"2025.5672266.30101.0.600060.426.4699.91413.6";"Secretaria de Promoção da Igualdade Racial e dos Povos e Comunidades Tradicionais"
"2025.3.32.32101.411.3701.600138.6";"2025.3.32.32101.411.3701.600138.6";"2025.6180112.32101.0.600138.411.3701.97693.6";"Secretaria de Turismo"
"2025.3.32.32101.411.5491.600040.6";"2025.3.32.32101.411.5491.600040.6";"2025.5672876.32101.0.600040.411.5491.90191.6";"Secretaria de Turismo"
"2025.3.39.39601.402.2284.600083.6";"2025.3.39.39601.402.2284.600083.6";"2025.6179878.39601.0.600083.402.2284.97485.6";"Secretaria de Assistência e Desenvolvimento Social"
"2025.3.80.80102.900.8070.600059.6";"2025.3.80.80102.900.8070.600059.6";"2025.5665843.80102.0.600059.900.8070.91468.6";"Encargos Gerais do Estado"
"2026.3.10.10101.417.5935.600162.6";"2026.3.10.10101.417.5935.600162.6";"2026.6193522.10101.0.600162.417.5935.97908.6";"Secretaria da Agricultura, Pecuária, Irrigação, Pesca e Aquicultura"
"2026.3.10.10501.417.5916.600052.6";"2026.3.10.10501.417.5916.600052.6";"2026.6190532.10501.0.600052.417.5916.97020.6";"Secretaria da Agricultura, Pecuária, Irrigação, Pesca e Aquicultura"
"2026.3.32.32802.411.5893.600103.6";"2026.3.32.32802.411.5893.600103.6";"2026.6188282.32802.0.600103.411.5893.97602.6";"Secretaria de Turismo"
"2026.3.80.80102.900.8070.600002.6";"2026.3.80.80102.900.8070.600002.6";"2026.6187074.80102.0.600002.900.8070.97027.6";"Encargos Gerais do Estado"
"2021.3.21.21301.305.7882.600013.6";"2021.3.21.21301.305.7882.600013.6";"2021.4235516.21301.1.600013.305.7882.51518.6";"Secretaria do Trabalho, Emprego, Renda e Esporte"
"2021.3.26.26101.305.1162.600020.6";"2021.3.26.26101.305.1162.600020.6";"2021.4234771.26101.4.600020.305.1162.51525.6";"Secretaria de Desenvolvimento Urbano"
"2022.3.11.11101.306.6596.600009.6";"2022.3.11.11101.306.6596.600009.6";"2022.4577278.11101.0.600009.306.6596.51878.6";"Secretaria da Educação"
"2022.3.12.12101.300.2170.600025.6";"2022.3.12.12101.300.2170.600025.6";"2022.4588797.12101.3.600025.300.2170.57103.6";"Secretaria de Justiça, Direitos Humanos e Desenvolvimento Social"
"2022.3.21.21301.305.7974.600020.6";"2022.3.21.21301.305.7974.600020.6";"2022.4574628.21301.0.600020.305.7974.51889.6";"Secretaria do Trabalho, Emprego, Renda e Esporte"
"2022.3.26.26101.305.1162.600020.6";"2022.3.26.26101.305.1162.600020.6";"2022.4577636.26101.0.600020.305.1162.51889.6";"Secretaria de Desenvolvimento Urbano"
"2022.3.80.80102.900.8070.600004.6";"2022.3.80.80102.900.8070.600004.6";"2022.4572044.80102.0.600004.900.8070.51873.6";"Encargos Gerais do Estado"
"2023.3.11.11301.306.4048.600042.6";"2023.3.11.11301.306.4048.600042.6";"2023.5094892.11301.1.600042.306.4048.62132.6";"Secretaria da Educação"
"2023.3.38.38101.300.2170.600046.6";"2023.3.38.38101.300.2170.600046.6";"2023.5201272.38101.0.600046.300.2170.62123.6";"Secretaria de Justiça e Direitos Humanos"
"2023.3.38.38101.300.6953.600042.6";"2023.3.38.38101.300.6953.600042.6";"2023.5090675.38101.0.600042.300.6953.62132.6";"Secretaria de Justiça e Direitos Humanos"
"2024.3.10.10101.417.3044.600054.6";"2024.3.10.10101.417.3044.600054.6";"2024.5219680.10101.0.600054.417.3044.62314.6";"Secretaria da Agricultura, Pecuária, Irrigação, Pesca e Aquicultura"
"2024.3.11.11301.424.4048.600009.6";"2024.3.11.11301.424.4048.600009.6";"2024.5211174.11301.0.600009.424.4048.61629.6";"Secretaria da Educação"
"2024.3.21.21301.414.1009.600036.6";"2024.3.21.21301.414.1009.600036.6";"2024.5213264.21301.1.600036.414.1009.61619.6";"Secretaria do Trabalho, Emprego, Renda e Esporte"
"2024.3.80.80102.900.8070.600003.6";"2024.3.80.80102.900.8070.600003.6";"2024.5208837.80102.0.600003.900.8070.61623.6";"Encargos Gerais do Estado"
"2025.3.11.11301.424.2443.600047.6";"2025.3.11.11301.424.2443.600047.6";"2025.5675154.11301.5.600047.424.2443.90183.6";"Secretaria da Educação"
"2025.3.26.26101.419.1162.600006.6";"2025.3.26.26101.419.1162.600006.6";"2025.6180614.26401.2.600006.419.1162.90208.6";"Secretaria de Desenvolvimento Urbano"
"2025.3.26.26401.419.1158.600075.6";"2025.3.26.26401.419.1158.600075.6";"2025.5674951.26401.0.600075.419.1158.91385.6";"Secretaria de Desenvolvimento Urbano"
"2020.3.10.10101.304.7385.600002.6";"2020.3.10.10101.304.7385.600002.6";"2020.3893010.10101.1.600002.304.7385.46265.6";"Secretaria da Agricultura, Pecuária, Irrigação, Pesca e Aquicultura"
"2022.3.18.18401.304.7838.600020.6";"2022.3.18.18401.304.7838.600020.6";"2022.4582311.18401.0.600020.304.7838.51889.6";"Secretaria de Desenvolvimento Rural"
"2022.3.18.18401.312.5040.600002.6";"2022.3.18.18401.312.5040.600002.6";"2022.4580794.18401.0.600002.312.5040.46893.6";"Secretaria de Desenvolvimento Rural"
"2023.3.21.21301.305.1009.600020.6";"2023.3.21.21301.305.1009.600020.6";"2023.5203880.21301.0.600020.305.1009.55834.6";"Secretaria do Trabalho, Emprego, Renda e Esporte"
"2023.3.30.30101.307.5599.600027.6";"2023.3.30.30101.307.5599.600027.6";"2023.4944562.30101.3.600027.307.5599.57299.6";"Secretaria de Promoção da Igualdade Racial e dos Povos e Comunidades Tradicionais"
"2023.3.38.38101.300.2170.600005.6";"2023.3.38.38101.300.2170.600005.6";"2023.4940080.38101.0.600005.300.2170.55819.6";"Secretaria de Justiça e Direitos Humanos"
"2024.3.21.21101.413.5917.600000.6";"2024.3.21.21101.413.5917.600000.6";"2024.5210610.21101.0.600000.413.5917.61620.6";"Secretaria do Trabalho, Emprego, Renda e Esporte"
"2024.3.21.21301.414.5031.600063.6";"2024.3.21.21301.414.5031.600063.6";"2024.5227486.21301.0.600063.414.5031.91323.6";"Secretaria do Trabalho, Emprego, Renda e Esporte"
"2024.3.21.21301.414.7882.600055.6";"2024.3.21.21301.414.7882.600055.6";"2024.5212530.21301.1.600055.414.7882.62316.6";"Secretaria do Trabalho, Emprego, Renda e Esporte"
"2024.3.26.26101.419.1158.600020.6";"2024.3.26.26101.419.1158.600020.6";"2024.5215395.26101.0.600020.419.1158.61640.6";"Secretaria de Desenvolvimento Urbano"
"2024.3.26.26401.419.1158.600048.6";"2024.3.26.26401.419.1158.600048.6";"2024.5222325.26401.0.600048.419.1158.62308.6";"Secretaria de Desenvolvimento Urbano"
"2024.3.34.34101.430.3229.600046.6";"2024.3.34.34101.430.3229.600046.6";"2024.5212891.34101.2.600046.430.3229.62306.6";"Secretaria de Políticas para as Mulheres"
"2024.3.80.80102.900.8070.600073.6";"2024.3.80.80102.900.8070.600073.6";"2024.5225742.80102.0.600073.900.8070.91327.6";"Encargos Gerais do Estado"
"2025.3.11.11301.424.4048.600117.6";"2025.3.11.11301.424.4048.600117.6";"2025.6180393.11301.16.600117.424.4048.97649.6";"Secretaria da Educação"
"2025.3.22.22201.406.3696.600027.6";"2025.3.22.22201.406.3696.600027.6";"2025.5679672.22201.1.600027.406.3696.90227.6";"Secretaria de Cultura"
"2025.3.26.26401.419.5183.600038.6";"2025.3.26.26401.419.5183.600038.6";"2025.5670911.26401.0.600038.419.5183.90234.6";"Secretaria de Desenvolvimento Urbano"
"2025.3.32.32802.411.5893.600167.6";"2025.3.32.32802.411.5893.600167.6";"2025.6181595.32802.1.600167.411.5893.97789.6";"Secretaria de Turismo"
"2025.3.80.80102.900.8070.600038.6";"2025.3.80.80102.900.8070.600038.6";"2025.5669890.80102.0.600038.900.8070.90234.6";"Encargos Gerais do Estado"
"2026.3.18.18101.417.1399.600108.6";"2026.3.18.18101.417.1399.600108.6";"2026.6196463.18101.0.600108.417.1399.97612.6";"Secretaria de Desenvolvimento Rural"
"2026.3.21.21101.413.6672.600060.6";"2026.3.21.21101.413.6672.600060.6";"2026.6190737.21101.7.600060.413.6672.95220.6";"Secretaria do Trabalho, Emprego, Renda e Esporte"
"2025.3.22.22101.406.2314.600046.6";"2025.3.22.22201.406.2314.600046.6";"2025.5676869.22201.1.600046.406.2314.90188.6";"Secretaria de Cultura"
"2026.3.26.26101.419.1162.600006.6";"2026.3.26.26401.419.1162.600006.6";"2026.6191235.26101.4.600006.419.1162.97031.6";"Secretaria de Desenvolvimento Urbano"
"2021.3.12.12201.300.4365.600002.6";"2021.3.12.12201.300.4365.600002.6";"2021.4224467.12201.1.600002.300.4365.46524.6";"Secretaria de Justiça, Direitos Humanos e Desenvolvimento Social"
"2021.3.21.21301.305.7882.600002.6";"2021.3.21.21301.305.7882.600002.6";"2021.4225636.21301.1.600002.305.7882.46524.6";"Secretaria do Trabalho, Emprego, Renda e Esporte"
"2021.3.26.26101.305.1162.600006.6";"2021.3.26.26101.305.1162.600006.6";"2021.4563688.26101.4.600006.305.1162.51511.6";"Secretaria de Desenvolvimento Urbano"
"2021.3.34.34101.311.5550.600002.6";"2021.3.34.34101.311.5550.600002.6";"2021.4225622.34101.1.600002.311.5550.46524.6";"Secretaria de Políticas para as Mulheres"
"2022.3.18.18401.304.1399.600009.6";"2022.3.18.18401.304.1399.600009.6";"2022.4576357.18401.0.600009.304.1399.51878.6";"Secretaria de Desenvolvimento Rural"
"2022.3.18.18401.304.1399.600031.6";"2022.3.18.18401.304.1399.600031.6";"2022.4922234.18401.0.600031.304.1399.57109.6";"Secretaria de Desenvolvimento Rural"
"2022.3.18.18401.304.7838.600020.6";"2022.3.18.18401.304.7838.600020.6";"2022.4582312.18401.0.600020.304.7838.51810.6";"Secretaria de Desenvolvimento Rural"
"2022.3.26.26101.305.1162.600000.6";"2022.3.26.26101.305.1162.600000.6";"2022.4580775.26401.2.600000.305.1162.51324.6";"Secretaria de Desenvolvimento Urbano"
"2023.3.18.18401.304.1926.600023.6";"2023.3.18.18401.304.1926.600023.6";"2023.4941655.18401.0.600023.304.1926.53696.6";"Secretaria de Desenvolvimento Rural"
"2023.3.21.21101.308.5917.600004.6";"2023.3.21.21101.308.5917.600004.6";"2023.4933178.21101.0.600004.308.5917.55818.6";"Secretaria do Trabalho, Emprego, Renda e Esporte"
"2023.3.21.21301.305.7882.600038.6";"2023.3.21.21301.305.7882.600038.6";"2023.5200859.21301.0.600038.305.7882.57258.6";"Secretaria do Trabalho, Emprego, Renda e Esporte"
"2023.3.32.32802.303.5893.600042.6";"2023.3.32.32802.303.5893.600042.6";"2023.5090677.32802.0.600042.303.5893.62132.6";"Secretaria de Turismo"
"2024.3.18.18101.417.1399.600035.6";"2024.3.18.18101.417.1399.600035.6";"2024.5219697.18101.3.600035.417.1399.62298.6";"Secretaria de Desenvolvimento Rural"
"2024.3.21.21301.414.7882.600048.6";"2024.3.21.21301.414.7882.600048.6";"2024.5221169.21301.1.600048.414.7882.62308.6";"Secretaria do Trabalho, Emprego, Renda e Esporte"
"2025.3.18.18401.417.1399.600042.6";"2025.3.18.18401.417.1399.600042.6";"2025.5669059.18401.0.600042.417.1399.90193.6";"Secretaria de Desenvolvimento Rural"
"2025.3.26.26101.419.1158.600005.6";"2025.3.26.26101.419.1158.600005.6";"2025.5669676.26101.4.600005.419.1158.90207.6";"Secretaria de Desenvolvimento Urbano"
"2025.3.26.26101.419.1162.600082.6";"2025.3.26.26101.419.1162.600082.6";"2025.6179179.26101.0.600082.419.1162.97519.6";"Secretaria de Desenvolvimento Urbano"
"2025.3.32.32802.411.5893.600060.6";"2025.3.32.32802.411.5893.600060.6";"2025.5673932.32802.1.600060.411.5893.91413.6";"Secretaria de Turismo"
"2025.3.32.32802.411.5893.600066.6";"2025.3.32.32802.411.5893.600066.6";"2025.5671576.32802.0.600066.411.5893.91438.6";"Secretaria de Turismo"
"2025.3.80.80102.900.8070.600040.6";"2025.3.80.80102.900.8070.600040.6";"2025.5665800.80102.0.600040.900.8070.90191.6";"Encargos Gerais do Estado"
"2026.3.32.32101.411.3701.600054.6";"2026.3.32.32101.411.3701.600054.6";"2026.6195129.32101.0.600054.411.3701.97009.6";"Secretaria de Turismo"
"2026.3.38.38101.400.2170.600148.6";"2026.3.38.38101.400.2170.600148.6";"2026.6193130.38101.0.600148.400.2170.97722.6";"Secretaria de Justiça e Direitos Humanos"
"2021.3.21.21301.305.7974.600020.6";"2021.3.21.21301.305.7974.600020.6";"2021.4234053.21301.1.600020.305.7974.51525.6";"Secretaria do Trabalho, Emprego, Renda e Esporte"
"2021.3.80.80102.900.8070.600009.6";"2021.3.80.80102.900.8070.600009.6";"2021.4233229.80102.0.600009.900.8070.51514.6";"Encargos Gerais do Estado"
"2021.3.80.80102.900.8070.600010.6";"2021.3.80.80102.900.8070.600010.6";"2021.4233215.80102.0.600010.900.8070.51515.6";"Encargos Gerais do Estado"
"2022.3.18.18401.304.1399.600003.6";"2022.3.18.18401.304.1399.600003.6";"2022.4575092.18401.0.600003.304.1399.51872.6";"Secretaria de Desenvolvimento Rural"
"2022.3.18.18401.312.5040.600002.6";"2022.3.18.18401.312.5040.600002.6";"2022.4580875.18401.1.600002.312.5040.46893.6";"Secretaria de Desenvolvimento Rural"
"2022.3.21.21301.305.1009.600003.6";"2022.3.21.21301.305.1009.600003.6";"2022.4577294.21301.1.600003.305.1009.51872.6";"Secretaria do Trabalho, Emprego, Renda e Esporte"
"2022.3.24.24801.309.7911.600006.6";"2022.3.24.24801.309.7911.600006.6";"2022.4575121.24801.1.600006.309.7911.51875.6";"Secretaria de Infraestrutura"
"2022.3.26.26101.305.1162.600036.6";"2022.3.26.26101.305.1162.600036.6";"2022.4922795.26101.4.600036.305.1162.57114.6";"Secretaria de Desenvolvimento Urbano"
"2022.3.34.34101.311.5558.600003.6";"2022.3.34.34101.311.5558.600003.6";"2022.4587214.34101.1.600003.311.5558.51872.6";"Secretaria de Políticas para as Mulheres"
"2023.3.22.22301.302.1372.600046.6";"2023.3.22.22301.302.1372.600046.6";"2023.5203890.22301.1.600046.302.1372.62123.6";"Secretaria de Cultura"
"2023.3.24.24801.309.7911.600036.6";"2023.3.24.24801.309.7911.600036.6";"2023.4933366.24801.1.600036.309.7911.57254.6";"Secretaria de Infraestrutura"
"2023.3.80.80102.900.8070.600034.6";"2023.3.80.80102.900.8070.600034.6";"2023.4928763.80102.0.600034.900.8070.57253.6";"Encargos Gerais do Estado"
"2024.3.10.10501.417.5916.600048.6";"2024.3.10.10501.417.5916.600048.6";"2024.5221220.10501.0.600048.417.5916.62308.6";"Secretaria da Agricultura, Pecuária, Irrigação, Pesca e Aquicultura"
"2024.3.18.18401.417.1399.600012.6";"2024.3.18.18401.417.1399.600012.6";"2024.5218832.18401.1.600012.417.1399.61632.6";"Secretaria de Desenvolvimento Rural"
"2024.3.18.18401.417.1399.600042.6";"2024.3.18.18401.417.1399.600042.6";"2024.5210992.18401.1.600042.417.1399.62302.6";"Secretaria de Desenvolvimento Rural"
"2024.3.21.21301.414.7882.600055.6";"2024.3.21.21301.414.7882.600055.6";"2024.5212320.21301.0.600055.414.7882.62316.6";"Secretaria do Trabalho, Emprego, Renda e Esporte"
"2024.3.28.28101.405.7917.600005.6";"2024.3.28.28101.405.7917.600005.6";"2024.5210949.28101.0.600005.405.7917.61625.6";"Secretaria de Ciência, Tecnologia e Inovação"
"2025.3.18.18401.417.1399.600107.6";"2025.3.18.18401.417.1399.600107.6";"2025.6179060.18401.0.600107.417.1399.97559.6";"Secretaria de Desenvolvimento Rural"
"2025.3.22.22101.406.2314.600067.6";"2025.3.22.22101.406.2314.600067.6";"2025.5676867.22201.1.600067.406.2314.91386.6";"Secretaria de Cultura"
"2025.3.32.32101.411.3701.600128.6";"2025.3.32.32101.411.3701.600128.6";"2025.6179142.32101.3.600128.411.3701.97699.6";"Secretaria de Turismo"
"2025.3.34.34101.430.4239.600073.6";"2025.3.34.34101.430.4239.600073.6";"2025.5683558.34101.0.600073.430.4239.91387.6";"Secretaria de Políticas para as Mulheres"
"2025.3.80.80102.900.8070.600004.6";"2025.3.80.80102.900.8070.600004.6";"2025.5665724.80102.0.600004.900.8070.90206.6";"Encargos Gerais do Estado"
"2025.3.80.80102.900.8070.600058.6";"2025.3.80.80102.900.8070.600058.6";"2025.5665840.80102.0.600058.900.8070.91461.6";"Encargos Gerais do Estado"
"2026.3.11.11301.424.4048.600059.6";"2026.3.11.11301.424.4048.600059.6";"2026.6192775.11301.0.600059.424.4048.95494.6";"Secretaria da Educação"
"2025.3.18.18101.417.7988.600119.6";"2025.3.18.18401.417.7988.600119.6";"2025.6181534.18101.3.600119.417.7988.97667.6";"Secretaria de Desenvolvimento Rural"
"2025.3.26.26101.419.1162.600053.6";"2025.3.26.26401.419.1162.600053.6";"2025.5673366.26101.4.600053.419.1162.90185.6";"Secretaria de Desenvolvimento Urbano"
"2020.3.11.11201.306.7524.600002.6";"2020.3.11.11201.306.7524.600002.6";"2020.3892927.11201.1.600002.306.7524.46265.6";"Secretaria da Educação"
"2021.3.11.11101.306.6596.600009.6";"2021.3.11.11101.306.6596.600009.6";"2021.4278554.11101.1.600009.306.6596.51514.6";"Secretaria da Educação"
"2021.3.21.21101.308.6672.600004.6";"2021.3.21.21101.308.6672.600004.6";"2021.4237690.21101.7.600004.308.6672.51509.6";"Secretaria do Trabalho, Emprego, Renda e Esporte"
"2022.3.11.11301.306.4048.600009.6";"2022.3.11.11301.306.4048.600009.6";"2022.4854829.11301.1.600009.306.4048.51878.6";"Secretaria da Educação"
"2023.3.21.21101.308.5630.600039.6";"2023.3.21.21101.308.5630.600039.6";"2023.5199331.21101.0.600039.308.5630.62121.6";"Secretaria do Trabalho, Emprego, Renda e Esporte"
"2023.3.38.38201.300.4365.600002.6";"2023.3.38.38201.300.4365.600002.6";"2023.4934723.38201.0.600002.300.4365.55816.6";"Secretaria de Justiça e Direitos Humanos"
"2023.3.80.80102.900.8070.600046.6";"2023.3.80.80102.900.8070.600046.6";"2023.4952605.80102.0.600046.900.8070.62123.6";"Encargos Gerais do Estado"
"2024.3.26.26101.419.1162.600009.6";"2024.3.26.26101.419.1162.600009.6";"2024.5213273.26101.0.600009.419.1162.61629.6";"Secretaria de Desenvolvimento Urbano"
"2024.3.80.80102.900.8070.600044.6";"2024.3.80.80102.900.8070.600044.6";"2024.5208835.80102.0.600044.900.8070.62304.6";"Encargos Gerais do Estado"
"2025.3.10.10101.417.7385.600031.6";"2025.3.10.10101.417.7385.600031.6";"2025.5669817.10101.0.600031.417.7385.90200.6";"Secretaria da Agricultura, Pecuária, Irrigação, Pesca e Aquicultura"
"2025.3.18.18101.417.1399.600089.6";"2025.3.18.18101.417.1399.600089.6";"2025.6181351.18101.0.600089.417.1399.97493.6";"Secretaria de Desenvolvimento Rural"
"2025.3.21.21301.414.7973.600051.6";"2025.3.21.21301.414.7973.600051.6";"2025.5672853.21301.1.600051.414.7973.90196.6";"Secretaria do Trabalho, Emprego, Renda e Esporte"
"2025.3.22.22101.406.7857.600115.6";"2025.3.22.22101.406.7857.600115.6";"2025.6178984.22101.0.600115.406.7857.97645.6";"Secretaria de Cultura"
"2025.3.80.80102.900.8070.600047.6";"2025.3.80.80102.900.8070.600047.6";"2025.5665815.80102.0.600047.900.8070.90183.6";"Encargos Gerais do Estado"
"2025.3.80.80102.900.8070.600053.6";"2025.3.80.80102.900.8070.600053.6";"2025.5665552.80102.0.600053.900.8070.90185.6";"Encargos Gerais do Estado"
"2026.3.26.26101.419.1158.600066.6";"2026.3.26.26101.419.1158.600066.6";"2026.6188730.26101.0.600066.419.1158.95354.6";"Secretaria de Desenvolvimento Urbano"
"2026.3.80.80102.900.8070.600014.6";"2026.3.80.80102.900.8070.600014.6";"2026.6187107.80102.0.600014.900.8070.95138.6";"Encargos Gerais do Estado"
"2026.3.80.80102.900.8070.600065.6";"2026.3.80.80102.900.8070.600065.6";"2026.6187243.80102.0.600065.900.8070.95382.6";"Encargos Gerais do Estado"
"2023.3.22.22101.302.7980.600005.6";"2023.3.22.22202.302.7980.600005.6";"2023.4935789.22202.1.600005.302.7980.55819.6";"Secretaria de Cultura"
"2025.3.22.22101.406.2314.600067.6";"2025.3.22.22201.406.2314.600067.6";"2025.5676867.22201.1.600067.406.2314.91386.6";"Secretaria de Cultura"
"2021.3.12.12201.300.4365.600002.6";"2021.3.12.12201.300.4365.600002.6";"2021.4224315.12201.0.600002.300.4365.46524.6";"Secretaria de Justiça, Direitos Humanos e Desenvolvimento Social"
"2022.3.11.11301.306.4048.600009.6";"2022.3.11.11301.306.4048.600009.6";"2022.4854831.11301.1.600009.306.4048.51878.6";"Secretaria da Educação"
"2022.3.21.21101.308.5917.600004.6";"2022.3.21.21101.308.5917.600004.6";"2022.4575136.21101.7.600004.308.5917.51873.6";"Secretaria do Trabalho, Emprego, Renda e Esporte"
"2023.3.10.10501.304.5916.600053.6";"2023.3.10.10501.304.5916.600053.6";"2023.5199320.10501.0.600053.304.5916.62127.6";"Secretaria da Agricultura, Pecuária, Irrigação, Pesca e Aquicultura"
"2023.3.24.24801.309.7911.600038.6";"2023.3.24.24801.309.7911.600038.6";"2023.4931571.24801.0.600038.309.7911.57258.6";"Secretaria de Infraestrutura"
"2024.3.21.21301.414.7882.600003.6";"2024.3.21.21301.414.7882.600003.6";"2024.5212793.21301.0.600003.414.7882.61623.6";"Secretaria do Trabalho, Emprego, Renda e Esporte"
"2024.3.32.32802.411.5893.600050.6";"2024.3.32.32802.411.5893.600050.6";"2024.5214126.32802.1.600050.411.5893.62310.6";"Secretaria de Turismo"
"2024.3.8.8501.434.7894.600052.6";"2024.3.8.8501.434.7894.600052.6";"2024.5659529.8501.2.600052.434.7894.62312.6";"Secretaria de Infraestrutura Hídrica e Saneamento"
"2025.3.26.26401.419.1162.600030.6";"2025.3.26.26401.419.1162.600030.6";"2025.5676249.26401.1.600030.419.1162.90229.6";"Secretaria de Desenvolvimento Urbano"
"2026.3.26.26101.419.1158.600020.6";"2026.3.26.26101.419.1158.600020.6";"2026.6195568.26401.2.600020.419.1158.95144.6";"Secretaria de Desenvolvimento Urbano"
"2026.3.39.39601.402.2256.600065.6";"2026.3.39.39601.402.2256.600065.6";"2026.6189968.39601.0.600065.402.2256.95382.6";"Secretaria de Assistência e Desenvolvimento Social"
"2026.3.80.80102.900.8070.600064.6";"2026.3.80.80102.900.8070.600064.6";"2026.6187236.80102.0.600064.900.8070.95206.6";"Encargos Gerais do Estado"
"2020.3.12.12201.314.4365.600002.6";"2020.3.12.12201.314.4365.600002.6";"2020.3893074.12201.0.600002.314.4365.46265.6";"Secretaria de Justiça, Direitos Humanos e Desenvolvimento Social"
"2021.3.18.18401.304.1399.600003.6";"2021.3.18.18401.304.1399.600003.6";"2021.4565403.18401.0.600003.304.1399.51508.6";"Secretaria de Desenvolvimento Rural"
"2021.3.18.18401.312.5040.600002.6";"2021.3.18.18401.312.5040.600002.6";"2021.4225385.18401.0.600002.312.5040.46524.6";"Secretaria de Desenvolvimento Rural"
"2021.3.80.80102.900.8070.600011.6";"2021.3.80.80102.900.8070.600011.6";"2021.4233209.80102.0.600011.900.8070.51516.6";"Encargos Gerais do Estado"
"2022.3.20.20101.314.7880.600036.6";"2022.3.20.20101.314.7880.600036.6";"2022.4589325.20101.0.600036.314.7880.57114.6";"Secretaria da Segurança Pública"
"2022.3.34.34101.311.5558.600002.6";"2022.3.34.34101.311.5558.600002.6";"2022.4586929.34101.1.600002.311.5558.46893.6";"Secretaria de Políticas para as Mulheres"
"2023.3.18.18401.312.5040.600002.6";"2023.3.18.18401.312.5040.600002.6";"2023.4934381.18401.0.600002.312.5040.55816.6";"Secretaria de Desenvolvimento Rural"
"2023.3.20.20801.314.7873.600020.6";"2023.3.20.20801.314.7873.600020.6";"2023.4938476.20801.72.600020.314.7873.55834.6";"Secretaria da Segurança Pública"
"2023.3.22.22101.303.7032.600005.6";"2023.3.22.22101.303.7032.600005.6";"2023.4939590.22101.1.600005.303.7032.55819.6";"Secretaria de Cultura"
"2023.3.80.80102.900.8070.600012.6";"2023.3.80.80102.900.8070.600012.6";"2023.4928728.80102.0.600012.900.8070.55826.6";"Encargos Gerais do Estado"
"2023.3.80.80102.900.8070.600031.6";"2023.3.80.80102.900.8070.600031.6";"2023.4928758.80102.0.600031.900.8070.57248.6";"Encargos Gerais do Estado"
"2025.3.10.10101.417.6608.600159.6";"2025.3.10.10101.417.6608.600159.6";"2025.6180607.10101.0.600159.417.6608.97773.6";"Secretaria da Agricultura, Pecuária, Irrigação, Pesca e Aquicultura"
"2025.3.10.10101.417.7385.600061.6";"2025.3.10.10101.417.7385.600061.6";"2025.5673118.10101.1.600061.417.7385.91454.6";"Secretaria da Agricultura, Pecuária, Irrigação, Pesca e Aquicultura"
"2025.3.18.18401.417.1399.600045.6";"2025.3.18.18401.417.1399.600045.6";"2025.5671642.18401.0.600045.417.1399.90194.6";"Secretaria de Desenvolvimento Rural"
"2025.3.20.20803.437.1102.600070.6";"2025.3.20.20803.437.1102.600070.6";"2025.6181924.20602.1.600070.437.1102.91445.6";"Secretaria da Segurança Pública"
"2025.3.21.21301.414.7973.600051.6";"2025.3.21.21301.414.7973.600051.6";"2025.5672854.21301.0.600051.414.7973.90196.6";"Secretaria do Trabalho, Emprego, Renda e Esporte"
"2025.3.32.32802.411.5893.600059.6";"2025.3.32.32802.411.5893.600059.6";"2025.5671574.32802.0.600059.411.5893.91468.6";"Secretaria de Turismo"
"2025.3.80.80102.900.8070.600066.6";"2025.3.80.80102.900.8070.600066.6";"2025.5665625.80102.0.600066.900.8070.91438.6";"Encargos Gerais do Estado"
"2026.3.11.11101.425.7744.600064.6";"2026.3.11.11101.425.7744.600064.6";"2026.6193646.11101.38.600064.425.7744.95206.6";"Secretaria da Educação"
"2026.3.18.18401.417.1399.600058.6";"2026.3.18.18401.417.1399.600058.6";"2026.6188840.18401.0.600058.417.1399.95377.6";"Secretaria de Desenvolvimento Rural"
"2026.3.29.29101.440.3362.600065.6";"2026.3.29.29101.440.3362.600065.6";"2026.6190605.29101.0.600065.440.3362.95382.6";"Secretaria de Relações Institucionais"
"2020.3.11.11301.306.7867.600002.6";"2020.3.11.11301.306.7867.600002.6";"2020.3893097.11301.1.600002.306.7867.46265.6";"Secretaria da Educação"
"2021.3.18.18401.304.1399.600003.6";"2021.3.18.18401.304.1399.600003.6";"2021.4565402.18401.0.600003.304.1399.51508.6";"Secretaria de Desenvolvimento Rural"
"2021.3.28.28101.301.7917.600006.6";"2021.3.28.28101.301.7917.600006.6";"2021.4542165.28101.0.600006.301.7917.51511.6";"Secretaria de Ciência, Tecnologia e Inovação"
"2022.3.11.11302.306.7867.600031.6";"2022.3.11.11302.306.7867.600031.6";"2022.4590087.11302.0.600031.306.7867.57109.6";"Secretaria da Educação"
"2022.3.26.26101.305.1158.600000.6";"2022.3.26.26101.305.1158.600000.6";"2022.4922687.26101.0.600000.305.1158.51324.6";"Secretaria de Desenvolvimento Urbano"
"2022.3.80.80102.900.8070.600021.6";"2022.3.80.80102.900.8070.600021.6";"2022.4572109.80102.0.600021.900.8070.51890.6";"Encargos Gerais do Estado"
"2023.3.10.10501.315.7950.600015.6";"2023.3.10.10501.315.7950.600015.6";"2023.4939307.10501.0.600015.315.7950.55829.6";"Secretaria da Agricultura, Pecuária, Irrigação, Pesca e Aquicultura"
"2023.3.22.22301.302.7857.600031.6";"2023.3.22.22301.302.7857.600031.6";"2023.4939316.22301.0.600031.302.7857.57248.6";"Secretaria de Cultura"
"2024.3.11.11301.424.4048.600059.6";"2024.3.11.11301.424.4048.600059.6";"2024.5226254.11301.16.600059.424.4048.91326.6";"Secretaria da Educação"
"2024.3.22.22201.406.3696.600027.6";"2024.3.22.22201.406.3696.600027.6";"2024.5224307.22201.0.600027.406.3696.61645.6";"Secretaria de Cultura"
"2025.3.22.22202.406.7986.600031.6";"2025.3.22.22202.406.7986.600031.6";"2025.5671111.22202.1.600031.406.7986.90200.6";"Secretaria de Cultura"
"2025.3.26.26101.419.1162.600081.6";"2025.3.26.26101.419.1162.600081.6";"2025.6177899.26101.0.600081.419.1162.97517.6";"Secretaria de Desenvolvimento Urbano"
"2026.3.10.10501.446.3194.600006.6";"2026.3.10.10501.446.3194.600006.6";"2026.6190529.10501.0.600006.446.3194.97031.6";"Secretaria da Agricultura, Pecuária, Irrigação, Pesca e Aquicultura"
"2026.3.26.26101.419.1162.600006.6";"2026.3.26.26101.419.1162.600006.6";"2026.6191208.26101.0.600006.419.1162.97031.6";"Secretaria de Desenvolvimento Urbano"
"2026.3.28.28101.405.5649.600043.6";"2026.3.28.28101.405.5649.600043.6";"2026.6190397.28101.1.600043.405.5649.95157.6";"Secretaria de Ciência, Tecnologia e Inovação"
"2026.3.38.38101.400.2170.600057.6";"2026.3.38.38101.400.2170.600057.6";"2026.6193854.38101.2.600057.400.2170.95222.6";"Secretaria de Justiça e Direitos Humanos"
"2026.3.80.80102.900.8070.600049.6";"2026.3.80.80102.900.8070.600049.6";"2026.6187185.80102.0.600049.900.8070.97012.6";"Encargos Gerais do Estado"
"2026.3.80.80102.900.8070.600061.6";"2026.3.80.80102.900.8070.600061.6";"2026.6187228.80102.0.600061.900.8070.95370.6";"Encargos Gerais do Estado"
"2025.3.9.9801.442.1340.600064.6";"2025.3.9.9101.442.1340.600064.6";"2025.5670688.9101.1.600064.442.1340.91398.6";"Secretaria da Administração"
"2022.3.11.11101.306.6596.600009.6";"2022.3.11.11301.306.6596.600009.6";"2022.4577273.11101.1.600009.306.6596.51878.6";"Secretaria da Educação"
"2025.3.18.18101.417.1399.600135.6";"2025.3.18.18401.417.1399.600135.6";"2025.6181494.18401.1.600135.417.1399.97695.6";"Secretaria de Desenvolvimento Rural"
"2025.3.18.18101.417.1399.600056.6";"2025.3.18.18401.417.1399.600056.6";"2025.5675441.18401.1.600056.417.1399.90187.6";"Secretaria de Desenvolvimento Rural"
"2022.3.21.21301.305.7882.600013.6";"2022.3.21.21301.305.7882.600013.6";"2022.4577332.21301.1.600013.305.7882.51882.6";"Secretaria do Trabalho, Emprego, Renda e Esporte"
"2023.3.21.21301.305.1009.600036.6";"2023.3.21.21301.305.1009.600036.6";"2023.4933657.21301.1.600036.305.1009.57254.6";"Secretaria do Trabalho, Emprego, Renda e Esporte"
"2023.3.26.26101.305.1158.600020.6";"2023.3.26.26101.305.1158.600020.6";"2023.4941429.26101.0.600020.305.1158.55834.6";"Secretaria de Desenvolvimento Urbano"
"2024.3.10.10101.417.3044.600076.6";"2024.3.10.10101.417.3044.600076.6";"2024.5658926.10101.1.600076.417.3044.91339.6";"Secretaria da Agricultura, Pecuária, Irrigação, Pesca e Aquicultura"
"2024.3.11.11301.424.4048.600059.6";"2024.3.11.11301.424.4048.600059.6";"2024.5226256.11301.16.600059.424.4048.91326.6";"Secretaria da Educação"
"2024.3.22.22202.406.7980.600046.6";"2024.3.22.22202.406.7980.600046.6";"2024.5225694.22202.0.600046.406.7980.62306.6";"Secretaria de Cultura"
"2024.3.26.26101.419.1162.600000.6";"2024.3.26.26101.419.1162.600000.6";"2024.5657960.26101.0.600000.419.1162.61620.6";"Secretaria de Desenvolvimento Urbano"
"2024.3.26.26101.419.1162.600006.6";"2024.3.26.26101.419.1162.600006.6";"2024.5659144.26101.0.600006.419.1162.61626.6";"Secretaria de Desenvolvimento Urbano"
"2025.3.10.10501.446.3194.600006.6";"2025.3.10.10501.446.3194.600006.6";"2025.5669988.10501.1.600006.446.3194.90208.6";"Secretaria da Agricultura, Pecuária, Irrigação, Pesca e Aquicultura"
"2025.3.18.18401.417.1399.600157.6";"2025.3.18.18401.417.1399.600157.6";"2025.6180955.18401.0.600157.417.1399.97769.6";"Secretaria de Desenvolvimento Rural"
"2025.3.18.18401.417.7988.600057.6";"2025.3.18.18401.417.7988.600057.6";"2025.5675658.18401.0.600057.417.7988.91415.6";"Secretaria de Desenvolvimento Rural"
"2025.3.20.20801.437.7873.600072.6";"2025.3.20.20801.437.7873.600072.6";"2025.5669153.20801.72.600072.437.7873.91389.6";"Secretaria da Segurança Pública"
"2025.3.26.26401.419.7794.600052.6";"2025.3.26.26401.419.7794.600052.6";"2025.5680952.26401.0.600052.419.7794.90197.6";"Secretaria de Desenvolvimento Urbano"
"2025.3.38.38101.400.6953.600038.6";"2025.3.38.38101.400.6953.600038.6";"2025.5674973.38101.0.600038.400.6953.90234.6";"Secretaria de Justiça e Direitos Humanos"
"2026.3.80.80102.900.8070.600031.6";"2026.3.80.80102.900.8070.600031.6";"2026.6187135.80102.0.600031.900.8070.97023.6";"Encargos Gerais do Estado"
"2023.3.22.22101.302.7857.600034.6";"2023.3.22.22301.302.7857.600034.6";"2023.4939920.22301.1.600034.302.7857.57253.6";"Secretaria de Cultura"
"2022.3.26.26101.305.1158.600000.6";"2022.3.26.26401.305.1158.600000.6";"2022.4922692.26101.4.600000.305.1158.51324.6";"Secretaria de Desenvolvimento Urbano"
"2021.3.18.18401.312.5040.600002.6";"2021.3.18.18401.312.5040.600002.6";"2021.4563710.18401.1.600002.312.5040.46524.6";"Secretaria de Desenvolvimento Rural"
"2021.3.24.24801.309.7886.600006.6";"2021.3.24.24801.309.7886.600006.6";"2021.4541699.24801.1.600006.309.7886.51511.6";"Secretaria de Infraestrutura"
"2021.3.30.30101.307.5713.600007.6";"2021.3.30.30101.307.5713.600007.6";"2021.4234111.30101.0.600007.307.5713.51512.6";"Secretaria de Promoção da Igualdade Racial"
"2022.3.22.22101.302.7980.600005.6";"2022.3.22.22101.302.7980.600005.6";"2022.4924755.22101.0.600005.302.7980.51795.6";"Secretaria de Cultura"
"2022.3.80.80102.900.8070.600011.6";"2022.3.80.80102.900.8070.600011.6";"2022.4572077.80102.0.600011.900.8070.51880.6";"Encargos Gerais do Estado"
"2023.3.21.21301.314.4565.600000.6";"2023.3.21.21301.314.4565.600000.6";"2023.4938048.21301.0.600000.314.4565.55814.6";"Secretaria do Trabalho, Emprego, Renda e Esporte"
"2024.3.22.22101.406.2314.600028.6";"2024.3.22.22101.406.2314.600028.6";"2024.5212329.22101.0.600028.406.2314.61617.6";"Secretaria de Cultura"
"2024.3.34.34101.430.3229.600046.6";"2024.3.34.34101.430.3229.600046.6";"2024.5212837.34101.0.600046.430.3229.62306.6";"Secretaria de Políticas para as Mulheres"
"2024.3.38.38101.400.6953.600038.6";"2024.3.38.38101.400.6953.600038.6";"2024.5225702.38101.0.600038.400.6953.61652.6";"Secretaria de Justiça e Direitos Humanos"
"2025.3.18.18101.417.1399.600092.6";"2025.3.18.18101.417.1399.600092.6";"2025.6181434.18101.3.600092.417.1399.97531.6";"Secretaria de Desenvolvimento Rural"
"2025.3.26.26401.419.1162.600043.6";"2025.3.26.26401.419.1162.600043.6";"2025.5672052.26401.0.600043.419.1162.90235.6";"Secretaria de Desenvolvimento Urbano"
"2025.3.38.38101.400.2170.600062.6";"2025.3.38.38101.400.2170.600062.6";"2025.5678375.38101.0.600062.400.2170.91471.6";"Secretaria de Justiça e Direitos Humanos"
"2026.3.18.18401.417.7988.600057.6";"2026.3.18.18401.417.7988.600057.6";"2026.6191966.18401.0.600057.417.7988.95222.6";"Secretaria de Desenvolvimento Rural"
"2026.3.21.21101.413.5917.600006.6";"2026.3.21.21101.413.5917.600006.6";"2026.6191665.21101.7.600006.413.5917.97031.6";"Secretaria do Trabalho, Emprego, Renda e Esporte"
"2026.3.26.26101.419.1162.600081.6";"2026.3.26.26101.419.1162.600081.6";"2026.6196605.26401.2.600081.419.1162.97567.6";"Secretaria de Desenvolvimento Urbano"
"2021.3.21.21301.305.7882.600013.6";"2021.3.21.21301.305.7882.600013.6";"2021.4234043.21301.0.600013.305.7882.51518.6";"Secretaria do Trabalho, Emprego, Renda e Esporte"
"2022.3.18.18401.304.1926.600015.6";"2022.3.18.18401.304.1926.600015.6";"2022.4577027.18401.0.600015.304.1926.51884.6";"Secretaria de Desenvolvimento Rural"
"2022.3.80.80102.900.8070.600009.6";"2022.3.80.80102.900.8070.600009.6";"2022.4572067.80102.0.600009.900.8070.51878.6";"Encargos Gerais do Estado"
"2022.3.80.80102.900.8070.600022.6";"2022.3.80.80102.900.8070.600022.6";"2022.4578490.80102.0.600022.900.8070.51856.6";"Encargos Gerais do Estado"
"2023.3.10.10101.304.3044.600054.6";"2023.3.10.10101.304.3044.600054.6";"2023.5200904.10101.1.600054.304.3044.62128.6";"Secretaria da Agricultura, Pecuária, Irrigação, Pesca e Aquicultura"
"2023.3.80.80102.900.8070.600049.6";"2023.3.80.80102.900.8070.600049.6";"2023.5200026.80102.0.600049.900.8070.62125.6";"Encargos Gerais do Estado"
"2024.3.18.18401.417.1399.600042.6";"2024.3.18.18401.417.1399.600042.6";"2024.5210993.18401.1.600042.417.1399.62302.6";"Secretaria de Desenvolvimento Rural"
"2024.3.21.21301.414.5793.600046.6";"2024.3.21.21301.414.5793.600046.6";"2024.5214020.21301.1.600046.414.5793.62306.6";"Secretaria do Trabalho, Emprego, Renda e Esporte"
"2024.3.24.24801.432.7911.600048.6";"2024.3.24.24801.432.7911.600048.6";"2024.5225267.24801.1.600048.432.7911.62308.6";"Secretaria de Infraestrutura"
"2024.3.80.80102.900.8070.600063.6";"2024.3.80.80102.900.8070.600063.6";"2024.5225740.80102.0.600063.900.8070.91323.6";"Encargos Gerais do Estado"
"2025.3.18.18101.417.1399.600080.6";"2025.3.18.18101.417.1399.600080.6";"2025.6181430.18101.3.600080.417.1399.97515.6";"Secretaria de Desenvolvimento Rural"
"2025.3.18.18101.417.1399.600163.6";"2025.3.18.18101.417.1399.600163.6";"2025.6181435.18101.3.600163.417.1399.97781.6";"Secretaria de Desenvolvimento Rural"
"2025.3.18.18401.417.1399.600043.6";"2025.3.18.18401.417.1399.600043.6";"2025.5670493.18401.1.600043.417.1399.90235.6";"Secretaria de Desenvolvimento Rural"
"2025.3.18.18401.417.7988.600119.6";"2025.3.18.18401.417.7988.600119.6";"2025.6179055.18401.0.600119.417.7988.97667.6";"Secretaria de Desenvolvimento Rural"
"2025.3.26.26401.419.5183.600075.6";"2025.3.26.26401.419.5183.600075.6";"2025.5673227.26401.0.600075.419.5183.91385.6";"Secretaria de Desenvolvimento Urbano"
"2025.3.32.32101.411.5491.600040.6";"2025.3.32.32101.411.5491.600040.6";"2025.5672879.32101.2.600040.411.5491.90191.6";"Secretaria de Turismo"
"2025.3.80.80102.900.8070.600052.6";"2025.3.80.80102.900.8070.600052.6";"2025.5665828.80102.0.600052.900.8070.90197.6";"Encargos Gerais do Estado"
"2026.3.24.24801.432.7911.600018.6";"2026.3.24.24801.432.7911.600018.6";"2026.6190785.24801.1.600018.432.7911.95142.6";"Secretaria de Infraestrutura"
"2021.3.21.21101.308.1793.600004.6";"2021.3.21.21101.308.1793.600004.6";"2021.4234138.21101.5.600004.308.1793.51509.6";"Secretaria do Trabalho, Emprego, Renda e Esporte"
"2021.3.21.21301.305.7882.600003.6";"2021.3.21.21301.305.7882.600003.6";"2021.4542150.21301.0.600003.305.7882.51508.6";"Secretaria do Trabalho, Emprego, Renda e Esporte"
"2022.3.11.11302.306.6910.600002.6";"2022.3.11.11302.306.6910.600002.6";"2022.4584114.11302.1.600002.306.6910.46893.6";"Secretaria da Educação"
"2022.3.18.18401.304.1399.600019.6";"2022.3.18.18401.304.1399.600019.6";"2022.4576356.18401.0.600019.304.1399.51888.6";"Secretaria de Desenvolvimento Rural"
"2022.3.22.22101.302.7857.600031.6";"2022.3.22.22101.302.7857.600031.6";"2022.4924759.22101.1.600031.302.7857.57109.6";"Secretaria de Cultura"
"2022.3.22.22202.315.7950.600031.6";"2022.3.22.22202.315.7950.600031.6";"2022.4889158.22202.1.600031.315.7950.57109.6";"Secretaria de Cultura"
"2023.3.24.24801.309.7911.600048.6";"2023.3.24.24801.309.7911.600048.6";"2023.4991696.24801.1.600048.309.7911.62131.6";"Secretaria de Infraestrutura"
"2023.3.26.26101.305.1162.600020.6";"2023.3.26.26101.305.1162.600020.6";"2023.4941717.26101.4.600020.305.1162.55834.6";"Secretaria de Desenvolvimento Urbano"
"2023.3.80.80102.900.8070.600015.6";"2023.3.80.80102.900.8070.600015.6";"2023.4928734.80102.0.600015.900.8070.55829.6";"Encargos Gerais do Estado"
"2024.3.22.22101.406.6903.600046.6";"2024.3.22.22101.406.6903.600046.6";"2024.5223158.22101.1.600046.406.6903.62306.6";"Secretaria de Cultura"
"2024.3.26.26401.419.1162.600056.6";"2024.3.26.26401.419.1162.600056.6";"2024.5220078.26401.1.600056.419.1162.62315.6";"Secretaria de Desenvolvimento Urbano"
"2025.3.10.10501.417.6608.600065.6";"2025.3.10.10501.417.6608.600065.6";"2025.5682239.10501.0.600065.417.6608.91466.6";"Secretaria da Agricultura, Pecuária, Irrigação, Pesca e Aquicultura"
"2025.3.11.11301.424.4048.600116.6";"2025.3.11.11301.424.4048.600116.6";"2025.6180395.11301.16.600116.424.4048.97647.6";"Secretaria da Educação"
"2025.3.18.18401.417.1399.600042.6";"2025.3.18.18401.417.1399.600042.6";"2025.5678419.18401.1.600042.417.1399.90193.6";"Secretaria de Desenvolvimento Rural"
"2025.3.18.18401.417.7988.600042.6";"2025.3.18.18401.417.7988.600042.6";"2025.5674613.18401.1.600042.417.7988.90193.6";"Secretaria de Desenvolvimento Rural"
"2025.3.26.26401.419.1158.600052.6";"2025.3.26.26401.419.1158.600052.6";"2025.5680948.26401.1.600052.419.1158.90197.6";"Secretaria de Desenvolvimento Urbano"
"2025.3.26.26401.419.5183.600030.6";"2025.3.26.26401.419.5183.600030.6";"2025.5676253.26401.1.600030.419.5183.90229.6";"Secretaria de Desenvolvimento Urbano"
"2025.3.80.80102.900.8070.600014.6";"2025.3.80.80102.900.8070.600014.6";"2025.5665748.80102.0.600014.900.8070.90216.6";"Encargos Gerais do Estado"
"2025.3.80.80102.900.8070.600039.6";"2025.3.80.80102.900.8070.600039.6";"2025.5665686.80102.0.600039.900.8070.90190.6";"Encargos Gerais do Estado"
"2025.3.80.80102.900.8070.600050.6";"2025.3.80.80102.900.8070.600050.6";"2025.5669891.80102.0.600050.900.8070.90184.6";"Encargos Gerais do Estado"
"2025.3.80.80102.900.8070.600065.6";"2025.3.80.80102.900.8070.600065.6";"2025.5665853.80102.0.600065.900.8070.91466.6";"Encargos Gerais do Estado"
"2026.3.18.18401.417.1399.600059.6";"2026.3.18.18401.417.1399.600059.6";"2026.6192938.18401.1.600059.417.1399.95494.6";"Secretaria de Desenvolvimento Rural"
"2026.3.32.32101.411.3701.600128.6";"2026.3.32.32101.411.3701.600128.6";"2026.6187651.32101.3.600128.411.3701.97686.6";"Secretaria de Turismo"
"2026.3.80.80102.900.8070.600002.6";"2026.3.80.80102.900.8070.600002.6";"2026.6187076.80102.0.600002.900.8070.97027.6";"Encargos Gerais do Estado"
"2025.3.18.18101.417.1399.600059.6";"2025.3.18.18401.417.1399.600059.6";"2025.5669990.18101.3.600059.417.1399.91468.6";"Secretaria de Desenvolvimento Rural"
"2020.3.26.26101.305.1162.600000.6";"2020.3.26.26101.305.1162.600000.6";"2020.3893478.26101.4.600000.305.1162.46263.6";"Secretaria de Desenvolvimento Urbano"
"2021.3.18.18401.312.5040.600015.6";"2021.3.18.18401.312.5040.600015.6";"2021.4234775.18401.0.600015.312.5040.51520.6";"Secretaria de Desenvolvimento Rural"
"2021.3.21.21101.305.7882.600014.6";"2021.3.21.21101.305.7882.600014.6";"2021.4278547.21101.1.600014.305.7882.51519.6";"Secretaria do Trabalho, Emprego, Renda e Esporte"
"2022.3.28.28101.301.7917.600036.6";"2022.3.28.28101.301.7917.600036.6";"2022.4589573.28101.1.600036.301.7917.57114.6";"Secretaria de Ciência, Tecnologia e Inovação"
"2024.3.21.21301.414.1009.600029.6";"2024.3.21.21301.414.1009.600029.6";"2024.5212798.21301.0.600029.414.1009.61646.6";"Secretaria do Trabalho, Emprego, Renda e Esporte"
"2025.3.21.21301.414.1009.600043.6";"2025.3.21.21301.414.1009.600043.6";"2025.5673199.21301.0.600043.414.1009.90235.6";"Secretaria do Trabalho, Emprego, Renda e Esporte"
"2025.3.21.21301.414.1009.600043.6";"2025.3.21.21301.414.1009.600043.6";"2025.5673236.21301.1.600043.414.1009.90235.6";"Secretaria do Trabalho, Emprego, Renda e Esporte"
"2025.3.21.21301.414.7882.600064.6";"2025.3.21.21301.414.7882.600064.6";"2025.5669383.21301.1.600064.414.7882.91398.6";"Secretaria do Trabalho, Emprego, Renda e Esporte"
"2025.3.26.26401.419.1162.600030.6";"2025.3.26.26401.419.1162.600030.6";"2025.5676193.26401.0.600030.419.1162.90229.6";"Secretaria de Desenvolvimento Urbano"
"2025.3.34.34101.430.5558.600005.6";"2025.3.34.34101.430.5558.600005.6";"2025.5675470.34101.0.600005.430.5558.90207.6";"Secretaria de Políticas para as Mulheres"
"2025.3.38.38101.400.2170.600062.6";"2025.3.38.38101.400.2170.600062.6";"2025.6178200.38101.3.600062.400.2170.91471.6";"Secretaria de Justiça e Direitos Humanos"
"2026.3.10.10101.417.3146.600106.6";"2026.3.10.10101.417.3146.600106.6";"2026.6186669.10101.0.600106.417.3146.97608.6";"Secretaria da Agricultura, Pecuária, Irrigação, Pesca e Aquicultura"
"2026.3.20.20801.437.7873.600072.6";"2026.3.20.20801.437.7873.600072.6";"2026.6190561.20801.0.600072.437.7873.97086.6";"Secretaria da Segurança Pública"
"2026.3.32.32101.411.3701.600171.6";"2026.3.32.32101.411.3701.600171.6";"2026.6188995.32101.3.600171.411.3701.97926.6";"Secretaria de Turismo"
"2025.3.26.26101.419.5183.600043.6";"2025.3.26.26401.419.5183.600043.6";"2025.5676294.26101.4.600043.419.5183.90235.6";"Secretaria de Desenvolvimento Urbano"
"2022.3.12.12101.300.4135.600005.6";"2022.3.12.12101.300.4135.600005.6";"2022.4889159.12101.0.600005.300.4135.51795.6";"Secretaria de Justiça, Direitos Humanos e Desenvolvimento Social"
"2022.3.18.18401.304.1926.600012.6";"2022.3.18.18401.304.1926.600012.6";"2022.4574632.18401.0.600012.304.1926.51881.6";"Secretaria de Desenvolvimento Rural"
"2022.3.21.21101.308.1793.600021.6";"2022.3.21.21101.308.1793.600021.6";"2022.4577610.21101.0.600021.308.1793.51890.6";"Secretaria do Trabalho, Emprego, Renda e Esporte"
"2022.3.80.80102.900.8070.600004.6";"2022.3.80.80102.900.8070.600004.6";"2022.4572036.80102.0.600004.900.8070.51873.6";"Encargos Gerais do Estado"
"2023.3.20.20801.314.7875.600024.6";"2023.3.20.20801.314.7875.600024.6";"2023.4944963.20801.1.600024.314.7875.62012.6";"Secretaria da Segurança Pública"
"2023.3.21.21301.305.7882.600013.6";"2023.3.21.21301.305.7882.600013.6";"2023.5201089.21301.1.600013.305.7882.55827.6";"Secretaria do Trabalho, Emprego, Renda e Esporte"
"2023.3.38.38201.300.4365.600002.6";"2023.3.38.38201.300.4365.600002.6";"2023.4934754.38201.1.600002.300.4365.55816.6";"Secretaria de Justiça e Direitos Humanos"
"2024.3.10.10501.417.6608.600036.6";"2024.3.10.10501.417.6608.600036.6";"2024.5220947.10501.0.600036.417.6608.61619.6";"Secretaria da Agricultura, Pecuária, Irrigação, Pesca e Aquicultura"
"2024.3.32.32802.411.5893.600062.6";"2024.3.32.32802.411.5893.600062.6";"2024.5660092.32802.0.600062.411.5893.91336.6";"Secretaria de Turismo"
"2025.3.11.11303.424.7867.600027.6";"2025.3.11.11303.424.7867.600027.6";"2025.5670268.11303.1.600027.424.7867.90227.6";"Secretaria da Educação"
"2025.3.18.18401.417.1399.600015.6";"2025.3.18.18401.417.1399.600015.6";"2025.5670665.18401.0.600015.417.1399.90217.6";"Secretaria de Desenvolvimento Rural"
"2025.3.21.21301.414.4997.600060.6";"2025.3.21.21301.414.4997.600060.6";"2025.5682643.21301.1.600060.414.4997.91413.6";"Secretaria do Trabalho, Emprego, Renda e Esporte"
"2025.3.22.22202.406.7986.600046.6";"2025.3.22.22202.406.7986.600046.6";"2025.5675484.22202.1.600046.406.7986.90188.6";"Secretaria de Cultura"
"2025.3.26.26101.419.1158.600006.6";"2025.3.26.26101.419.1158.600006.6";"2025.5676229.26101.4.600006.419.1158.90208.6";"Secretaria de Desenvolvimento Urbano"
"2025.3.30.30101.426.3289.600043.6";"2025.3.30.30101.426.3289.600043.6";"2025.5672265.30101.0.600043.426.3289.90235.6";"Secretaria de Promoção da Igualdade Racial e dos Povos e Comunidades Tradicionais"
"2025.3.39.39101.404.4183.600067.6";"2025.3.39.39101.404.4183.600067.6";"2025.5674177.39101.3.600067.404.4183.91386.6";"Secretaria de Assistência e Desenvolvimento Social"
"2026.3.26.26101.419.1162.600049.6";"2026.3.26.26101.419.1162.600049.6";"2026.6190097.26101.4.600049.419.1162.97012.6";"Secretaria de Desenvolvimento Urbano"
"2025.3.17.17101.440.4042.600042.6";"2025.3.32.32802.440.4042.600042.6";"2025.5675967.17101.1.600042.440.4042.90193.6";"Secretaria de Turismo"
"2020.3.18.18401.304.7838.600001.6";"2020.3.18.18401.304.7838.600001.6";"2020.3892991.18401.0.600001.304.7838.46264.6";"Secretaria de Desenvolvimento Rural"
"2021.3.11.11201.306.7536.600016.6";"2021.3.11.11201.306.7536.600016.6";"2021.4234182.11201.1.600016.306.7536.51521.6";"Secretaria da Educação"
"2021.3.24.24801.309.7911.600000.6";"2021.3.24.24801.309.7911.600000.6";"2021.4229736.24801.0.600000.309.7911.46473.6";"Secretaria de Infraestrutura"
"2022.3.11.11301.306.4048.600009.6";"2022.3.11.11301.306.4048.600009.6";"2022.4853349.11301.0.600009.306.4048.51878.6";"Secretaria da Educação"
"2022.3.80.80102.900.8070.600005.6";"2022.3.80.80102.900.8070.600005.6";"2022.4578492.80102.0.600005.900.8070.51795.6";"Encargos Gerais do Estado"
"2022.3.80.80102.900.8070.600014.6";"2022.3.80.80102.900.8070.600014.6";"2022.4572089.80102.0.600014.900.8070.51883.6";"Encargos Gerais do Estado"
"2022.3.80.80102.900.8070.600019.6";"2022.3.80.80102.900.8070.600019.6";"2022.4572111.80102.0.600019.900.8070.51888.6";"Encargos Gerais do Estado"
"2023.3.10.10101.304.7385.600002.6";"2023.3.10.10101.304.7385.600002.6";"2023.4931551.10101.0.600002.304.7385.55816.6";"Secretaria da Agricultura, Pecuária, Irrigação, Pesca e Aquicultura"
"2023.3.21.21301.308.5793.600038.6";"2023.3.21.21301.308.5793.600038.6";"2023.5200892.21301.1.600038.308.5793.57258.6";"Secretaria do Trabalho, Emprego, Renda e Esporte"
"2023.3.22.22101.302.7857.600034.6";"2023.3.22.22101.302.7857.600034.6";"2023.4933237.22101.1.600034.302.7857.57253.6";"Secretaria de Cultura"
"2023.3.26.26101.305.1162.600020.6";"2023.3.26.26101.305.1162.600020.6";"2023.4941719.26101.4.600020.305.1162.55834.6";"Secretaria de Desenvolvimento Urbano"
"2024.3.20.20801.437.7877.600018.6";"2024.3.20.20801.437.7877.600018.6";"2024.5226954.20801.0.600018.437.7877.61638.6";"Secretaria da Segurança Pública"
"2024.3.21.21101.413.5917.600027.6";"2024.3.21.21101.413.5917.600027.6";"2024.5212449.21101.7.600027.413.5917.61645.6";"Secretaria do Trabalho, Emprego, Renda e Esporte"
"2024.3.22.22202.406.4357.600027.6";"2024.3.22.22202.406.4357.600027.6";"2024.5219650.22202.0.600027.406.4357.61645.6";"Secretaria de Cultura"
"2024.3.32.32802.411.5893.600025.6";"2024.3.32.32802.411.5893.600025.6";"2024.5219661.32802.0.600025.411.5893.61644.6";"Secretaria de Turismo"
"2025.3.10.10101.417.5916.600111.6";"2025.3.10.10101.417.5916.600111.6";"2025.6180339.10501.1.600111.417.5916.97619.6";"Secretaria da Agricultura, Pecuária, Irrigação, Pesca e Aquicultura"
"2025.3.10.10501.417.6608.600065.6";"2025.3.10.10501.417.6608.600065.6";"2025.5682281.10501.1.600065.417.6608.91466.6";"Secretaria da Agricultura, Pecuária, Irrigação, Pesca e Aquicultura"
"2025.3.18.18401.417.7988.600038.6";"2025.3.18.18401.417.7988.600038.6";"2025.5673261.18401.1.600038.417.7988.90234.6";"Secretaria de Desenvolvimento Rural"
"2025.3.21.21101.413.6672.600060.6";"2025.3.21.21101.413.6672.600060.6";"2025.5673198.21101.0.600060.413.6672.91413.6";"Secretaria do Trabalho, Emprego, Renda e Esporte"
"2025.3.28.28101.405.5649.600046.6";"2025.3.28.28101.405.5649.600046.6";"2025.5673628.28101.1.600046.405.5649.90188.6";"Secretaria de Ciência, Tecnologia e Inovação"
"2025.3.80.80102.900.8070.600024.6";"2025.3.80.80102.900.8070.600024.6";"2025.5665769.80102.0.600024.900.8070.90180.6";"Encargos Gerais do Estado"
"2025.3.80.80102.900.8070.600076.6";"2025.3.80.80102.900.8070.600076.6";"2025.5665680.80102.0.600076.900.8070.91442.6";"Encargos Gerais do Estado"
"2026.3.22.22201.406.2314.600067.6";"2026.3.22.22201.406.2314.600067.6";"2026.6196601.22201.1.600067.406.2314.97083.6";"Secretaria de Cultura"
"2026.3.32.32802.411.5893.600167.6";"2026.3.32.32802.411.5893.600167.6";"2026.6188281.32802.0.600167.411.5893.97832.6";"Secretaria de Turismo"
"2026.3.80.80102.900.8070.600056.6";"2026.3.80.80102.900.8070.600056.6";"2026.6187209.80102.0.600056.900.8070.97010.6";"Encargos Gerais do Estado"
"2023.3.22.22101.302.7857.600031.6";"2023.3.22.22202.302.7857.600031.6";"2023.4937613.22202.1.600031.302.7857.57248.6";"Secretaria de Cultura"
"2020.3.11.11301.306.7867.600002.6";"2020.3.11.11301.306.7867.600002.6";"2020.3894026.11301.16.600002.306.7867.46265.6";"Secretaria da Educação"
"2023.3.21.21301.305.1009.600036.6";"2023.3.21.21301.305.1009.600036.6";"2023.4933659.21301.1.600036.305.1009.57254.6";"Secretaria do Trabalho, Emprego, Renda e Esporte"
"2023.3.80.80102.900.8070.600056.6";"2023.3.80.80102.900.8070.600056.6";"2023.4952606.80102.0.600056.900.8070.62137.6";"Encargos Gerais do Estado"
"2024.3.10.10501.417.6608.600036.6";"2024.3.10.10501.417.6608.600036.6";"2024.5660266.10501.0.600036.417.6608.61619.6";"Secretaria da Agricultura, Pecuária, Irrigação, Pesca e Aquicultura"
"2024.3.11.11301.424.4048.600009.6";"2024.3.11.11301.424.4048.600009.6";"2024.5211173.11301.16.600009.424.4048.61629.6";"Secretaria da Educação"
"2024.3.11.11301.424.4048.600059.6";"2024.3.11.11301.424.4048.600059.6";"2024.5226244.11301.0.600059.424.4048.91326.6";"Secretaria da Educação"
"2024.3.11.11303.424.6927.600052.6";"2024.3.11.11303.424.6927.600052.6";"2024.5660328.11303.0.600052.424.6927.62312.6";"Secretaria da Educação"
"2024.3.21.21301.414.7973.600051.6";"2024.3.21.21301.414.7973.600051.6";"2024.5223368.21301.0.600051.414.7973.62311.6";"Secretaria do Trabalho, Emprego, Renda e Esporte"
"2024.3.22.22202.406.4357.600027.6";"2024.3.22.22202.406.4357.600027.6";"2024.5219667.22202.1.600027.406.4357.61645.6";"Secretaria de Cultura"
"2024.3.8.8501.434.7894.600052.6";"2024.3.8.8501.434.7894.600052.6";"2024.5230339.8501.2.600052.434.7894.62312.6";"Secretaria de Infraestrutura Hídrica e Saneamento"
"2025.3.11.11301.424.4048.600059.6";"2025.3.11.11301.424.4048.600059.6";"2025.5670437.11301.0.600059.424.4048.91468.6";"Secretaria da Educação"
"2025.3.28.28101.405.1600.600065.6";"2025.3.28.28101.405.1600.600065.6";"2025.5681738.28101.0.600065.405.1600.91466.6";"Secretaria de Ciência, Tecnologia e Inovação"
"2025.3.80.80102.900.8070.600007.6";"2025.3.80.80102.900.8070.600007.6";"2025.5665741.80102.0.600007.900.8070.90209.6";"Encargos Gerais do Estado"
"2025.3.80.80102.900.8070.600047.6";"2025.3.80.80102.900.8070.600047.6";"2025.5665496.80102.0.600047.900.8070.90183.6";"Encargos Gerais do Estado"
"2025.3.80.80102.900.8070.600071.6";"2025.3.80.80102.900.8070.600071.6";"2025.5665864.80102.0.600071.900.8070.91375.6";"Encargos Gerais do Estado"
"2026.3.26.26101.419.1162.600006.6";"2026.3.26.26101.419.1162.600006.6";"2026.6190689.26101.0.600006.419.1162.97031.6";"Secretaria de Desenvolvimento Urbano"
"2021.3.18.18401.304.1399.600015.6";"2021.3.18.18401.304.1399.600015.6";"2021.4234812.18401.1.600015.304.1399.51520.6";"Secretaria de Desenvolvimento Rural"
"2022.3.12.12101.300.2170.600005.6";"2022.3.12.12101.300.2170.600005.6";"2022.4578994.12101.3.600005.300.2170.51795.6";"Secretaria de Justiça, Direitos Humanos e Desenvolvimento Social"
"2022.3.22.22101.302.7857.600031.6";"2022.3.22.22101.302.7857.600031.6";"2022.4921733.22101.0.600031.302.7857.57109.6";"Secretaria de Cultura"
"2022.3.80.80102.900.8070.600038.6";"2022.3.80.80102.900.8070.600038.6";"2022.4588265.80102.0.600038.900.8070.57116.6";"Encargos Gerais do Estado"
"2023.3.11.11101.306.7744.600020.6";"2023.3.11.11101.306.7744.600020.6";"2023.4933832.11101.0.600020.306.7744.55834.6";"Secretaria da Educação"
"2023.3.21.21301.305.1009.600003.6";"2023.3.21.21301.305.1009.600003.6";"2023.4931528.21301.1.600003.305.1009.55817.6";"Secretaria do Trabalho, Emprego, Renda e Esporte"
"2023.3.26.26101.305.1162.600020.6";"2023.3.26.26101.305.1162.600020.6";"2023.4941718.26101.4.600020.305.1162.55834.6";"Secretaria de Desenvolvimento Urbano"
"2024.3.10.10101.417.5657.600046.6";"2024.3.10.10101.417.5657.600046.6";"2024.5219647.10101.0.600046.417.5657.62306.6";"Secretaria da Agricultura, Pecuária, Irrigação, Pesca e Aquicultura"
"2024.3.10.10101.417.7385.600036.6";"2024.3.10.10101.417.7385.600036.6";"2024.5221057.10101.1.600036.417.7385.61619.6";"Secretaria da Agricultura, Pecuária, Irrigação, Pesca e Aquicultura"
"2024.3.10.10501.417.5916.600036.6";"2024.3.10.10501.417.5916.600036.6";"2024.5220948.10501.0.600036.417.5916.61619.6";"Secretaria da Agricultura, Pecuária, Irrigação, Pesca e Aquicultura"
"2024.3.21.21101.413.5917.600027.6";"2024.3.21.21101.413.5917.600027.6";"2024.5212410.21101.0.600027.413.5917.61645.6";"Secretaria do Trabalho, Emprego, Renda e Esporte"
"2024.3.21.21301.414.1009.600077.6";"2024.3.21.21301.414.1009.600077.6";"2024.5226316.21301.0.600077.414.1009.91340.6";"Secretaria do Trabalho, Emprego, Renda e Esporte"
"2024.3.38.38101.400.2170.600002.6";"2024.3.38.38101.400.2170.600002.6";"2024.5207994.38101.3.600002.400.2170.61622.6";"Secretaria de Justiça e Direitos Humanos"
"2025.3.11.11101.425.7744.600062.6";"2025.3.11.11101.425.7744.600062.6";"2025.5673257.11101.0.600062.425.7744.91471.6";"Secretaria da Educação"
"2025.3.11.11301.424.4048.600116.6";"2025.3.11.11301.424.4048.600116.6";"2025.6180315.11301.0.600116.424.4048.97647.6";"Secretaria da Educação"
"2025.3.18.18401.417.1399.600045.6";"2025.3.18.18401.417.1399.600045.6";"2025.5670770.18401.1.600045.417.1399.90194.6";"Secretaria de Desenvolvimento Rural"
"2025.3.22.22301.406.7857.600031.6";"2025.3.22.22301.406.7857.600031.6";"2025.5675185.22301.0.600031.406.7857.90200.6";"Secretaria de Cultura"
"2025.3.26.26101.419.1158.600020.6";"2025.3.26.26101.419.1158.600020.6";"2025.5674135.26101.4.600020.419.1158.90222.6";"Secretaria de Desenvolvimento Urbano"
"2025.3.32.32802.411.5893.600170.6";"2025.3.32.32802.411.5893.600170.6";"2025.6181754.32802.1.600170.411.5893.97795.6";"Secretaria de Turismo"
"2025.3.34.34101.430.5563.600065.6";"2025.3.34.34101.430.5563.600065.6";"2025.5682215.34101.0.600065.430.5563.91466.6";"Secretaria de Políticas para as Mulheres"
"2025.3.80.80102.900.8070.600003.6";"2025.3.80.80102.900.8070.600003.6";"2025.5665714.80102.0.600003.900.8070.90205.6";"Encargos Gerais do Estado"
"2026.3.80.80102.900.8070.600000.6";"2026.3.80.80102.900.8070.600000.6";"2026.6187065.80102.0.600000.900.8070.97025.6";"Encargos Gerais do Estado"
"2020.3.11.11301.306.7867.600002.6";"2020.3.11.11301.306.7867.600002.6";"2020.3893072.11301.0.600002.306.7867.46265.6";"Secretaria da Educação"
"2022.3.17.17301.315.2064.600011.6";"2022.3.17.17301.315.2064.600011.6";"2022.4575164.17301.1.600011.315.2064.51880.6";"Secretaria do Planejamento"
"2022.3.18.18401.304.1398.600015.6";"2022.3.18.18401.304.1398.600015.6";"2022.4575998.18401.0.600015.304.1398.51884.6";"Secretaria de Desenvolvimento Rural"
"2023.3.22.22202.315.7950.600031.6";"2023.3.22.22202.315.7950.600031.6";"2023.4935127.22202.0.600031.315.7950.57248.6";"Secretaria de Cultura"
"2023.3.22.22301.302.5521.600034.6";"2023.3.22.22301.302.5521.600034.6";"2023.5203436.22301.0.600034.302.5521.57253.6";"Secretaria de Cultura"
"2023.3.26.26101.305.1162.600053.6";"2023.3.26.26101.305.1162.600053.6";"2023.5090668.26101.0.600053.305.1162.62127.6";"Secretaria de Desenvolvimento Urbano"
"2024.3.18.18101.417.1399.600056.6";"2024.3.18.18101.417.1399.600056.6";"2024.5222205.18101.3.600056.417.1399.62315.6";"Secretaria de Desenvolvimento Rural"
"2024.3.18.18101.417.1399.600059.6";"2024.3.18.18101.417.1399.600059.6";"2024.5660112.18101.3.600059.417.1399.91326.6";"Secretaria de Desenvolvimento Rural"
"2024.3.26.26101.419.1162.600006.6";"2024.3.26.26101.419.1162.600006.6";"2024.5659167.26101.4.600006.419.1162.61626.6";"Secretaria de Desenvolvimento Urbano"
"2024.3.26.26101.419.5183.600043.6";"2024.3.26.26101.419.5183.600043.6";"2024.5220811.26101.4.600043.419.5183.62303.6";"Secretaria de Desenvolvimento Urbano"
"2024.3.80.80102.900.8070.600041.6";"2024.3.80.80102.900.8070.600041.6";"2024.5208824.80102.0.600041.900.8070.62301.6";"Encargos Gerais do Estado"
"2024.3.80.80102.900.8070.600053.6";"2024.3.80.80102.900.8070.600053.6";"2024.5208902.80102.0.600053.900.8070.62313.6";"Encargos Gerais do Estado"
"2025.3.17.17101.440.4042.600054.6";"2025.3.17.17101.440.4042.600054.6";"2025.5675968.17101.1.600054.440.4042.90186.6";"Secretaria do Planejamento"
"2025.3.18.18101.417.1399.600107.6";"2025.3.18.18101.417.1399.600107.6";"2025.6181480.18401.1.600107.417.1399.97559.6";"Secretaria de Desenvolvimento Rural"
"2026.3.32.32802.411.5893.600172.6";"2026.3.32.32802.411.5893.600172.6";"2026.6188284.32802.0.600172.411.5893.97864.6";"Secretaria de Turismo"
"2021.3.22.22301.302.7857.600007.6";"2021.3.22.22301.302.7857.600007.6";"2021.4564873.22301.0.600007.302.7857.51512.6";"Secretaria de Cultura"
"2021.3.80.80102.900.8070.600002.6";"2021.3.80.80102.900.8070.600002.6";"2021.4222924.80102.0.600002.900.8070.46524.6";"Encargos Gerais do Estado"
"2022.3.10.10101.304.7385.600025.6";"2022.3.10.10101.304.7385.600025.6";"2022.4588819.10101.1.600025.304.7385.57103.6";"Secretaria da Agricultura, Pecuária, Irrigação, Pesca e Aquicultura"
"2022.3.18.18401.304.1399.600001.6";"2022.3.18.18401.304.1399.600001.6";"2022.4576397.18401.1.600001.304.1399.46892.6";"Secretaria de Desenvolvimento Rural"
"2023.3.11.11303.306.7867.600031.6";"2023.3.11.11303.306.7867.600031.6";"2023.4934453.11303.1.600031.306.7867.57248.6";"Secretaria da Educação"
"2023.3.38.38101.300.6953.600038.6";"2023.3.38.38101.300.6953.600038.6";"2023.4946832.38101.3.600038.300.6953.57309.6";"Secretaria de Justiça e Direitos Humanos"
"2023.3.38.38201.300.4365.600002.6";"2023.3.38.38201.300.4365.600002.6";"2023.5202632.32802.1.600002.300.4365.55816.6";"Secretaria de Justiça e Direitos Humanos"
"2024.3.18.18101.417.1926.600038.6";"2024.3.18.18101.417.1926.600038.6";"2024.5222442.18101.0.600038.417.1926.61652.6";"Secretaria de Desenvolvimento Rural"
"2024.3.24.24801.432.7911.600048.6";"2024.3.24.24801.432.7911.600048.6";"2024.5225265.24801.1.600048.432.7911.62308.6";"Secretaria de Infraestrutura"
"2024.3.80.80102.900.8070.600062.6";"2024.3.80.80102.900.8070.600062.6";"2024.5225735.80102.0.600062.900.8070.91336.6";"Encargos Gerais do Estado"
"2025.3.10.10101.417.5916.600111.6";"2025.3.10.10101.417.5916.600111.6";"2025.6179708.10101.1.600111.417.5916.97619.6";"Secretaria da Agricultura, Pecuária, Irrigação, Pesca e Aquicultura"
"2025.3.20.20102.437.7880.600053.6";"2025.3.20.20102.437.7880.600053.6";"2025.5673716.20102.1.600053.437.7880.90185.6";"Secretaria da Segurança Pública"
"2025.3.26.26101.419.1158.600066.6";"2025.3.26.26101.419.1158.600066.6";"2025.5674998.26101.4.600066.419.1158.91438.6";"Secretaria de Desenvolvimento Urbano"
"2025.3.38.38101.400.4170.600052.6";"2025.3.38.38101.400.4170.600052.6";"2025.5673623.38101.0.600052.400.4170.90197.6";"Secretaria de Justiça e Direitos Humanos"
"2026.3.18.18101.417.1399.600084.6";"2026.3.18.18101.417.1399.600084.6";"2026.6196513.18401.1.600084.417.1399.97496.6";"Secretaria de Desenvolvimento Rural"
"2026.3.26.26101.419.1162.600053.6";"2026.3.26.26101.419.1162.600053.6";"2026.6188847.26101.0.600053.419.1162.97008.6";"Secretaria de Desenvolvimento Urbano"
"2026.3.80.80102.900.8070.600034.6";"2026.3.80.80102.900.8070.600034.6";"2026.6187146.80102.0.600034.900.8070.95154.6";"Encargos Gerais do Estado"
"2026.3.80.80102.900.8070.600058.6";"2026.3.80.80102.900.8070.600058.6";"2026.6187215.80102.0.600058.900.8070.95377.6";"Encargos Gerais do Estado"
"2026.3.18.18101.417.1399.600105.6";"2026.3.18.18401.417.1399.600105.6";"2026.6196525.18101.3.600105.417.1399.97606.6";"Secretaria de Desenvolvimento Rural"
"2025.3.20.20803.437.1102.600070.6";"2025.3.20.20602.437.1102.600070.6";"2025.5667736.20803.13.600070.437.1102.91445.6";"Secretaria da Segurança Pública"
"2020.3.34.34101.311.5550.600002.6";"2020.3.34.34101.311.5550.600002.6";"2020.3892999.34101.1.600002.311.5550.46265.6";"Secretaria de Políticas para as Mulheres"
"2022.3.34.34101.311.5558.600003.6";"2022.3.34.34101.311.5558.600003.6";"2022.4587215.34101.1.600003.311.5558.51872.6";"Secretaria de Políticas para as Mulheres"
"2024.3.10.10101.417.7385.600031.6";"2024.3.10.10101.417.7385.600031.6";"2024.5224626.10101.1.600031.417.7385.61618.6";"Secretaria da Agricultura, Pecuária, Irrigação, Pesca e Aquicultura"
"2024.3.10.10501.417.6608.600036.6";"2024.3.10.10501.417.6608.600036.6";"2024.5660265.10501.1.600036.417.6608.61619.6";"Secretaria da Agricultura, Pecuária, Irrigação, Pesca e Aquicultura"
"2024.3.11.11303.424.7867.600027.6";"2024.3.11.11303.424.7867.600027.6";"2024.5213323.11303.1.600027.424.7867.61645.6";"Secretaria da Educação"
"2024.3.18.18101.417.1399.600035.6";"2024.3.18.18101.417.1399.600035.6";"2024.5219652.18101.0.600035.417.1399.62298.6";"Secretaria de Desenvolvimento Rural"
"2024.3.21.21101.413.5914.600043.6";"2024.3.21.21101.413.5914.600043.6";"2024.5216727.21101.0.600043.413.5914.62303.6";"Secretaria do Trabalho, Emprego, Renda e Esporte"
"2024.3.21.21301.414.1009.600003.6";"2024.3.21.21301.414.1009.600003.6";"2024.5212794.21301.0.600003.414.1009.61623.6";"Secretaria do Trabalho, Emprego, Renda e Esporte"
"2024.3.21.21301.414.1009.600029.6";"2024.3.21.21301.414.1009.600029.6";"2024.5213259.21301.1.600029.414.1009.61646.6";"Secretaria do Trabalho, Emprego, Renda e Esporte"
"2024.3.8.8501.434.7894.600052.6";"2024.3.8.8501.434.7894.600052.6";"2024.5659525.8501.0.600052.434.7894.62312.6";"Secretaria de Infraestrutura Hídrica e Saneamento"
"2025.3.18.18401.417.1399.600073.6";"2025.3.18.18401.417.1399.600073.6";"2025.5673259.18401.1.600073.417.1399.91387.6";"Secretaria de Desenvolvimento Rural"
"2025.3.20.20101.437.7873.600101.6";"2025.3.20.20101.437.7873.600101.6";"2025.6179030.20101.0.600101.437.7873.97547.6";"Secretaria da Segurança Pública"
"2025.3.21.21101.413.5917.600006.6";"2025.3.21.21101.413.5917.600006.6";"2025.5671112.21101.7.600006.413.5917.90208.6";"Secretaria do Trabalho, Emprego, Renda e Esporte"
"2025.3.21.21301.414.1009.600039.6";"2025.3.21.21301.414.1009.600039.6";"2025.5669289.21301.0.600039.414.1009.90190.6";"Secretaria do Trabalho, Emprego, Renda e Esporte"
"2025.3.21.21301.414.7882.600055.6";"2025.3.21.21301.414.7882.600055.6";"2025.5673267.21301.1.600055.414.7882.90198.6";"Secretaria do Trabalho, Emprego, Renda e Esporte"
"2025.3.22.22301.406.7857.600007.6";"2025.3.22.22301.406.7857.600007.6";"2025.5675482.22301.1.600007.406.7857.90209.6";"Secretaria de Cultura"
"2025.3.22.22301.407.7052.600071.6";"2025.3.22.22301.407.7052.600071.6";"2025.5670460.22301.1.600071.407.7052.91375.6";"Secretaria de Cultura"
"2025.3.80.80102.900.8070.600041.6";"2025.3.80.80102.900.8070.600041.6";"2025.5665802.80102.0.600041.900.8070.90192.6";"Encargos Gerais do Estado"
"2026.3.10.10101.417.5916.600159.6";"2026.3.10.10101.417.5916.600159.6";"2026.6186937.10101.0.600159.417.5916.97841.6";"Secretaria da Agricultura, Pecuária, Irrigação, Pesca e Aquicultura"
"2026.3.28.28101.405.5649.600046.6";"2026.3.28.28101.405.5649.600046.6";"2026.6190406.11303.1.600046.405.5649.97011.6";"Secretaria de Ciência, Tecnologia e Inovação"
"2026.3.28.28101.405.5649.600046.6";"2026.3.28.28101.405.5649.600046.6";"2026.6192563.28101.0.600046.405.5649.97011.6";"Secretaria de Ciência, Tecnologia e Inovação"
"2020.3.12.12201.314.4365.600002.6";"2020.3.12.12201.314.4365.600002.6";"2020.3893092.12201.1.600002.314.4365.46265.6";"Secretaria de Justiça, Direitos Humanos e Desenvolvimento Social"
"2021.3.80.80102.900.8070.600004.6";"2021.3.80.80102.900.8070.600004.6";"2021.4233224.80102.0.600004.900.8070.51509.6";"Encargos Gerais do Estado"
"2021.3.80.80102.900.8070.600005.6";"2021.3.80.80102.900.8070.600005.6";"2021.4233226.80102.0.600005.900.8070.51510.6";"Encargos Gerais do Estado"
"2021.3.80.80102.900.8070.600021.6";"2021.3.80.80102.900.8070.600021.6";"2021.4564351.80102.0.600021.900.8070.51574.6";"Encargos Gerais do Estado"
"2022.3.11.11302.306.6910.600002.6";"2022.3.11.11302.306.6910.600002.6";"2022.4584095.11302.0.600002.306.6910.46893.6";"Secretaria da Educação"
"2022.3.22.22202.302.7857.600031.6";"2022.3.22.22202.302.7857.600031.6";"2022.4889089.22202.0.600031.302.7857.57109.6";"Secretaria de Cultura"
"2022.3.26.26101.305.1162.600002.6";"2022.3.26.26101.305.1162.600002.6";"2022.4579813.26101.4.600002.305.1162.46893.6";"Secretaria de Desenvolvimento Urbano"
"2023.3.18.18401.304.7988.600038.6";"2023.3.18.18401.304.7988.600038.6";"2023.4945749.18401.0.600038.304.7988.57309.6";"Secretaria de Desenvolvimento Rural"
"2023.3.21.21301.305.1009.600036.6";"2023.3.21.21301.305.1009.600036.6";"2023.4933660.21301.0.600036.305.1009.57254.6";"Secretaria do Trabalho, Emprego, Renda e Esporte"
"2023.3.26.26101.305.1162.600020.6";"2023.3.26.26101.305.1162.600020.6";"2023.4941672.26101.0.600020.305.1162.55834.6";"Secretaria de Desenvolvimento Urbano"
"2023.3.28.28101.301.7917.600025.6";"2023.3.28.28101.301.7917.600025.6";"2023.4932898.28101.1.600025.301.7917.57238.6";"Secretaria de Ciência, Tecnologia e Inovação"
"2024.3.10.10101.417.7385.600036.6";"2024.3.10.10101.417.7385.600036.6";"2024.5220946.10101.0.600036.417.7385.61619.6";"Secretaria da Agricultura, Pecuária, Irrigação, Pesca e Aquicultura"
"2024.3.18.18101.417.1399.600038.6";"2024.3.18.18101.417.1399.600038.6";"2024.5222204.18101.0.600038.417.1399.61652.6";"Secretaria de Desenvolvimento Rural"
"2024.3.38.38101.400.2170.600042.6";"2024.3.38.38101.400.2170.600042.6";"2024.5207986.38101.0.600042.400.2170.62302.6";"Secretaria de Justiça e Direitos Humanos"
"2024.3.80.80102.900.8070.600040.6";"2024.3.80.80102.900.8070.600040.6";"2024.5208822.80102.0.600040.900.8070.62300.6";"Encargos Gerais do Estado"
"2024.3.80.80102.900.8070.600047.6";"2024.3.80.80102.900.8070.600047.6";"2024.5208874.80102.0.600047.900.8070.62307.6";"Encargos Gerais do Estado"
"2025.3.18.18101.416.7289.600034.6";"2025.3.18.18101.416.7289.600034.6";"2025.5669263.18101.0.600034.416.7289.90232.6";"Secretaria de Desenvolvimento Rural"
"2025.3.20.20801.437.7873.600072.6";"2025.3.20.20801.437.7873.600072.6";"2025.5669035.20801.0.600072.437.7873.91389.6";"Secretaria da Segurança Pública"
"2025.3.24.24801.432.7911.600061.6";"2025.3.24.24801.432.7911.600061.6";"2025.5672643.24801.0.600061.432.7911.91454.6";"Secretaria de Infraestrutura"
"2025.3.38.38101.400.4095.600046.6";"2025.3.38.38101.400.4095.600046.6";"2025.6180114.38101.0.600046.400.4095.90188.6";"Secretaria de Justiça e Direitos Humanos"
"2025.3.80.80102.900.8070.600066.6";"2025.3.80.80102.900.8070.600066.6";"2025.5665855.80102.0.600066.900.8070.91438.6";"Encargos Gerais do Estado"
"2026.3.18.18401.417.1399.600057.6";"2026.3.18.18401.417.1399.600057.6";"2026.6191084.18401.1.600057.417.1399.95222.6";"Secretaria de Desenvolvimento Rural"
"2026.3.18.18401.417.1399.600069.6";"2026.3.18.18401.417.1399.600069.6";"2026.6188871.18401.1.600069.417.1399.95496.6";"Secretaria de Desenvolvimento Rural"
"2021.3.34.34101.311.5550.600002.6";"2021.3.34.34101.311.5550.600002.6";"2021.4225621.34101.1.600002.311.5550.46524.6";"Secretaria de Políticas para as Mulheres"
"2023.3.11.11301.306.4048.600009.6";"2023.3.11.11301.306.4048.600009.6";"2023.4940323.11301.0.600009.306.4048.55823.6";"Secretaria da Educação"
"2023.3.18.18401.312.5040.600002.6";"2023.3.18.18401.312.5040.600002.6";"2023.4934428.18401.1.600002.312.5040.55816.6";"Secretaria de Desenvolvimento Rural"
"2023.3.24.24801.309.7911.600048.6";"2023.3.24.24801.309.7911.600048.6";"2023.4975564.24801.0.600048.309.7911.62131.6";"Secretaria de Infraestrutura"
"2024.3.28.28101.405.5253.600046.6";"2024.3.28.28101.405.5253.600046.6";"2024.5227307.28101.0.600046.405.5253.62306.6";"Secretaria de Ciência, Tecnologia e Inovação"
"2024.3.80.80102.900.8070.600048.6";"2024.3.80.80102.900.8070.600048.6";"2024.5208878.80102.0.600048.900.8070.62308.6";"Encargos Gerais do Estado"
"2025.3.10.10101.417.3146.600106.6";"2025.3.10.10101.417.3146.600106.6";"2025.6179710.10101.1.600106.417.3146.97557.6";"Secretaria da Agricultura, Pecuária, Irrigação, Pesca e Aquicultura"
"2025.3.10.10501.446.3194.600006.6";"2025.3.10.10501.446.3194.600006.6";"2025.5669821.10501.0.600006.446.3194.90208.6";"Secretaria da Agricultura, Pecuária, Irrigação, Pesca e Aquicultura"
"2025.3.18.18101.417.1399.600059.6";"2025.3.18.18101.417.1399.600059.6";"2025.5669990.18101.3.600059.417.1399.91468.6";"Secretaria de Desenvolvimento Rural"
"2025.3.22.22202.406.7986.600046.6";"2025.3.22.22202.406.7986.600046.6";"2025.6178543.32101.3.600046.406.7986.90188.6";"Secretaria de Cultura"
"2025.3.26.26101.419.1162.600056.6";"2025.3.26.26101.419.1162.600056.6";"2025.5673233.26101.0.600056.419.1162.90187.6";"Secretaria de Desenvolvimento Urbano"
"2026.3.10.10501.417.5916.600066.6";"2026.3.10.10501.417.5916.600066.6";"2026.6190531.10501.0.600066.417.5916.95354.6";"Secretaria da Agricultura, Pecuária, Irrigação, Pesca e Aquicultura"
"2026.3.11.11301.424.4048.600042.6";"2026.3.11.11301.424.4048.600042.6";"2026.6192952.11301.16.600042.424.4048.97016.6";"Secretaria da Educação"
"2026.3.18.18401.417.1399.600043.6";"2026.3.18.18401.417.1399.600043.6";"2026.6188835.18401.0.600043.417.1399.95157.6";"Secretaria de Desenvolvimento Rural"
"2026.3.20.20101.437.7873.600101.6";"2026.3.20.20101.437.7873.600101.6";"2026.6190552.20101.0.600101.437.7873.97598.6";"Secretaria da Segurança Pública"
"2026.3.80.80102.900.8070.600043.6";"2026.3.80.80102.900.8070.600043.6";"2026.6187170.80102.0.600043.900.8070.95157.6";"Encargos Gerais do Estado"
"2025.3.18.18101.417.1399.600056.6";"2025.3.18.18401.417.1399.600056.6";"2025.5675213.18101.3.600056.417.1399.90187.6";"Secretaria de Desenvolvimento Rural"
"2025.3.22.22101.406.2314.600067.6";"2025.3.22.22201.406.2314.600067.6";"2025.5676868.22201.1.600067.406.2314.91386.6";"Secretaria de Cultura"
"2021.3.12.12101.300.2170.600009.6";"2021.3.12.12101.300.2170.600009.6";"2021.4234311.12101.3.600009.300.2170.51514.6";"Secretaria de Justiça, Direitos Humanos e Desenvolvimento Social"
"2021.3.18.18401.304.7838.600002.6";"2021.3.18.18401.304.7838.600002.6";"2021.4225466.18401.1.600002.304.7838.46524.6";"Secretaria de Desenvolvimento Rural"
"2022.3.12.12201.300.4365.600002.6";"2022.3.12.12201.300.4365.600002.6";"2022.4583308.12201.1.600002.300.4365.46893.6";"Secretaria de Justiça, Direitos Humanos e Desenvolvimento Social"
"2023.3.11.11301.306.4048.600009.6";"2023.3.11.11301.306.4048.600009.6";"2023.4934967.11301.0.600009.306.4048.55823.6";"Secretaria da Educação"
"2023.3.22.22202.302.7857.600031.6";"2023.3.22.22202.302.7857.600031.6";"2023.4933803.22202.1.600031.302.7857.57248.6";"Secretaria de Cultura"
"2024.3.18.18401.417.1399.600038.6";"2024.3.18.18401.417.1399.600038.6";"2024.5210995.18401.1.600038.417.1399.61652.6";"Secretaria de Desenvolvimento Rural"
"2024.3.28.28101.405.7917.600025.6";"2024.3.28.28101.405.7917.600025.6";"2024.5210947.28101.0.600025.405.7917.61644.6";"Secretaria de Ciência, Tecnologia e Inovação"
"2025.3.28.28101.405.1600.600065.6";"2025.3.28.28101.405.1600.600065.6";"2025.5681760.28101.1.600065.405.1600.91466.6";"Secretaria de Ciência, Tecnologia e Inovação"
"2025.3.32.32101.411.5491.600040.6";"2025.3.32.32101.411.5491.600040.6";"2025.5672877.32101.2.600040.411.5491.90191.6";"Secretaria de Turismo"
"2026.3.18.18401.417.1399.600045.6";"2026.3.18.18401.417.1399.600045.6";"2026.6190207.18401.1.600045.417.1399.97017.6";"Secretaria de Desenvolvimento Rural"
"2026.3.80.80102.900.8070.600042.6";"2026.3.80.80102.900.8070.600042.6";"2026.6187168.80102.0.600042.900.8070.97016.6";"Encargos Gerais do Estado"
"2025.3.17.17101.440.4042.600054.6";"2025.3.32.32802.440.4042.600054.6";"2025.5675968.17101.1.600054.440.4042.90186.6";"Secretaria de Turismo"
"2025.3.22.22101.406.2314.600067.6";"2025.3.22.22201.406.2314.600067.6";"2025.5676839.22101.1.600067.406.2314.91386.6";"Secretaria de Cultura"
"2022.3.11.11101.306.5266.600031.6";"2022.3.11.11101.306.5266.600031.6";"2022.4589870.11101.0.600031.306.5266.57109.6";"Secretaria da Educação"
"2022.3.11.11301.306.4048.600009.6";"2022.3.11.11301.306.4048.600009.6";"2022.4854833.11301.1.600009.306.4048.51878.6";"Secretaria da Educação"
"2022.3.18.18401.304.1399.600022.6";"2022.3.18.18401.304.1399.600022.6";"2022.4923012.18401.0.600022.304.1399.51856.6";"Secretaria de Desenvolvimento Rural"
"2022.3.21.21301.305.7882.600020.6";"2022.3.21.21301.305.7882.600020.6";"2022.4575281.21301.1.600020.305.7882.51889.6";"Secretaria do Trabalho, Emprego, Renda e Esporte"
"2023.3.26.26401.305.1158.600032.6";"2023.3.26.26401.305.1158.600032.6";"2023.4933186.26401.0.600032.305.1158.57250.6";"Secretaria de Desenvolvimento Urbano"
"2024.3.21.21301.414.7882.600048.6";"2024.3.21.21301.414.7882.600048.6";"2024.5221170.21301.0.600048.414.7882.62308.6";"Secretaria do Trabalho, Emprego, Renda e Esporte"
"2025.3.18.18401.417.1399.600064.6";"2025.3.18.18401.417.1399.600064.6";"2025.5668440.18401.0.600064.417.1399.91398.6";"Secretaria de Desenvolvimento Rural"
"2025.3.32.32101.411.3701.600171.6";"2025.3.32.32101.411.3701.600171.6";"2025.6181015.32101.3.600171.411.3701.97797.6";"Secretaria de Turismo"
"2026.3.10.10501.417.5916.600066.6";"2026.3.10.10501.417.5916.600066.6";"2026.6190530.10501.0.600066.417.5916.95354.6";"Secretaria da Agricultura, Pecuária, Irrigação, Pesca e Aquicultura"
"2022.3.22.22101.302.7980.600005.6";"2022.3.22.22202.302.7980.600005.6";"2022.4924771.22101.1.600005.302.7980.51795.6";"Secretaria de Cultura"
"2020.3.11.11201.306.7524.600002.6";"2020.3.11.11201.306.7524.600002.6";"2020.3892928.11201.0.600002.306.7524.46265.6";"Secretaria da Educação"
"2022.3.21.21301.305.7882.600003.6";"2022.3.21.21301.305.7882.600003.6";"2022.4577296.21301.1.600003.305.7882.51872.6";"Secretaria do Trabalho, Emprego, Renda e Esporte"
"2023.3.38.38101.300.6953.600038.6";"2023.3.38.38101.300.6953.600038.6";"2023.5199547.38101.3.600038.300.6953.57258.6";"Secretaria de Justiça e Direitos Humanos"
"2024.3.18.18401.417.1926.600012.6";"2024.3.18.18401.417.1926.600012.6";"2024.5211791.18401.0.600012.417.1926.61632.6";"Secretaria de Desenvolvimento Rural"
"2024.3.22.22301.406.7857.600031.6";"2024.3.22.22301.406.7857.600031.6";"2024.5212808.22301.0.600031.406.7857.61618.6";"Secretaria de Cultura"
"2024.3.28.28101.405.5649.600043.6";"2024.3.28.28101.405.5649.600043.6";"2024.5227501.28101.1.600043.405.5649.62303.6";"Secretaria de Ciência, Tecnologia e Inovação"
"2024.3.30.30101.426.3289.600063.6";"2024.3.30.30101.426.3289.600063.6";"2024.5232535.30101.2.600063.426.3289.91323.6";"Secretaria de Promoção da Igualdade Racial e dos Povos e Comunidades Tradicionais"
"2024.3.34.34101.429.4181.600043.6";"2024.3.34.34101.429.4181.600043.6";"2024.5226566.34101.0.600043.429.4181.62303.6";"Secretaria de Políticas para as Mulheres"
"2024.3.8.8501.434.7894.600052.6";"2024.3.8.8501.434.7894.600052.6";"2024.5659530.8501.2.600052.434.7894.62312.6";"Secretaria de Infraestrutura Hídrica e Saneamento"
"2025.3.11.11301.424.2443.600047.6";"2025.3.11.11301.424.2443.600047.6";"2025.5675147.11301.0.600047.424.2443.90183.6";"Secretaria da Educação"
"2025.3.11.11301.424.4048.600059.6";"2025.3.11.11301.424.4048.600059.6";"2025.5670496.11301.16.600059.424.4048.91468.6";"Secretaria da Educação"
"2025.3.18.18401.417.1399.600018.6";"2025.3.18.18401.417.1399.600018.6";"2025.5673258.18401.1.600018.417.1399.90220.6";"Secretaria de Desenvolvimento Rural"
"2025.3.22.22101.406.7857.600071.6";"2025.3.22.22101.406.7857.600071.6";"2025.5669771.22101.0.600071.406.7857.91375.6";"Secretaria de Cultura"
"2025.3.24.24801.432.7911.600048.6";"2025.3.24.24801.432.7911.600048.6";"2025.5670455.24801.1.600048.432.7911.90195.6";"Secretaria de Infraestrutura"
"2025.3.32.32101.411.3701.600124.6";"2025.3.32.32101.411.3701.600124.6";"2025.6179079.32101.0.600124.411.3701.97669.6";"Secretaria de Turismo"
"2026.3.10.10101.417.5916.600161.6";"2026.3.10.10101.417.5916.600161.6";"2026.6186938.10101.1.600161.417.5916.97910.6";"Secretaria da Agricultura, Pecuária, Irrigação, Pesca e Aquicultura"
"2026.3.18.18101.446.7850.600063.6";"2026.3.18.18101.446.7850.600063.6";"2026.6193763.18101.0.600063.446.7850.95362.6";"Secretaria de Desenvolvimento Rural"
"2026.3.80.80102.900.8070.600015.6";"2026.3.80.80102.900.8070.600015.6";"2026.6187109.80102.0.600015.900.8070.95139.6";"Encargos Gerais do Estado"
"2021.3.24.24801.309.7911.600006.6";"2021.3.24.24801.309.7911.600006.6";"2021.4563682.24801.0.600006.309.7911.51511.6";"Secretaria de Infraestrutura"
"2022.3.11.11201.306.7536.600016.6";"2022.3.11.11201.306.7536.600016.6";"2022.4923490.11201.1.600016.306.7536.51885.6";"Secretaria da Educação"
"2024.3.21.21301.414.1009.600013.6";"2024.3.21.21301.414.1009.600013.6";"2024.5212548.21301.1.600013.414.1009.61633.6";"Secretaria do Trabalho, Emprego, Renda e Esporte"
"2024.3.22.22301.406.7857.600031.6";"2024.3.22.22301.406.7857.600031.6";"2024.5212864.22301.1.600031.406.7857.61618.6";"Secretaria de Cultura"
"2024.3.38.38101.400.6953.600027.6";"2024.3.38.38101.400.6953.600027.6";"2024.5211873.38101.0.600027.400.6953.61645.6";"Secretaria de Justiça e Direitos Humanos"
"2024.3.8.8501.434.7894.600052.6";"2024.3.8.8501.434.7894.600052.6";"2024.5230340.8501.2.600052.434.7894.62312.6";"Secretaria de Infraestrutura Hídrica e Saneamento"
"2025.3.11.11301.424.2443.600047.6";"2025.3.11.11301.424.2443.600047.6";"2025.5675144.11301.1.600047.424.2443.90183.6";"Secretaria da Educação"
"2025.3.21.21101.413.5917.600058.6";"2025.3.21.21101.413.5917.600058.6";"2025.5673610.21101.0.600058.413.5917.91461.6";"Secretaria do Trabalho, Emprego, Renda e Esporte"
"2025.3.21.21101.413.5917.600058.6";"2025.3.21.21101.413.5917.600058.6";"2025.6181899.21101.7.600058.413.5917.91461.6";"Secretaria do Trabalho, Emprego, Renda e Esporte"
"2025.3.21.21301.414.1009.600039.6";"2025.3.21.21301.414.1009.600039.6";"2025.5670450.21301.0.600039.414.1009.90190.6";"Secretaria do Trabalho, Emprego, Renda e Esporte"
"2025.3.21.21301.414.1009.600077.6";"2025.3.21.21301.414.1009.600077.6";"2025.5675490.21301.1.600077.414.1009.91391.6";"Secretaria do Trabalho, Emprego, Renda e Esporte"
"2026.3.10.10101.417.5935.600162.6";"2026.3.10.10101.417.5935.600162.6";"2026.6193730.10101.0.600162.417.5935.97908.6";"Secretaria da Agricultura, Pecuária, Irrigação, Pesca e Aquicultura"
"2022.3.18.18401.304.1399.600033.6";"2022.3.18.18401.304.1399.600033.6";"2022.4588852.18401.1.600033.304.1399.57111.6";"Secretaria de Desenvolvimento Rural"
"2022.3.21.21301.314.4565.600037.6";"2022.3.21.21301.314.4565.600037.6";"2022.4924052.21301.1.600037.314.4565.57115.6";"Secretaria do Trabalho, Emprego, Renda e Esporte"
"2023.3.21.21301.305.1009.600027.6";"2023.3.21.21301.305.1009.600027.6";"2023.4934471.21301.1.600027.305.1009.57240.6";"Secretaria do Trabalho, Emprego, Renda e Esporte"
"2023.3.30.30101.307.5713.600036.6";"2023.3.30.30101.307.5713.600036.6";"2023.4939630.30101.2.600036.307.5713.57254.6";"Secretaria de Promoção da Igualdade Racial e dos Povos e Comunidades Tradicionais"
"2024.3.21.21301.414.1009.600029.6";"2024.3.21.21301.414.1009.600029.6";"2024.5213257.21301.1.600029.414.1009.61646.6";"Secretaria do Trabalho, Emprego, Renda e Esporte"
"2024.3.22.22301.406.7980.600005.6";"2024.3.22.22301.406.7980.600005.6";"2024.5213722.22301.0.600005.406.7980.61625.6";"Secretaria de Cultura"
"2024.3.80.80102.900.8070.600005.6";"2024.3.80.80102.900.8070.600005.6";"2024.5208845.80102.0.600005.900.8070.61625.6";"Encargos Gerais do Estado"
"2025.3.17.17101.440.4042.600042.6";"2025.3.17.17101.440.4042.600042.6";"2025.5675955.17101.0.600042.440.4042.90193.6";"Secretaria do Planejamento"
"2025.3.18.18401.417.1399.600033.6";"2025.3.18.18401.417.1399.600033.6";"2025.5670053.18401.1.600033.417.1399.90231.6";"Secretaria de Desenvolvimento Rural"
"2025.3.18.18401.420.5040.600068.6";"2025.3.18.18401.420.5040.600068.6";"2025.5668439.18401.0.600068.420.5040.91463.6";"Secretaria de Desenvolvimento Rural"
"2026.3.80.80102.900.8070.600063.6";"2026.3.80.80102.900.8070.600063.6";"2026.6187234.80102.0.600063.900.8070.95362.6";"Encargos Gerais do Estado"
"2025.3.21.21101.414.7882.600014.6";"2025.3.21.21301.414.7882.600014.6";"2025.5681207.21301.1.600014.414.7882.90216.6";"Secretaria do Trabalho, Emprego, Renda e Esporte"
"2023.3.26.26101.305.1162.600009.6";"2023.3.26.26401.305.1162.600009.6";"2023.4946386.26401.2.600009.305.1162.55823.6";"Secretaria de Desenvolvimento Urbano"
"2020.3.20.20102.314.7880.600002.6";"2020.3.20.20102.314.7880.600002.6";"2020.3893105.20102.0.600002.314.7880.46265.6";"Secretaria da Segurança Pública"
"2022.3.32.32801.303.5893.600025.6";"2022.3.32.32801.303.5893.600025.6";"2022.4588621.32801.0.600025.303.5893.57103.6";"Secretaria de Turismo"
"2022.3.80.80102.900.8070.600001.6";"2022.3.80.80102.900.8070.600001.6";"2022.4572030.80102.0.600001.900.8070.46892.6";"Encargos Gerais do Estado"
"2023.3.18.18401.304.1398.600038.6";"2023.3.18.18401.304.1398.600038.6";"2023.4945750.18401.1.600038.304.1398.57258.6";"Secretaria de Desenvolvimento Rural"
"2024.3.18.18401.417.1399.600042.6";"2024.3.18.18401.417.1399.600042.6";"2024.5210962.18401.0.600042.417.1399.62302.6";"Secretaria de Desenvolvimento Rural"
"2025.3.18.18401.417.1399.600043.6";"2025.3.18.18401.417.1399.600043.6";"2025.5670447.18401.0.600043.417.1399.90235.6";"Secretaria de Desenvolvimento Rural"
"2025.3.18.18401.417.1399.600058.6";"2025.3.18.18401.417.1399.600058.6";"2025.5672260.18401.0.600058.417.1399.91461.6";"Secretaria de Desenvolvimento Rural"
"2025.3.18.18401.417.7988.600057.6";"2025.3.18.18401.417.7988.600057.6";"2025.5675729.18401.1.600057.417.7988.91415.6";"Secretaria de Desenvolvimento Rural"
"2025.3.21.21301.414.5793.600057.6";"2025.3.21.21301.414.5793.600057.6";"2025.5670583.21301.1.600057.414.5793.91415.6";"Secretaria do Trabalho, Emprego, Renda e Esporte"
"2025.3.26.26401.419.5183.600038.6";"2025.3.26.26401.419.5183.600038.6";"2025.5670910.26401.1.600038.419.5183.90234.6";"Secretaria de Desenvolvimento Urbano"
"2025.3.28.28101.405.5253.600046.6";"2025.3.28.28101.405.5253.600046.6";"2025.5672106.28101.0.600046.405.5253.90188.6";"Secretaria de Ciência, Tecnologia e Inovação"
"2025.3.39.39101.403.5445.600056.6";"2025.3.39.39101.403.5445.600056.6";"2025.5673351.39101.2.600056.403.5445.90187.6";"Secretaria de Assistência e Desenvolvimento Social"
"2026.3.11.11302.424.7867.600031.6";"2026.3.11.11302.424.7867.600031.6";"2026.6192421.11302.1.600031.424.7867.97023.6";"Secretaria da Educação"
"2026.3.21.21101.414.7882.600014.6";"2026.3.21.21101.414.7882.600014.6";"2026.6189818.21101.1.600014.414.7882.95138.6";"Secretaria do Trabalho, Emprego, Renda e Esporte"
"2026.3.26.26101.419.1162.600056.6";"2026.3.26.26101.419.1162.600056.6";"2026.6190650.26101.0.600056.419.1162.97010.6";"Secretaria de Desenvolvimento Urbano"
"2026.3.28.28101.405.5649.600046.6";"2026.3.28.28101.405.5649.600046.6";"2026.6192746.28101.1.600046.405.5649.97011.6";"Secretaria de Ciência, Tecnologia e Inovação"
"2026.3.30.30101.426.4034.600043.6";"2026.3.30.30101.426.4034.600043.6";"2026.6193331.30101.2.600043.426.4034.95157.6";"Secretaria de Promoção da Igualdade Racial e dos Povos e Comunidades Tradicionais"
"2026.3.18.18101.417.1399.600059.6";"2026.3.18.18401.417.1399.600059.6";"2026.6191062.18101.3.600059.417.1399.95494.6";"Secretaria de Desenvolvimento Rural"
