"val_liquidacao";"dtc_liquidacao";"dtc_cadastro";"dtc_ultima_atualizacao";"num_codigo_liqu"
"24000,00";"14/08/2025 00:00:00";"14/08/2025 15:32:34";"14/08/2025 15:32:34";"2025.5679320.34101.1.600043.429.4181.90235.6"
"7226,40";"03/07/2025 00:00:00";"03/07/2025 17:23:12";"08/07/2025 12:12:08";"2025.5679320.34101.1.600043.429.4181.90235.6"
"301538,53";"16/12/2022 00:00:00";"16/12/2022 08:54:58";"16/12/2022 08:54:58";"2022.4583960.21301.1.600021.305.1009.51890.6"
"362306,31";"04/11/2022 00:00:00";"04/11/2022 11:38:01";"20/12/2024 06:34:00";"2022.4583960.21301.1.600021.305.1009.51890.6"
"215289,37";"15/09/2022 00:00:00";"15/09/2022 16:06:24";"15/09/2022 16:06:24";"2022.4580968.21301.1.600020.305.1009.51889.6"
"344959,95";"02/12/2025 00:00:00";"02/12/2025 10:47:52";"02/12/2025 10:47:52";"2025.5673272.21101.7.600043.413.5914.90235.6"
"200000,00";"17/10/2022 00:00:00";"17/10/2022 11:46:53";"14/12/2022 15:34:54";"2022.4577294.21301.1.600003.305.1009.51872.6"
"268544,12";"20/09/2022 00:00:00";"20/09/2022 10:00:56";"05/10/2022 13:15:49";"2022.4577332.21301.1.600013.305.7882.51882.6"
"200000,00";"12/08/2022 00:00:00";"12/08/2022 11:41:23";"12/08/2022 11:41:23";"2022.4577297.21301.1.600003.305.7882.51872.6"
"60000,00";"08/11/2023 00:00:00";"08/11/2023 13:50:07";"09/11/2023 10:58:58";"2023.5200891.21301.1.600038.303.5779.57258.6"
"13099,00";"19/12/2022 00:00:00";"19/12/2022 16:58:51";"19/12/2022 16:58:51";"2022.4577295.21301.1.600003.305.7882.51872.6"
"135447,51";"04/11/2022 00:00:00";"06/11/2022 20:00:20";"20/12/2024 06:34:00";"2022.4577333.21301.1.600013.305.7882.51882.6"
"15754,01";"04/10/2022 00:00:00";"04/10/2022 09:23:37";"04/10/2022 09:23:37";"2022.4577295.21301.1.600003.305.7882.51872.6"
"67710,42";"16/12/2022 00:00:00";"16/12/2022 09:41:09";"16/12/2022 09:41:09";"2022.4577333.21301.1.600013.305.7882.51882.6"
"22296,00";"08/11/2023 00:00:00";"08/11/2023 13:46:42";"08/11/2023 13:46:42";"2023.5201091.21301.1.600019.303.5779.55833.6"
"50000,00";"08/11/2023 00:00:00";"08/11/2023 13:55:54";"09/11/2023 10:55:21";"2023.5200891.21301.1.600038.303.5779.57258.6"
"53065,04";"01/12/2022 00:00:00";"01/12/2022 11:22:55";"01/12/2022 11:22:55";"2022.4577332.21301.1.600013.305.7882.51882.6"
"271146,99";"12/08/2022 00:00:00";"12/08/2022 11:12:54";"12/08/2022 11:12:54";"2022.4577295.21301.1.600003.305.7882.51872.6"
"108364,14";"23/11/2022 00:00:00";"23/11/2022 16:24:52";"23/11/2022 16:24:52";"2022.4577332.21301.1.600013.305.7882.51882.6"
"200000,00";"22/05/2024 00:00:00";"22/05/2024 16:01:23";"22/05/2024 16:01:23";"2024.5212543.21301.1.600006.414.4997.61626.6"
"7760,00";"03/07/2024 00:00:00";"03/07/2024 13:48:23";"03/07/2024 13:48:23";"2024.5212551.21301.1.600000.414.4997.61620.6"
"64488,00";"22/05/2024 00:00:00";"22/05/2024 16:13:05";"22/05/2024 16:13:05";"2024.5212551.21301.1.600000.414.4997.61620.6"
"20046,66";"23/05/2024 00:00:00";"23/05/2024 11:01:02";"23/05/2024 11:01:02";"2024.5212551.21301.1.600000.414.4997.61620.6"
"19640,25";"27/11/2024 00:00:00";"27/11/2024 14:31:50";"27/11/2024 14:31:50";"2024.5220993.10501.1.600036.417.5916.61619.6"
"47902,09";"06/09/2024 00:00:00";"06/09/2024 10:24:58";"06/09/2024 10:24:58";"2024.5221287.10501.1.600048.417.5916.62308.6"
"49883,60";"21/11/2024 00:00:00";"21/11/2024 11:06:33";"21/11/2024 11:06:33";"2024.5221287.10501.1.600048.417.5916.62308.6"
"160000,00";"03/12/2024 00:00:00";"03/12/2024 15:07:10";"03/12/2024 15:07:10";"2024.5225921.10501.1.600031.417.5916.61618.6"
"7950,00";"28/08/2024 00:00:00";"28/08/2024 13:18:42";"28/08/2024 13:18:42";"2024.5221287.10501.1.600048.417.5916.62308.6"
"11000,00";"10/06/2024 00:00:00";"10/06/2024 15:10:12";"10/06/2024 15:10:12";"2024.5220993.10501.1.600036.417.5916.61619.6"
"2700,00";"19/07/2024 00:00:00";"19/07/2024 15:06:29";"19/07/2024 15:06:29";"2024.5220993.10501.1.600036.417.5916.61619.6"
"128000,00";"06/11/2024 00:00:00";"06/11/2024 14:54:58";"06/11/2024 14:54:58";"2024.5224318.10501.1.600052.417.5916.62312.6"
"49400,00";"13/12/2024 00:00:00";"13/12/2024 14:51:28";"13/12/2024 14:51:28";"2024.5225921.10501.1.600031.417.5916.61618.6"
"256976,25";"09/12/2024 00:00:00";"09/12/2024 11:09:29";"09/12/2024 11:09:29";"2024.5224318.10501.1.600052.417.5916.62312.6"
"240000,00";"20/12/2024 00:00:00";"20/12/2024 14:43:23";"20/12/2024 14:43:23";"2024.5225921.10501.1.600031.417.5916.61618.6"
"49830,00";"12/12/2024 00:00:00";"12/12/2024 09:39:39";"12/12/2024 09:39:39";"2024.5224318.10501.1.600052.417.5916.62312.6"
"28560,00";"29/08/2024 00:00:00";"29/08/2024 08:18:06";"29/08/2024 08:18:06";"2024.5221287.10501.1.600048.417.5916.62308.6"
"4720,00";"19/07/2024 00:00:00";"19/07/2024 15:08:28";"19/07/2024 15:08:28";"2024.5220993.10501.1.600036.417.5916.61619.6"
"3970,00";"09/12/2024 00:00:00";"09/12/2024 10:40:37";"09/12/2024 10:40:37";"2024.5224318.10501.1.600052.417.5916.62312.6"
"19000,00";"28/08/2024 00:00:00";"28/08/2024 13:15:24";"28/08/2024 13:15:24";"2024.5221287.10501.1.600048.417.5916.62308.6"
"34450,00";"05/07/2024 00:00:00";"05/07/2024 10:41:57";"05/07/2024 10:41:57";"2024.5221287.10501.1.600048.417.5916.62308.6"
"61000,00";"06/11/2024 00:00:00";"06/11/2024 14:51:43";"06/11/2024 14:51:43";"2024.5224318.10501.1.600052.417.5916.62312.6"
"219487,95";"09/12/2024 00:00:00";"09/12/2024 11:12:02";"09/12/2024 11:12:02";"2024.5224318.10501.1.600052.417.5916.62312.6"
"6300,00";"19/07/2024 00:00:00";"19/07/2024 15:03:56";"19/07/2024 15:03:56";"2024.5220993.10501.1.600036.417.5916.61619.6"
"48945,00";"20/12/2024 00:00:00";"20/12/2024 14:38:48";"20/12/2024 14:38:48";"2024.5224318.10501.1.600052.417.5916.62312.6"
"19300,00";"28/08/2024 00:00:00";"28/08/2024 13:21:19";"28/08/2024 13:21:19";"2024.5221287.10501.1.600048.417.5916.62308.6"
"21600,00";"19/09/2024 00:00:00";"19/09/2024 16:15:41";"19/09/2024 16:15:41";"2024.5221287.10501.1.600048.417.5916.62308.6"
"55000,00";"24/02/2026 00:00:00";"24/02/2026 17:31:15";"26/02/2026 15:07:45";"2026.6188341.32802.1.600158.411.5893.97892.6"
"50000,00";"25/02/2026 00:00:00";"25/02/2026 10:27:03";"26/02/2026 15:07:45";"2026.6188341.32802.1.600158.411.5893.97892.6"
"80000,00";"24/02/2026 00:00:00";"24/02/2026 16:28:56";"26/02/2026 15:07:44";"2026.6188341.32802.1.600158.411.5893.97892.6"
"390000,00";"09/03/2026 00:00:00";"09/03/2026 11:11:06";"09/03/2026 14:15:37";"2026.6188345.32802.1.600160.411.5893.97927.6"
"35000,00";"27/02/2026 00:00:00";"27/02/2026 10:34:18";"05/03/2026 14:28:19";"2026.6188341.32802.1.600158.411.5893.97892.6"
"60000,00";"26/02/2026 00:00:00";"26/02/2026 16:56:04";"27/02/2026 09:56:27";"2026.6188344.32802.1.600160.411.5893.97927.6"
"35000,00";"12/02/2026 00:00:00";"12/02/2026 17:31:00";"19/02/2026 11:20:18";"2026.6188341.32802.1.600158.411.5893.97892.6"
"380000,00";"09/02/2026 00:00:00";"09/02/2026 18:39:31";"11/02/2026 09:07:51";"2026.6188341.32802.1.600158.411.5893.97892.6"
"55000,00";"26/02/2026 00:00:00";"26/02/2026 14:19:17";"27/02/2026 09:19:10";"2026.6188341.32802.1.600158.411.5893.97892.6"
"140000,00";"27/02/2026 00:00:00";"27/02/2026 14:47:44";"05/03/2026 14:28:19";"2026.6188341.32802.1.600158.411.5893.97892.6"
"149940,00";"02/09/2025 00:00:00";"02/09/2025 17:52:52";"11/09/2025 17:39:12";"2025.5669262.18101.3.600034.416.7289.90232.6"
"145840,17";"27/03/2024 00:00:00";"27/03/2024 16:47:26";"27/03/2024 16:47:26";"2024.5213082.21301.1.600003.414.1009.61623.6"
"5868,64";"20/12/2024 00:00:00";"20/12/2024 14:19:54";"20/12/2024 14:19:54";"2024.5213082.21301.1.600003.414.1009.61623.6"
"69654,11";"18/06/2024 00:00:00";"18/06/2024 15:02:25";"20/12/2024 06:34:02";"2024.5213082.21301.1.600003.414.1009.61623.6"
"77528,82";"19/07/2024 00:00:00";"19/07/2024 16:42:07";"20/12/2024 06:34:03";"2024.5212548.21301.1.600013.414.1009.61633.6"
"126080,16";"25/07/2024 00:00:00";"25/07/2024 16:11:03";"20/12/2024 06:34:03";"2024.5213259.21301.1.600029.414.1009.61646.6"
"17770,34";"04/10/2024 00:00:00";"04/10/2024 15:39:22";"09/10/2024 11:17:21";"2024.5213263.21301.1.600036.414.1009.61619.6"
"560453,87";"28/11/2024 00:00:00";"28/11/2024 14:40:51";"28/11/2024 14:40:51";"2024.5217037.21301.1.600039.414.1009.62299.6"
"14122,45";"06/12/2024 00:00:00";"06/12/2024 11:28:45";"06/12/2024 11:28:45";"2024.5212561.21301.1.600020.414.1009.61640.6"
"54583,21";"16/12/2024 00:00:00";"16/12/2024 14:04:50";"17/12/2024 17:45:15";"2024.5213263.21301.1.600036.414.1009.61619.6"
"33413,41";"01/08/2024 00:00:00";"01/08/2024 11:27:23";"07/08/2024 08:44:15";"2024.5213264.21301.1.600036.414.1009.61619.6"
"29937,95";"20/12/2024 00:00:00";"20/12/2024 14:02:37";"20/12/2024 14:02:37";"2024.5213264.21301.1.600036.414.1009.61619.6"
"124068,46";"25/07/2024 00:00:00";"25/07/2024 16:05:47";"20/12/2024 06:34:03";"2024.5213259.21301.1.600029.414.1009.61646.6"
"122223,98";"18/04/2024 00:00:00";"18/04/2024 11:39:45";"18/04/2024 11:39:45";"2024.5212548.21301.1.600013.414.1009.61633.6"
"128470,85";"19/04/2024 00:00:00";"19/04/2024 15:22:23";"19/04/2024 15:22:23";"2024.5212561.21301.1.600020.414.1009.61640.6"
"340128,13";"19/12/2024 00:00:00";"19/12/2024 15:49:06";"06/02/2025 16:23:31";"2024.5216325.21301.1.600039.414.1009.62299.6"
"50000,00";"04/09/2024 00:00:00";"04/09/2024 10:40:16";"04/09/2024 10:40:16";"2024.5224336.22201.1.600027.406.3696.61645.6"
"170000,00";"17/12/2021 00:00:00";"18/12/2021 09:40:40";"20/12/2021 14:52:28";"2021.4564317.11601.1.600009.306.2696.51514.6"
"10000,00";"26/10/2021 00:00:00";"26/10/2021 15:02:49";"23/11/2021 11:54:37";"2021.4564317.11601.1.600009.306.2696.51514.6"
"60000,00";"26/09/2024 00:00:00";"26/09/2024 14:23:50";"27/09/2024 09:33:03";"2024.5211973.21101.5.600005.412.1793.61625.6"
"556041,43";"11/03/2026 00:00:00";"11/03/2026 16:41:29";"11/03/2026 16:41:29";"2026.6193254.38101.3.600148.400.4170.97722.6"
"480000,00";"11/10/2023 00:00:00";"11/10/2023 15:39:45";"11/10/2023 15:39:45";"2023.4938476.20801.72.600020.314.7873.55834.6"
"140000,00";"06/12/2022 00:00:00";"06/12/2022 15:29:40";"16/12/2022 14:28:43";"2022.4924485.22202.1.600031.302.7857.57109.6"
"82000,00";"19/03/2026 00:00:00";"19/03/2026 16:44:32";"20/03/2026 17:01:11";"2026.6191054.18101.3.600038.417.1926.95156.6"
"71500,00";"18/12/2024 00:00:00";"18/12/2024 11:20:39";"18/12/2024 11:20:39";"2024.5213323.11303.1.600027.424.7867.61645.6"
"17052,00";"15/03/2024 00:00:00";"15/03/2024 08:29:07";"21/03/2024 15:41:58";"2024.5212819.11303.1.600031.424.7867.61618.6"
"92333,33";"19/12/2025 00:00:00";"19/12/2025 13:09:54";"12/02/2026 16:25:14";"2025.5683474.34101.3.600073.429.5549.91387.6"
"300000,00";"16/08/2024 00:00:00";"16/08/2024 09:18:15";"16/08/2024 09:18:15";"2024.5212373.11201.1.600053.422.7536.62313.6"
"48206,16";"21/10/2021 00:00:00";"21/10/2021 14:07:36";"21/05/2025 11:28:34";"2021.4225635.21301.1.600002.305.7882.46524.6"
"92521,59";"20/12/2021 00:00:00";"20/12/2021 18:27:48";"21/05/2025 11:28:34";"2021.4225635.21301.1.600002.305.7882.46524.6"
"46649,50";"14/09/2021 00:00:00";"14/09/2021 09:19:18";"14/09/2021 09:19:18";"2021.4225636.21301.1.600002.305.7882.46524.6"
"60150,36";"12/07/2021 00:00:00";"12/07/2021 15:49:17";"12/07/2021 15:49:17";"2021.4225636.21301.1.600002.305.7882.46524.6"
"75042,66";"05/05/2021 00:00:00";"05/05/2021 09:52:56";"05/05/2021 09:52:56";"2021.4225636.21301.1.600002.305.7882.46524.6"
"58500,00";"20/12/2022 00:00:00";"20/12/2022 11:51:21";"20/12/2022 11:51:21";"2022.4588819.10101.1.600025.304.7385.57103.6"
"49998,00";"16/12/2022 00:00:00";"16/12/2022 15:31:20";"16/12/2022 16:14:10";"2022.4586287.10101.1.600000.304.7385.51324.6"
"310002,00";"19/12/2022 00:00:00";"19/12/2022 22:54:16";"19/12/2022 22:54:16";"2022.4586287.10101.1.600000.304.7385.51324.6"
"54900,00";"16/12/2022 00:00:00";"16/12/2022 15:55:57";"16/12/2022 16:13:34";"2022.4586407.10101.1.600006.304.7385.51875.6"
"45102,00";"20/12/2022 00:00:00";"20/12/2022 11:45:00";"20/12/2022 11:45:00";"2022.4586407.10101.1.600006.304.7385.51875.6"
"3675,00";"15/10/2025 00:00:00";"15/10/2025 13:47:47";"16/10/2025 08:34:20";"2025.5671450.11302.1.600031.424.7867.90200.6"
"199998,00";"19/12/2022 00:00:00";"19/12/2022 22:52:13";"19/12/2022 22:52:13";"2022.4586407.10101.1.600006.304.7385.51875.6"
"13020,00";"13/11/2025 00:00:00";"13/11/2025 07:55:43";"14/11/2025 08:20:45";"2025.5671450.11302.1.600031.424.7867.90200.6"
"188333,00";"15/12/2022 00:00:00";"15/12/2022 16:26:38";"16/12/2022 10:50:39";"2022.4589909.10101.1.600036.304.7385.57114.6"
"11317,00";"07/11/2025 00:00:00";"07/11/2025 08:09:23";"11/11/2025 08:33:19";"2025.5671450.11302.1.600031.424.7867.90200.6"
"850000,00";"19/12/2022 00:00:00";"19/12/2022 22:56:36";"19/12/2022 22:56:36";"2022.4588819.10101.1.600025.304.7385.57103.6"
"33332,00";"16/12/2022 00:00:00";"16/12/2022 15:19:36";"16/12/2022 15:19:36";"2022.4589909.10101.1.600036.304.7385.57114.6"
"91500,00";"16/12/2022 00:00:00";"16/12/2022 15:46:02";"16/12/2022 15:46:02";"2022.4588819.10101.1.600025.304.7385.57103.6"
"100000,00";"26/06/2025 00:00:00";"26/06/2025 11:32:21";"26/06/2025 11:32:21";"2025.5675209.38101.3.600065.400.6953.91466.6"
"180000,00";"26/06/2025 00:00:00";"26/06/2025 14:37:48";"26/06/2025 14:37:48";"2025.5674410.38101.3.600058.400.6953.91461.6"
"1410200,00";"13/10/2022 00:00:00";"13/10/2022 09:34:57";"13/10/2022 11:23:34";"2022.4588619.18401.1.600025.304.1399.57103.6"
"96888,00";"16/12/2022 00:00:00";"17/12/2022 13:24:15";"19/12/2022 13:56:15";"2022.4577189.18401.1.600015.304.1399.51884.6"
"637000,00";"27/10/2022 00:00:00";"27/10/2022 17:08:32";"31/10/2022 09:17:30";"2022.4588629.18401.1.600028.304.1399.57106.6"
"259800,00";"28/10/2022 00:00:00";"28/10/2022 15:11:19";"31/10/2022 09:17:33";"2022.4588629.18401.1.600028.304.1399.57106.6"
"116162,79";"06/12/2022 00:00:00";"06/12/2022 13:21:20";"06/12/2022 13:21:20";"2022.4575221.18401.1.600003.304.1399.51872.6"
"116162,79";"30/11/2022 00:00:00";"30/11/2022 11:18:38";"30/11/2022 11:18:38";"2022.4576395.18401.1.600019.304.1399.51888.6"
"75300,00";"07/11/2022 00:00:00";"07/11/2022 10:52:41";"07/11/2022 10:52:41";"2022.4923013.18401.1.600022.304.1399.51858.6"
"15133,34";"14/12/2022 00:00:00";"14/12/2022 17:07:53";"14/12/2022 17:07:53";"2022.4575223.18401.1.600004.304.1399.51873.6"
"177500,00";"29/04/2022 00:00:00";"29/04/2022 14:22:15";"09/05/2022 13:47:43";"2022.4581482.18401.1.600010.304.1399.51879.6"
"384600,00";"31/10/2022 00:00:00";"31/10/2022 10:47:26";"31/10/2022 10:47:26";"2022.4576396.18401.1.600009.304.1399.51878.6"
"63578,00";"19/12/2022 00:00:00";"19/12/2022 11:33:31";"19/12/2022 13:56:23";"2022.4588619.18401.1.600025.304.1399.57103.6"
"225000,00";"15/09/2022 00:00:00";"15/09/2022 15:19:19";"15/09/2022 15:19:19";"2022.4576395.18401.1.600019.304.1399.51888.6"
"580813,95";"16/12/2022 00:00:00";"17/12/2022 13:20:28";"19/12/2022 13:56:15";"2022.4577189.18401.1.600015.304.1399.51884.6"
"129900,00";"10/11/2022 00:00:00";"10/11/2022 17:04:26";"10/11/2022 17:04:26";"2022.4588852.18401.1.600033.304.1399.57111.6"
"512800,00";"31/10/2022 00:00:00";"31/10/2022 11:05:33";"31/10/2022 11:05:33";"2022.4576429.18401.1.600020.304.1399.51889.6"
"46500,00";"10/06/2022 00:00:00";"10/06/2022 14:11:41";"06/07/2022 08:47:10";"2022.4576397.18401.1.600001.304.1399.46892.6"
"464651,16";"16/12/2022 00:00:00";"17/12/2022 13:06:35";"19/12/2022 13:56:14";"2022.4577189.18401.1.600015.304.1399.51884.6"
"73000,00";"16/12/2022 00:00:00";"17/12/2022 12:41:10";"19/12/2022 13:56:14";"2022.4922260.18401.1.600031.304.1399.57109.6"
"128200,00";"28/10/2022 00:00:00";"28/10/2022 17:19:33";"31/10/2022 09:17:35";"2022.4575223.18401.1.600004.304.1399.51873.6"
"696976,74";"16/12/2022 00:00:00";"17/12/2022 13:11:19";"19/12/2022 13:56:15";"2022.4577189.18401.1.600015.304.1399.51884.6"
"464651,16";"09/11/2022 00:00:00";"09/11/2022 14:44:55";"09/11/2022 14:44:55";"2022.4588852.18401.1.600033.304.1399.57111.6"
"15200,00";"06/12/2022 00:00:00";"06/12/2022 10:57:46";"06/12/2022 10:57:46";"2022.4576429.18401.1.600020.304.1399.51889.6"
"77914,00";"30/11/2022 00:00:00";"30/11/2022 11:50:04";"30/11/2022 11:50:04";"2022.4576396.18401.1.600009.304.1399.51878.6"
"31611,10";"27/10/2022 00:00:00";"27/10/2022 16:58:46";"31/10/2022 09:17:30";"2022.4588629.18401.1.600028.304.1399.57106.6"
"116162,79";"14/12/2022 00:00:00";"14/12/2022 16:56:05";"14/12/2022 16:56:05";"2022.4588852.18401.1.600033.304.1399.57111.6"
"1029999,90";"19/10/2022 00:00:00";"19/10/2022 11:35:27";"31/10/2022 09:17:26";"2022.4588852.18401.1.600033.304.1399.57111.6"
"111686,05";"30/05/2022 00:00:00";"30/05/2022 17:23:14";"31/05/2022 15:17:16";"2022.4575602.18401.1.600010.304.1399.51879.6"
"203300,00";"01/03/2022 00:00:00";"01/03/2022 16:31:35";"07/03/2022 14:26:45";"2022.4576396.18401.1.600009.304.1399.51878.6"
"116162,79";"30/11/2022 00:00:00";"30/11/2022 11:29:18";"30/11/2022 11:29:18";"2022.4588629.18401.1.600028.304.1399.57106.6"
"580813,95";"28/04/2022 00:00:00";"28/04/2022 15:03:07";"09/05/2022 13:48:11";"2022.4575602.18401.1.600010.304.1399.51879.6"
"20330,00";"28/02/2022 00:00:00";"26/02/2022 09:32:17";"16/03/2022 14:58:52";"2022.4576397.18401.1.600001.304.1399.46892.6"
"200000,00";"26/06/2025 00:00:00";"26/06/2025 11:24:11";"26/06/2025 11:24:11";"2025.5671310.38101.3.600059.400.6953.91468.6"
"356250,00";"21/10/2022 00:00:00";"21/10/2022 10:53:20";"31/10/2022 09:17:27";"2022.4588629.18401.1.600028.304.1399.57106.6"
"945000,00";"04/10/2022 00:00:00";"04/10/2022 09:11:25";"04/10/2022 09:11:25";"2022.4576396.18401.1.600009.304.1399.51878.6"
"633738,05";"18/06/2025 00:00:00";"18/06/2025 17:05:34";"18/06/2025 17:05:34";"2025.5673650.38101.3.600052.400.6953.90197.6"
"128200,00";"31/10/2022 00:00:00";"31/10/2022 11:01:44";"31/10/2022 11:01:44";"2022.4575222.18401.1.600003.304.1399.51872.6"
"472500,00";"28/02/2022 00:00:00";"28/02/2022 13:13:50";"07/03/2022 14:01:59";"2022.4577189.18401.1.600015.304.1399.51884.6"
"94833,30";"08/06/2022 00:00:00";"08/06/2022 10:38:35";"08/06/2022 10:38:35";"2022.4576396.18401.1.600009.304.1399.51878.6"
"128200,00";"31/10/2022 00:00:00";"31/10/2022 11:03:41";"31/10/2022 11:03:41";"2022.4585477.18401.1.600022.304.1399.51858.6"
"38248,79";"06/12/2022 00:00:00";"06/12/2022 13:23:52";"06/12/2022 13:23:52";"2022.4575222.18401.1.600003.304.1399.51872.6"
"682133,12";"10/11/2022 00:00:00";"10/11/2022 14:52:20";"10/11/2022 14:52:20";"2022.4922260.18401.1.600031.304.1399.57109.6"
"71666,66";"29/06/2022 00:00:00";"29/06/2022 11:00:43";"29/06/2022 11:00:43";"2022.4575223.18401.1.600004.304.1399.51873.6"
"71666,66";"15/06/2022 00:00:00";"15/06/2022 17:08:21";"15/06/2022 17:08:21";"2022.4576396.18401.1.600009.304.1399.51878.6"
"64000,00";"30/08/2022 00:00:00";"30/08/2022 09:46:11";"30/08/2022 09:46:11";"2022.4577189.18401.1.600015.304.1399.51884.6"
"99176,11";"02/12/2022 00:00:00";"02/12/2022 12:07:43";"02/12/2022 12:07:43";"2022.4588629.18401.1.600028.304.1399.57106.6"
"266261,95";"18/06/2025 00:00:00";"18/06/2025 17:03:13";"18/06/2025 17:03:13";"2025.5673650.38101.3.600052.400.6953.90197.6"
"260000,00";"31/05/2022 00:00:00";"31/05/2022 14:06:00";"31/05/2022 15:17:18";"2022.4576395.18401.1.600019.304.1399.51888.6"
"116162,79";"16/12/2022 00:00:00";"17/12/2022 13:17:00";"19/12/2022 13:56:15";"2022.4577189.18401.1.600015.304.1399.51884.6"
"1538400,00";"28/10/2022 00:00:00";"28/10/2022 17:21:25";"31/10/2022 09:17:35";"2022.4576395.18401.1.600019.304.1399.51888.6"
"211972,20";"12/09/2022 00:00:00";"12/09/2022 10:34:58";"15/09/2022 09:59:06";"2022.4575221.18401.1.600003.304.1399.51872.6"
"733333,20";"28/10/2022 00:00:00";"28/10/2022 14:02:18";"31/10/2022 09:17:32";"2022.4588852.18401.1.600033.304.1399.57111.6"
"1786,68";"06/12/2022 00:00:00";"06/12/2022 13:28:04";"06/12/2022 13:28:04";"2022.4575221.18401.1.600003.304.1399.51872.6"
"99333,00";"18/06/2025 00:00:00";"18/06/2025 17:12:43";"18/06/2025 17:12:43";"2025.5674996.38101.3.600038.400.6953.90234.6"
"86763,50";"07/11/2022 00:00:00";"07/11/2022 14:23:45";"07/11/2022 14:23:45";"2022.4923011.18401.1.600022.304.1399.51856.6"
"464651,16";"28/10/2022 00:00:00";"28/10/2022 14:00:34";"31/10/2022 09:17:32";"2022.4588852.18401.1.600033.304.1399.57111.6"
"667686,00";"12/08/2022 00:00:00";"12/08/2022 16:27:07";"12/08/2022 16:27:07";"2022.4576396.18401.1.600009.304.1399.51878.6"
"16584,79";"19/12/2022 00:00:00";"19/12/2022 15:11:40";"19/12/2022 15:11:40";"2022.4576395.18401.1.600019.304.1399.51888.6"
"244861,90";"06/12/2022 00:00:00";"06/12/2022 10:37:35";"06/12/2022 10:37:35";"2022.4922260.18401.1.600031.304.1399.57109.6"
"2917,82";"15/12/2022 00:00:00";"15/12/2022 18:59:53";"15/12/2022 18:59:53";"2022.4575222.18401.1.600003.304.1399.51872.6"
"251914,28";"20/12/2023 00:00:00";"20/12/2023 14:17:19";"20/12/2023 14:17:19";"2023.5200893.21301.1.600038.308.5793.57258.6"
"100000,00";"04/09/2024 00:00:00";"04/09/2024 16:33:10";"04/09/2024 16:33:10";"2024.5212424.22101.1.600028.406.2314.61617.6"
"100000,00";"09/10/2023 00:00:00";"09/10/2023 15:15:21";"09/10/2023 15:15:21";"2023.5199095.22101.1.600002.302.3696.55816.6"
"100000,00";"21/06/2023 00:00:00";"21/06/2023 15:00:49";"21/06/2023 15:00:49";"2023.4940180.34101.2.600002.311.5558.53675.6"
"100000,00";"01/07/2022 00:00:00";"01/07/2022 11:00:43";"04/07/2022 10:05:23";"2022.4587211.34101.1.600003.311.3059.51872.6"
"107248,69";"25/11/2025 00:00:00";"25/11/2025 12:03:06";"25/11/2025 12:03:06";"2025.5673663.32101.2.600040.411.5491.90191.6"
"308987,64";"04/07/2022 00:00:00";"04/07/2022 08:13:41";"04/07/2022 08:13:41";"2022.4577340.21301.1.600004.308.5793.51873.6"
"24999,00";"04/07/2022 00:00:00";"04/07/2022 08:16:00";"04/07/2022 08:16:00";"2022.4577339.21301.1.600019.308.5793.51888.6"
"381,00";"22/06/2022 00:00:00";"22/06/2022 11:46:13";"01/07/2022 21:23:51";"2022.4577340.21301.1.600004.308.5793.51873.6"
"152908,00";"04/07/2022 00:00:00";"04/07/2022 07:55:37";"04/07/2022 07:55:37";"2022.4577338.21301.1.600009.308.5793.51878.6"
"52705,00";"22/06/2022 00:00:00";"22/06/2022 13:19:34";"01/07/2022 21:22:36";"2022.4577339.21301.1.600019.308.5793.51888.6"
"57430,35";"05/12/2025 00:00:00";"05/12/2025 15:53:00";"05/12/2025 15:53:00";"2025.5673663.32101.2.600040.411.5491.90191.6"
"50000,00";"09/04/2025 00:00:00";"09/04/2025 16:15:47";"22/04/2025 11:26:04";"2025.5666254.22202.1.600027.406.4357.90227.6"
"15049,50";"15/06/2022 00:00:00";"15/06/2022 15:11:21";"01/07/2022 21:28:26";"2022.4582349.21301.1.600002.308.5793.46893.6"
"143232,00";"01/06/2021 00:00:00";"01/06/2021 11:28:01";"01/06/2021 11:28:01";"2021.4225466.18401.1.600002.304.7838.46524.6"
"76082,65";"19/12/2023 00:00:00";"19/12/2023 14:47:36";"19/12/2023 14:47:36";"2023.5203952.21301.1.600020.305.1009.55834.6"
"250000,00";"26/07/2023 00:00:00";"26/07/2023 16:53:49";"26/07/2023 16:53:49";"2023.4931672.22101.1.600036.302.2314.57254.6"
"113928,08";"27/11/2023 00:00:00";"27/11/2023 16:10:30";"27/11/2023 16:10:30";"2023.4931528.21301.1.600003.305.1009.55817.6"
"108244,40";"14/12/2023 00:00:00";"14/12/2023 16:35:18";"20/12/2024 06:34:01";"2023.5201090.21301.1.600013.305.1009.55827.6"
"50000,00";"23/10/2024 00:00:00";"23/10/2024 10:40:22";"06/11/2024 13:52:33";"2024.5221151.32802.1.600056.411.5893.62315.6"
"35000,00";"08/10/2024 00:00:00";"08/10/2024 17:19:53";"10/10/2024 16:23:54";"2024.5221151.32802.1.600056.411.5893.62315.6"
"200000,00";"19/12/2024 00:00:00";"19/12/2024 17:41:55";"26/12/2024 15:52:50";"2024.5660180.32802.1.600062.411.5893.91336.6"
"79290,00";"13/09/2024 00:00:00";"13/09/2024 10:43:05";"24/09/2024 11:02:52";"2024.5221151.32802.1.600056.411.5893.62315.6"
"120000,00";"20/12/2024 00:00:00";"20/12/2024 21:46:03";"26/12/2024 15:52:53";"2024.5660180.32802.1.600062.411.5893.91336.6"
"50009,00";"09/09/2024 00:00:00";"09/09/2024 10:38:13";"24/09/2024 11:02:52";"2024.5220079.32802.1.600025.411.5893.61644.6"
"100000,00";"09/10/2024 00:00:00";"09/10/2024 16:32:17";"11/10/2024 12:04:29";"2024.5221151.32802.1.600056.411.5893.62315.6"
"200000,00";"20/12/2024 00:00:00";"20/12/2024 20:46:15";"02/01/2025 15:19:59";"2024.5660180.32802.1.600062.411.5893.91336.6"
"120000,00";"20/12/2024 00:00:00";"20/12/2024 18:21:36";"26/12/2024 15:52:52";"2024.5660180.32802.1.600062.411.5893.91336.6"
"200000,00";"25/07/2024 00:00:00";"25/07/2024 11:18:42";"20/08/2024 14:12:33";"2024.5221151.32802.1.600056.411.5893.62315.6"
"120000,00";"19/12/2024 00:00:00";"19/12/2024 23:05:55";"26/12/2024 15:52:51";"2024.5224567.32802.1.600052.411.5893.62312.6"
"230000,00";"14/06/2024 00:00:00";"14/06/2024 15:56:08";"20/06/2024 15:09:48";"2024.5221151.32802.1.600056.411.5893.62315.6"
"300000,00";"17/12/2024 00:00:00";"17/12/2024 20:11:57";"20/12/2024 23:02:51";"2024.5214126.32802.1.600050.411.5893.62310.6"
"24657,00";"15/03/2024 00:00:00";"15/03/2024 18:49:57";"26/03/2024 14:34:09";"2024.5216911.32802.1.600053.411.5893.62313.6"
"170000,00";"17/09/2024 00:00:00";"17/09/2024 10:11:37";"24/09/2024 11:02:53";"2024.5224567.32802.1.600052.411.5893.62312.6"
"149991,00";"09/09/2024 00:00:00";"09/09/2024 10:58:52";"24/09/2024 12:00:30";"2024.5220081.32802.1.600042.411.5893.62302.6"
"250000,00";"28/11/2024 00:00:00";"28/11/2024 11:39:41";"13/12/2024 10:20:54";"2024.5213797.21101.7.600039.413.6672.62299.6"
"80000,00";"20/12/2024 00:00:00";"20/12/2024 20:30:28";"26/12/2024 15:52:53";"2024.5660180.32802.1.600062.411.5893.91336.6"
"100000,00";"27/11/2024 00:00:00";"27/11/2024 19:53:20";"14/03/2025 17:32:51";"2024.5224567.32802.1.600052.411.5893.62312.6"
"30000,00";"16/10/2024 00:00:00";"16/10/2024 18:01:58";"13/12/2024 22:01:39";"2024.5221151.32802.1.600056.411.5893.62315.6"
"250000,00";"17/10/2024 00:00:00";"17/10/2024 16:19:13";"17/10/2024 16:19:13";"2024.5213797.21101.7.600039.413.6672.62299.6"
"80000,00";"06/08/2024 00:00:00";"06/08/2024 18:11:12";"16/08/2024 11:22:46";"2024.5221151.32802.1.600056.411.5893.62315.6"
"400000,00";"20/12/2024 00:00:00";"20/12/2024 20:37:55";"26/12/2024 15:52:53";"2024.5660180.32802.1.600062.411.5893.91336.6"
"60000,00";"20/12/2024 00:00:00";"20/12/2024 18:24:30";"26/12/2024 15:30:53";"2024.5660180.32802.1.600062.411.5893.91336.6"
"340000,00";"20/12/2024 00:00:00";"20/12/2024 22:45:45";"27/01/2025 11:17:56";"2024.5660180.32802.1.600062.411.5893.91336.6"
"145000,00";"20/12/2024 00:00:00";"20/12/2024 22:35:38";"27/12/2024 11:19:47";"2024.5660180.32802.1.600062.411.5893.91336.6"
"70000,00";"18/11/2024 00:00:00";"18/11/2024 16:44:24";"10/12/2024 14:17:43";"2024.5224567.32802.1.600052.411.5893.62312.6"
"100000,00";"27/11/2024 00:00:00";"27/11/2024 20:18:37";"13/12/2024 22:01:39";"2024.5224567.32802.1.600052.411.5893.62312.6"
"120000,00";"20/12/2024 00:00:00";"20/12/2024 16:28:03";"27/12/2024 11:51:28";"2024.5655836.32802.1.600061.411.5893.91332.6"
"50000,00";"09/09/2024 00:00:00";"09/09/2024 14:14:55";"24/09/2024 11:02:52";"2024.5220079.32802.1.600025.411.5893.61644.6"
"100000,00";"23/05/2024 00:00:00";"23/05/2024 18:04:26";"11/06/2024 10:35:16";"2024.5214125.32802.1.600044.411.5893.62304.6"
"150000,00";"20/12/2024 00:00:00";"20/12/2024 22:06:35";"27/12/2024 11:53:35";"2024.5655836.32802.1.600061.411.5893.91332.6"
"70000,00";"20/12/2024 00:00:00";"20/12/2024 20:05:24";"26/12/2024 15:30:54";"2024.5660180.32802.1.600062.411.5893.91336.6"
"90000,00";"20/12/2024 00:00:00";"20/12/2024 13:54:22";"26/12/2024 15:52:51";"2024.5224567.32802.1.600052.411.5893.62312.6"
"50000,00";"22/04/2024 00:00:00";"22/04/2024 10:14:16";"13/05/2024 18:50:18";"2024.5220082.32802.1.600002.411.5893.61622.6"
"80000,00";"20/12/2024 00:00:00";"20/12/2024 17:00:08";"26/12/2024 15:52:52";"2024.5660180.32802.1.600062.411.5893.91336.6"
"200000,00";"20/12/2024 00:00:00";"20/12/2024 22:08:04";"26/12/2024 15:52:53";"2024.5660180.32802.1.600062.411.5893.91336.6"
"120000,00";"19/12/2024 00:00:00";"19/12/2024 18:49:59";"26/12/2024 15:52:51";"2024.5224567.32802.1.600052.411.5893.62312.6"
"40000,00";"03/09/2024 00:00:00";"03/09/2024 18:01:35";"26/09/2024 09:45:18";"2024.5221151.32802.1.600056.411.5893.62315.6"
"250000,00";"17/10/2024 00:00:00";"17/10/2024 14:44:15";"17/10/2024 15:49:05";"2024.5213797.21101.7.600039.413.6672.62299.6"
"30000,00";"09/12/2024 00:00:00";"09/12/2024 19:51:55";"20/12/2024 19:22:03";"2024.5224567.32802.1.600052.411.5893.62312.6"
"50000,00";"22/04/2024 00:00:00";"22/04/2024 10:01:07";"15/05/2024 14:43:42";"2024.5214125.32802.1.600044.411.5893.62304.6"
"150000,00";"20/12/2024 00:00:00";"20/12/2024 15:14:21";"26/12/2024 15:52:51";"2024.5660180.32802.1.600062.411.5893.91336.6"
"40000,00";"02/10/2024 00:00:00";"02/10/2024 17:17:48";"10/10/2024 16:23:54";"2024.5221151.32802.1.600056.411.5893.62315.6"
"50000,00";"02/10/2024 00:00:00";"02/10/2024 17:39:11";"15/10/2024 15:36:35";"2024.5226799.32802.1.600059.411.5893.91326.6"
"70000,00";"28/08/2024 00:00:00";"28/08/2024 11:05:53";"05/09/2024 11:19:21";"2024.5221151.32802.1.600056.411.5893.62315.6"
"70000,00";"27/11/2024 00:00:00";"27/11/2024 18:09:40";"13/12/2024 22:01:39";"2024.5224567.32802.1.600052.411.5893.62312.6"
"70000,00";"10/12/2024 00:00:00";"10/12/2024 10:12:49";"20/12/2024 19:26:26";"2024.5224567.32802.1.600052.411.5893.62312.6"
"25000,00";"20/12/2024 00:00:00";"20/12/2024 19:30:04";"26/12/2024 15:52:53";"2024.5221151.32802.1.600056.411.5893.62315.6"
"100000,00";"19/12/2024 00:00:00";"19/12/2024 22:58:31";"26/12/2024 15:52:51";"2024.5224567.32802.1.600052.411.5893.62312.6"
"200000,00";"18/12/2024 00:00:00";"18/12/2024 18:19:23";"20/12/2024 23:48:50";"2024.5660180.32802.1.600062.411.5893.91336.6"
"50000,00";"27/11/2024 00:00:00";"27/11/2024 19:39:21";"10/12/2024 14:17:44";"2024.5224567.32802.1.600052.411.5893.62312.6"
"70000,00";"01/08/2024 00:00:00";"01/08/2024 17:47:04";"21/08/2024 09:48:23";"2024.5221151.32802.1.600056.411.5893.62315.6"
"200000,00";"13/06/2024 00:00:00";"13/06/2024 14:38:44";"20/06/2024 15:09:46";"2024.5216911.32802.1.600053.411.5893.62313.6"
"20000,00";"05/09/2024 00:00:00";"05/09/2024 12:06:22";"24/09/2024 11:02:52";"2024.5221151.32802.1.600056.411.5893.62315.6"
"110000,00";"18/12/2024 00:00:00";"18/12/2024 15:45:11";"20/12/2024 19:26:26";"2024.5224567.32802.1.600052.411.5893.62312.6"
"120000,00";"20/12/2024 00:00:00";"20/12/2024 15:22:14";"26/12/2024 15:52:51";"2024.5660180.32802.1.600062.411.5893.91336.6"
"700000,00";"29/11/2024 00:00:00";"29/11/2024 19:23:21";"09/12/2024 11:10:03";"2024.5226799.32802.1.600059.411.5893.91326.6"
"20000,00";"29/08/2024 00:00:00";"29/08/2024 10:59:50";"24/09/2024 11:02:51";"2024.5221151.32802.1.600056.411.5893.62315.6"
"250000,00";"28/11/2024 00:00:00";"28/11/2024 11:03:02";"13/12/2024 10:20:54";"2024.5213797.21101.7.600039.413.6672.62299.6"
"120000,00";"20/12/2024 00:00:00";"20/12/2024 19:14:51";"27/12/2024 11:52:44";"2024.5655836.32802.1.600061.411.5893.91332.6"
"30000,00";"20/12/2024 00:00:00";"20/12/2024 16:34:10";"26/12/2024 15:52:52";"2024.5660180.32802.1.600062.411.5893.91336.6"
"110000,00";"18/12/2024 00:00:00";"18/12/2024 17:55:23";"20/12/2024 19:26:27";"2024.5224567.32802.1.600052.411.5893.62312.6"
"100000,00";"19/08/2024 00:00:00";"19/08/2024 17:40:23";"20/08/2024 14:12:40";"2024.5214125.32802.1.600044.411.5893.62304.6"
"90000,00";"20/12/2024 00:00:00";"20/12/2024 18:29:20";"26/12/2024 15:52:53";"2024.5224567.32802.1.600052.411.5893.62312.6"
"90000,00";"20/12/2024 00:00:00";"20/12/2024 17:34:23";"27/12/2024 11:52:11";"2024.5655836.32802.1.600061.411.5893.91332.6"
"80000,00";"20/12/2024 00:00:00";"20/12/2024 23:05:38";"27/12/2024 12:30:30";"2024.5224567.32802.1.600052.411.5893.62312.6"
"500000,00";"12/08/2024 00:00:00";"12/08/2024 12:01:26";"16/08/2024 11:22:47";"2024.5220081.32802.1.600042.411.5893.62302.6"
"50000,00";"22/04/2024 00:00:00";"22/04/2024 10:11:05";"15/05/2024 14:43:07";"2024.5214125.32802.1.600044.411.5893.62304.6"
"120000,00";"18/12/2024 00:00:00";"18/12/2024 16:02:30";"20/12/2024 19:26:26";"2024.5224567.32802.1.600052.411.5893.62312.6"
"350000,00";"20/12/2024 00:00:00";"20/12/2024 15:38:15";"12/03/2025 10:49:43";"2024.5660180.32802.1.600062.411.5893.91336.6"
"120000,00";"18/12/2024 00:00:00";"18/12/2024 17:54:53";"20/12/2024 19:26:27";"2024.5224567.32802.1.600052.411.5893.62312.6"
"230000,00";"07/08/2024 00:00:00";"07/08/2024 16:29:02";"20/08/2024 14:12:34";"2024.5221151.32802.1.600056.411.5893.62315.6"
"110000,00";"18/12/2024 00:00:00";"18/12/2024 17:21:08";"20/12/2024 19:26:27";"2024.5224567.32802.1.600052.411.5893.62312.6"
"151162,00";"08/10/2020 00:00:00";"08/10/2020 10:51:21";"16/10/2020 14:25:33";"2020.3893004.18401.1.600001.304.1399.46264.6"
"2474,07";"03/11/2020 00:00:00";"03/11/2020 15:00:23";"04/11/2020 16:55:46";"2020.3893004.18401.1.600001.304.1399.46264.6"
"41500,00";"03/11/2020 00:00:00";"03/11/2020 14:59:19";"04/11/2020 16:55:45";"2020.3893004.18401.1.600001.304.1399.46264.6"
"75581,00";"08/10/2020 00:00:00";"08/10/2020 10:52:28";"16/10/2020 14:25:33";"2020.3893004.18401.1.600001.304.1399.46264.6"
"4309,23";"03/11/2020 00:00:00";"03/11/2020 15:01:23";"04/11/2020 16:55:46";"2020.3893004.18401.1.600001.304.1399.46264.6"
"107299,75";"28/11/2024 00:00:00";"28/11/2024 16:21:42";"28/11/2024 16:21:42";"2024.5210991.18401.1.600023.417.1926.61643.6"
"70799,75";"17/12/2024 00:00:00";"17/12/2024 12:16:25";"17/12/2024 12:16:25";"2024.5210991.18401.1.600023.417.1926.61643.6"
"275163,33";"30/10/2024 00:00:00";"30/10/2024 11:15:58";"31/10/2024 15:29:00";"2024.5210991.18401.1.600023.417.1926.61643.6"
"350000,00";"25/11/2025 00:00:00";"25/11/2025 10:01:47";"26/11/2025 15:12:52";"2025.5673934.32802.1.600061.411.5893.91454.6"
"40000,00";"18/12/2025 00:00:00";"18/12/2025 13:21:05";"19/12/2025 18:03:19";"2025.5673934.32802.1.600061.411.5893.91454.6"
"30000,00";"12/12/2025 00:00:00";"14/12/2025 16:42:27";"16/12/2025 00:56:20";"2025.5673934.32802.1.600061.411.5893.91454.6"
"37839,79";"09/12/2024 00:00:00";"09/12/2024 14:55:18";"16/12/2024 09:49:00";"2024.5659529.8501.2.600052.434.7894.62312.6"
"55000,00";"26/11/2025 00:00:00";"26/11/2025 11:08:19";"27/11/2025 12:04:33";"2025.5673934.32802.1.600061.411.5893.91454.6"
"149500,00";"06/06/2025 00:00:00";"06/06/2025 16:44:55";"11/06/2025 17:03:41";"2025.5674461.32802.1.600057.411.5893.91415.6"
"100000,00";"15/12/2025 00:00:00";"15/12/2025 15:51:09";"15/12/2025 15:51:09";"2025.5676591.21301.1.600060.414.5779.91413.6"
"100000,00";"22/08/2025 00:00:00";"22/08/2025 14:48:42";"26/08/2025 16:50:11";"2025.5674461.32802.1.600057.411.5893.91415.6"
"100000,00";"21/10/2025 00:00:00";"21/10/2025 10:24:43";"23/10/2025 18:32:05";"2025.6176734.32802.1.600063.411.5893.91446.6"
"400000,00";"18/12/2025 00:00:00";"18/12/2025 19:59:05";"19/12/2025 18:03:20";"2025.5674461.32802.1.600057.411.5893.91415.6"
"50000,00";"26/06/2025 00:00:00";"26/06/2025 16:22:06";"08/07/2025 14:18:18";"2025.5674461.32802.1.600057.411.5893.91415.6"
"100000,00";"03/12/2025 00:00:00";"03/12/2025 18:19:33";"09/12/2025 14:11:27";"2025.5673934.32802.1.600061.411.5893.91454.6"
"120000,00";"08/08/2025 00:00:00";"08/08/2025 18:05:44";"14/08/2025 11:53:27";"2025.5674461.32802.1.600057.411.5893.91415.6"
"50000,00";"24/11/2025 00:00:00";"24/11/2025 15:11:10";"25/11/2025 11:56:11";"2025.5673934.32802.1.600061.411.5893.91454.6"
"125000,00";"14/08/2025 00:00:00";"14/08/2025 08:25:47";"14/08/2025 08:25:47";"2025.5670582.21301.1.600057.414.5779.91415.6"
"40000,00";"24/11/2025 00:00:00";"24/11/2025 11:06:12";"24/11/2025 11:06:12";"2025.5676591.21301.1.600060.414.5779.91413.6"
"50000,00";"12/08/2025 00:00:00";"12/08/2025 18:25:18";"19/08/2025 11:57:54";"2025.5673930.32802.1.600059.411.5893.91468.6"
"100000,00";"06/06/2025 00:00:00";"06/06/2025 17:00:53";"11/06/2025 17:03:41";"2025.5674461.32802.1.600057.411.5893.91415.6"
"5400,00";"06/11/2025 00:00:00";"06/11/2025 15:39:48";"11/11/2025 09:32:50";"2025.6176734.32802.1.600063.411.5893.91446.6"
"30000,00";"04/12/2025 00:00:00";"04/12/2025 11:38:25";"09/12/2025 14:11:28";"2025.5673934.32802.1.600061.411.5893.91454.6"
"300000,00";"15/04/2025 00:00:00";"15/04/2025 17:58:11";"15/04/2025 17:58:11";"2025.5670582.21301.1.600057.414.5779.91415.6"
"128000,00";"06/06/2025 00:00:00";"06/06/2025 17:32:28";"11/06/2025 17:03:41";"2025.5674461.32802.1.600057.411.5893.91415.6"
"90000,00";"22/05/2025 00:00:00";"22/05/2025 17:03:22";"04/06/2025 17:57:51";"2025.5674461.32802.1.600057.411.5893.91415.6"
"50000,00";"16/10/2025 00:00:00";"16/10/2025 11:44:53";"20/10/2025 13:53:13";"2025.5673933.32802.1.600068.411.5893.91463.6"
"50000,00";"09/10/2025 00:00:00";"09/10/2025 17:19:54";"14/10/2025 14:05:56";"2025.5674461.32802.1.600057.411.5893.91415.6"
"20000,00";"07/10/2025 00:00:00";"07/10/2025 14:43:30";"10/10/2025 09:53:19";"2025.5674461.32802.1.600057.411.5893.91415.6"
"30000,00";"17/12/2025 00:00:00";"17/12/2025 14:29:55";"27/01/2026 09:24:33";"2025.5673934.32802.1.600061.411.5893.91454.6"
"144703,73";"10/12/2024 00:00:00";"10/12/2024 09:44:22";"16/12/2024 09:49:41";"2024.5659533.8501.2.600052.434.7894.62312.6"
"75000,00";"14/08/2025 00:00:00";"14/08/2025 08:23:04";"14/08/2025 08:23:04";"2025.5682164.21301.1.600056.414.5779.90187.6"
"120000,00";"16/10/2025 00:00:00";"16/10/2025 18:22:09";"22/10/2025 09:46:13";"2025.5674461.32802.1.600057.411.5893.91415.6"
"100000,00";"12/05/2025 00:00:00";"12/05/2025 15:50:57";"16/05/2025 18:49:47";"2025.5674461.32802.1.600057.411.5893.91415.6"
"100000,00";"04/12/2025 00:00:00";"04/12/2025 17:54:21";"15/12/2025 10:23:37";"2025.5673934.32802.1.600061.411.5893.91454.6"
"40000,00";"12/12/2025 00:00:00";"14/12/2025 10:58:12";"16/12/2025 00:56:19";"2025.5673934.32802.1.600061.411.5893.91454.6"
"100000,00";"26/08/2025 00:00:00";"26/08/2025 17:44:13";"02/09/2025 16:24:35";"2025.5674461.32802.1.600057.411.5893.91415.6"
"130000,00";"05/12/2025 00:00:00";"08/12/2025 15:16:21";"09/12/2025 14:11:32";"2025.5673933.32802.1.600068.411.5893.91463.6"
"40000,00";"25/11/2025 00:00:00";"25/11/2025 15:54:57";"25/11/2025 15:54:57";"2025.5682164.21301.1.600056.414.5779.90187.6"
"370000,00";"18/12/2025 00:00:00";"18/12/2025 23:15:07";"26/01/2026 11:12:41";"2025.5673934.32802.1.600061.411.5893.91454.6"
"30000,00";"08/10/2025 00:00:00";"08/10/2025 14:15:30";"08/10/2025 14:15:30";"2025.5676591.21301.1.600060.414.5779.91413.6"
"60000,00";"17/12/2025 00:00:00";"17/12/2025 20:39:16";"18/12/2025 11:45:28";"2025.5673934.32802.1.600061.411.5893.91454.6"
"90000,00";"02/05/2025 00:00:00";"02/05/2025 15:41:03";"04/06/2025 10:03:55";"2025.5674461.32802.1.600057.411.5893.91415.6"
"250000,00";"24/07/2025 00:00:00";"24/07/2025 15:05:20";"19/08/2025 10:43:53";"2025.5674461.32802.1.600057.411.5893.91415.6"
"100000,00";"07/10/2025 00:00:00";"07/10/2025 16:09:57";"10/10/2025 09:53:20";"2025.5673930.32802.1.600059.411.5893.91468.6"
"100000,00";"06/11/2025 00:00:00";"06/11/2025 10:11:00";"10/11/2025 11:54:08";"2025.5673930.32802.1.600059.411.5893.91468.6"
"210000,00";"18/11/2025 00:00:00";"18/11/2025 14:27:35";"19/11/2025 14:59:17";"2025.5673934.32802.1.600061.411.5893.91454.6"
"30000,00";"16/12/2025 00:00:00";"16/12/2025 00:42:12";"21/01/2026 09:17:16";"2025.5673934.32802.1.600061.411.5893.91454.6"
"130000,00";"05/12/2025 00:00:00";"05/12/2025 10:54:00";"15/12/2025 10:23:37";"2025.5673934.32802.1.600061.411.5893.91454.6"
"50000,00";"25/09/2025 00:00:00";"25/09/2025 12:14:13";"25/09/2025 12:14:13";"2025.5670582.21301.1.600057.414.5779.91415.6"
"250000,00";"14/05/2025 00:00:00";"14/05/2025 15:59:18";"16/05/2025 17:30:03";"2025.5673933.32802.1.600068.411.5893.91463.6"
"100000,00";"28/11/2025 00:00:00";"28/11/2025 16:28:22";"01/12/2025 17:17:50";"2025.5673934.32802.1.600061.411.5893.91454.6"
"50000,00";"17/06/2025 00:00:00";"17/06/2025 12:00:21";"27/06/2025 11:35:09";"2025.5673930.32802.1.600059.411.5893.91468.6"
"600000,00";"14/08/2025 00:00:00";"14/08/2025 11:42:40";"22/08/2025 10:43:26";"2025.5673930.32802.1.600059.411.5893.91468.6"
"200000,00";"20/10/2025 00:00:00";"20/10/2025 18:09:33";"23/10/2025 18:32:04";"2025.5673932.32802.1.600060.411.5893.91413.6"
"50000,00";"28/10/2025 00:00:00";"28/10/2025 18:55:16";"06/11/2025 15:57:59";"2025.5673930.32802.1.600059.411.5893.91468.6"
"100000,00";"17/10/2025 00:00:00";"17/10/2025 12:00:45";"22/10/2025 09:46:14";"2025.5674461.32802.1.600057.411.5893.91415.6"
"50000,00";"16/05/2025 00:00:00";"16/05/2025 19:02:51";"04/06/2025 20:34:07";"2025.5673931.32802.1.600066.411.5893.91438.6"
"200000,00";"02/12/2025 00:00:00";"02/12/2025 16:45:40";"04/12/2025 09:31:28";"2025.5673934.32802.1.600061.411.5893.91454.6"
"90000,00";"06/06/2025 00:00:00";"06/06/2025 18:27:35";"11/06/2025 17:03:41";"2025.5674461.32802.1.600057.411.5893.91415.6"
"25000,00";"18/11/2025 00:00:00";"18/11/2025 17:05:42";"19/11/2025 14:59:17";"2025.5673934.32802.1.600061.411.5893.91454.6"
"250000,00";"26/11/2025 00:00:00";"26/11/2025 09:23:21";"26/11/2025 09:23:21";"2025.5676591.21301.1.600060.414.5779.91413.6"
"22563,50";"19/12/2024 00:00:00";"19/12/2024 16:17:13";"19/12/2024 16:17:13";"2024.5230340.8501.2.600052.434.7894.62312.6"
"110000,00";"16/12/2025 00:00:00";"16/12/2025 10:27:42";"21/01/2026 14:30:39";"2025.5673934.32802.1.600061.411.5893.91454.6"
"50000,00";"28/11/2025 00:00:00";"28/11/2025 17:39:42";"04/12/2025 09:31:27";"2025.5673934.32802.1.600061.411.5893.91454.6"
"135000,00";"09/09/2025 00:00:00";"09/09/2025 15:10:05";"10/09/2025 17:38:40";"2025.5674461.32802.1.600057.411.5893.91415.6"
"90000,00";"08/05/2025 00:00:00";"08/05/2025 17:32:18";"16/05/2025 18:49:46";"2025.5674461.32802.1.600057.411.5893.91415.6"
"25000,00";"19/05/2025 00:00:00";"19/05/2025 09:06:02";"19/05/2025 09:06:02";"2025.5670582.21301.1.600057.414.5779.91415.6"
"100000,00";"28/08/2025 00:00:00";"28/08/2025 16:39:25";"02/09/2025 16:24:35";"2025.5674461.32802.1.600057.411.5893.91415.6"
"80000,00";"27/11/2025 00:00:00";"27/11/2025 21:09:30";"01/12/2025 11:15:17";"2025.5673934.32802.1.600061.411.5893.91454.6"
"25000,00";"19/12/2025 00:00:00";"19/12/2025 17:13:50";"22/01/2026 15:37:10";"2025.5673930.32802.1.600059.411.5893.91468.6"
"50000,00";"01/08/2025 00:00:00";"01/08/2025 16:32:30";"14/08/2025 11:53:27";"2025.5674461.32802.1.600057.411.5893.91415.6"
"35000,00";"05/12/2025 00:00:00";"08/12/2025 09:53:54";"09/12/2025 14:11:31";"2025.5673934.32802.1.600061.411.5893.91454.6"
"100000,00";"28/11/2025 00:00:00";"28/11/2025 15:06:30";"19/12/2025 18:03:19";"2025.5673930.32802.1.600059.411.5893.91468.6"
"50000,00";"10/12/2025 00:00:00";"10/12/2025 18:43:43";"15/12/2025 10:23:42";"2025.5673934.32802.1.600061.411.5893.91454.6"
"60000,00";"05/12/2025 00:00:00";"06/12/2025 10:18:07";"09/12/2025 14:11:30";"2025.5673934.32802.1.600061.411.5893.91454.6"
"50000,00";"05/12/2025 00:00:00";"05/12/2025 16:27:17";"09/12/2025 14:11:28";"2025.5673934.32802.1.600061.411.5893.91454.6"
"15000,00";"09/09/2025 00:00:00";"09/09/2025 14:29:14";"10/09/2025 17:38:40";"2025.5674461.32802.1.600057.411.5893.91415.6"
"150000,00";"08/05/2025 00:00:00";"08/05/2025 15:07:13";"16/05/2025 18:49:46";"2025.5674461.32802.1.600057.411.5893.91415.6"
"100000,00";"19/11/2025 00:00:00";"19/11/2025 11:11:23";"24/11/2025 15:06:59";"2025.5673934.32802.1.600061.411.5893.91454.6"
"70000,00";"06/10/2025 00:00:00";"06/10/2025 16:15:51";"10/10/2025 09:53:19";"2025.5673933.32802.1.600068.411.5893.91463.6"
"90000,00";"03/10/2025 00:00:00";"04/10/2025 11:23:57";"06/10/2025 17:54:44";"2025.5674461.32802.1.600057.411.5893.91415.6"
"60000,00";"22/12/2025 00:00:00";"22/12/2025 11:32:28";"22/01/2026 15:37:11";"2025.5673934.32802.1.600061.411.5893.91454.6"
"120000,00";"28/11/2025 00:00:00";"28/11/2025 19:33:31";"01/12/2025 17:17:51";"2025.5673934.32802.1.600061.411.5893.91454.6"
"100000,00";"05/06/2025 00:00:00";"05/06/2025 16:29:33";"11/06/2025 17:03:41";"2025.5674461.32802.1.600057.411.5893.91415.6"
"205180,34";"26/11/2025 00:00:00";"26/11/2025 15:50:00";"26/11/2025 15:50:00";"2025.5670053.18401.1.600033.417.1399.90231.6"
"499470,83";"31/10/2025 00:00:00";"31/10/2025 15:48:21";"31/10/2025 15:48:21";"2025.5675974.18401.1.600057.417.1399.91415.6"
"753983,76";"17/12/2025 00:00:00";"17/12/2025 15:29:32";"17/12/2025 15:29:32";"2025.5678418.18401.1.600077.417.1399.91391.6"
"352440,00";"08/08/2025 00:00:00";"08/08/2025 14:43:08";"08/08/2025 14:43:08";"2025.5671904.18401.1.600059.417.1399.91468.6"
"6080,00";"15/12/2025 00:00:00";"15/12/2025 10:18:02";"15/12/2025 10:18:02";"2025.5672277.18401.1.600058.417.1399.91461.6"
"89800,00";"25/08/2025 00:00:00";"25/08/2025 14:21:16";"25/08/2025 14:21:16";"2025.5671904.18401.1.600059.417.1399.91468.6"
"40019,00";"16/12/2025 00:00:00";"16/12/2025 15:21:15";"16/12/2025 15:21:15";"2025.5671905.18401.1.600064.417.1399.91398.6"
"74184,80";"07/10/2025 00:00:00";"07/10/2025 17:05:20";"10/10/2025 14:34:50";"2025.5678418.18401.1.600077.417.1399.91391.6"
"902840,89";"21/10/2025 00:00:00";"21/10/2025 16:02:16";"21/10/2025 16:02:16";"2025.5673259.18401.1.600073.417.1399.91387.6"
"52000,00";"15/12/2025 00:00:00";"15/12/2025 10:13:51";"15/12/2025 10:13:51";"2025.5672277.18401.1.600058.417.1399.91461.6"
"17533,33";"10/12/2025 00:00:00";"10/12/2025 14:36:36";"10/12/2025 14:36:36";"2025.5678421.18401.1.600046.417.1399.90188.6"
"366600,00";"11/09/2025 00:00:00";"11/09/2025 16:12:31";"11/09/2025 16:12:31";"2025.5673251.18401.1.600069.417.1399.91470.6"
"715555,54";"24/07/2025 00:00:00";"24/07/2025 11:41:11";"24/07/2025 11:41:11";"2025.5679722.18401.1.600028.417.1399.90199.6"
"70133,32";"30/10/2025 00:00:00";"30/10/2025 15:34:44";"30/10/2025 15:34:44";"2025.5678418.18401.1.600077.417.1399.91391.6"
"306000,00";"21/05/2025 00:00:00";"21/05/2025 15:30:18";"26/05/2025 11:18:26";"2025.5678419.18401.1.600042.417.1399.90193.6"
"703703,70";"07/10/2025 00:00:00";"07/10/2025 14:10:30";"10/10/2025 14:34:50";"2025.5673259.18401.1.600073.417.1399.91387.6"
"34222,20";"15/08/2025 00:00:00";"15/08/2025 11:37:05";"15/08/2025 11:37:05";"2025.5673251.18401.1.600069.417.1399.91470.6"
"227451,10";"01/08/2025 00:00:00";"01/08/2025 15:46:49";"01/08/2025 15:46:49";"2025.5673251.18401.1.600069.417.1399.91470.6"
"38999,16";"25/11/2025 00:00:00";"25/11/2025 14:35:17";"25/11/2025 14:35:17";"2025.5678418.18401.1.600077.417.1399.91391.6"
"311828,99";"15/12/2025 00:00:00";"15/12/2025 10:26:45";"15/12/2025 10:26:45";"2025.6181494.18401.1.600135.417.1399.97695.6"
"562528,00";"24/09/2025 00:00:00";"24/09/2025 15:55:49";"29/09/2025 14:49:28";"2025.5670053.18401.1.600033.417.1399.90231.6"
"1062321,60";"01/08/2025 00:00:00";"01/08/2025 11:47:12";"01/08/2025 11:47:12";"2025.5673258.18401.1.600018.417.1399.90220.6"
"86100,00";"15/12/2025 00:00:00";"15/12/2025 10:16:00";"15/12/2025 10:16:00";"2025.5672277.18401.1.600058.417.1399.91461.6"
"215555,50";"28/08/2025 00:00:00";"28/08/2025 11:26:21";"28/08/2025 11:26:21";"2025.5673251.18401.1.600069.417.1399.91470.6"
"195300,00";"27/08/2025 00:00:00";"27/08/2025 09:18:16";"27/08/2025 09:18:16";"2025.5671904.18401.1.600059.417.1399.91468.6"
"102590,17";"27/08/2025 00:00:00";"27/08/2025 09:19:56";"27/08/2025 09:19:56";"2025.5671904.18401.1.600059.417.1399.91468.6"
"3422,22";"16/10/2025 00:00:00";"16/10/2025 16:52:52";"16/10/2025 16:52:52";"2025.5678421.18401.1.600046.417.1399.90188.6"
"515909,08";"22/07/2025 00:00:00";"22/07/2025 18:27:16";"23/07/2025 10:31:25";"2025.5679722.18401.1.600028.417.1399.90199.6"
"86222,20";"30/10/2025 00:00:00";"30/10/2025 15:39:27";"30/10/2025 15:39:27";"2025.5675974.18401.1.600057.417.1399.91415.6"
"125500,00";"14/11/2025 00:00:00";"14/11/2025 10:33:51";"14/11/2025 10:33:51";"2025.5671904.18401.1.600059.417.1399.91468.6"
"1407407,40";"29/07/2025 00:00:00";"29/07/2025 15:11:39";"29/07/2025 15:11:39";"2025.5673251.18401.1.600069.417.1399.91470.6"
"806818,15";"16/12/2025 00:00:00";"16/12/2025 11:12:33";"16/12/2025 11:12:33";"2025.5673251.18401.1.600069.417.1399.91470.6"
"515909,08";"01/08/2025 00:00:00";"01/08/2025 16:17:46";"01/08/2025 16:17:46";"2025.5675974.18401.1.600057.417.1399.91415.6"
"290500,00";"10/09/2025 00:00:00";"10/09/2025 16:49:04";"10/09/2025 16:49:04";"2025.5671904.18401.1.600059.417.1399.91468.6"
"187499,88";"15/12/2025 00:00:00";"15/12/2025 10:20:40";"15/12/2025 10:20:40";"2025.5675974.18401.1.600057.417.1399.91415.6"
"146640,00";"30/10/2025 00:00:00";"30/10/2025 15:37:19";"30/10/2025 15:37:19";"2025.5675974.18401.1.600057.417.1399.91415.6"
"86222,20";"27/08/2025 00:00:00";"27/08/2025 09:25:41";"27/08/2025 09:25:41";"2025.5679722.18401.1.600028.417.1399.90199.6"
"15200,00";"17/11/2025 00:00:00";"17/11/2025 14:37:00";"17/11/2025 14:37:00";"2025.5671904.18401.1.600059.417.1399.91468.6"
"150888,85";"05/12/2025 00:00:00";"05/12/2025 12:55:11";"05/12/2025 12:55:11";"2025.5673259.18401.1.600073.417.1399.91387.6"
"988888,40";"17/12/2025 00:00:00";"17/12/2025 15:27:01";"17/12/2025 15:27:01";"2025.5675974.18401.1.600057.417.1399.91415.6"
"347931,00";"30/06/2025 00:00:00";"30/06/2025 16:55:34";"01/07/2025 09:51:35";"2025.5671904.18401.1.600059.417.1399.91468.6"
"1407407,40";"30/07/2025 00:00:00";"30/07/2025 09:16:49";"30/07/2025 09:16:49";"2025.5673258.18401.1.600018.417.1399.90220.6"
"64666,65";"04/12/2025 00:00:00";"04/12/2025 09:56:25";"04/12/2025 09:56:25";"2025.5672277.18401.1.600058.417.1399.91461.6"
"168888,88";"23/09/2025 00:00:00";"23/09/2025 11:12:28";"23/09/2025 11:12:28";"2025.5679722.18401.1.600028.417.1399.90199.6"
"715555,54";"11/12/2025 00:00:00";"11/12/2025 16:42:06";"11/12/2025 16:42:06";"2025.6181466.18401.1.600080.417.1399.97515.6"
"387165,01";"28/07/2025 00:00:00";"28/07/2025 17:26:28";"28/07/2025 17:26:28";"2025.5671904.18401.1.600059.417.1399.91468.6"
"389733,30";"22/05/2025 00:00:00";"22/05/2025 10:07:24";"22/05/2025 10:07:24";"2025.5678420.18401.1.600038.417.1399.90234.6"
"131209,50";"07/11/2025 00:00:00";"07/11/2025 10:59:04";"07/11/2025 10:59:04";"2025.5671904.18401.1.600059.417.1399.91468.6"
"52599,99";"10/12/2025 00:00:00";"10/12/2025 14:38:53";"10/12/2025 14:38:53";"2025.5672277.18401.1.600058.417.1399.91461.6"
"410360,68";"12/12/2025 00:00:00";"12/12/2025 17:40:44";"12/12/2025 17:40:44";"2025.5673259.18401.1.600073.417.1399.91387.6"
"386931,81";"15/12/2025 00:00:00";"15/12/2025 10:31:12";"15/12/2025 10:31:12";"2025.6181476.18401.1.600089.417.1399.97493.6"
"1025901,70";"27/08/2025 00:00:00";"27/08/2025 09:03:46";"27/08/2025 09:03:46";"2025.5671904.18401.1.600059.417.1399.91468.6"
"61332,88";"16/10/2025 00:00:00";"16/10/2025 11:45:51";"16/10/2025 11:45:51";"2025.5675974.18401.1.600057.417.1399.91415.6"
"644886,35";"15/12/2025 00:00:00";"15/12/2025 13:45:11";"15/12/2025 13:45:11";"2025.6181482.18401.1.600108.417.1399.97561.6"
"223200,00";"10/11/2025 00:00:00";"10/11/2025 10:21:47";"10/11/2025 10:21:47";"2025.5673259.18401.1.600073.417.1399.91387.6"
"1025901,70";"27/08/2025 00:00:00";"27/08/2025 09:21:52";"27/08/2025 09:21:52";"2025.5675974.18401.1.600057.417.1399.91415.6"
"178464,00";"12/03/2025 00:00:00";"12/03/2025 09:57:01";"12/03/2025 09:57:01";"2025.5670770.18401.1.600045.417.1399.90194.6"
"386931,81";"14/11/2025 00:00:00";"14/11/2025 14:56:34";"14/11/2025 14:56:34";"2025.5672277.18401.1.600058.417.1399.91461.6"
"220995,24";"01/12/2025 00:00:00";"01/12/2025 11:31:09";"01/12/2025 11:31:09";"2025.5679722.18401.1.600028.417.1399.90199.6"
"128977,27";"16/10/2025 00:00:00";"16/10/2025 16:51:14";"16/10/2025 16:51:14";"2025.5678421.18401.1.600046.417.1399.90188.6"
"70133,32";"04/12/2025 00:00:00";"04/12/2025 10:08:51";"04/12/2025 10:08:51";"2025.5675974.18401.1.600057.417.1399.91415.6"
"146640,00";"18/09/2025 00:00:00";"18/09/2025 14:20:35";"18/09/2025 14:20:35";"2025.5679722.18401.1.600028.417.1399.90199.6"
"220591,54";"19/12/2023 00:00:00";"19/12/2023 15:12:23";"19/12/2023 15:12:23";"2023.4932899.28101.1.600036.301.7917.57254.6"
"59842,96";"19/12/2023 00:00:00";"19/12/2023 16:59:27";"19/12/2023 16:59:27";"2023.4932895.28101.1.600000.301.7917.55814.6"
"43247,88";"19/12/2023 00:00:00";"19/12/2023 16:57:49";"19/12/2023 16:57:49";"2023.4932895.28101.1.600000.301.7917.55814.6"
"34917,42";"26/10/2023 00:00:00";"26/10/2023 09:24:25";"26/10/2023 09:24:25";"2023.4932895.28101.1.600000.301.7917.55814.6"
"29921,48";"19/12/2023 00:00:00";"19/12/2023 17:01:15";"19/12/2023 17:01:15";"2023.4932899.28101.1.600036.301.7917.57254.6"
"17337,00";"18/12/2024 00:00:00";"18/12/2024 16:01:03";"18/12/2024 16:01:03";"2024.5660265.10501.1.600036.417.6608.61619.6"
"82948,04";"20/12/2022 00:00:00";"20/12/2022 11:38:48";"20/12/2022 11:38:48";"2022.4662256.11303.1.600031.306.7867.57109.6"
"100000,00";"08/08/2024 00:00:00";"08/08/2024 17:14:56";"08/08/2024 17:14:56";"2024.5212859.22301.1.600046.406.1372.62306.6"
"293101,76";"09/12/2025 00:00:00";"09/12/2025 10:10:45";"10/12/2025 17:07:15";"2025.5677344.26401.2.600042.419.5183.90193.6"
"45102,49";"16/12/2025 00:00:00";"16/12/2025 14:06:16";"16/12/2025 17:23:52";"2025.5677344.26401.2.600042.419.5183.90193.6"
"89101,67";"05/12/2025 00:00:00";"05/12/2025 15:53:28";"10/12/2025 15:32:55";"2025.5677344.26401.2.600042.419.5183.90193.6"
"280357,33";"16/12/2025 00:00:00";"16/12/2025 16:06:51";"16/12/2025 16:06:51";"2025.5677344.26401.2.600042.419.5183.90193.6"
"278476,13";"14/07/2025 00:00:00";"14/07/2025 09:14:40";"14/07/2025 09:14:40";"2025.5681215.26401.1.600052.419.5183.90197.6"
"5891,79";"08/09/2025 00:00:00";"08/09/2025 16:53:57";"08/09/2025 16:53:57";"2025.5677344.26401.2.600042.419.5183.90193.6"
"313160,37";"17/04/2025 00:00:00";"17/04/2025 16:17:18";"17/04/2025 16:17:18";"2025.5675363.26401.1.600075.419.5183.91385.6"
"142086,33";"22/04/2025 00:00:00";"22/04/2025 17:25:30";"22/04/2025 17:25:30";"2025.5676296.26401.2.600043.419.5183.90235.6"
"79716,60";"17/09/2025 00:00:00";"17/09/2025 14:19:48";"17/09/2025 14:19:48";"2025.5677344.26401.2.600042.419.5183.90193.6"
"5891,79";"16/12/2025 00:00:00";"16/12/2025 16:00:06";"16/12/2025 16:08:53";"2025.5677344.26401.2.600042.419.5183.90193.6"
"7441,60";"23/04/2025 00:00:00";"23/04/2025 09:46:35";"23/04/2025 09:46:35";"2025.5676296.26401.2.600043.419.5183.90235.6"
"140346,76";"02/05/2025 00:00:00";"02/05/2025 14:19:59";"02/05/2025 14:19:59";"2025.5670910.26401.1.600038.419.5183.90234.6"
"177114,75";"10/03/2025 00:00:00";"10/03/2025 15:11:42";"10/03/2025 15:11:42";"2025.5670910.26401.1.600038.419.5183.90234.6"
"429049,19";"04/04/2025 00:00:00";"04/04/2025 16:13:22";"17/04/2025 16:21:31";"2025.5675362.26401.1.600075.419.5183.91385.6"
"88768,70";"29/07/2025 00:00:00";"29/07/2025 17:13:24";"30/07/2025 11:08:25";"2025.5676296.26401.2.600043.419.5183.90235.6"
"10709,16";"14/08/2025 00:00:00";"14/08/2025 11:42:26";"14/08/2025 11:42:26";"2025.5677344.26401.2.600042.419.5183.90193.6"
"9821,98";"02/05/2025 00:00:00";"02/05/2025 14:15:12";"02/05/2025 14:15:12";"2025.5670910.26401.1.600038.419.5183.90234.6"
"4714,55";"10/03/2025 00:00:00";"10/03/2025 15:19:51";"10/03/2025 15:19:51";"2025.5670910.26401.1.600038.419.5183.90234.6"
"58819,06";"08/09/2025 00:00:00";"08/09/2025 17:20:23";"08/09/2025 17:20:23";"2025.5677344.26401.2.600042.419.5183.90193.6"
"30828,70";"22/04/2025 00:00:00";"22/04/2025 16:53:35";"22/04/2025 16:53:35";"2025.5676296.26401.2.600043.419.5183.90235.6"
"3143,03";"20/03/2025 00:00:00";"20/03/2025 15:40:55";"20/03/2025 15:40:55";"2025.5670910.26401.1.600038.419.5183.90234.6"
"157245,51";"18/09/2025 00:00:00";"18/09/2025 15:25:32";"18/09/2025 15:25:32";"2025.5677344.26401.2.600042.419.5183.90193.6"
"11783,58";"03/12/2025 00:00:00";"03/12/2025 16:50:52";"10/12/2025 15:30:20";"2025.5677344.26401.2.600042.419.5183.90193.6"
"10100,21";"14/08/2025 00:00:00";"14/08/2025 13:53:46";"14/08/2025 13:53:46";"2025.5677344.26401.2.600042.419.5183.90193.6"
"100398,34";"14/08/2025 00:00:00";"14/08/2025 13:58:07";"14/08/2025 13:58:07";"2025.5677344.26401.2.600042.419.5183.90193.6"
"220512,85";"12/06/2025 00:00:00";"12/06/2025 14:52:21";"12/06/2025 14:52:21";"2025.5670910.26401.1.600038.419.5183.90234.6"
"251115,56";"20/03/2025 00:00:00";"20/03/2025 15:45:01";"20/03/2025 15:45:01";"2025.5670910.26401.1.600038.419.5183.90234.6"
"45820,50";"03/06/2025 00:00:00";"03/06/2025 10:08:56";"03/06/2025 10:08:56";"2025.5676296.26401.2.600043.419.5183.90235.6"
"95907,99";"16/10/2025 00:00:00";"16/10/2025 18:23:42";"16/10/2025 18:23:42";"2025.5677344.26401.2.600042.419.5183.90193.6"
"134509,98";"31/10/2025 00:00:00";"31/10/2025 09:00:05";"17/11/2025 16:41:16";"2025.5677344.26401.2.600042.419.5183.90193.6"
"106029,17";"14/07/2025 00:00:00";"14/07/2025 10:00:23";"14/07/2025 10:00:23";"2025.5676296.26401.2.600043.419.5183.90235.6"
"216848,85";"03/06/2025 00:00:00";"03/06/2025 17:19:17";"03/06/2025 17:19:17";"2025.5670910.26401.1.600038.419.5183.90234.6"
"112598,12";"14/07/2025 00:00:00";"14/07/2025 09:26:46";"14/07/2025 09:26:46";"2025.5681214.26401.1.600052.419.5183.90197.6"
"450000,00";"10/02/2026 00:00:00";"10/02/2026 17:35:05";"10/02/2026 17:35:05";"2026.6188993.32101.3.600138.411.3701.97680.6"
"300000,00";"24/02/2026 00:00:00";"24/02/2026 13:01:05";"24/02/2026 13:01:05";"2026.6187650.32101.3.600102.411.3701.97600.6"
"250000,00";"20/02/2026 00:00:00";"20/02/2026 12:09:35";"20/02/2026 12:18:01";"2026.6188994.32101.3.600164.411.3701.97833.6"
"60000,00";"12/02/2026 00:00:00";"12/02/2026 17:12:40";"12/02/2026 17:12:40";"2026.6188993.32101.3.600138.411.3701.97680.6"
"150000,00";"26/02/2026 00:00:00";"26/02/2026 10:12:03";"26/02/2026 10:12:03";"2026.6187652.32101.3.600124.411.3701.97676.6"
"190000,00";"24/02/2026 00:00:00";"24/02/2026 15:04:08";"24/02/2026 15:04:08";"2026.6187652.32101.3.600124.411.3701.97676.6"
"150000,00";"24/02/2026 00:00:00";"24/02/2026 12:00:59";"24/02/2026 12:00:59";"2026.6188996.32101.3.600166.411.3701.97860.6"
"250000,00";"03/03/2026 00:00:00";"03/03/2026 10:45:44";"03/03/2026 10:45:44";"2026.6188993.32101.3.600138.411.3701.97680.6"
"95000,00";"09/02/2026 00:00:00";"09/02/2026 16:51:52";"09/02/2026 16:51:52";"2026.6188995.32101.3.600171.411.3701.97926.6"
"300000,00";"19/02/2026 00:00:00";"19/02/2026 11:50:14";"19/02/2026 11:50:14";"2026.6188993.32101.3.600138.411.3701.97680.6"
"200000,00";"19/02/2026 00:00:00";"19/02/2026 10:04:21";"19/02/2026 10:04:21";"2026.6188995.32101.3.600171.411.3701.97926.6"
"150000,00";"11/02/2026 00:00:00";"11/02/2026 14:40:25";"11/02/2026 14:40:25";"2026.6188994.32101.3.600164.411.3701.97833.6"
"70000,00";"23/02/2026 00:00:00";"23/02/2026 15:31:50";"23/02/2026 15:31:50";"2026.6187653.32101.3.600129.411.3701.97688.6"
"230000,00";"05/03/2026 00:00:00";"05/03/2026 15:01:40";"05/03/2026 15:01:40";"2026.6187652.32101.3.600124.411.3701.97676.6"
"200000,00";"24/02/2026 00:00:00";"24/02/2026 09:47:50";"24/02/2026 09:47:50";"2026.6187652.32101.3.600124.411.3701.97676.6"
"130000,00";"06/02/2026 00:00:00";"06/02/2026 17:27:28";"06/02/2026 17:27:28";"2026.6188993.32101.3.600138.411.3701.97680.6"
"200000,00";"20/02/2026 00:00:00";"20/02/2026 12:07:23";"20/02/2026 12:07:23";"2026.6188993.32101.3.600138.411.3701.97680.6"
"80000,00";"11/03/2026 00:00:00";"11/03/2026 17:04:01";"11/03/2026 17:04:01";"2026.6188995.32101.3.600171.411.3701.97926.6"
"80000,00";"02/03/2026 00:00:00";"02/03/2026 15:36:14";"02/03/2026 15:36:14";"2026.6188993.32101.3.600138.411.3701.97680.6"
"300000,00";"09/02/2026 00:00:00";"09/02/2026 15:47:11";"09/02/2026 15:47:11";"2026.6188998.32101.3.600139.411.3701.97678.6"
"150000,00";"10/02/2026 00:00:00";"10/02/2026 16:04:29";"10/02/2026 16:04:29";"2026.6188998.32101.3.600139.411.3701.97678.6"
"80000,00";"27/02/2026 00:00:00";"27/02/2026 11:09:44";"05/03/2026 10:34:49";"2026.6188995.32101.3.600171.411.3701.97926.6"
"150000,00";"24/02/2026 00:00:00";"24/02/2026 10:19:23";"24/02/2026 10:19:23";"2026.6187652.32101.3.600124.411.3701.97676.6"
"300000,00";"06/03/2026 00:00:00";"06/03/2026 11:40:19";"06/03/2026 11:40:19";"2026.6187652.32101.3.600124.411.3701.97676.6"
"60000,00";"26/02/2026 00:00:00";"26/02/2026 16:29:42";"26/02/2026 16:29:42";"2026.6188993.32101.3.600138.411.3701.97680.6"
"150000,00";"26/02/2026 00:00:00";"26/02/2026 16:07:22";"26/02/2026 16:07:22";"2026.6188998.32101.3.600139.411.3701.97678.6"
"90000,00";"27/02/2026 00:00:00";"27/02/2026 09:45:44";"27/02/2026 09:45:44";"2026.6187652.32101.3.600124.411.3701.97676.6"
"95000,00";"02/03/2026 00:00:00";"02/03/2026 15:47:43";"02/03/2026 15:47:43";"2026.6187652.32101.3.600124.411.3701.97676.6"
"280000,00";"24/02/2026 00:00:00";"24/02/2026 16:18:11";"24/02/2026 16:18:11";"2026.6188995.32101.3.600171.411.3701.97926.6"
"120000,00";"23/02/2026 00:00:00";"23/02/2026 15:19:55";"23/02/2026 15:19:55";"2026.6187653.32101.3.600129.411.3701.97688.6"
"600000,00";"20/02/2026 00:00:00";"20/02/2026 14:35:01";"20/02/2026 14:35:01";"2026.6187652.32101.3.600124.411.3701.97676.6"
"180000,00";"26/02/2026 00:00:00";"26/02/2026 16:52:21";"26/02/2026 16:52:21";"2026.6188998.32101.3.600139.411.3701.97678.6"
"90000,00";"04/03/2026 00:00:00";"04/03/2026 09:22:50";"04/03/2026 09:22:50";"2026.6187652.32101.3.600124.411.3701.97676.6"
"120000,00";"05/03/2026 00:00:00";"05/03/2026 15:49:34";"05/03/2026 15:49:34";"2026.6188995.32101.3.600171.411.3701.97926.6"
"300000,00";"09/02/2026 00:00:00";"09/02/2026 16:24:28";"09/02/2026 16:24:28";"2026.6188995.32101.3.600171.411.3701.97926.6"
"60000,00";"25/02/2026 00:00:00";"25/02/2026 09:33:37";"25/02/2026 09:33:37";"2026.6188993.32101.3.600138.411.3701.97680.6"
"120000,00";"10/02/2026 00:00:00";"10/02/2026 10:15:53";"10/02/2026 10:15:53";"2026.6187653.32101.3.600129.411.3701.97688.6"
"100000,00";"24/02/2026 00:00:00";"24/02/2026 14:12:49";"24/02/2026 14:12:49";"2026.6188995.32101.3.600171.411.3701.97926.6"
"70000,00";"20/02/2026 00:00:00";"20/02/2026 14:24:08";"20/02/2026 14:24:08";"2026.6188993.32101.3.600138.411.3701.97680.6"
"300000,00";"23/02/2026 00:00:00";"23/02/2026 15:45:14";"23/02/2026 15:45:14";"2026.6187650.32101.3.600102.411.3701.97600.6"
"120000,00";"05/03/2026 00:00:00";"05/03/2026 11:25:25";"05/03/2026 11:25:25";"2026.6187653.32101.3.600129.411.3701.97688.6"
"80000,00";"27/02/2026 00:00:00";"27/02/2026 11:31:22";"05/03/2026 11:34:59";"2026.6188995.32101.3.600171.411.3701.97926.6"
"400000,00";"06/02/2026 00:00:00";"06/02/2026 16:43:45";"06/02/2026 16:43:45";"2026.6188998.32101.3.600139.411.3701.97678.6"
"70000,00";"27/02/2026 00:00:00";"27/02/2026 10:49:12";"05/03/2026 11:34:18";"2026.6188995.32101.3.600171.411.3701.97926.6"
"80000,00";"25/02/2026 00:00:00";"25/02/2026 11:49:47";"25/02/2026 11:49:47";"2026.6188994.32101.3.600164.411.3701.97833.6"
"190000,00";"24/02/2026 00:00:00";"24/02/2026 15:11:35";"24/02/2026 15:11:35";"2026.6187650.32101.3.600102.411.3701.97600.6"
"80000,00";"23/02/2026 00:00:00";"23/02/2026 15:45:51";"23/02/2026 15:45:51";"2026.6188993.32101.3.600138.411.3701.97680.6"
"50000,00";"05/03/2026 00:00:00";"05/03/2026 16:47:15";"05/03/2026 16:47:15";"2026.6187652.32101.3.600124.411.3701.97676.6"
"136500,00";"05/03/2026 00:00:00";"05/03/2026 17:03:35";"05/03/2026 17:03:35";"2026.6188993.32101.3.600138.411.3701.97680.6"
"200000,00";"02/03/2026 00:00:00";"02/03/2026 15:39:51";"02/03/2026 15:39:51";"2026.6187652.32101.3.600124.411.3701.97676.6"
"250000,00";"20/02/2026 00:00:00";"20/02/2026 10:04:49";"20/02/2026 10:04:49";"2026.6188995.32101.3.600171.411.3701.97926.6"
"60000,00";"26/02/2026 00:00:00";"26/02/2026 13:11:20";"26/02/2026 13:11:20";"2026.6188993.32101.3.600138.411.3701.97680.6"
"300000,00";"19/02/2026 00:00:00";"19/02/2026 10:48:40";"19/02/2026 10:48:40";"2026.6188998.32101.3.600139.411.3701.97678.6"
"250000,00";"10/02/2026 00:00:00";"10/02/2026 16:33:51";"10/02/2026 16:33:51";"2026.6188998.32101.3.600139.411.3701.97678.6"
"150000,00";"23/02/2026 00:00:00";"23/02/2026 10:07:20";"23/02/2026 10:07:20";"2026.6188993.32101.3.600138.411.3701.97680.6"
"90000,00";"26/02/2026 00:00:00";"26/02/2026 16:29:37";"26/02/2026 16:29:37";"2026.6187652.32101.3.600124.411.3701.97676.6"
"100000,00";"10/02/2026 00:00:00";"10/02/2026 11:14:11";"10/02/2026 11:14:11";"2026.6188995.32101.3.600171.411.3701.97926.6"
"130000,00";"23/02/2026 00:00:00";"23/02/2026 09:51:46";"23/02/2026 09:51:46";"2026.6187652.32101.3.600124.411.3701.97676.6"
"400000,00";"19/02/2026 00:00:00";"19/02/2026 12:29:11";"19/02/2026 12:29:11";"2026.6188995.32101.3.600171.411.3701.97926.6"
"52647,25";"18/09/2025 00:00:00";"18/09/2025 14:15:02";"18/09/2025 14:15:02";"2025.5674236.26401.2.600053.419.1162.90185.6"
"49628,45";"21/02/2025 00:00:00";"21/02/2025 16:30:01";"21/02/2025 16:30:01";"2025.5670589.26401.1.600039.419.1162.90190.6"
"310091,30";"14/07/2025 00:00:00";"14/07/2025 09:21:32";"14/07/2025 09:21:32";"2025.5681209.26401.1.600052.419.1162.90197.6"
"54277,75";"12/06/2025 00:00:00";"12/06/2025 09:52:04";"12/06/2025 09:52:04";"2025.5670589.26401.1.600039.419.1162.90190.6"
"52759,34";"15/05/2025 00:00:00";"15/05/2025 15:26:18";"15/05/2025 15:26:18";"2025.5674236.26401.2.600053.419.1162.90185.6"
"96497,76";"25/04/2025 00:00:00";"25/04/2025 09:00:06";"25/04/2025 09:00:06";"2025.5670589.26401.1.600039.419.1162.90190.6"
"146312,31";"03/04/2025 00:00:00";"03/04/2025 17:02:21";"03/04/2025 17:02:21";"2025.5675358.26401.1.600075.419.1162.91385.6"
"829595,42";"04/04/2025 00:00:00";"04/04/2025 14:44:59";"17/04/2025 16:19:29";"2025.5675356.26401.1.600075.419.1162.91385.6"
"50000,00";"19/12/2022 00:00:00";"19/12/2022 12:00:33";"19/12/2022 12:00:33";"2022.4925515.11601.1.600009.306.2696.51878.6"
"58108,81";"28/03/2025 00:00:00";"28/03/2025 10:10:59";"28/03/2025 10:10:59";"2025.5674236.26401.2.600053.419.1162.90185.6"
"100179,05";"03/04/2025 00:00:00";"03/04/2025 16:49:11";"03/04/2025 16:49:11";"2025.5673463.26401.1.600075.419.1162.91385.6"
"570086,61";"04/04/2025 00:00:00";"04/04/2025 09:37:06";"04/04/2025 09:37:06";"2025.5673461.26401.1.600075.419.1162.91385.6"
"486454,66";"11/07/2025 00:00:00";"11/07/2025 17:02:41";"11/07/2025 17:02:41";"2025.5681210.26401.1.600052.419.1162.90197.6"
"84509,55";"03/06/2025 00:00:00";"03/06/2025 15:08:09";"03/06/2025 15:08:09";"2025.5670589.26401.1.600039.419.1162.90190.6"
"679337,48";"18/03/2025 00:00:00";"18/03/2025 10:37:43";"18/03/2025 10:37:43";"2025.5673462.26401.1.600056.419.1162.90187.6"
"287546,84";"08/04/2025 00:00:00";"08/04/2025 11:00:49";"17/04/2025 16:23:12";"2025.5675356.26401.1.600075.419.1162.91385.6"
"342954,53";"29/04/2025 00:00:00";"29/04/2025 09:34:03";"29/04/2025 09:34:03";"2025.5675357.26401.1.600075.419.1162.91385.6"
"1299999,99";"04/06/2025 00:00:00";"04/06/2025 09:04:48";"04/06/2025 09:04:48";"2025.5673459.26401.1.600075.419.1162.91385.6"
"12777,58";"17/07/2025 00:00:00";"17/07/2025 15:03:14";"17/07/2025 15:03:14";"2025.5670588.26401.1.600039.419.1162.90190.6"
"13435,51";"12/06/2025 00:00:00";"12/06/2025 10:08:50";"12/06/2025 10:08:50";"2025.5672451.26401.1.600043.419.1162.90235.6"
"616225,07";"04/04/2025 00:00:00";"04/04/2025 15:32:29";"17/04/2025 16:20:18";"2025.5673463.26401.1.600075.419.1162.91385.6"
"130244,38";"21/03/2025 00:00:00";"21/03/2025 11:17:57";"21/03/2025 11:17:57";"2025.5670588.26401.1.600039.419.1162.90190.6"
"7774,63";"17/07/2025 00:00:00";"17/07/2025 15:07:28";"17/07/2025 15:07:28";"2025.5676249.26401.1.600030.419.1162.90229.6"
"91691,29";"25/04/2025 00:00:00";"25/04/2025 10:14:17";"25/04/2025 10:14:17";"2025.5676249.26401.1.600030.419.1162.90229.6"
"526858,25";"28/04/2025 00:00:00";"28/04/2025 15:21:48";"28/04/2025 15:21:48";"2025.5673462.26401.1.600056.419.1162.90187.6"
"121781,32";"04/04/2025 00:00:00";"04/04/2025 09:21:11";"04/04/2025 09:21:11";"2025.5675355.26401.1.600075.419.1162.91385.6"
"82553,49";"26/03/2025 00:00:00";"26/03/2025 15:14:25";"26/03/2025 15:14:25";"2025.5670589.26401.1.600039.419.1162.90190.6"
"20497,40";"11/06/2025 00:00:00";"11/06/2025 10:42:05";"11/06/2025 10:42:05";"2025.5670588.26401.1.600039.419.1162.90190.6"
"583813,87";"22/05/2025 00:00:00";"22/05/2025 16:55:17";"22/05/2025 16:55:17";"2025.5673460.26401.1.600075.419.1162.91385.6"
"105106,50";"16/07/2025 00:00:00";"16/07/2025 17:12:35";"16/07/2025 17:12:35";"2025.5673462.26401.1.600056.419.1162.90187.6"
"281722,13";"14/07/2025 00:00:00";"14/07/2025 09:35:12";"14/07/2025 09:35:12";"2025.5681209.26401.1.600052.419.1162.90197.6"
"121753,20";"07/04/2025 00:00:00";"07/04/2025 16:24:44";"17/04/2025 16:22:29";"2025.5672544.26401.1.600075.419.1162.91385.6"
"405609,22";"04/04/2025 00:00:00";"04/04/2025 15:27:09";"17/04/2025 16:19:53";"2025.5675354.26401.1.600075.419.1162.91385.6"
"2396,59";"15/05/2025 00:00:00";"15/05/2025 15:40:07";"15/05/2025 15:40:07";"2025.5673367.26401.2.600053.419.1162.90185.6"
"77649,63";"04/08/2025 00:00:00";"04/08/2025 13:44:52";"04/08/2025 13:44:52";"2025.5672451.26401.1.600043.419.1162.90235.6"
"89256,38";"04/06/2025 00:00:00";"04/06/2025 09:18:11";"04/06/2025 09:18:11";"2025.5676249.26401.1.600030.419.1162.90229.6"
"36773,98";"14/04/2025 00:00:00";"14/04/2025 10:38:19";"14/04/2025 10:38:19";"2025.5670588.26401.1.600039.419.1162.90190.6"
"319182,79";"16/07/2025 00:00:00";"16/07/2025 08:57:55";"16/07/2025 08:57:55";"2025.5681209.26401.1.600052.419.1162.90197.6"
"44082,84";"25/04/2025 00:00:00";"25/04/2025 09:54:09";"25/04/2025 09:54:09";"2025.5676249.26401.1.600030.419.1162.90229.6"
"434759,96";"25/02/2025 00:00:00";"25/02/2025 11:16:21";"25/02/2025 11:16:21";"2025.5670588.26401.1.600039.419.1162.90190.6"
"324969,77";"29/05/2025 00:00:00";"29/05/2025 10:24:59";"29/05/2025 10:24:59";"2025.5673462.26401.1.600056.419.1162.90187.6"
"19428,84";"18/03/2025 00:00:00";"18/03/2025 09:53:25";"18/03/2025 09:53:25";"2025.5673367.26401.2.600053.419.1162.90185.6"
"70000,00";"10/10/2022 00:00:00";"10/10/2022 12:12:10";"10/10/2022 12:12:10";"2022.4581404.21101.5.600022.308.1793.51856.6"
"16735,00";"02/05/2022 00:00:00";"02/05/2022 15:31:33";"10/05/2022 10:34:29";"2022.4575382.11601.1.600010.306.7744.51879.6"
"157892,00";"26/06/2024 00:00:00";"26/06/2024 09:09:24";"26/06/2024 09:09:24";"2024.5224817.21301.1.600056.414.5031.62315.6"
"450000,00";"10/10/2022 00:00:00";"10/10/2022 11:24:52";"10/10/2022 11:24:52";"2022.4577824.21101.5.600021.308.1793.51890.6"
"14999,00";"29/04/2022 00:00:00";"29/04/2022 16:08:08";"10/05/2022 10:33:57";"2022.4575382.11601.1.600010.306.7744.51879.6"
"1000000,00";"08/10/2024 00:00:00";"08/10/2024 08:04:36";"08/10/2024 08:04:36";"2024.5227498.21301.1.600063.414.5031.91323.6"
"146880,00";"16/09/2022 00:00:00";"16/09/2022 16:07:23";"16/09/2022 16:07:23";"2022.4577823.21101.5.600004.308.1793.51873.6"
"3265,00";"02/05/2022 00:00:00";"02/05/2022 15:26:44";"10/05/2022 10:34:12";"2022.4575382.11601.1.600010.306.7744.51879.6"
"15000,00";"10/05/2022 00:00:00";"10/05/2022 09:26:33";"10/05/2022 10:34:45";"2022.4575382.11601.1.600010.306.7744.51879.6"
"173264,01";"06/03/2024 00:00:00";"06/03/2024 15:46:20";"06/03/2024 15:46:20";"2024.5215426.26401.2.600020.419.1158.61640.6"
"102854,84";"06/03/2024 00:00:00";"06/03/2024 16:04:42";"06/03/2024 16:04:42";"2024.5215426.26401.2.600020.419.1158.61640.6"
"58980,89";"06/03/2024 00:00:00";"06/03/2024 15:52:37";"06/03/2024 15:52:37";"2024.5215425.26401.2.600020.419.1158.61640.6"
"115067,55";"21/03/2025 00:00:00";"21/03/2025 17:24:11";"21/03/2025 17:24:11";"2025.5670455.24801.1.600048.432.7911.90195.6"
"150000,00";"18/07/2024 00:00:00";"18/07/2024 16:22:00";"18/07/2024 16:22:00";"2024.5211037.26101.4.600020.405.7917.61640.6"
"200000,00";"20/12/2024 00:00:00";"20/12/2024 18:50:48";"20/12/2024 18:50:48";"2024.5211038.26101.4.600005.405.7917.61625.6"
"161991,00";"18/07/2024 00:00:00";"18/07/2024 16:19:33";"18/07/2024 16:19:33";"2024.5211036.26101.4.600000.405.7917.61620.6"
"17335,02";"18/07/2024 00:00:00";"18/07/2024 10:43:01";"18/07/2024 10:43:01";"2024.5212248.26101.4.600036.405.7917.61619.6"
"300000,00";"18/07/2024 00:00:00";"18/07/2024 10:47:33";"18/07/2024 10:47:33";"2024.5211034.26101.4.600009.405.7917.61629.6"
"200000,00";"16/12/2024 00:00:00";"16/12/2024 15:59:52";"16/12/2024 15:59:52";"2024.5226221.32101.3.600054.411.3701.62314.6"
"80000,00";"21/08/2024 00:00:00";"21/08/2024 16:46:24";"21/08/2024 16:46:24";"2024.5226221.32101.3.600054.411.3701.62314.6"
"200000,00";"17/12/2024 00:00:00";"17/12/2024 11:07:21";"17/12/2024 11:07:21";"2024.5226221.32101.3.600054.411.3701.62314.6"
"331800,00";"18/10/2024 00:00:00";"18/10/2024 11:51:43";"18/10/2024 11:51:43";"2024.5226221.32101.3.600054.411.3701.62314.6"
"100000,00";"18/12/2024 00:00:00";"18/12/2024 10:05:21";"18/12/2024 10:05:21";"2024.5226221.32101.3.600054.411.3701.62314.6"
"70000,00";"25/07/2024 00:00:00";"25/07/2024 17:53:49";"25/07/2024 17:53:49";"2024.5224679.32101.3.600053.411.3701.62313.6"
"326536,00";"18/10/2024 00:00:00";"18/10/2024 15:41:56";"18/10/2024 15:41:56";"2024.5226221.32101.3.600054.411.3701.62314.6"
"100000,00";"25/11/2024 00:00:00";"25/11/2024 18:18:07";"25/11/2024 18:18:07";"2024.5227884.32101.3.600063.411.3701.91323.6"
"50000,00";"05/11/2024 00:00:00";"05/11/2024 15:45:03";"05/11/2024 15:45:03";"2024.5227884.32101.3.600063.411.3701.91323.6"
"70000,00";"05/08/2024 00:00:00";"05/08/2024 15:38:10";"05/08/2024 15:38:10";"2024.5226221.32101.3.600054.411.3701.62314.6"
"300000,00";"02/10/2024 00:00:00";"02/10/2024 17:38:47";"02/10/2024 17:38:47";"2024.5227884.32101.3.600063.411.3701.91323.6"
"200000,00";"11/10/2024 00:00:00";"11/10/2024 10:07:33";"11/10/2024 10:07:33";"2024.5226221.32101.3.600054.411.3701.62314.6"
"80000,00";"05/08/2024 00:00:00";"05/08/2024 14:41:04";"09/08/2024 16:20:07";"2024.5226221.32101.3.600054.411.3701.62314.6"
"60000,00";"23/07/2024 00:00:00";"23/07/2024 09:34:31";"25/07/2024 12:06:09";"2024.5224679.32101.3.600053.411.3701.62313.6"
"80000,00";"14/08/2024 00:00:00";"14/08/2024 17:12:37";"14/08/2024 17:12:37";"2024.5226221.32101.3.600054.411.3701.62314.6"
"70000,00";"15/08/2024 00:00:00";"15/08/2024 14:34:14";"15/08/2024 14:34:14";"2024.5226221.32101.3.600054.411.3701.62314.6"
"70000,00";"14/08/2024 00:00:00";"14/08/2024 16:58:56";"14/08/2024 16:58:56";"2024.5226221.32101.3.600054.411.3701.62314.6"
"120000,00";"16/09/2024 00:00:00";"16/09/2024 17:06:04";"16/09/2024 17:06:04";"2024.5224679.32101.3.600053.411.3701.62313.6"
"6664,00";"24/10/2024 00:00:00";"24/10/2024 15:21:53";"24/10/2024 15:21:53";"2024.5226221.32101.3.600054.411.3701.62314.6"
"200000,00";"20/08/2024 00:00:00";"20/08/2024 10:58:27";"20/08/2024 10:58:27";"2024.5226221.32101.3.600054.411.3701.62314.6"
"150000,00";"08/10/2024 00:00:00";"08/10/2024 17:09:20";"08/10/2024 17:09:20";"2024.5226221.32101.3.600054.411.3701.62314.6"
"3000,00";"26/09/2024 00:00:00";"26/09/2024 14:18:57";"15/10/2024 09:41:11";"2024.5226221.32101.3.600054.411.3701.62314.6"
"35999,50";"20/12/2024 00:00:00";"20/12/2024 16:16:37";"20/12/2024 16:16:37";"2024.5659411.32101.3.600036.411.3701.61619.6"
"200000,00";"17/10/2024 00:00:00";"17/10/2024 15:51:00";"17/10/2024 15:51:00";"2024.5226221.32101.3.600054.411.3701.62314.6"
"50000,00";"17/12/2024 00:00:00";"17/12/2024 19:42:50";"17/12/2024 19:42:50";"2024.5227884.32101.3.600063.411.3701.91323.6"
"100000,00";"16/12/2024 00:00:00";"16/12/2024 16:32:42";"16/12/2024 16:32:42";"2024.5226221.32101.3.600054.411.3701.62314.6"
"73500,00";"24/10/2024 00:00:00";"24/10/2024 09:59:49";"24/10/2024 09:59:49";"2024.5226221.32101.3.600054.411.3701.62314.6"
"120000,00";"16/12/2024 00:00:00";"16/12/2024 18:21:26";"16/12/2024 18:21:26";"2024.5226221.32101.3.600054.411.3701.62314.6"
"120000,00";"23/07/2024 00:00:00";"23/07/2024 09:39:46";"25/07/2024 12:06:09";"2024.5224679.32101.3.600053.411.3701.62313.6"
"1500,00";"24/10/2024 00:00:00";"24/10/2024 16:55:47";"24/10/2024 16:55:47";"2024.5226221.32101.3.600054.411.3701.62314.6"
"120000,00";"15/08/2024 00:00:00";"15/08/2024 14:32:48";"23/08/2024 09:16:33";"2024.5226219.32101.3.600066.411.3701.91331.6"
"200000,00";"17/12/2024 00:00:00";"17/12/2024 16:32:49";"17/12/2024 16:32:49";"2024.5226221.32101.3.600054.411.3701.62314.6"
"80000,00";"15/08/2024 00:00:00";"15/08/2024 15:18:59";"15/08/2024 15:18:59";"2024.5226221.32101.3.600054.411.3701.62314.6"
"70000,00";"16/08/2024 00:00:00";"16/08/2024 11:28:52";"16/08/2024 11:28:52";"2024.5226221.32101.3.600054.411.3701.62314.6"
"300000,00";"16/08/2024 00:00:00";"16/08/2024 15:16:59";"16/08/2024 15:16:59";"2024.5226221.32101.3.600054.411.3701.62314.6"
"120000,00";"14/08/2024 00:00:00";"14/08/2024 17:45:30";"23/08/2024 09:14:30";"2024.5226219.32101.3.600066.411.3701.91331.6"
"380000,00";"08/10/2024 00:00:00";"08/10/2024 16:23:03";"08/10/2024 16:23:03";"2024.5226221.32101.3.600054.411.3701.62314.6"
"193248,00";"16/12/2024 00:00:00";"16/12/2024 18:09:13";"16/12/2024 18:09:13";"2024.5227884.32101.3.600063.411.3701.91323.6"
"288000,00";"14/08/2024 00:00:00";"14/08/2024 16:04:43";"14/08/2024 16:04:43";"2024.5226221.32101.3.600054.411.3701.62314.6"
"120000,00";"05/08/2024 00:00:00";"05/08/2024 15:24:28";"05/08/2024 17:00:33";"2024.5226221.32101.3.600054.411.3701.62314.6"
"10000,00";"16/08/2024 00:00:00";"16/08/2024 16:53:58";"16/08/2024 16:53:58";"2024.5224679.32101.3.600053.411.3701.62313.6"
"120000,00";"14/08/2024 00:00:00";"14/08/2024 14:40:34";"14/08/2024 14:40:34";"2024.5226221.32101.3.600054.411.3701.62314.6"
"344000,00";"18/12/2024 00:00:00";"18/12/2024 14:15:27";"18/12/2024 14:15:27";"2024.5226221.32101.3.600054.411.3701.62314.6"
"80000,00";"15/08/2024 00:00:00";"15/08/2024 17:35:52";"15/08/2024 17:35:52";"2024.5226221.32101.3.600054.411.3701.62314.6"
"110000,00";"16/08/2024 00:00:00";"16/08/2024 16:32:23";"23/08/2024 14:07:20";"2024.5226219.32101.3.600066.411.3701.91331.6"
"150000,00";"23/08/2024 00:00:00";"23/08/2024 15:39:56";"23/08/2024 15:39:56";"2024.5226219.32101.3.600066.411.3701.91331.6"
"147000,00";"25/09/2024 00:00:00";"25/09/2024 10:26:07";"10/10/2024 10:20:58";"2024.5226221.32101.3.600054.411.3701.62314.6"
"472500,00";"16/12/2021 00:00:00";"16/12/2021 14:54:54";"20/12/2021 14:30:12";"2021.4234812.18401.1.600015.304.1399.51520.6"
"465,99";"27/08/2021 00:00:00";"27/08/2021 16:10:11";"27/08/2021 16:10:11";"2021.4225446.18401.1.600001.304.1399.46523.6"
"227000,00";"06/09/2024 00:00:00";"06/09/2024 09:49:46";"09/09/2024 14:14:06";"2024.5219397.34101.1.600052.446.7850.62312.6"
"227000,00";"06/09/2024 00:00:00";"06/09/2024 09:34:40";"09/09/2024 14:14:06";"2024.5219397.34101.1.600052.446.7850.62312.6"
"64950,00";"17/12/2020 00:00:00";"17/12/2020 14:36:12";"17/12/2020 15:54:20";"2020.3893187.21301.1.600002.308.5793.46265.6"
"84998,10";"02/12/2020 00:00:00";"02/12/2020 13:52:43";"04/12/2020 14:17:53";"2020.3893187.21301.1.600002.308.5793.46265.6"
"134985,20";"11/12/2020 00:00:00";"12/12/2020 16:35:38";"17/12/2020 15:54:20";"2020.3893187.21301.1.600002.308.5793.46265.6"
"158832,70";"04/12/2025 00:00:00";"04/12/2025 15:34:05";"04/12/2025 15:34:05";"2025.5668540.10501.1.600068.417.5916.91463.6"
"49185,50";"17/12/2025 00:00:00";"17/12/2025 07:42:36";"17/12/2025 07:42:36";"2025.5673281.10501.1.600052.417.5916.90197.6"
"549909,08";"28/07/2023 00:00:00";"28/07/2023 15:19:39";"28/07/2023 15:19:39";"2023.4941174.18401.1.600026.304.1399.62011.6"
"16000,00";"04/06/2025 00:00:00";"04/06/2025 11:02:18";"04/06/2025 11:02:18";"2025.5671115.10501.1.600048.417.5916.90195.6"
"238266,50";"04/08/2023 00:00:00";"04/08/2023 10:07:38";"04/08/2023 10:07:38";"2023.4939751.18401.1.600037.304.1399.57308.6"
"69950,00";"31/07/2023 00:00:00";"31/07/2023 11:20:46";"31/07/2023 11:20:46";"2023.4939751.18401.1.600037.304.1399.57308.6"
"16000,00";"18/08/2025 00:00:00";"18/08/2025 10:19:51";"18/08/2025 10:19:51";"2025.5668540.10501.1.600068.417.5916.91463.6"
"39285,55";"24/10/2025 00:00:00";"24/10/2025 14:35:26";"24/10/2025 14:35:26";"2025.5673281.10501.1.600052.417.5916.90197.6"
"100005,00";"31/08/2023 00:00:00";"31/08/2023 16:32:15";"31/08/2023 16:32:15";"2023.4934420.18401.1.600031.304.1399.57248.6"
"53586,00";"17/12/2025 00:00:00";"17/12/2025 13:37:20";"17/12/2025 13:37:20";"2025.5673281.10501.1.600052.417.5916.90197.6"
"18427,40";"01/12/2025 00:00:00";"01/12/2025 11:03:16";"01/12/2025 11:03:16";"2025.5668540.10501.1.600068.417.5916.91463.6"
"17337,60";"18/08/2025 00:00:00";"18/08/2025 10:24:00";"18/08/2025 10:24:00";"2025.5668540.10501.1.600068.417.5916.91463.6"
"49000,00";"21/03/2025 00:00:00";"21/03/2025 10:42:35";"21/03/2025 10:42:35";"2025.5673281.10501.1.600052.417.5916.90197.6"
"4630,00";"17/07/2025 00:00:00";"17/07/2025 12:02:11";"17/07/2025 12:02:11";"2025.5673281.10501.1.600052.417.5916.90197.6"
"49900,00";"18/08/2025 00:00:00";"18/08/2025 10:27:04";"18/08/2025 10:27:04";"2025.5668540.10501.1.600068.417.5916.91463.6"
"53515,54";"11/12/2025 00:00:00";"11/12/2025 15:10:23";"11/12/2025 15:10:23";"2025.5673281.10501.1.600052.417.5916.90197.6"
"10335,00";"19/12/2025 00:00:00";"19/12/2025 10:27:27";"19/12/2025 10:27:27";"2025.5675987.10501.1.600066.417.5916.91438.6"
"287095,12";"31/07/2023 00:00:00";"31/07/2023 11:32:04";"31/07/2023 11:32:04";"2023.4939751.18401.1.600037.304.1399.57308.6"
"39000,00";"17/12/2025 00:00:00";"17/12/2025 07:51:40";"17/12/2025 07:51:40";"2025.5673281.10501.1.600052.417.5916.90197.6"
"49900,00";"21/03/2025 00:00:00";"21/03/2025 14:24:25";"21/03/2025 14:24:25";"2025.5673281.10501.1.600052.417.5916.90197.6"
"61344,00";"11/12/2025 00:00:00";"11/12/2025 11:23:04";"11/12/2025 11:23:04";"2025.5675987.10501.1.600066.417.5916.91438.6"
"5760,00";"18/08/2025 00:00:00";"18/08/2025 10:16:33";"18/08/2025 10:16:33";"2025.5668540.10501.1.600068.417.5916.91463.6"
"12979,50";"25/11/2025 00:00:00";"25/11/2025 13:48:51";"25/11/2025 13:48:51";"2025.5668540.10501.1.600068.417.5916.91463.6"
"13006,50";"17/12/2025 00:00:00";"17/12/2025 07:48:21";"17/12/2025 07:48:21";"2025.5668540.10501.1.600068.417.5916.91463.6"
"62100,00";"17/12/2025 00:00:00";"17/12/2025 08:11:15";"17/12/2025 08:11:15";"2025.5673281.10501.1.600052.417.5916.90197.6"
"6000,00";"17/08/2023 00:00:00";"17/08/2023 17:48:58";"17/08/2023 17:48:58";"2023.4935789.22202.1.600005.302.7980.55819.6"
"107540,10";"20/02/2026 00:00:00";"20/02/2026 16:30:21";"25/02/2026 11:20:14";"2026.6191682.21101.7.600043.413.5914.95157.6"
"30000,00";"07/11/2023 00:00:00";"07/11/2023 10:58:28";"07/11/2023 10:58:28";"2023.4935789.22202.1.600005.302.7980.55819.6"
"150000,00";"27/06/2025 00:00:00";"27/06/2025 14:21:48";"27/06/2025 14:21:48";"2025.5671191.32101.3.600066.411.3701.91438.6"
"50000,00";"16/12/2025 00:00:00";"16/12/2025 09:13:41";"16/12/2025 18:12:51";"2025.6179143.32101.3.600124.411.3701.97669.6"
"99000,00";"17/04/2025 00:00:00";"17/04/2025 16:07:20";"17/04/2025 16:07:20";"2025.5674322.32101.3.600063.411.3701.91446.6"
"1000,00";"11/04/2025 00:00:00";"11/04/2025 16:23:46";"15/04/2025 15:21:00";"2025.5674322.32101.3.600063.411.3701.91446.6"
"140000,00";"18/12/2025 00:00:00";"18/12/2025 21:17:52";"18/12/2025 21:17:52";"2025.6179392.32101.3.600129.411.3701.97701.6"
"250000,00";"28/11/2025 00:00:00";"28/11/2025 15:28:15";"28/11/2025 15:28:15";"2025.6179141.32101.3.600154.411.3701.97715.6"
"250000,00";"11/12/2025 00:00:00";"11/12/2025 18:06:57";"11/12/2025 18:06:57";"2025.6179392.32101.3.600129.411.3701.97701.6"
"50000,00";"14/11/2025 00:00:00";"14/11/2025 11:02:56";"14/11/2025 11:17:41";"2025.5672073.32101.3.600060.411.3701.91413.6"
"50000,00";"15/12/2025 00:00:00";"15/12/2025 20:08:55";"16/12/2025 18:12:50";"2025.6179143.32101.3.600124.411.3701.97669.6"
"232493,48";"11/06/2025 00:00:00";"11/06/2025 17:24:22";"11/06/2025 17:24:22";"2025.5671191.32101.3.600066.411.3701.91438.6"
"100000,00";"19/12/2025 00:00:00";"19/12/2025 20:38:28";"19/12/2025 20:38:28";"2025.6179392.32101.3.600129.411.3701.97701.6"
"205000,00";"15/07/2025 00:00:00";"15/07/2025 16:57:22";"16/07/2025 14:42:51";"2025.5671191.32101.3.600066.411.3701.91438.6"
"300000,00";"19/12/2025 00:00:00";"19/12/2025 20:27:08";"19/12/2025 20:27:08";"2025.6180135.32101.3.600139.411.3701.97691.6"
"80000,00";"18/12/2025 00:00:00";"18/12/2025 16:53:50";"18/12/2025 16:53:50";"2025.5672073.32101.3.600060.411.3701.91413.6"
"20000,00";"24/09/2025 00:00:00";"24/09/2025 17:31:25";"24/09/2025 17:31:25";"2025.5679325.32101.3.600053.411.3701.90185.6"
"120000,00";"18/12/2025 00:00:00";"18/12/2025 22:41:45";"18/12/2025 22:41:45";"2025.6180134.32101.3.600138.411.3701.97693.6"
"150000,00";"20/08/2025 00:00:00";"20/08/2025 09:58:09";"20/08/2025 10:10:51";"2025.5672073.32101.3.600060.411.3701.91413.6"
"8752,00";"05/05/2025 00:00:00";"05/05/2025 14:13:18";"05/05/2025 14:13:18";"2025.5674322.32101.3.600063.411.3701.91446.6"
"290000,00";"05/12/2025 00:00:00";"05/12/2025 17:06:15";"05/12/2025 17:06:15";"2025.6179141.32101.3.600154.411.3701.97715.6"
"100000,00";"19/12/2025 00:00:00";"19/12/2025 18:28:23";"11/03/2026 16:41:34";"2025.6181017.32101.3.600164.411.3701.97783.6"
"11000,00";"03/04/2025 00:00:00";"03/04/2025 14:25:08";"15/04/2025 15:10:23";"2025.5674322.32101.3.600063.411.3701.91446.6"
"100000,00";"19/12/2025 00:00:00";"19/12/2025 00:22:15";"19/12/2025 00:22:15";"2025.6180135.32101.3.600139.411.3701.97691.6"
"100000,00";"22/10/2025 00:00:00";"22/10/2025 14:35:40";"22/10/2025 14:35:40";"2025.5672073.32101.3.600060.411.3701.91413.6"
"70000,00";"11/12/2025 00:00:00";"11/12/2025 09:16:19";"11/12/2025 09:16:19";"2025.5672073.32101.3.600060.411.3701.91413.6"
"150000,00";"15/12/2025 00:00:00";"15/12/2025 14:18:45";"15/12/2025 14:18:45";"2025.6179143.32101.3.600124.411.3701.97669.6"
"1000,00";"11/06/2025 00:00:00";"11/06/2025 17:17:49";"11/06/2025 17:17:49";"2025.5671191.32101.3.600066.411.3701.91438.6"
"100000,00";"17/03/2025 00:00:00";"17/03/2025 09:13:32";"17/03/2025 09:13:32";"2025.5670448.32101.3.600078.411.3701.91419.6"
"83000,00";"19/12/2025 00:00:00";"19/12/2025 12:51:52";"19/12/2025 12:51:52";"2025.6179143.32101.3.600124.411.3701.97669.6"
"100000,00";"15/12/2025 00:00:00";"15/12/2025 15:25:37";"15/12/2025 15:25:37";"2025.6180135.32101.3.600139.411.3701.97691.6"
"160000,00";"18/12/2025 00:00:00";"18/12/2025 20:21:02";"18/12/2025 20:21:02";"2025.6180134.32101.3.600138.411.3701.97693.6"
"105000,00";"24/09/2025 00:00:00";"24/09/2025 17:35:04";"24/09/2025 17:35:04";"2025.5671191.32101.3.600066.411.3701.91438.6"
"200000,00";"17/03/2025 00:00:00";"17/03/2025 11:30:51";"17/03/2025 11:30:51";"2025.5670448.32101.3.600078.411.3701.91419.6"
"100000,00";"03/04/2025 00:00:00";"03/04/2025 09:39:28";"03/04/2025 09:39:28";"2025.5674322.32101.3.600063.411.3701.91446.6"
"70000,00";"18/12/2025 00:00:00";"18/12/2025 20:36:54";"18/12/2025 20:36:54";"2025.6179392.32101.3.600129.411.3701.97701.6"
"200000,00";"11/12/2025 00:00:00";"11/12/2025 16:42:42";"11/12/2025 16:42:42";"2025.6179392.32101.3.600129.411.3701.97701.6"
"100000,00";"15/12/2025 00:00:00";"15/12/2025 15:01:23";"15/12/2025 15:01:23";"2025.6180135.32101.3.600139.411.3701.97691.6"
"180000,00";"10/04/2025 00:00:00";"10/04/2025 15:04:07";"11/04/2025 17:03:43";"2025.5670448.32101.3.600078.411.3701.91419.6"
"149000,00";"03/04/2025 00:00:00";"03/04/2025 14:35:58";"03/04/2025 14:35:58";"2025.5670448.32101.3.600078.411.3701.91419.6"
"35000,00";"03/04/2025 00:00:00";"03/04/2025 09:34:29";"03/04/2025 09:34:29";"2025.5674322.32101.3.600063.411.3701.91446.6"
"300000,00";"19/12/2025 00:00:00";"19/12/2025 09:19:32";"27/01/2026 12:12:47";"2025.6179142.32101.3.600128.411.3701.97699.6"
"1000,00";"03/04/2025 00:00:00";"03/04/2025 14:33:05";"03/04/2025 14:33:05";"2025.5670448.32101.3.600078.411.3701.91419.6"
"70000,00";"19/12/2025 00:00:00";"19/12/2025 17:17:37";"19/12/2025 17:17:37";"2025.6180135.32101.3.600139.411.3701.97691.6"
"70000,00";"19/12/2025 00:00:00";"19/12/2025 18:20:56";"11/03/2026 16:41:33";"2025.6181017.32101.3.600164.411.3701.97783.6"
"200000,00";"28/11/2025 00:00:00";"28/11/2025 15:05:40";"28/11/2025 15:05:40";"2025.6179141.32101.3.600154.411.3701.97715.6"
"250000,00";"28/11/2025 00:00:00";"28/11/2025 12:01:39";"28/11/2025 12:01:39";"2025.6179141.32101.3.600154.411.3701.97715.6"
"165000,00";"29/07/2025 00:00:00";"29/07/2025 15:43:02";"29/07/2025 15:43:02";"2025.5671191.32101.3.600066.411.3701.91438.6"
"95000,00";"18/12/2025 00:00:00";"18/12/2025 16:40:20";"19/12/2025 16:46:43";"2025.6179142.32101.3.600128.411.3701.97699.6"
"230000,00";"19/11/2025 00:00:00";"19/11/2025 16:20:47";"25/11/2025 11:01:47";"2025.5672073.32101.3.600060.411.3701.91413.6"
"1000,00";"17/04/2025 00:00:00";"17/04/2025 16:04:39";"17/04/2025 16:04:39";"2025.5674322.32101.3.600063.411.3701.91446.6"
"99000,00";"27/05/2025 00:00:00";"27/05/2025 14:10:16";"27/05/2025 14:10:16";"2025.5674322.32101.3.600063.411.3701.91446.6"
"100000,00";"08/07/2025 00:00:00";"08/07/2025 14:30:21";"10/07/2025 14:22:18";"2025.5672073.32101.3.600060.411.3701.91413.6"
"100000,00";"18/12/2025 00:00:00";"18/12/2025 21:20:45";"18/12/2025 21:24:52";"2025.6180134.32101.3.600138.411.3701.97693.6"
"100000,00";"25/03/2025 00:00:00";"25/03/2025 10:12:26";"25/03/2025 10:12:26";"2025.5671191.32101.3.600066.411.3701.91438.6"
"100000,00";"20/03/2025 00:00:00";"20/03/2025 14:43:21";"20/03/2025 14:43:21";"2025.5670448.32101.3.600078.411.3701.91419.6"
"1000,00";"15/05/2025 00:00:00";"15/05/2025 10:11:24";"23/05/2025 14:13:32";"2025.5674322.32101.3.600063.411.3701.91446.6"
"50000,00";"15/12/2025 00:00:00";"15/12/2025 14:36:22";"15/12/2025 14:36:22";"2025.6179143.32101.3.600124.411.3701.97669.6"
"100000,00";"27/03/2025 00:00:00";"27/03/2025 09:31:36";"27/03/2025 09:31:36";"2025.5670448.32101.3.600078.411.3701.91419.6"
"120000,00";"18/12/2025 00:00:00";"18/12/2025 15:42:54";"18/12/2025 15:42:54";"2025.6180134.32101.3.600138.411.3701.97693.6"
"1000,00";"03/04/2025 00:00:00";"03/04/2025 09:28:27";"03/04/2025 09:28:27";"2025.5674322.32101.3.600063.411.3701.91446.6"
"30000,00";"17/12/2025 00:00:00";"17/12/2025 15:16:57";"17/12/2025 15:16:57";"2025.6179143.32101.3.600124.411.3701.97669.6"
"250000,00";"15/12/2025 00:00:00";"15/12/2025 15:06:02";"19/12/2025 16:32:41";"2025.6180135.32101.3.600139.411.3701.97691.6"
"50000,00";"14/11/2025 00:00:00";"14/11/2025 11:32:57";"14/11/2025 11:32:57";"2025.5672073.32101.3.600060.411.3701.91413.6"
"70000,00";"21/03/2025 00:00:00";"21/03/2025 14:53:40";"21/03/2025 14:53:40";"2025.5670448.32101.3.600078.411.3701.91419.6"
"160000,00";"15/12/2025 00:00:00";"15/12/2025 19:14:57";"16/12/2025 18:12:50";"2025.6179143.32101.3.600124.411.3701.97669.6"
"60000,00";"19/12/2025 00:00:00";"19/12/2025 11:54:51";"19/12/2025 11:54:51";"2025.6179143.32101.3.600124.411.3701.97669.6"
"115000,00";"27/03/2025 00:00:00";"27/03/2025 09:42:24";"27/03/2025 09:42:24";"2025.5671191.32101.3.600066.411.3701.91438.6"
"120000,00";"18/08/2025 00:00:00";"18/08/2025 17:14:12";"18/08/2025 17:14:12";"2025.5672073.32101.3.600060.411.3701.91413.6"
"100000,00";"04/04/2025 00:00:00";"04/04/2025 15:43:30";"15/04/2025 15:07:37";"2025.5670448.32101.3.600078.411.3701.91419.6"
"100000,00";"01/04/2025 00:00:00";"01/04/2025 17:42:31";"01/04/2025 17:42:31";"2025.5672073.32101.3.600060.411.3701.91413.6"
"250000,00";"20/05/2025 00:00:00";"20/05/2025 10:58:51";"20/05/2025 14:46:47";"2025.5671191.32101.3.600066.411.3701.91438.6"
"80000,00";"25/03/2025 00:00:00";"25/03/2025 15:26:40";"25/03/2025 15:26:40";"2025.5671191.32101.3.600066.411.3701.91438.6"
"71083,26";"29/11/2024 00:00:00";"29/11/2024 17:05:46";"29/11/2024 17:05:46";"2024.5214902.20102.1.600053.437.7880.62313.6"
"36817,94";"09/10/2024 00:00:00";"09/10/2024 11:00:40";"09/10/2024 11:00:40";"2024.5214902.20102.1.600053.437.7880.62313.6"
"100943,72";"12/12/2024 00:00:00";"12/12/2024 09:37:30";"12/12/2024 09:37:30";"2024.5214902.20102.1.600053.437.7880.62313.6"
"34292,31";"25/07/2025 00:00:00";"25/07/2025 09:49:08";"25/07/2025 09:49:08";"2025.5673716.20102.1.600053.437.7880.90185.6"
"54200,00";"26/06/2025 00:00:00";"26/06/2025 15:48:10";"26/06/2025 15:48:10";"2025.5673716.20102.1.600053.437.7880.90185.6"
"36922,99";"26/05/2025 00:00:00";"26/05/2025 17:27:39";"26/05/2025 17:27:39";"2025.5673716.20102.1.600053.437.7880.90185.6"
"18699,13";"08/10/2025 00:00:00";"08/10/2025 14:24:35";"08/10/2025 14:24:35";"2025.5673716.20102.1.600053.437.7880.90185.6"
"1130000,00";"17/12/2025 00:00:00";"17/12/2025 16:12:17";"17/12/2025 16:12:17";"2025.6181537.18401.1.600119.417.7988.97667.6"
"175304,15";"11/06/2025 00:00:00";"11/06/2025 15:51:39";"11/06/2025 15:51:39";"2025.5679394.21301.1.600051.414.7973.90196.6"
"319430,58";"21/10/2024 00:00:00";"21/10/2024 14:20:19";"23/10/2024 14:40:37";"2024.5211970.18401.1.600042.420.5040.62302.6"
"154802,65";"17/12/2024 00:00:00";"17/12/2024 11:52:30";"17/12/2024 11:52:30";"2024.5211970.18401.1.600042.420.5040.62302.6"
"192883,02";"26/11/2024 00:00:00";"26/11/2024 16:47:39";"28/11/2024 10:15:31";"2024.5211970.18401.1.600042.420.5040.62302.6"
"211552,17";"18/09/2025 00:00:00";"18/09/2025 09:28:41";"18/09/2025 09:28:41";"2025.5670054.18401.1.600023.417.1926.90225.6"
"25370,29";"14/03/2025 00:00:00";"14/03/2025 11:12:19";"14/03/2025 11:12:19";"2025.5670054.18401.1.600023.417.1926.90225.6"
"111345,71";"14/04/2025 00:00:00";"14/04/2025 15:34:06";"14/04/2025 15:34:06";"2025.5670054.18401.1.600023.417.1926.90225.6"
"147492,00";"21/12/2021 00:00:00";"21/12/2021 16:21:22";"21/12/2021 16:21:22";"2021.4525029.10501.1.600015.304.5916.51520.6"
"238468,83";"09/12/2025 00:00:00";"09/12/2025 10:46:10";"09/12/2025 10:46:10";"2025.5670054.18401.1.600023.417.1926.90225.6"
"290000,00";"25/09/2025 00:00:00";"25/09/2025 14:46:36";"03/10/2025 10:46:13";"2025.5673275.21101.7.600060.413.6672.91413.6"
"239174,32";"07/04/2025 00:00:00";"07/04/2025 09:34:08";"10/04/2025 11:22:47";"2025.5670460.22301.1.600071.407.7052.91375.6"
"250000,00";"16/12/2025 00:00:00";"16/12/2025 19:17:28";"17/12/2025 14:01:37";"2025.6179378.21101.7.600097.413.6672.97539.6"
"22293,32";"28/05/2025 00:00:00";"28/05/2025 16:29:43";"28/05/2025 16:29:43";"2025.5670460.22301.1.600071.407.7052.91375.6"
"250000,00";"18/12/2025 00:00:00";"18/12/2025 12:29:34";"19/12/2025 17:24:11";"2025.6179377.21101.7.600090.413.6672.97528.6"
"238532,36";"22/04/2025 00:00:00";"22/04/2025 16:43:25";"22/04/2025 16:43:25";"2025.5670460.22301.1.600071.407.7052.91375.6"
"290000,00";"12/12/2025 00:00:00";"12/12/2025 16:25:18";"12/12/2025 16:25:18";"2025.5673275.21101.7.600060.413.6672.91413.6"
"200000,00";"25/09/2025 00:00:00";"25/09/2025 16:14:01";"03/10/2025 15:41:51";"2025.5675211.21101.7.600066.413.6672.91438.6"
"49990,00";"24/10/2024 00:00:00";"24/10/2024 17:51:16";"24/10/2024 17:51:16";"2024.5214259.38101.3.600038.400.2170.61652.6"
"11840,87";"30/09/2024 00:00:00";"08/10/2024 16:04:27";"08/10/2024 16:04:27";"2024.5211988.38101.3.600031.400.2170.61618.6"
"113500,19";"19/11/2024 00:00:00";"19/11/2024 10:33:46";"19/11/2024 10:33:46";"2024.5214259.38101.3.600038.400.2170.61652.6"
"100000,00";"27/09/2024 00:00:00";"27/09/2024 17:42:08";"27/09/2024 17:42:08";"2024.5207987.38101.3.600042.400.2170.62302.6"
"260000,00";"12/12/2024 00:00:00";"12/12/2024 10:12:16";"12/12/2024 10:12:16";"2024.5212415.38101.3.600046.400.2170.62306.6"
"100000,00";"27/09/2024 00:00:00";"27/09/2024 17:37:29";"27/09/2024 17:37:29";"2024.5207985.38101.3.600042.400.2170.62302.6"
"41525,40";"19/11/2024 00:00:00";"19/11/2024 10:37:44";"19/11/2024 10:37:44";"2024.5214259.38101.3.600038.400.2170.61652.6"
"44972,80";"19/11/2024 00:00:00";"19/11/2024 14:53:15";"19/11/2024 14:53:15";"2024.5214259.38101.3.600038.400.2170.61652.6"
"100000,00";"05/06/2024 00:00:00";"05/06/2024 16:00:05";"05/06/2024 16:00:05";"2024.5211988.38101.3.600031.400.2170.61618.6"
"100000,00";"24/10/2024 00:00:00";"24/10/2024 16:51:33";"24/10/2024 17:20:43";"2024.5214259.38101.3.600038.400.2170.61652.6"
"298666,00";"02/09/2025 00:00:00";"02/09/2025 17:03:09";"02/09/2025 17:03:09";"2025.5672770.30101.2.600043.426.4034.90235.6"
"150000,00";"24/10/2024 00:00:00";"24/10/2024 17:10:56";"24/10/2024 17:10:56";"2024.5214259.38101.3.600038.400.2170.61652.6"
"167496,00";"13/03/2026 00:00:00";"13/03/2026 11:44:09";"16/03/2026 10:51:10";"2026.6191665.21101.7.600006.413.5917.97031.6"
"277000,00";"26/07/2024 00:00:00";"26/07/2024 09:57:24";"26/07/2024 09:57:24";"2024.5211942.10301.1.600046.417.6166.62306.6"
"311064,00";"13/03/2026 00:00:00";"13/03/2026 11:29:18";"13/03/2026 11:29:18";"2026.6191669.21101.7.600058.413.5917.95377.6"
"300000,00";"06/12/2022 00:00:00";"06/12/2022 15:12:30";"14/12/2022 09:48:30";"2022.4589338.11201.1.600036.306.7536.57114.6"
"6578,81";"18/10/2023 00:00:00";"18/10/2023 17:44:48";"18/10/2023 17:44:48";"2023.4933787.26401.1.600032.305.1162.57250.6"
"186830,51";"15/09/2023 00:00:00";"15/09/2023 14:47:18";"15/09/2023 14:47:18";"2023.4933787.26401.1.600032.305.1162.57250.6"
"82707,26";"08/08/2023 00:00:00";"08/08/2023 14:04:54";"08/08/2023 14:04:54";"2023.4933787.26401.1.600032.305.1162.57250.6"
"121650,46";"26/06/2023 00:00:00";"26/06/2023 11:05:06";"26/06/2023 11:05:06";"2023.4933787.26401.1.600032.305.1162.57250.6"
"17184,11";"27/11/2023 00:00:00";"27/11/2023 09:13:48";"27/11/2023 09:13:48";"2023.5094579.26401.2.600053.305.1162.62127.6"
"57434,76";"18/12/2023 00:00:00";"18/12/2023 15:54:09";"18/12/2023 15:54:09";"2023.5094579.26401.2.600053.305.1162.62127.6"
"28552,45";"14/11/2023 00:00:00";"14/11/2023 14:35:40";"14/11/2023 14:35:40";"2023.4933787.26401.1.600032.305.1162.57250.6"
"347102,65";"18/05/2023 00:00:00";"18/05/2023 17:33:34";"18/05/2023 17:33:34";"2023.4933787.26401.1.600032.305.1162.57250.6"
"291189,86";"08/11/2023 00:00:00";"08/11/2023 10:31:12";"08/11/2023 10:31:12";"2023.5094579.26401.2.600053.305.1162.62127.6"
"126368,28";"10/07/2023 00:00:00";"10/07/2023 11:48:49";"10/07/2023 11:48:49";"2023.4933787.26401.1.600032.305.1162.57250.6"
"30151,73";"03/09/2024 00:00:00";"03/09/2024 16:12:52";"03/09/2024 16:12:52";"2024.5212930.26401.2.600053.419.1162.62313.6"
"32902,43";"10/09/2024 00:00:00";"10/09/2024 14:07:43";"10/09/2024 14:07:43";"2024.5250623.26401.2.600009.419.1162.61629.6"
"34958,66";"19/08/2024 00:00:00";"19/08/2024 10:21:37";"19/08/2024 10:21:37";"2024.5219254.26401.1.600030.419.1162.61647.6"
"42882,36";"11/12/2024 00:00:00";"11/12/2024 13:54:06";"11/12/2024 13:54:06";"2024.5219254.26401.1.600030.419.1162.61647.6"
"63099,23";"21/11/2024 00:00:00";"21/11/2024 10:17:48";"21/11/2024 10:17:48";"2024.5250623.26401.2.600009.419.1162.61629.6"
"223920,00";"27/11/2024 00:00:00";"27/11/2024 11:50:04";"27/11/2024 11:50:04";"2024.5659168.26401.2.600006.419.1162.61626.6"
"29534,70";"26/11/2024 00:00:00";"26/11/2024 15:53:52";"26/11/2024 15:53:52";"2024.5220078.26401.1.600056.419.1162.62315.6"
"147950,36";"03/04/2024 00:00:00";"03/04/2024 09:15:07";"03/04/2024 09:15:07";"2024.5212930.26401.2.600053.419.1162.62313.6"
"73978,71";"11/12/2024 00:00:00";"11/12/2024 14:00:11";"11/12/2024 14:00:11";"2024.5223409.26401.1.600039.419.1162.62299.6"
"107807,64";"28/05/2024 00:00:00";"28/05/2024 15:57:35";"28/05/2024 15:57:35";"2024.5212930.26401.2.600053.419.1162.62313.6"
"39412,62";"16/12/2024 00:00:00";"16/12/2024 18:44:47";"16/12/2024 18:44:47";"2024.5212930.26401.2.600053.419.1162.62313.6"
"136986,70";"13/11/2024 00:00:00";"13/11/2024 16:54:13";"13/11/2024 16:54:13";"2024.5219254.26401.1.600030.419.1162.61647.6"
"92492,23";"18/03/2024 00:00:00";"18/03/2024 09:22:42";"18/03/2024 09:22:42";"2024.5212930.26401.2.600053.419.1162.62313.6"
"100000,00";"13/12/2024 00:00:00";"13/12/2024 14:50:09";"13/12/2024 14:50:09";"2024.5232533.30101.3.600063.427.5599.91323.6"
"57437,79";"13/09/2024 00:00:00";"13/09/2024 14:15:03";"13/09/2024 14:15:03";"2024.5219254.26401.1.600030.419.1162.61647.6"
"106995,34";"19/09/2024 00:00:00";"19/09/2024 11:03:37";"19/09/2024 11:03:37";"2024.5250623.26401.2.600009.419.1162.61629.6"
"21304,55";"05/07/2024 00:00:00";"05/07/2024 20:36:37";"05/07/2024 20:36:37";"2024.5223409.26401.1.600039.419.1162.62299.6"
"60288,68";"12/11/2024 00:00:00";"12/11/2024 10:37:37";"12/11/2024 10:37:37";"2024.5219254.26401.1.600030.419.1162.61647.6"
"145553,58";"14/11/2024 00:00:00";"14/11/2024 15:56:27";"14/11/2024 15:56:27";"2024.5223409.26401.1.600039.419.1162.62299.6"
"77707,40";"28/06/2024 00:00:00";"28/06/2024 15:53:58";"28/06/2024 15:53:58";"2024.5212930.26401.2.600053.419.1162.62313.6"
"450000,00";"19/03/2024 00:00:00";"19/03/2024 09:52:31";"19/03/2024 09:52:31";"2024.5217195.30101.3.600027.427.5599.61645.6"
"95289,46";"26/11/2024 00:00:00";"26/11/2024 16:15:15";"26/11/2024 16:15:15";"2024.5212930.26401.2.600053.419.1162.62313.6"
"23429,61";"28/05/2024 00:00:00";"28/05/2024 15:51:04";"28/05/2024 15:51:04";"2024.5212930.26401.2.600053.419.1162.62313.6"
"36532,85";"26/11/2024 00:00:00";"26/11/2024 16:04:11";"26/11/2024 16:04:11";"2024.5220078.26401.1.600056.419.1162.62315.6"
"33836,77";"10/10/2024 00:00:00";"10/10/2024 10:28:26";"10/10/2024 10:28:26";"2024.5212930.26401.2.600053.419.1162.62313.6"
"111716,20";"01/11/2024 00:00:00";"01/11/2024 09:32:26";"01/11/2024 09:32:26";"2024.5223409.26401.1.600039.419.1162.62299.6"
"103334,20";"09/10/2024 00:00:00";"09/10/2024 14:23:19";"09/10/2024 14:23:19";"2024.5219254.26401.1.600030.419.1162.61647.6"
"31645,22";"07/11/2024 00:00:00";"07/11/2024 10:36:24";"07/11/2024 10:36:24";"2024.5220078.26401.1.600056.419.1162.62315.6"
"52801,40";"02/08/2024 00:00:00";"02/08/2024 16:18:18";"02/08/2024 16:18:18";"2024.5212930.26401.2.600053.419.1162.62313.6"
"222874,88";"20/12/2024 00:00:00";"20/12/2024 10:12:24";"23/01/2025 13:38:22";"2024.5220078.26401.1.600056.419.1162.62315.6"
"345904,00";"08/09/2022 00:00:00";"08/09/2022 14:05:38";"16/09/2022 15:06:20";"2022.4588626.32801.1.600025.303.5893.57103.6"
"50000,00";"18/10/2023 00:00:00";"18/10/2023 15:54:17";"18/10/2023 15:54:17";"2023.4942387.22202.1.600031.302.7857.57248.6"
"20000,00";"16/10/2023 00:00:00";"16/10/2023 16:43:31";"16/10/2023 16:43:31";"2023.4933803.22202.1.600031.302.7857.57248.6"
"500000,00";"08/08/2022 00:00:00";"08/08/2022 14:39:11";"08/08/2022 17:52:13";"2022.4588041.32801.1.600002.303.5893.46893.6"
"60000,00";"13/10/2023 00:00:00";"13/10/2023 10:30:01";"13/10/2023 10:30:01";"2023.4933803.22202.1.600031.302.7857.57248.6"
"20000,00";"18/08/2023 00:00:00";"18/08/2023 16:13:54";"18/08/2023 16:13:54";"2023.4942387.22202.1.600031.302.7857.57248.6"
"19122,32";"09/09/2021 00:00:00";"09/09/2021 14:35:00";"09/09/2021 14:35:00";"2021.4224467.12201.1.600002.300.4365.46524.6"
"17165,97";"19/03/2021 00:00:00";"19/03/2021 14:03:15";"19/03/2021 14:03:15";"2021.4224467.12201.1.600002.300.4365.46524.6"
"95000,00";"14/07/2022 00:00:00";"14/07/2022 16:29:03";"14/07/2022 16:29:03";"2022.4578994.12101.3.600005.300.2170.51795.6"
"50000,00";"14/07/2022 00:00:00";"14/07/2022 11:53:47";"14/07/2022 15:05:37";"2022.4577034.12101.3.600005.300.2170.51874.6"
"2853,00";"13/04/2021 00:00:00";"13/04/2021 12:29:29";"13/04/2021 12:29:29";"2021.4224467.12201.1.600002.300.4365.46524.6"
"8358,00";"22/06/2021 00:00:00";"22/06/2021 10:42:37";"22/06/2021 10:42:37";"2021.4224467.12201.1.600002.300.4365.46524.6"
"50000,00";"19/12/2022 00:00:00";"19/12/2022 16:37:35";"20/12/2022 18:42:43";"2022.4588798.12101.3.600025.300.2170.57103.6"
"50000,00";"16/12/2022 00:00:00";"16/12/2022 15:30:45";"20/12/2022 18:41:24";"2022.4588538.12101.3.600025.300.2170.57103.6"
"25750,00";"26/05/2021 00:00:00";"26/05/2021 10:52:24";"26/05/2021 10:52:24";"2021.4224467.12201.1.600002.300.4365.46524.6"
"50000,00";"16/12/2022 00:00:00";"16/12/2022 15:26:53";"20/12/2022 18:40:40";"2022.4588536.12101.3.600025.300.2170.57103.6"
"40150,00";"19/12/2022 00:00:00";"19/12/2022 16:34:00";"20/12/2022 18:42:19";"2022.4588797.12101.3.600025.300.2170.57103.6"
"2583,72";"19/05/2021 00:00:00";"19/05/2021 17:25:31";"19/05/2021 17:25:31";"2021.4224467.12201.1.600002.300.4365.46524.6"
"2549,00";"13/07/2021 00:00:00";"13/07/2021 14:29:35";"13/07/2021 14:29:35";"2021.4224467.12201.1.600002.300.4365.46524.6"
"5000,00";"14/07/2022 00:00:00";"14/07/2022 16:32:52";"14/07/2022 16:32:52";"2022.4577034.12101.3.600005.300.2170.51874.6"
"200000,00";"20/12/2022 00:00:00";"20/12/2022 11:20:30";"20/12/2022 18:39:37";"2022.4924663.12101.3.600025.300.2170.57103.6"
"4268,00";"06/07/2021 00:00:00";"06/07/2021 10:06:57";"06/07/2021 10:06:57";"2021.4224467.12201.1.600002.300.4365.46524.6"
"2394,00";"23/06/2021 00:00:00";"23/06/2021 11:55:23";"23/06/2021 11:55:23";"2021.4224466.12201.1.600002.300.4365.46524.6"
"17015,00";"22/04/2021 00:00:00";"22/04/2021 16:15:39";"22/04/2021 16:15:39";"2021.4224467.12201.1.600002.300.4365.46524.6"
"9750,00";"13/04/2021 00:00:00";"13/04/2021 12:26:35";"13/04/2021 12:26:35";"2021.4224467.12201.1.600002.300.4365.46524.6"
"780,00";"01/07/2021 00:00:00";"01/07/2021 09:40:42";"01/07/2021 09:40:42";"2021.4224466.12201.1.600002.300.4365.46524.6"
"100000,00";"16/12/2022 00:00:00";"16/12/2022 21:34:50";"20/12/2022 18:43:25";"2022.4588798.12101.3.600025.300.2170.57103.6"
"350000,00";"14/12/2021 00:00:00";"14/12/2021 13:49:53";"14/12/2021 17:30:45";"2021.4234313.12101.3.600009.300.2170.51514.6"
"205400,00";"18/12/2020 00:00:00";"18/12/2020 21:42:50";"04/01/2021 11:45:42";"2020.3893010.10101.1.600002.304.7385.46265.6"
"150000,00";"14/12/2021 00:00:00";"14/12/2021 13:43:40";"14/12/2021 17:30:21";"2021.4234311.12101.3.600009.300.2170.51514.6"
"100000,00";"14/12/2021 00:00:00";"14/12/2021 12:57:22";"14/12/2021 17:31:25";"2021.4234311.12101.3.600009.300.2170.51514.6"
"250000,00";"10/08/2022 00:00:00";"10/08/2022 11:29:25";"11/08/2022 17:37:22";"2022.4589621.21301.1.600038.303.5779.57116.6"
"200000,00";"14/12/2021 00:00:00";"14/12/2021 12:59:54";"14/12/2021 17:31:43";"2021.4234313.12101.3.600009.300.2170.51514.6"
"309556,88";"17/09/2021 00:00:00";"17/09/2021 09:44:08";"17/09/2021 09:44:08";"2021.4225463.18401.1.600002.312.5040.46524.6"
"139793,42";"09/12/2021 00:00:00";"09/12/2021 17:15:05";"09/12/2021 17:15:05";"2021.4563710.18401.1.600002.312.5040.46524.6"
"185586,44";"07/12/2021 00:00:00";"07/12/2021 11:22:29";"07/12/2021 11:22:29";"2021.4225463.18401.1.600002.312.5040.46524.6"
"41647,92";"09/12/2021 00:00:00";"09/12/2021 17:08:11";"09/12/2021 17:08:11";"2021.4563710.18401.1.600002.312.5040.46524.6"
"414503,20";"28/09/2021 00:00:00";"28/09/2021 17:07:09";"28/09/2021 17:07:09";"2021.4563710.18401.1.600002.312.5040.46524.6"
"14449,26";"09/12/2021 00:00:00";"09/12/2021 17:04:24";"09/12/2021 17:04:24";"2021.4563710.18401.1.600002.312.5040.46524.6"
"326181,35";"11/11/2021 00:00:00";"11/11/2021 16:07:36";"11/11/2021 16:07:36";"2021.4225463.18401.1.600002.312.5040.46524.6"
"200237,82";"05/08/2021 00:00:00";"05/08/2021 17:07:40";"05/08/2021 17:07:40";"2021.4225463.18401.1.600002.312.5040.46524.6"
"85102,44";"09/12/2021 00:00:00";"09/12/2021 17:11:29";"17/12/2021 15:52:14";"2021.4563710.18401.1.600002.312.5040.46524.6"
"90442,60";"22/11/2024 00:00:00";"22/11/2024 17:00:37";"12/12/2024 17:44:35";"2024.5658624.9301.1.600034.439.3450.61650.6"
"162610,00";"16/09/2024 00:00:00";"16/09/2024 16:01:27";"16/09/2024 16:01:27";"2024.5212432.22202.1.600031.406.7986.61618.6"
"398333,33";"01/08/2024 00:00:00";"01/08/2024 15:58:33";"01/08/2024 15:58:33";"2024.5219734.10101.1.600054.417.7385.62314.6"
"650000,00";"13/11/2024 00:00:00";"13/11/2024 16:48:30";"13/11/2024 16:48:30";"2024.5219734.10101.1.600054.417.7385.62314.6"
"167860,00";"27/11/2024 00:00:00";"27/11/2024 15:09:19";"27/11/2024 15:09:19";"2024.5221057.10101.1.600036.417.7385.61619.6"
"698963,00";"31/10/2024 00:00:00";"31/10/2024 11:51:24";"13/11/2024 14:59:36";"2024.5221057.10101.1.600036.417.7385.61619.6"
"718420,92";"14/11/2024 00:00:00";"14/11/2024 15:17:56";"14/11/2024 15:17:56";"2024.5219734.10101.1.600054.417.7385.62314.6"
"31750,00";"20/12/2024 00:00:00";"20/12/2024 15:52:54";"20/12/2024 15:52:54";"2024.5219734.10101.1.600054.417.7385.62314.6"
"281566,00";"05/12/2024 00:00:00";"05/12/2024 10:23:50";"05/12/2024 10:23:50";"2024.5219734.10101.1.600054.417.7385.62314.6"
"1132666,00";"17/12/2024 00:00:00";"17/12/2024 15:49:13";"17/12/2024 15:49:13";"2024.5219734.10101.1.600054.417.7385.62314.6"
"75980,01";"15/10/2024 00:00:00";"15/10/2024 12:27:43";"15/10/2024 12:27:43";"2024.5219734.10101.1.600054.417.7385.62314.6"
"720000,00";"15/10/2024 00:00:00";"15/10/2024 17:18:10";"15/10/2024 17:18:10";"2024.5219734.10101.1.600054.417.7385.62314.6"
"280000,00";"01/08/2024 00:00:00";"01/08/2024 16:24:32";"01/08/2024 16:24:32";"2024.5219734.10101.1.600054.417.7385.62314.6"
"216000,00";"20/12/2024 00:00:00";"20/12/2024 18:53:46";"20/12/2024 18:53:46";"2024.5219734.10101.1.600054.417.7385.62314.6"
"154736,82";"20/12/2024 00:00:00";"20/12/2024 19:13:15";"20/12/2024 19:13:15";"2024.5219734.10101.1.600054.417.7385.62314.6"
"122322,71";"31/10/2024 00:00:00";"31/10/2024 11:49:27";"13/11/2024 14:52:19";"2024.5225282.10101.1.600053.417.7385.62313.6"
"383512,00";"06/12/2024 00:00:00";"06/12/2024 10:46:58";"06/12/2024 10:46:58";"2024.5221057.10101.1.600036.417.7385.61619.6"
"364271,13";"09/10/2024 00:00:00";"09/10/2024 14:37:18";"21/10/2024 11:18:35";"2024.5219734.10101.1.600054.417.7385.62314.6"
"938612,24";"29/11/2024 00:00:00";"29/11/2024 15:00:37";"29/11/2024 15:00:37";"2024.5219734.10101.1.600054.417.7385.62314.6"
"288257,80";"13/11/2024 00:00:00";"13/11/2024 17:26:26";"13/11/2024 17:26:26";"2024.5219734.10101.1.600054.417.7385.62314.6"
"90000,00";"27/11/2024 00:00:00";"27/11/2024 16:04:46";"27/11/2024 16:04:46";"2024.5221057.10101.1.600036.417.7385.61619.6"
"4250,00";"29/11/2023 00:00:00";"29/11/2023 15:19:39";"20/12/2023 17:31:27";"2023.5200493.20801.50.600006.314.7875.55820.6"
"41955,16";"18/09/2023 00:00:00";"18/09/2023 10:28:52";"10/10/2023 14:45:41";"2023.4944965.20801.57.600024.314.7875.62012.6"
"170402,40";"14/08/2020 00:00:00";"14/08/2020 10:10:26";"19/08/2020 11:55:15";"2020.3893000.21101.7.600001.314.5365.46264.6"
"3578,12";"23/09/2022 00:00:00";"23/09/2022 08:57:23";"23/09/2022 08:57:23";"2022.4588291.12101.3.600005.300.4135.51874.6"
"16319,83";"29/11/2023 00:00:00";"29/11/2023 15:16:18";"20/12/2023 17:31:27";"2023.5200493.20801.50.600006.314.7875.55820.6"
"164,80";"05/10/2022 00:00:00";"05/10/2022 17:38:13";"05/10/2022 17:38:13";"2022.4889217.12101.3.600005.300.4135.51795.6"
"2219,00";"27/09/2022 00:00:00";"27/09/2022 09:42:42";"27/09/2022 09:42:42";"2022.4588291.12101.3.600005.300.4135.51874.6"
"122011,20";"14/08/2020 00:00:00";"14/08/2020 11:34:48";"25/08/2020 11:22:12";"2020.3893000.21101.7.600001.314.5365.46264.6"
"7453,00";"29/09/2022 00:00:00";"29/09/2022 12:13:12";"29/09/2022 12:13:12";"2022.4588291.12101.3.600005.300.4135.51874.6"
"11360,00";"18/10/2022 00:00:00";"18/10/2022 15:36:18";"18/10/2022 15:36:18";"2022.4588291.12101.3.600005.300.4135.51874.6"
"72972,00";"01/12/2023 00:00:00";"01/12/2023 13:34:53";"27/06/2024 16:03:11";"2023.5200493.20801.50.600006.314.7875.55820.6"
"3904,00";"23/09/2022 00:00:00";"23/09/2022 07:41:07";"23/09/2022 07:41:07";"2022.4588291.12101.3.600005.300.4135.51874.6"
"7180,00";"16/09/2022 00:00:00";"16/09/2022 11:39:59";"16/09/2022 11:39:59";"2022.4588291.12101.3.600005.300.4135.51874.6"
"107583,18";"14/08/2020 00:00:00";"14/08/2020 09:35:40";"19/08/2020 11:55:16";"2020.3893000.21101.7.600001.314.5365.46264.6"
"1575300,00";"16/02/2021 00:00:00";"16/02/2021 14:09:56";"16/02/2021 14:09:56";"2021.4224573.10101.1.600002.304.7385.46524.6"
"55367,35";"15/12/2021 00:00:00";"15/12/2021 08:42:09";"15/12/2021 08:42:09";"2021.4347844.17301.1.600011.315.7457.51516.6"
"3062,94";"06/11/2025 00:00:00";"06/11/2025 11:08:43";"06/11/2025 11:08:43";"2025.5678498.38101.1.600062.446.3194.91471.6"
"65000,00";"17/12/2025 00:00:00";"17/12/2025 18:49:42";"17/12/2025 18:49:42";"2025.6178543.32101.3.600046.406.7986.90188.6"
"5178,56";"25/08/2025 00:00:00";"25/08/2025 16:54:43";"25/08/2025 16:54:43";"2025.5678498.38101.1.600062.446.3194.91471.6"
"40000,00";"01/12/2025 00:00:00";"01/12/2025 16:21:00";"01/12/2025 16:21:00";"2025.6178543.32101.3.600046.406.7986.90188.6"
"22880,00";"25/08/2025 00:00:00";"25/08/2025 11:09:57";"25/08/2025 11:09:57";"2025.5678498.38101.1.600062.446.3194.91471.6"
"4126,00";"17/09/2025 00:00:00";"17/09/2025 12:08:55";"22/09/2025 13:27:56";"2025.5678498.38101.1.600062.446.3194.91471.6"
"7770,00";"07/10/2025 00:00:00";"07/10/2025 15:25:39";"07/10/2025 16:32:55";"2025.5678498.38101.1.600062.446.3194.91471.6"
"14800,00";"24/10/2025 00:00:00";"24/10/2025 12:00:12";"24/10/2025 12:00:12";"2025.5678498.38101.1.600062.446.3194.91471.6"
"2988,00";"13/11/2025 00:00:00";"13/11/2025 15:14:29";"13/11/2025 15:14:29";"2025.5678498.38101.1.600062.446.3194.91471.6"
"37952,72";"27/11/2025 00:00:00";"27/11/2025 17:00:29";"27/11/2025 17:00:29";"2025.5678498.38101.1.600062.446.3194.91471.6"
"5978,00";"05/11/2025 00:00:00";"05/11/2025 16:20:40";"05/11/2025 16:20:40";"2025.5678498.38101.1.600062.446.3194.91471.6"
"17731,82";"06/12/2021 00:00:00";"06/12/2021 13:51:55";"13/12/2021 11:47:22";"2021.4347844.17301.1.600011.315.7457.51516.6"
"40293,00";"11/07/2025 00:00:00";"11/07/2025 11:20:13";"11/07/2025 11:20:13";"2025.5678498.38101.1.600062.446.3194.91471.6"
"5066,64";"07/11/2025 00:00:00";"07/11/2025 17:02:26";"07/11/2025 17:02:26";"2025.5678498.38101.1.600062.446.3194.91471.6"
"3252,30";"11/07/2025 00:00:00";"11/07/2025 11:27:41";"11/07/2025 11:27:41";"2025.5678498.38101.1.600062.446.3194.91471.6"
"3480,00";"25/07/2022 00:00:00";"25/07/2022 17:23:12";"25/07/2022 17:23:12";"2022.4575095.30101.1.600007.307.5713.51876.6"
"16250,00";"03/05/2022 00:00:00";"03/05/2022 12:30:51";"10/05/2022 11:36:34";"2022.4575095.30101.1.600007.307.5713.51876.6"
"131471,00";"18/07/2022 00:00:00";"18/07/2022 17:12:54";"18/07/2022 17:12:54";"2022.4575095.30101.1.600007.307.5713.51876.6"
"38798,98";"02/06/2022 00:00:00";"02/06/2022 14:20:25";"03/06/2022 10:38:54";"2022.4575095.30101.1.600007.307.5713.51876.6"
"127000,00";"01/08/2022 00:00:00";"01/08/2022 11:58:28";"02/08/2022 13:52:10";"2022.4575095.30101.1.600007.307.5713.51876.6"
"144156,00";"01/11/2022 00:00:00";"01/11/2022 17:10:19";"01/11/2022 17:10:19";"2022.4575095.30101.1.600007.307.5713.51876.6"
"131218,60";"20/12/2022 00:00:00";"20/12/2022 18:15:54";"20/12/2022 18:15:54";"2022.4574627.21301.1.600020.305.7974.51889.6"
"16191,00";"17/12/2020 00:00:00";"17/12/2020 15:18:10";"17/12/2020 15:54:14";"2020.3893094.12201.1.600002.314.4365.46265.6"
"26130,00";"27/10/2020 00:00:00";"27/10/2020 11:40:36";"29/10/2020 09:31:52";"2020.3893094.12201.1.600002.314.4365.46265.6"
"5696,06";"16/11/2020 00:00:00";"16/11/2020 14:05:51";"18/11/2020 15:01:47";"2020.3893094.12201.1.600002.314.4365.46265.6"
"6577,20";"23/09/2020 00:00:00";"23/09/2020 13:55:04";"19/10/2020 15:12:01";"2020.3893093.12201.1.600002.314.4365.46265.6"
"955,50";"20/10/2020 00:00:00";"20/10/2020 10:44:53";"26/10/2020 09:16:34";"2020.3893093.12201.1.600002.314.4365.46265.6"
"8699,75";"10/11/2020 00:00:00";"10/11/2020 11:02:17";"10/11/2020 15:43:48";"2020.3893094.12201.1.600002.314.4365.46265.6"
"450,74";"12/11/2020 00:00:00";"12/11/2020 17:38:55";"13/11/2020 14:37:10";"2020.3893093.12201.1.600002.314.4365.46265.6"
"1622,88";"02/10/2020 00:00:00";"02/10/2020 07:46:43";"19/10/2020 15:12:02";"2020.3893093.12201.1.600002.314.4365.46265.6"
"6250,00";"16/12/2020 00:00:00";"16/12/2020 17:36:20";"17/12/2020 15:54:14";"2020.3893094.12201.1.600002.314.4365.46265.6"
"3377,39";"13/11/2020 00:00:00";"13/11/2020 11:48:52";"13/11/2020 14:37:10";"2020.3893094.12201.1.600002.314.4365.46265.6"
"4211,78";"13/11/2020 00:00:00";"13/11/2020 11:55:39";"13/11/2020 14:37:10";"2020.3893094.12201.1.600002.314.4365.46265.6"
"530,00";"10/11/2020 00:00:00";"10/11/2020 14:59:14";"11/11/2020 14:35:41";"2020.3893094.12201.1.600002.314.4365.46265.6"
"456,85";"13/10/2020 00:00:00";"13/10/2020 12:32:36";"19/10/2020 15:12:02";"2020.3893093.12201.1.600002.314.4365.46265.6"
"1154,70";"25/09/2020 00:00:00";"25/09/2020 14:10:15";"19/10/2020 15:12:01";"2020.3893093.12201.1.600002.314.4365.46265.6"
"987,00";"15/12/2020 00:00:00";"15/12/2020 14:36:13";"17/12/2020 15:54:14";"2020.3893093.12201.1.600002.314.4365.46265.6"
"648,00";"02/10/2020 00:00:00";"02/10/2020 15:02:07";"19/10/2020 15:12:02";"2020.3893093.12201.1.600002.314.4365.46265.6"
"993,00";"02/10/2020 00:00:00";"02/10/2020 16:58:41";"19/10/2020 15:12:02";"2020.3893093.12201.1.600002.314.4365.46265.6"
"4090,00";"23/09/2020 00:00:00";"23/09/2020 14:47:33";"19/10/2020 15:12:01";"2020.3893093.12201.1.600002.314.4365.46265.6"
"2147,04";"02/10/2020 00:00:00";"02/10/2020 07:42:44";"19/10/2020 15:12:02";"2020.3893093.12201.1.600002.314.4365.46265.6"
"200,00";"20/10/2020 00:00:00";"20/10/2020 10:57:30";"26/10/2020 09:16:34";"2020.3893093.12201.1.600002.314.4365.46265.6"
"27913,95";"19/10/2020 00:00:00";"19/10/2020 14:46:21";"26/10/2020 09:16:34";"2020.3893094.12201.1.600002.314.4365.46265.6"
"11961,00";"16/11/2020 00:00:00";"16/11/2020 16:54:13";"18/11/2020 15:01:47";"2020.3893094.12201.1.600002.314.4365.46265.6"
"10880,00";"25/11/2020 00:00:00";"25/11/2020 15:23:59";"26/11/2020 09:53:47";"2020.3893094.12201.1.600002.314.4365.46265.6"
"690,40";"02/10/2020 00:00:00";"02/10/2020 15:08:48";"19/10/2020 15:12:02";"2020.3893093.12201.1.600002.314.4365.46265.6"
"1200,00";"04/12/2020 00:00:00";"04/12/2020 14:12:08";"07/12/2020 13:23:44";"2020.3893094.12201.1.600002.314.4365.46265.6"
"3240,00";"16/11/2020 00:00:00";"16/11/2020 14:44:19";"18/11/2020 15:01:47";"2020.3893094.12201.1.600002.314.4365.46265.6"
"255294,26";"19/12/2023 00:00:00";"19/12/2023 08:31:36";"19/12/2023 08:31:36";"2023.4934452.9301.1.600034.314.3450.57253.6"
"1644,72";"23/10/2020 00:00:00";"23/10/2020 17:06:04";"26/10/2020 09:16:35";"2020.3893093.12201.1.600002.314.4365.46265.6"
"700,00";"04/12/2020 00:00:00";"04/12/2020 14:09:15";"07/12/2020 13:23:44";"2020.3893094.12201.1.600002.314.4365.46265.6"
"1117,50";"13/11/2020 00:00:00";"13/11/2020 08:00:07";"13/11/2020 14:37:11";"2020.3893093.12201.1.600002.314.4365.46265.6"
"2613,63";"29/10/2020 00:00:00";"29/10/2020 15:07:59";"03/11/2020 15:07:43";"2020.3893093.12201.1.600002.314.4365.46265.6"
"1188,00";"30/11/2020 00:00:00";"30/11/2020 15:12:37";"01/12/2020 09:45:05";"2020.3893094.12201.1.600002.314.4365.46265.6"
"6900,00";"13/11/2020 00:00:00";"13/11/2020 11:54:20";"13/11/2020 14:37:11";"2020.3893094.12201.1.600002.314.4365.46265.6"
"20977,50";"19/11/2020 00:00:00";"19/11/2020 15:31:04";"24/11/2020 09:59:26";"2020.3893094.12201.1.600002.314.4365.46265.6"
"1630,00";"22/10/2020 00:00:00";"22/10/2020 16:07:54";"26/10/2020 09:16:35";"2020.3893093.12201.1.600002.314.4365.46265.6"
"5505,00";"05/10/2020 00:00:00";"05/10/2020 09:57:58";"19/10/2020 15:12:02";"2020.3893094.12201.1.600002.314.4365.46265.6"
"3729,94";"13/11/2020 00:00:00";"13/11/2020 07:52:39";"13/11/2020 14:37:11";"2020.3893094.12201.1.600002.314.4365.46265.6"
"1690,43";"18/12/2020 00:00:00";"18/12/2020 13:18:48";"18/12/2020 18:47:48";"2020.3893094.12201.1.600002.314.4365.46265.6"
"1184,20";"02/10/2020 00:00:00";"02/10/2020 15:05:22";"19/10/2020 15:12:02";"2020.3893093.12201.1.600002.314.4365.46265.6"
"5756,40";"29/09/2020 00:00:00";"29/09/2020 11:43:25";"19/10/2020 15:12:02";"2020.3893093.12201.1.600002.314.4365.46265.6"
"1146,06";"04/11/2020 00:00:00";"04/11/2020 09:32:12";"05/11/2020 14:57:28";"2020.3893094.12201.1.600002.314.4365.46265.6"
"7178,73";"17/12/2020 00:00:00";"17/12/2020 17:26:56";"18/12/2020 18:47:48";"2020.3893094.12201.1.600002.314.4365.46265.6"
"5470,90";"06/11/2020 00:00:00";"06/11/2020 10:25:49";"10/11/2020 15:43:48";"2020.3893094.12201.1.600002.314.4365.46265.6"
"894,60";"08/09/2020 00:00:00";"08/09/2020 15:48:17";"19/10/2020 15:12:01";"2020.3893093.12201.1.600002.314.4365.46265.6"
"609,98";"11/11/2020 00:00:00";"11/11/2020 08:47:18";"11/11/2020 14:35:42";"2020.3893094.12201.1.600002.314.4365.46265.6"
"1024,43";"23/10/2020 00:00:00";"23/10/2020 16:20:04";"26/10/2020 09:16:35";"2020.3893094.12201.1.600002.314.4365.46265.6"
"7980,00";"19/10/2020 00:00:00";"19/10/2020 14:49:22";"26/10/2020 09:16:34";"2020.3893094.12201.1.600002.314.4365.46265.6"
"200000,00";"20/12/2022 00:00:00";"20/12/2022 18:02:47";"15/02/2023 16:05:17";"2022.4922970.10101.1.600031.312.3066.57109.6"
"859841,00";"20/12/2022 00:00:00";"20/12/2022 18:11:18";"15/02/2023 16:05:17";"2022.4677496.10101.1.600028.312.3066.57106.6"
"11516,66";"26/04/2023 00:00:00";"26/04/2023 10:21:59";"05/05/2023 14:15:37";"2023.4935147.22202.1.600031.315.7950.57248.6"
"253223,11";"17/12/2025 00:00:00";"17/12/2025 11:47:16";"18/12/2025 11:22:18";"2025.5674283.11301.11.600075.424.7863.91385.6"
"496,50";"01/11/2023 00:00:00";"01/11/2023 11:32:09";"01/11/2023 11:32:09";"2023.4935147.22202.1.600031.315.7950.57248.6"
"649,53";"18/08/2023 00:00:00";"18/08/2023 11:34:17";"18/08/2023 11:34:17";"2023.4935147.22202.1.600031.315.7950.57248.6"
"200000,00";"13/11/2025 00:00:00";"13/11/2025 08:55:49";"13/11/2025 08:55:49";"2025.5682643.21301.1.600060.414.4997.91413.6"
"125000,00";"05/09/2025 00:00:00";"05/09/2025 12:00:39";"05/09/2025 12:00:39";"2025.5684281.21301.1.600045.414.4997.90194.6"
"150000,00";"26/11/2024 00:00:00";"26/11/2024 15:19:00";"26/11/2024 15:19:00";"2024.5219667.22202.1.600027.406.4357.61645.6"
"356379,61";"20/12/2022 00:00:00";"20/12/2022 17:39:07";"20/12/2022 17:39:07";"2022.4724263.26401.1.600030.305.1162.57108.6"
"245000,00";"17/12/2025 00:00:00";"17/12/2025 16:13:36";"18/12/2025 10:56:29";"2025.5673265.10301.1.600065.417.6166.91466.6"
"240000,00";"25/11/2025 00:00:00";"25/11/2025 09:30:18";"25/11/2025 09:30:18";"2025.5670965.21301.1.600071.414.5793.91375.6"
"360000,00";"22/05/2025 00:00:00";"22/05/2025 10:30:32";"22/05/2025 10:30:32";"2025.5676335.21301.1.600071.414.5793.91375.6"
"300000,00";"25/11/2025 00:00:00";"25/11/2025 09:04:32";"25/11/2025 09:04:32";"2025.5670583.21301.1.600057.414.5793.91415.6"
"80000,00";"25/09/2025 00:00:00";"25/09/2025 11:44:26";"25/09/2025 11:44:26";"2025.5676650.21301.1.600060.414.5793.91413.6"
"300000,00";"14/11/2025 00:00:00";"14/11/2025 16:08:49";"14/11/2025 16:08:49";"2025.5676651.21301.1.600060.414.5793.91413.6"
"78651,00";"16/11/2022 00:00:00";"16/11/2022 13:33:29";"16/11/2022 13:33:29";"2022.4575164.17301.1.600011.315.2064.51880.6"
"1958,98";"03/05/2022 00:00:00";"03/05/2022 10:42:14";"03/05/2022 10:42:14";"2022.4575164.17301.1.600011.315.2064.51880.6"
"209850,00";"21/06/2023 00:00:00";"21/06/2023 15:03:52";"26/06/2023 11:35:19";"2023.4939567.38101.3.600025.300.2170.57298.6"
"1962,53";"13/07/2022 00:00:00";"13/07/2022 11:05:48";"13/07/2022 11:05:48";"2022.4575164.17301.1.600011.315.2064.51880.6"
"145798,10";"24/05/2024 00:00:00";"24/05/2024 10:45:33";"20/12/2024 06:34:02";"2024.5213083.21301.1.600003.414.7882.61623.6"
"3328,00";"06/09/2023 00:00:00";"06/09/2023 10:12:30";"18/09/2023 14:20:20";"2023.4940096.38101.3.600005.300.2170.55819.6"
"99991,00";"19/07/2023 00:00:00";"19/07/2023 10:20:14";"19/07/2023 10:20:14";"2023.4939567.38101.3.600025.300.2170.57298.6"
"121684,40";"19/07/2022 00:00:00";"19/07/2022 16:07:39";"19/07/2022 16:07:39";"2022.4575164.17301.1.600011.315.2064.51880.6"
"113513,42";"05/07/2024 00:00:00";"05/07/2024 11:40:52";"20/12/2024 06:34:03";"2024.5213083.21301.1.600003.414.7882.61623.6"
"94000,00";"19/12/2024 00:00:00";"19/12/2024 11:06:53";"20/12/2024 06:34:06";"2024.5213083.21301.1.600003.414.7882.61623.6"
"100000,00";"20/06/2023 00:00:00";"20/06/2023 10:30:40";"20/06/2023 10:30:40";"2023.4939396.38101.3.600025.300.2170.57298.6"
"571400,94";"02/10/2025 00:00:00";"02/10/2025 14:00:05";"02/10/2025 14:00:05";"2025.5669290.21301.1.600039.414.1009.90190.6"
"250966,22";"10/11/2025 00:00:00";"10/11/2025 15:00:20";"10/11/2025 15:00:20";"2025.5669290.21301.1.600039.414.1009.90190.6"
"119455,08";"27/08/2025 00:00:00";"27/08/2025 11:15:20";"02/09/2025 16:06:25";"2025.5671194.21301.1.600036.414.1009.90201.6"
"140627,63";"25/08/2025 00:00:00";"25/08/2025 16:09:57";"25/08/2025 16:09:57";"2025.5671193.21301.1.600036.414.1009.90201.6"
"40730,74";"23/04/2025 00:00:00";"23/04/2025 14:20:22";"23/04/2025 14:20:22";"2025.5671194.21301.1.600036.414.1009.90201.6"
"14579,33";"26/08/2025 00:00:00";"26/08/2025 15:21:59";"26/08/2025 15:21:59";"2025.5670587.21301.1.600039.414.1009.90190.6"
"46021,01";"10/06/2025 00:00:00";"10/06/2025 11:43:03";"16/06/2025 12:57:16";"2025.5671193.21301.1.600036.414.1009.90201.6"
"129184,00";"21/08/2025 00:00:00";"21/08/2025 10:16:10";"21/08/2025 10:16:10";"2025.5669288.21301.1.600039.414.1009.90190.6"
"318366,00";"09/04/2025 00:00:00";"09/04/2025 14:33:28";"09/04/2025 14:33:28";"2025.5668942.21301.1.600029.414.1009.90228.6"
"105135,11";"12/05/2025 00:00:00";"12/05/2025 14:48:13";"12/05/2025 14:48:13";"2025.5670514.21301.1.600021.414.1009.90223.6"
"243522,00";"13/05/2025 00:00:00";"13/05/2025 14:17:57";"13/05/2025 14:17:57";"2025.5670581.21301.1.600029.414.1009.90228.6"
"108586,19";"04/12/2025 00:00:00";"04/12/2025 11:57:53";"04/12/2025 11:57:53";"2025.5669290.21301.1.600039.414.1009.90190.6"
"187963,00";"13/05/2025 00:00:00";"13/05/2025 14:44:49";"13/05/2025 14:44:49";"2025.5668944.21301.1.600029.414.1009.90228.6"
"400000,00";"04/12/2023 00:00:00";"04/12/2023 17:24:06";"04/12/2023 17:24:06";"2023.5200639.30101.2.600039.307.5713.62121.6"
"50000,00";"27/06/2023 00:00:00";"27/06/2023 10:12:37";"27/06/2023 10:12:37";"2023.4941359.30101.2.600036.307.5713.57254.6"
"550000,00";"04/12/2023 00:00:00";"04/12/2023 17:28:19";"04/12/2023 17:28:19";"2023.5200640.30101.2.600053.307.5713.62127.6"
"243095,25";"24/08/2022 00:00:00";"24/08/2022 14:56:07";"24/08/2022 14:56:07";"2022.4591279.18401.1.600013.312.5040.51882.6"
"1500,00";"03/03/2026 00:00:00";"03/03/2026 18:34:51";"03/03/2026 18:34:51";"2026.6192403.11301.5.600047.424.2443.97006.6"
"1500,00";"06/03/2026 00:00:00";"06/03/2026 18:12:31";"06/03/2026 18:12:31";"2026.6192403.11301.5.600047.424.2443.97006.6"
"50000,00";"07/06/2021 00:00:00";"07/06/2021 12:25:22";"07/06/2021 12:25:22";"2021.4225601.11301.16.600002.306.7867.46524.6"
"2500,00";"16/03/2026 00:00:00";"16/03/2026 16:19:20";"16/03/2026 16:19:20";"2026.6192403.11301.5.600047.424.2443.97006.6"
"162915,00";"14/06/2022 00:00:00";"14/06/2022 10:07:35";"14/06/2022 10:07:35";"2022.4580875.18401.1.600002.312.5040.46893.6"
"3500,00";"03/03/2026 00:00:00";"03/03/2026 18:24:40";"03/03/2026 18:24:40";"2026.6192403.11301.5.600047.424.2443.97006.6"
"1500,00";"03/03/2026 00:00:00";"03/03/2026 18:32:25";"03/03/2026 18:32:25";"2026.6192403.11301.5.600047.424.2443.97006.6"
"2100,00";"16/03/2026 00:00:00";"16/03/2026 17:09:45";"16/03/2026 17:09:45";"2026.6192408.11301.5.600047.424.2443.97006.6"
"1500,00";"16/03/2026 00:00:00";"16/03/2026 17:33:35";"16/03/2026 17:33:35";"2026.6192403.11301.5.600047.424.2443.97006.6"
"835508,97";"18/10/2022 00:00:00";"18/10/2022 10:37:42";"18/10/2022 10:37:42";"2022.4922096.18401.1.600015.312.5040.51884.6"
"1500,00";"16/03/2026 00:00:00";"16/03/2026 16:27:08";"16/03/2026 16:27:08";"2026.6192403.11301.5.600047.424.2443.97006.6"
"2500,00";"16/03/2026 00:00:00";"16/03/2026 17:24:29";"16/03/2026 17:24:29";"2026.6192403.11301.5.600047.424.2443.97006.6"
"1500,00";"03/03/2026 00:00:00";"03/03/2026 18:30:12";"03/03/2026 18:30:12";"2026.6192403.11301.5.600047.424.2443.97006.6"
"168666,00";"29/04/2022 00:00:00";"29/04/2022 11:25:35";"12/05/2022 11:46:35";"2022.4580875.18401.1.600002.312.5040.46893.6"
"3500,00";"16/03/2026 00:00:00";"16/03/2026 17:16:30";"16/03/2026 17:16:30";"2026.6192403.11301.5.600047.424.2443.97006.6"
"162063,50";"24/08/2022 00:00:00";"24/08/2022 14:54:31";"24/08/2022 14:54:31";"2022.4591279.18401.1.600013.312.5040.51882.6"
"1500,00";"16/03/2026 00:00:00";"16/03/2026 17:38:01";"16/03/2026 17:38:01";"2026.6192403.11301.5.600047.424.2443.97006.6"
"1500,00";"06/03/2026 00:00:00";"06/03/2026 18:16:49";"06/03/2026 18:16:49";"2026.6192403.11301.5.600047.424.2443.97006.6"
"3500,00";"16/03/2026 00:00:00";"16/03/2026 16:11:12";"16/03/2026 16:11:12";"2026.6192403.11301.5.600047.424.2443.97006.6"
"594841,25";"04/10/2022 00:00:00";"04/10/2022 10:15:03";"04/10/2022 10:15:03";"2022.4591279.18401.1.600013.312.5040.51882.6"
"1500,00";"16/03/2026 00:00:00";"16/03/2026 16:42:45";"16/03/2026 16:42:45";"2026.6192403.11301.5.600047.424.2443.97006.6"
"50000,00";"14/06/2021 00:00:00";"14/06/2021 11:51:00";"14/06/2021 11:51:00";"2021.4225601.11301.16.600002.306.7867.46524.6"
"1500,00";"03/03/2026 00:00:00";"03/03/2026 18:27:42";"03/03/2026 18:27:42";"2026.6192403.11301.5.600047.424.2443.97006.6"
"1500,00";"06/03/2026 00:00:00";"06/03/2026 18:09:27";"06/03/2026 18:09:27";"2026.6192403.11301.5.600047.424.2443.97006.6"
"1500,00";"16/03/2026 00:00:00";"16/03/2026 16:34:29";"16/03/2026 16:34:29";"2026.6192403.11301.5.600047.424.2443.97006.6"
"3500,00";"06/03/2026 00:00:00";"06/03/2026 18:06:46";"06/03/2026 18:06:46";"2026.6192403.11301.5.600047.424.2443.97006.6"
"31000,00";"19/12/2022 00:00:00";"19/12/2022 09:33:59";"20/12/2022 11:46:31";"2022.4580875.18401.1.600002.312.5040.46893.6"
"2100,00";"16/03/2026 00:00:00";"16/03/2026 17:41:11";"16/03/2026 17:41:11";"2026.6192408.11301.5.600047.424.2443.97006.6"
"1500,00";"06/03/2026 00:00:00";"06/03/2026 18:14:44";"06/03/2026 18:14:44";"2026.6192403.11301.5.600047.424.2443.97006.6"
"1500,00";"16/03/2026 00:00:00";"16/03/2026 17:29:21";"16/03/2026 17:29:21";"2026.6192403.11301.5.600047.424.2443.97006.6"
"116712,90";"19/06/2024 00:00:00";"19/06/2024 10:51:02";"26/06/2024 09:50:17";"2024.5214020.21301.1.600046.414.5793.62306.6"
"16449,96";"07/10/2025 00:00:00";"07/10/2025 15:55:49";"17/11/2025 09:52:54";"2025.5673379.20801.95.600058.437.7877.91461.6"
"10500,00";"24/09/2025 00:00:00";"24/09/2025 15:55:58";"24/09/2025 15:55:58";"2025.5669919.20801.19.600018.437.7877.90220.6"
"54926,55";"19/06/2024 00:00:00";"19/06/2024 13:56:13";"26/06/2024 09:46:13";"2024.5212550.21301.1.600050.414.5793.62310.6"
"2500,00";"17/12/2025 00:00:00";"17/12/2025 16:16:49";"17/12/2025 16:16:49";"2025.5673379.20801.95.600058.437.7877.91461.6"
"93370,32";"19/06/2024 00:00:00";"19/06/2024 11:09:34";"19/06/2024 11:09:34";"2024.5217921.21301.1.600036.414.5793.61619.6"
"42311,40";"19/06/2024 00:00:00";"19/06/2024 15:21:47";"19/06/2024 15:38:23";"2024.5212541.21301.1.600004.414.5793.61624.6"
"300000,00";"01/11/2024 00:00:00";"01/11/2024 13:48:08";"01/11/2024 13:48:08";"2024.5227348.21301.1.600076.414.5793.91339.6"
"6453,68";"10/10/2025 00:00:00";"10/10/2025 16:45:11";"17/11/2025 09:52:54";"2025.5673379.20801.95.600058.437.7877.91461.6"
"554,60";"16/12/2025 00:00:00";"16/12/2025 16:12:36";"16/12/2025 16:12:36";"2025.5673379.20801.95.600058.437.7877.91461.6"
"7479,96";"03/10/2025 00:00:00";"03/10/2025 09:54:39";"17/11/2025 09:52:53";"2025.5673379.20801.95.600058.437.7877.91461.6"
"316041,00";"04/07/2024 00:00:00";"04/07/2024 09:39:05";"04/07/2024 09:39:05";"2024.5212539.21301.1.600038.414.5793.61652.6"
"11528,00";"19/11/2025 00:00:00";"19/11/2025 15:56:18";"19/11/2025 15:56:18";"2025.5673379.20801.95.600058.437.7877.91461.6"
"2043,13";"22/04/2025 00:00:00";"22/04/2025 15:09:00";"15/05/2025 08:52:16";"2025.5669919.20801.19.600018.437.7877.90220.6"
"7979,43";"19/06/2024 00:00:00";"19/06/2024 10:46:14";"19/06/2024 10:46:14";"2024.5212547.21301.1.600009.414.5793.61629.6"
"300682,17";"19/06/2024 00:00:00";"19/06/2024 15:44:01";"19/06/2024 15:44:01";"2024.5212539.21301.1.600038.414.5793.61652.6"
"133287,10";"19/06/2024 00:00:00";"19/06/2024 14:00:58";"26/06/2024 09:50:39";"2024.5214020.21301.1.600046.414.5793.62306.6"
"3075,00";"17/12/2025 00:00:00";"17/12/2025 15:54:43";"17/12/2025 15:54:43";"2025.5673379.20801.95.600058.437.7877.91461.6"
"7200,00";"03/10/2025 00:00:00";"03/10/2025 14:20:49";"17/11/2025 09:52:53";"2025.5673379.20801.95.600058.437.7877.91461.6"
"4389,96";"10/10/2025 00:00:00";"10/10/2025 16:50:25";"17/11/2025 09:52:54";"2025.5673379.20801.95.600058.437.7877.91461.6"
"854,00";"17/12/2025 00:00:00";"17/12/2025 16:13:45";"17/12/2025 16:13:45";"2025.5673379.20801.95.600058.437.7877.91461.6"
"48319,96";"19/06/2024 00:00:00";"19/06/2024 15:46:21";"19/06/2024 15:46:21";"2024.5212541.21301.1.600004.414.5793.61624.6"
"263292,47";"19/06/2024 00:00:00";"19/06/2024 15:29:28";"19/06/2024 15:36:37";"2024.5212539.21301.1.600038.414.5793.61652.6"
"1170,00";"19/11/2025 00:00:00";"19/11/2025 16:36:35";"19/11/2025 16:36:35";"2025.5673379.20801.95.600058.437.7877.91461.6"
"206500,00";"23/08/2024 00:00:00";"23/08/2024 14:56:11";"09/09/2024 11:38:58";"2024.5227350.21301.1.600066.414.5793.91331.6"
"41499,96";"27/11/2025 00:00:00";"27/11/2025 16:38:04";"27/11/2025 16:38:04";"2025.5673379.20801.95.600058.437.7877.91461.6"
"48096,45";"19/06/2024 00:00:00";"19/06/2024 10:40:04";"26/06/2024 09:45:49";"2024.5212550.21301.1.600050.414.5793.62310.6"
"5190,00";"19/11/2025 00:00:00";"19/11/2025 16:52:03";"19/11/2025 16:52:03";"2025.5673379.20801.95.600058.437.7877.91461.6"
"106629,68";"19/06/2024 00:00:00";"19/06/2024 11:04:41";"19/06/2024 11:04:41";"2024.5217921.21301.1.600036.414.5793.61619.6"
"2733,33";"16/12/2025 00:00:00";"16/12/2025 11:37:54";"16/12/2025 11:37:54";"2025.5673379.20801.95.600058.437.7877.91461.6"
"6994,80";"23/10/2025 00:00:00";"23/10/2025 08:40:11";"17/11/2025 09:52:54";"2025.5673379.20801.95.600058.437.7877.91461.6"
"150000,00";"01/11/2024 00:00:00";"01/11/2024 13:43:25";"01/11/2024 13:43:25";"2024.5226259.21301.1.600059.414.5793.91326.6"
"9112,57";"18/06/2024 00:00:00";"18/06/2024 16:22:05";"18/06/2024 16:22:05";"2024.5212547.21301.1.600009.414.5793.61629.6"
"10500,00";"03/06/2025 00:00:00";"03/06/2025 12:54:41";"03/06/2025 12:54:41";"2025.5669919.20801.19.600018.437.7877.90220.6"
"921,36";"31/10/2024 00:00:00";"31/10/2024 14:36:42";"31/10/2024 14:36:42";"2024.5212539.21301.1.600038.414.5793.61652.6"
"25000,00";"31/10/2024 00:00:00";"31/10/2024 14:26:54";"31/10/2024 14:26:54";"2024.5225698.22202.1.600046.406.7980.62306.6"
"15000,00";"11/10/2024 00:00:00";"11/10/2024 10:32:20";"11/10/2024 10:32:20";"2024.5225698.22202.1.600046.406.7980.62306.6"
"25000,00";"11/10/2024 00:00:00";"11/10/2024 16:40:50";"11/10/2024 16:40:50";"2024.5225698.22202.1.600046.406.7980.62306.6"
"50000,00";"16/05/2024 00:00:00";"16/05/2024 16:02:41";"23/05/2024 15:29:03";"2024.5213800.22301.1.600005.406.7980.61625.6"
"15000,00";"19/08/2024 00:00:00";"19/08/2024 11:23:34";"19/08/2024 11:23:34";"2024.5225698.22202.1.600046.406.7980.62306.6"
"100000,00";"11/10/2024 00:00:00";"11/10/2024 15:32:21";"11/10/2024 15:32:21";"2024.5225697.22202.1.600046.406.7980.62306.6"
"7283,24";"19/07/2023 00:00:00";"19/07/2023 16:48:54";"19/07/2023 16:48:54";"2023.4933366.24801.1.600036.309.7911.57254.6"
"9957,16";"28/09/2023 00:00:00";"28/09/2023 10:47:58";"28/09/2023 10:47:58";"2023.4933366.24801.1.600036.309.7911.57254.6"
"131097,89";"28/09/2023 00:00:00";"28/09/2023 10:45:17";"28/09/2023 10:45:17";"2023.4933366.24801.1.600036.309.7911.57254.6"
"7686,63";"28/08/2023 00:00:00";"28/08/2023 17:15:05";"28/08/2023 17:15:05";"2023.4933366.24801.1.600036.309.7911.57254.6"
"114824,96";"19/07/2023 00:00:00";"19/07/2023 16:08:47";"19/07/2023 16:08:47";"2023.4933366.24801.1.600036.309.7911.57254.6"
"93792,34";"28/08/2023 00:00:00";"28/08/2023 17:09:38";"28/08/2023 17:09:38";"2023.4933366.24801.1.600036.309.7911.57254.6"
"58075,00";"19/12/2023 00:00:00";"19/12/2023 17:31:39";"19/12/2023 17:31:39";"2023.4933366.24801.1.600036.309.7911.57254.6"
"28882,79";"16/09/2021 00:00:00";"16/09/2021 13:37:13";"16/09/2021 13:37:13";"2021.4229737.24801.1.600000.309.7911.46473.6"
"31129,24";"14/12/2021 00:00:00";"14/12/2021 17:48:05";"14/12/2021 17:48:05";"2021.4229737.24801.1.600000.309.7911.46473.6"
"208231,31";"16/09/2021 00:00:00";"16/09/2021 13:34:39";"16/09/2021 13:34:39";"2021.4229737.24801.1.600000.309.7911.46473.6"
"199925,04";"03/11/2021 00:00:00";"03/11/2021 16:31:16";"03/11/2021 16:31:16";"2021.4229737.24801.1.600000.309.7911.46473.6"
"188105,36";"14/12/2021 00:00:00";"14/12/2021 17:46:02";"14/12/2021 17:46:02";"2021.4229737.24801.1.600000.309.7911.46473.6"
"81527,85";"28/10/2021 00:00:00";"28/10/2021 15:21:50";"28/10/2021 15:21:50";"2021.4229737.24801.1.600000.309.7911.46473.6"
"443886,95";"28/10/2021 00:00:00";"28/10/2021 15:19:37";"28/10/2021 15:19:37";"2021.4229737.24801.1.600000.309.7911.46473.6"
"13636,36";"13/05/2024 00:00:00";"13/05/2024 14:15:42";"13/05/2024 14:15:42";"2024.5212449.21101.7.600027.413.5917.61645.6"
"86439,46";"22/04/2024 00:00:00";"22/04/2024 14:17:11";"23/04/2024 11:02:49";"2024.5212449.21101.7.600027.413.5917.61645.6"
"5157,81";"13/05/2024 00:00:00";"13/05/2024 15:13:57";"13/05/2024 15:13:57";"2024.5211904.21101.7.600036.413.5917.61619.6"
"13246,12";"12/06/2024 00:00:00";"12/06/2024 11:12:52";"14/06/2024 11:11:48";"2024.5210791.21101.7.600000.413.5917.61620.6"
"35000,00";"30/04/2024 00:00:00";"30/04/2024 14:46:07";"06/05/2024 15:13:35";"2024.5212449.21101.7.600027.413.5917.61645.6"
"3409,09";"13/05/2024 00:00:00";"13/05/2024 13:14:56";"13/05/2024 13:14:56";"2024.5211904.21101.7.600036.413.5917.61619.6"
"2796,42";"22/04/2024 00:00:00";"22/04/2024 14:22:24";"23/04/2024 11:02:50";"2024.5211862.21101.7.600004.413.5917.61624.6"
"86753,88";"22/04/2024 00:00:00";"22/04/2024 14:11:01";"23/04/2024 11:02:49";"2024.5210791.21101.7.600000.413.5917.61620.6"
"2947,32";"13/05/2024 00:00:00";"13/05/2024 15:17:40";"13/05/2024 15:17:40";"2024.5212449.21101.7.600027.413.5917.61645.6"
"35000,00";"30/04/2024 00:00:00";"30/04/2024 14:40:51";"07/05/2024 13:55:06";"2024.5211904.21101.7.600036.413.5917.61619.6"
"30000,00";"21/08/2024 00:00:00";"21/08/2024 09:24:58";"27/08/2024 15:29:21";"2024.5211861.21101.7.600004.413.5917.61624.6"
"20454,54";"19/06/2024 00:00:00";"19/06/2024 12:08:20";"19/06/2024 12:08:20";"2024.5211904.21101.7.600036.413.5917.61619.6"
"18088,21";"31/05/2024 00:00:00";"31/05/2024 14:13:15";"31/05/2024 14:13:15";"2024.5211904.21101.7.600036.413.5917.61619.6"
"10336,12";"31/05/2024 00:00:00";"31/05/2024 14:17:26";"31/05/2024 14:17:26";"2024.5212449.21101.7.600027.413.5917.61645.6"
"45898,00";"12/06/2024 00:00:00";"12/06/2024 09:56:25";"14/06/2024 11:11:48";"2024.5212449.21101.7.600027.413.5917.61645.6"
"35133,88";"11/06/2024 00:00:00";"11/06/2024 17:07:45";"14/06/2024 11:11:48";"2024.5211904.21101.7.600036.413.5917.61619.6"
"25836,00";"20/08/2025 00:00:00";"20/08/2025 16:58:04";"20/08/2025 16:58:04";"2025.5667736.20803.13.600070.437.1102.91445.6"
"13333,36";"20/08/2025 00:00:00";"20/08/2025 17:04:22";"20/08/2025 17:04:22";"2025.5667736.20803.13.600070.437.1102.91445.6"
"36829,52";"20/08/2025 00:00:00";"20/08/2025 17:02:35";"20/08/2025 17:02:35";"2025.5667736.20803.13.600070.437.1102.91445.6"
"71900,00";"21/03/2022 00:00:00";"21/03/2022 12:58:41";"21/03/2022 12:58:41";"2022.4576492.34101.1.600003.311.5549.51872.6"
"71900,00";"21/03/2022 00:00:00";"21/03/2022 12:54:04";"21/03/2022 12:54:04";"2022.4576490.34101.1.600003.311.5549.51872.6"
"110813,10";"09/03/2026 00:00:00";"09/03/2026 17:40:30";"18/03/2026 09:42:33";"2026.6194628.26401.2.600042.419.5183.97016.6"
"23036,56";"03/03/2026 00:00:00";"03/03/2026 15:49:55";"18/03/2026 09:36:07";"2026.6194013.26401.2.600042.419.5183.97016.6"
"28000,00";"05/11/2025 00:00:00";"07/11/2025 09:34:19";"07/11/2025 09:34:19";"2025.5670499.11301.16.600059.424.4048.91468.6"
"1789,90";"03/12/2025 00:00:00";"04/12/2025 10:12:38";"04/12/2025 10:12:38";"2025.5667376.11301.16.600009.424.4048.90211.6"
"2500,00";"29/07/2025 00:00:00";"29/07/2025 10:26:58";"29/07/2025 10:26:58";"2025.5670496.11301.16.600059.424.4048.91468.6"
"1500,00";"04/11/2025 00:00:00";"05/11/2025 14:58:54";"05/11/2025 14:58:54";"2025.5670496.11301.16.600059.424.4048.91468.6"
"1850,00";"08/05/2025 00:00:00";"09/05/2025 16:06:45";"09/05/2025 16:06:45";"2025.5667380.11301.16.600009.424.4048.90211.6"
"1850,00";"15/04/2025 00:00:00";"15/04/2025 16:11:39";"15/04/2025 16:11:39";"2025.5667380.11301.16.600009.424.4048.90211.6"
"562,25";"10/09/2025 00:00:00";"10/09/2025 11:46:12";"10/09/2025 11:46:12";"2025.5670497.11301.16.600059.424.4048.91468.6"
"1000,00";"28/08/2025 00:00:00";"28/08/2025 15:33:29";"28/08/2025 15:33:29";"2025.5670496.11301.16.600059.424.4048.91468.6"
"1000,00";"28/03/2025 00:00:00";"28/03/2025 17:46:21";"28/03/2025 17:46:21";"2025.5667380.11301.16.600009.424.4048.90211.6"
"1850,00";"11/08/2025 00:00:00";"12/08/2025 09:26:46";"12/08/2025 09:26:46";"2025.5670496.11301.16.600059.424.4048.91468.6"
"1850,00";"15/04/2025 00:00:00";"15/04/2025 11:43:09";"15/04/2025 11:43:09";"2025.5667380.11301.16.600009.424.4048.90211.6"
"2500,00";"28/04/2025 00:00:00";"29/04/2025 11:28:04";"29/04/2025 11:28:04";"2025.5667380.11301.16.600009.424.4048.90211.6"
"189,60";"28/05/2025 00:00:00";"28/05/2025 16:13:38";"28/05/2025 16:13:38";"2025.5667376.11301.16.600009.424.4048.90211.6"
"2800,00";"28/04/2025 00:00:00";"28/04/2025 15:25:17";"28/04/2025 15:25:17";"2025.5667376.11301.16.600009.424.4048.90211.6"
"1000,00";"29/10/2025 00:00:00";"30/10/2025 10:24:20";"30/10/2025 10:24:20";"2025.5670496.11301.16.600059.424.4048.91468.6"
"1000,00";"17/02/2025 00:00:00";"17/02/2025 11:23:54";"17/02/2025 11:23:54";"2025.5667380.11301.16.600009.424.4048.90211.6"
"1850,00";"11/08/2025 00:00:00";"12/08/2025 09:22:11";"12/08/2025 09:22:11";"2025.5670496.11301.16.600059.424.4048.91468.6"
"2500,00";"05/12/2025 00:00:00";"05/12/2025 11:19:58";"05/12/2025 11:19:58";"2025.5670496.11301.16.600059.424.4048.91468.6"
"1500,00";"07/03/2025 00:00:00";"07/03/2025 16:30:15";"07/03/2025 16:30:15";"2025.5667380.11301.16.600009.424.4048.90211.6"
"1850,00";"15/04/2025 00:00:00";"15/04/2025 11:37:20";"15/04/2025 11:37:20";"2025.5667380.11301.16.600009.424.4048.90211.6"
"2316,60";"18/12/2025 00:00:00";"18/12/2025 09:07:44";"26/02/2026 11:22:41";"2025.5670495.11301.16.600059.424.4048.91468.6"
"562,25";"10/09/2025 00:00:00";"10/09/2025 14:51:01";"10/09/2025 14:51:01";"2025.5670497.11301.16.600059.424.4048.91468.6"
"1850,00";"27/11/2025 00:00:00";"27/11/2025 17:42:52";"27/11/2025 17:42:52";"2025.5670496.11301.16.600059.424.4048.91468.6"
"2234,62";"30/04/2025 00:00:00";"30/04/2025 15:38:32";"30/04/2025 15:38:32";"2025.5670497.11301.16.600059.424.4048.91468.6"
"3217,91";"09/05/2025 00:00:00";"09/05/2025 15:04:48";"09/05/2025 15:04:48";"2025.5667376.11301.16.600009.424.4048.90211.6"
"1850,00";"29/09/2025 00:00:00";"29/09/2025 16:22:16";"03/10/2025 10:19:29";"2025.5670496.11301.16.600059.424.4048.91468.6"
"1850,00";"27/11/2025 00:00:00";"27/11/2025 17:35:01";"27/11/2025 17:35:01";"2025.5670496.11301.16.600059.424.4048.91468.6"
"1000,00";"07/03/2025 00:00:00";"07/03/2025 16:47:09";"07/03/2025 16:47:09";"2025.5667380.11301.16.600009.424.4048.90211.6"
"1850,00";"29/10/2025 00:00:00";"30/10/2025 11:02:07";"30/10/2025 11:02:07";"2025.5667380.11301.16.600009.424.4048.90211.6"
"1000,00";"05/12/2025 00:00:00";"05/12/2025 11:25:43";"05/12/2025 11:25:43";"2025.5670496.11301.16.600059.424.4048.91468.6"
"1500,00";"28/04/2025 00:00:00";"29/04/2025 11:33:07";"29/04/2025 11:33:07";"2025.5667380.11301.16.600009.424.4048.90211.6"
"7800,00";"25/09/2025 00:00:00";"25/09/2025 10:00:49";"25/09/2025 10:00:49";"2025.5670499.11301.16.600059.424.4048.91468.6"
"1000,00";"29/09/2025 00:00:00";"29/09/2025 08:57:45";"29/09/2025 08:57:45";"2025.5670496.11301.16.600059.424.4048.91468.6"
"1000,00";"17/02/2025 00:00:00";"17/02/2025 11:27:24";"17/02/2025 11:27:24";"2025.5667380.11301.16.600009.424.4048.90211.6"
"1850,00";"15/04/2025 00:00:00";"15/04/2025 16:16:15";"15/04/2025 16:16:15";"2025.5667380.11301.16.600009.424.4048.90211.6"
"1850,00";"15/04/2025 00:00:00";"15/04/2025 16:09:37";"15/04/2025 16:09:37";"2025.5667380.11301.16.600009.424.4048.90211.6"
"1850,00";"29/09/2025 00:00:00";"29/09/2025 16:34:58";"03/10/2025 10:19:30";"2025.5670496.11301.16.600059.424.4048.91468.6"
"1000,00";"29/07/2025 00:00:00";"29/07/2025 10:39:49";"29/07/2025 10:39:49";"2025.5670496.11301.16.600059.424.4048.91468.6"
"499,92";"15/04/2025 00:00:00";"15/04/2025 10:51:01";"15/04/2025 10:51:01";"2025.5667376.11301.16.600009.424.4048.90211.6"
"1000,00";"27/11/2025 00:00:00";"28/11/2025 11:30:19";"28/11/2025 11:30:19";"2025.5670496.11301.16.600059.424.4048.91468.6"
"1535,83";"09/10/2025 00:00:00";"09/10/2025 09:36:51";"09/10/2025 09:36:51";"2025.5670497.11301.16.600059.424.4048.91468.6"
"1000,00";"05/12/2025 00:00:00";"05/12/2025 11:06:15";"05/12/2025 11:06:15";"2025.5670496.11301.16.600059.424.4048.91468.6"
"1500,00";"29/05/2025 00:00:00";"29/05/2025 15:28:39";"29/05/2025 15:28:39";"2025.5667380.11301.16.600009.424.4048.90211.6"
"1850,00";"11/08/2025 00:00:00";"12/08/2025 09:32:43";"12/08/2025 09:32:43";"2025.5670496.11301.16.600059.424.4048.91468.6"
"1000,00";"28/03/2025 00:00:00";"28/03/2025 17:44:21";"28/03/2025 17:44:21";"2025.5667380.11301.16.600009.424.4048.90211.6"
"1850,00";"15/04/2025 00:00:00";"15/04/2025 16:13:45";"15/04/2025 16:13:45";"2025.5667380.11301.16.600009.424.4048.90211.6"
"1000,00";"28/08/2025 00:00:00";"28/08/2025 15:31:03";"28/08/2025 15:31:03";"2025.5670496.11301.16.600059.424.4048.91468.6"
"1500,00";"17/02/2025 00:00:00";"17/02/2025 11:37:23";"17/02/2025 11:37:23";"2025.5667380.11301.16.600009.424.4048.90211.6"
"244,26";"13/05/2025 00:00:00";"13/05/2025 17:43:58";"13/05/2025 17:43:58";"2025.5670497.11301.16.600059.424.4048.91468.6"
"1000,00";"29/07/2025 00:00:00";"29/07/2025 10:42:36";"29/07/2025 10:42:36";"2025.5670496.11301.16.600059.424.4048.91468.6"
"1850,00";"29/09/2025 00:00:00";"29/09/2025 16:45:31";"03/10/2025 10:19:30";"2025.5670496.11301.16.600059.424.4048.91468.6"
"1850,00";"08/05/2025 00:00:00";"09/05/2025 15:30:31";"09/05/2025 15:30:31";"2025.5667380.11301.16.600009.424.4048.90211.6"
"17156,90";"02/12/2025 00:00:00";"02/12/2025 16:29:44";"04/12/2025 09:46:22";"2025.5670495.11301.16.600059.424.4048.91468.6"
"1500,00";"29/07/2025 00:00:00";"29/07/2025 09:18:39";"29/07/2025 09:18:39";"2025.5670496.11301.16.600059.424.4048.91468.6"
"1500,00";"28/08/2025 00:00:00";"28/08/2025 15:19:05";"28/08/2025 15:19:05";"2025.5670496.11301.16.600059.424.4048.91468.6"
"562,25";"10/09/2025 00:00:00";"10/09/2025 15:15:21";"10/09/2025 15:15:21";"2025.5670497.11301.16.600059.424.4048.91468.6"
"243,08";"29/07/2025 00:00:00";"29/07/2025 15:15:08";"29/07/2025 15:15:08";"2025.5670497.11301.16.600059.424.4048.91468.6"
"4244,09";"07/05/2025 00:00:00";"07/05/2025 15:44:09";"07/05/2025 15:44:09";"2025.5667376.11301.16.600009.424.4048.90211.6"
"1850,00";"29/09/2025 00:00:00";"29/09/2025 16:40:36";"03/10/2025 10:19:30";"2025.5670496.11301.16.600059.424.4048.91468.6"
"1850,00";"08/05/2025 00:00:00";"09/05/2025 15:49:32";"09/05/2025 15:49:32";"2025.5667380.11301.16.600009.424.4048.90211.6"
"1850,00";"08/05/2025 00:00:00";"09/05/2025 16:09:19";"09/05/2025 16:09:19";"2025.5667380.11301.16.600009.424.4048.90211.6"
"1000,00";"07/03/2025 00:00:00";"07/03/2025 16:43:20";"07/03/2025 16:43:20";"2025.5667380.11301.16.600009.424.4048.90211.6"
"1500,00";"29/09/2025 00:00:00";"29/09/2025 09:04:01";"29/09/2025 09:04:01";"2025.5670496.11301.16.600059.424.4048.91468.6"
"1000,00";"29/07/2025 00:00:00";"29/07/2025 09:21:27";"29/07/2025 09:21:27";"2025.5670496.11301.16.600059.424.4048.91468.6"
"1500,00";"27/11/2025 00:00:00";"28/11/2025 11:39:09";"28/11/2025 11:39:09";"2025.5670496.11301.16.600059.424.4048.91468.6"
"1500,00";"28/03/2025 00:00:00";"28/03/2025 15:49:58";"28/03/2025 15:49:58";"2025.5667380.11301.16.600009.424.4048.90211.6"
"1000,00";"29/10/2025 00:00:00";"30/10/2025 10:31:46";"30/10/2025 10:31:46";"2025.5670496.11301.16.600059.424.4048.91468.6"
"1500,00";"05/12/2025 00:00:00";"05/12/2025 11:30:47";"05/12/2025 11:30:47";"2025.5670496.11301.16.600059.424.4048.91468.6"
"1000,00";"29/10/2025 00:00:00";"30/10/2025 10:34:44";"30/10/2025 10:34:44";"2025.5670496.11301.16.600059.424.4048.91468.6"
"1850,00";"15/04/2025 00:00:00";"15/04/2025 11:46:03";"15/04/2025 11:46:03";"2025.5667380.11301.16.600009.424.4048.90211.6"
"125000,00";"20/06/2025 00:00:00";"20/06/2025 15:32:14";"27/06/2025 15:14:26";"2025.5675981.32802.1.600054.440.4042.90186.6"
"2500,00";"28/03/2025 00:00:00";"28/03/2025 17:25:57";"28/03/2025 17:25:57";"2025.5667380.11301.16.600009.424.4048.90211.6"
"24,10";"28/05/2025 00:00:00";"28/05/2025 16:10:42";"28/05/2025 16:10:42";"2025.5667376.11301.16.600009.424.4048.90211.6"
"1000,00";"29/09/2025 00:00:00";"29/09/2025 08:55:16";"29/09/2025 08:55:16";"2025.5670496.11301.16.600059.424.4048.91468.6"
"1000,00";"27/11/2025 00:00:00";"28/11/2025 11:35:29";"28/11/2025 11:35:29";"2025.5670496.11301.16.600059.424.4048.91468.6"
"7133,05";"24/07/2025 00:00:00";"24/07/2025 11:50:40";"24/07/2025 11:50:40";"2025.5670495.11301.16.600059.424.4048.91468.6"
"2500,00";"27/06/2025 00:00:00";"30/06/2025 09:10:23";"30/06/2025 09:10:23";"2025.5670496.11301.16.600059.424.4048.91468.6"
"1850,00";"27/11/2025 00:00:00";"27/11/2025 17:49:08";"27/11/2025 17:49:08";"2025.5670496.11301.16.600059.424.4048.91468.6"
"1120,29";"13/10/2025 00:00:00";"13/10/2025 16:00:04";"13/10/2025 16:00:04";"2025.5670497.11301.16.600059.424.4048.91468.6"
"1000,00";"28/04/2025 00:00:00";"29/04/2025 11:37:42";"29/04/2025 11:37:42";"2025.5667380.11301.16.600009.424.4048.90211.6"
"280,84";"11/08/2025 00:00:00";"11/08/2025 15:31:34";"11/08/2025 15:31:34";"2025.5670497.11301.16.600059.424.4048.91468.6"
"1000,00";"07/03/2025 00:00:00";"07/03/2025 16:45:07";"07/03/2025 16:45:07";"2025.5667380.11301.16.600009.424.4048.90211.6"
"1850,00";"29/10/2025 00:00:00";"30/10/2025 11:23:33";"30/10/2025 11:23:33";"2025.5670496.11301.16.600059.424.4048.91468.6"
"1000,00";"29/09/2025 00:00:00";"29/09/2025 09:06:06";"29/09/2025 09:06:06";"2025.5670496.11301.16.600059.424.4048.91468.6"
"1000,00";"27/11/2025 00:00:00";"28/11/2025 11:27:36";"28/11/2025 11:27:36";"2025.5670496.11301.16.600059.424.4048.91468.6"
"1000,00";"29/07/2025 00:00:00";"29/07/2025 10:36:00";"29/07/2025 10:36:00";"2025.5670496.11301.16.600059.424.4048.91468.6"
"1000,00";"28/04/2025 00:00:00";"29/04/2025 11:40:18";"29/04/2025 11:40:18";"2025.5667380.11301.16.600009.424.4048.90211.6"
"1500,00";"17/02/2025 00:00:00";"17/02/2025 11:31:22";"17/02/2025 11:31:22";"2025.5667380.11301.16.600009.424.4048.90211.6"
"1500,00";"07/03/2025 00:00:00";"07/03/2025 16:41:21";"07/03/2025 16:41:21";"2025.5667380.11301.16.600009.424.4048.90211.6"
"60000,00";"26/05/2025 00:00:00";"26/05/2025 15:03:43";"26/05/2025 15:03:43";"2025.5667382.11301.16.600009.424.4048.90211.6"
"25,00";"03/12/2025 00:00:00";"04/12/2025 10:16:16";"04/12/2025 10:16:16";"2025.5667376.11301.16.600009.424.4048.90211.6"
"1850,00";"11/08/2025 00:00:00";"12/08/2025 09:24:46";"12/08/2025 09:24:46";"2025.5670496.11301.16.600059.424.4048.91468.6"
"1850,00";"08/05/2025 00:00:00";"09/05/2025 16:03:47";"09/05/2025 16:03:47";"2025.5667380.11301.16.600009.424.4048.90211.6"
"1850,00";"27/11/2025 00:00:00";"27/11/2025 17:46:47";"27/11/2025 17:46:47";"2025.5670496.11301.16.600059.424.4048.91468.6"
"450,00";"03/12/2025 00:00:00";"04/12/2025 10:18:18";"04/12/2025 10:18:18";"2025.5667376.11301.16.600009.424.4048.90211.6"
"1850,00";"11/08/2025 00:00:00";"12/08/2025 09:40:50";"12/08/2025 09:40:50";"2025.5670496.11301.16.600059.424.4048.91468.6"
"1274,40";"03/12/2025 00:00:00";"04/12/2025 10:06:52";"04/12/2025 10:06:52";"2025.5667376.11301.16.600009.424.4048.90211.6"
"1500,00";"28/03/2025 00:00:00";"28/03/2025 15:52:07";"28/03/2025 15:52:07";"2025.5667380.11301.16.600009.424.4048.90211.6"
"1000,00";"29/05/2025 00:00:00";"29/05/2025 15:33:05";"29/05/2025 15:33:05";"2025.5667380.11301.16.600009.424.4048.90211.6"
"1850,00";"24/09/2025 00:00:00";"24/09/2025 15:23:19";"03/10/2025 10:19:29";"2025.5667380.11301.16.600009.424.4048.90211.6"
"25500,00";"18/11/2025 00:00:00";"18/11/2025 09:15:46";"18/11/2025 09:15:46";"2025.5670495.11301.16.600059.424.4048.91468.6"
"17000,00";"12/12/2025 00:00:00";"12/12/2025 11:45:08";"12/12/2025 11:45:08";"2025.5670495.11301.16.600059.424.4048.91468.6"
"1850,00";"08/05/2025 00:00:00";"09/05/2025 15:56:08";"09/05/2025 15:56:08";"2025.5667380.11301.16.600009.424.4048.90211.6"
"28000,00";"18/06/2025 00:00:00";"18/06/2025 16:44:34";"27/06/2025 15:14:26";"2025.5675976.32802.1.600042.440.4042.90193.6"
"1000,00";"17/02/2025 00:00:00";"17/02/2025 11:20:04";"17/02/2025 11:20:04";"2025.5667380.11301.16.600009.424.4048.90211.6"
"1000,00";"29/05/2025 00:00:00";"29/05/2025 15:38:57";"29/05/2025 15:38:57";"2025.5667380.11301.16.600009.424.4048.90211.6"
"68151,41";"03/11/2025 00:00:00";"03/11/2025 15:06:13";"03/11/2025 15:06:13";"2025.5670500.11301.16.600042.424.4048.90193.6"
"1850,00";"29/10/2025 00:00:00";"30/10/2025 11:15:29";"30/10/2025 11:15:29";"2025.5667380.11301.16.600009.424.4048.90211.6"
"562,25";"10/09/2025 00:00:00";"10/09/2025 15:04:50";"10/09/2025 15:04:50";"2025.5670497.11301.16.600059.424.4048.91468.6"
"1500,00";"05/12/2025 00:00:00";"05/12/2025 11:17:53";"05/12/2025 11:17:53";"2025.5670496.11301.16.600059.424.4048.91468.6"
"1500,00";"29/10/2025 00:00:00";"30/10/2025 10:37:23";"30/10/2025 10:37:23";"2025.5670496.11301.16.600059.424.4048.91468.6"
"1500,00";"28/08/2025 00:00:00";"28/08/2025 15:22:39";"28/08/2025 15:22:39";"2025.5670496.11301.16.600059.424.4048.91468.6"
"1500,00";"29/09/2025 00:00:00";"29/09/2025 09:11:25";"29/09/2025 09:11:25";"2025.5670496.11301.16.600059.424.4048.91468.6"
"206,70";"22/09/2025 00:00:00";"22/09/2025 16:30:11";"22/09/2025 16:30:11";"2025.5667376.11301.16.600009.424.4048.90211.6"
"1850,00";"11/08/2025 00:00:00";"12/08/2025 09:20:14";"12/08/2025 09:20:14";"2025.5670496.11301.16.600059.424.4048.91468.6"
"1850,00";"29/09/2025 00:00:00";"29/09/2025 16:43:07";"03/10/2025 10:19:30";"2025.5670496.11301.16.600059.424.4048.91468.6"
"2500,00";"29/10/2025 00:00:00";"30/10/2025 10:20:23";"30/10/2025 10:20:23";"2025.5670496.11301.16.600059.424.4048.91468.6"
"1000,00";"27/06/2025 00:00:00";"30/06/2025 08:56:06";"30/06/2025 08:56:06";"2025.5670496.11301.16.600059.424.4048.91468.6"
"1000,00";"29/09/2025 00:00:00";"29/09/2025 09:00:01";"29/09/2025 09:00:01";"2025.5670496.11301.16.600059.424.4048.91468.6"
"562,25";"10/09/2025 00:00:00";"10/09/2025 15:23:24";"10/09/2025 15:23:24";"2025.5670497.11301.16.600059.424.4048.91468.6"
"2500,00";"07/03/2025 00:00:00";"07/03/2025 16:32:01";"07/03/2025 16:32:01";"2025.5667380.11301.16.600009.424.4048.90211.6"
"2500,00";"28/08/2025 00:00:00";"28/08/2025 15:27:08";"28/08/2025 15:27:08";"2025.5670496.11301.16.600059.424.4048.91468.6"
"2500,00";"29/09/2025 00:00:00";"29/09/2025 09:02:01";"29/09/2025 09:02:01";"2025.5670496.11301.16.600059.424.4048.91468.6"
"1850,00";"27/11/2025 00:00:00";"27/11/2025 17:40:39";"27/11/2025 17:40:39";"2025.5670496.11301.16.600059.424.4048.91468.6"
"1850,00";"29/09/2025 00:00:00";"29/09/2025 16:19:54";"03/10/2025 10:19:29";"2025.5670496.11301.16.600059.424.4048.91468.6"
"1850,00";"30/10/2025 00:00:00";"30/10/2025 11:10:50";"30/10/2025 11:10:50";"2025.5667380.11301.16.600009.424.4048.90211.6"
"1000,00";"27/06/2025 00:00:00";"30/06/2025 09:22:13";"30/06/2025 09:22:13";"2025.5670496.11301.16.600059.424.4048.91468.6"
"1500,00";"29/07/2025 00:00:00";"29/07/2025 10:23:33";"29/07/2025 10:23:33";"2025.5670496.11301.16.600059.424.4048.91468.6"
"134,40";"28/05/2025 00:00:00";"28/05/2025 16:08:02";"28/05/2025 16:08:02";"2025.5667376.11301.16.600009.424.4048.90211.6"
"1000,00";"29/05/2025 00:00:00";"29/05/2025 15:26:05";"29/05/2025 15:26:05";"2025.5667380.11301.16.600009.424.4048.90211.6"
"2500,00";"29/05/2025 00:00:00";"29/05/2025 15:43:29";"29/05/2025 15:43:29";"2025.5667380.11301.16.600009.424.4048.90211.6"
"1000,00";"27/11/2025 00:00:00";"28/11/2025 11:25:33";"28/11/2025 11:25:33";"2025.5670496.11301.16.600059.424.4048.91468.6"
"5520,00";"03/11/2025 00:00:00";"03/11/2025 15:50:40";"03/11/2025 15:50:40";"2025.5670499.11301.16.600059.424.4048.91468.6"
"1556,44";"28/07/2025 00:00:00";"28/07/2025 15:38:47";"28/07/2025 15:38:47";"2025.5667376.11301.16.600009.424.4048.90211.6"
"1850,00";"29/09/2025 00:00:00";"29/09/2025 16:29:23";"03/10/2025 10:19:30";"2025.5670496.11301.16.600059.424.4048.91468.6"
"368,16";"28/04/2025 00:00:00";"28/04/2025 16:41:52";"28/04/2025 16:41:52";"2025.5667376.11301.16.600009.424.4048.90211.6"
"2500,00";"27/11/2025 00:00:00";"28/11/2025 11:22:32";"28/11/2025 11:22:32";"2025.5670496.11301.16.600059.424.4048.91468.6"
"1000,00";"07/03/2025 00:00:00";"07/03/2025 16:50:14";"07/03/2025 16:50:14";"2025.5667380.11301.16.600009.424.4048.90211.6"
"1000,00";"17/02/2025 00:00:00";"17/02/2025 11:22:10";"17/02/2025 11:22:10";"2025.5667380.11301.16.600009.424.4048.90211.6"
"1850,00";"29/10/2025 00:00:00";"30/10/2025 11:21:01";"30/10/2025 11:21:01";"2025.5667380.11301.16.600009.424.4048.90211.6"
"1000,00";"29/05/2025 00:00:00";"29/05/2025 15:50:22";"29/05/2025 15:50:22";"2025.5667380.11301.16.600009.424.4048.90211.6"
"1000,00";"28/03/2025 00:00:00";"28/03/2025 17:50:18";"28/03/2025 17:50:18";"2025.5667380.11301.16.600009.424.4048.90211.6"
"3566,68";"16/05/2025 00:00:00";"16/05/2025 15:41:38";"16/05/2025 15:41:38";"2025.5667376.11301.16.600009.424.4048.90211.6"
"1850,00";"27/11/2025 00:00:00";"27/11/2025 17:37:44";"27/11/2025 17:37:44";"2025.5670496.11301.16.600059.424.4048.91468.6"
"1850,00";"11/08/2025 00:00:00";"12/08/2025 09:30:40";"12/08/2025 09:30:40";"2025.5670496.11301.16.600059.424.4048.91468.6"
"1000,00";"28/03/2025 00:00:00";"28/03/2025 17:48:27";"28/03/2025 17:48:27";"2025.5667380.11301.16.600009.424.4048.90211.6"
"1850,00";"08/05/2025 00:00:00";"09/05/2025 15:59:11";"09/05/2025 15:59:11";"2025.5667380.11301.16.600009.424.4048.90211.6"
"325,85";"18/12/2025 00:00:00";"18/12/2025 15:37:17";"26/02/2026 11:24:10";"2025.5670495.11301.16.600059.424.4048.91468.6"
"1500,00";"27/06/2025 00:00:00";"30/06/2025 09:20:24";"30/06/2025 09:20:24";"2025.5670496.11301.16.600059.424.4048.91468.6"
"1850,00";"27/11/2025 00:00:00";"27/11/2025 17:29:36";"27/11/2025 17:29:36";"2025.5670496.11301.16.600059.424.4048.91468.6"
"1850,00";"29/10/2025 00:00:00";"30/10/2025 11:18:32";"10/11/2025 10:07:32";"2025.5667380.11301.16.600009.424.4048.90211.6"
"2500,00";"17/02/2025 00:00:00";"17/02/2025 11:33:02";"17/02/2025 11:33:02";"2025.5667380.11301.16.600009.424.4048.90211.6"
"3725,77";"05/12/2025 00:00:00";"08/12/2025 15:38:17";"08/12/2025 15:49:17";"2025.5670497.11301.16.600059.424.4048.91468.6"
"7100,00";"09/12/2025 00:00:00";"09/12/2025 15:53:55";"09/12/2025 15:53:55";"2025.5670499.11301.16.600059.424.4048.91468.6"
"1000,00";"27/06/2025 00:00:00";"30/06/2025 08:59:51";"30/06/2025 08:59:51";"2025.5670496.11301.16.600059.424.4048.91468.6"
"1500,00";"29/05/2025 00:00:00";"29/05/2025 15:48:07";"29/05/2025 15:48:07";"2025.5667380.11301.16.600009.424.4048.90211.6"
"5010,53";"03/11/2025 00:00:00";"03/11/2025 17:03:10";"03/11/2025 17:03:10";"2025.5670497.11301.16.600059.424.4048.91468.6"
"1850,00";"08/07/2025 00:00:00";"08/07/2025 16:02:04";"08/07/2025 16:02:04";"2025.5670496.11301.16.600059.424.4048.91468.6"
"1000,00";"28/04/2025 00:00:00";"29/04/2025 11:43:35";"29/04/2025 11:43:35";"2025.5667380.11301.16.600009.424.4048.90211.6"
"1000,00";"28/08/2025 00:00:00";"28/08/2025 15:25:02";"28/08/2025 15:25:02";"2025.5670496.11301.16.600059.424.4048.91468.6"
"1000,00";"28/04/2025 00:00:00";"29/04/2025 11:35:34";"29/04/2025 11:35:34";"2025.5667380.11301.16.600009.424.4048.90211.6"
"562,25";"10/09/2025 00:00:00";"10/09/2025 11:52:35";"10/09/2025 11:52:35";"2025.5670497.11301.16.600059.424.4048.91468.6"
"1500,00";"27/11/2025 00:00:00";"28/11/2025 11:13:20";"28/11/2025 11:13:20";"2025.5670496.11301.16.600059.424.4048.91468.6"
"1480,40";"03/12/2025 00:00:00";"04/12/2025 10:03:12";"04/12/2025 10:08:57";"2025.5667376.11301.16.600009.424.4048.90211.6"
"1850,00";"29/09/2025 00:00:00";"29/09/2025 16:47:54";"03/10/2025 10:19:31";"2025.5670496.11301.16.600059.424.4048.91468.6"
"1850,00";"11/08/2025 00:00:00";"12/08/2025 09:35:51";"12/08/2025 09:35:51";"2025.5670496.11301.16.600059.424.4048.91468.6"
"1000,00";"28/08/2025 00:00:00";"28/08/2025 15:28:58";"28/08/2025 15:28:58";"2025.5670496.11301.16.600059.424.4048.91468.6"
"1850,00";"27/11/2025 00:00:00";"27/11/2025 17:44:45";"27/11/2025 17:44:45";"2025.5670496.11301.16.600059.424.4048.91468.6"
"1000,00";"27/06/2025 00:00:00";"30/06/2025 09:05:15";"30/06/2025 09:05:15";"2025.5670496.11301.16.600059.424.4048.91468.6"
"1000,00";"05/12/2025 00:00:00";"05/12/2025 11:29:06";"05/12/2025 11:29:06";"2025.5670496.11301.16.600059.424.4048.91468.6"
"1850,00";"29/09/2025 00:00:00";"29/09/2025 16:37:54";"03/10/2025 10:19:30";"2025.5670496.11301.16.600059.424.4048.91468.6"
"1850,00";"29/09/2025 00:00:00";"29/09/2025 16:32:39";"03/10/2025 10:19:30";"2025.5670496.11301.16.600059.424.4048.91468.6"
"1500,00";"27/06/2025 00:00:00";"30/06/2025 09:01:48";"30/06/2025 09:01:48";"2025.5670496.11301.16.600059.424.4048.91468.6"
"1850,00";"29/10/2025 00:00:00";"30/10/2025 10:52:57";"30/10/2025 10:52:57";"2025.5667380.11301.16.600009.424.4048.90211.6"
"1500,00";"28/04/2025 00:00:00";"29/04/2025 11:24:22";"29/04/2025 11:24:22";"2025.5667380.11301.16.600009.424.4048.90211.6"
"1850,00";"15/04/2025 00:00:00";"15/04/2025 16:07:39";"15/04/2025 16:07:39";"2025.5667380.11301.16.600009.424.4048.90211.6"
"1850,00";"09/05/2025 00:00:00";"09/05/2025 15:33:48";"09/05/2025 15:33:48";"2025.5667380.11301.16.600009.424.4048.90211.6"
"1850,00";"27/11/2025 00:00:00";"27/11/2025 17:32:34";"27/11/2025 17:32:34";"2025.5670496.11301.16.600059.424.4048.91468.6"
"1000,00";"05/12/2025 00:00:00";"05/12/2025 11:22:28";"05/12/2025 11:22:28";"2025.5670496.11301.16.600059.424.4048.91468.6"
"1000,00";"29/10/2025 00:00:00";"30/10/2025 10:27:08";"30/10/2025 10:27:08";"2025.5670496.11301.16.600059.424.4048.91468.6"
"1850,00";"11/08/2025 00:00:00";"12/08/2025 09:28:37";"12/08/2025 09:28:37";"2025.5670496.11301.16.600059.424.4048.91468.6"
"6475,00";"13/11/2025 00:00:00";"13/11/2025 16:38:49";"13/11/2025 16:38:49";"2025.5667376.11301.16.600009.424.4048.90211.6"
"1850,00";"29/09/2025 00:00:00";"29/09/2025 16:16:42";"03/10/2025 10:19:29";"2025.5670496.11301.16.600059.424.4048.91468.6"
"51011,00";"26/09/2023 00:00:00";"26/09/2023 14:44:06";"26/09/2023 14:44:06";"2023.4939201.30101.2.600002.307.3825.55816.6"
"52000,00";"07/12/2022 00:00:00";"07/12/2022 10:28:30";"16/12/2022 14:28:44";"2022.4924778.22202.1.600005.302.6903.51874.6"
"650732,78";"11/07/2025 00:00:00";"11/07/2025 11:03:20";"11/07/2025 11:03:20";"2025.5681213.26401.1.600052.419.7794.90197.6"
"810239,54";"14/07/2025 00:00:00";"14/07/2025 09:33:43";"14/07/2025 09:33:43";"2025.5680951.26401.1.600052.419.7794.90197.6"
"1083060,00";"11/12/2024 00:00:00";"11/12/2024 19:31:58";"11/12/2024 19:31:58";"2024.5217041.39101.2.600056.403.5445.62315.6"
"228050,64";"06/11/2024 00:00:00";"06/11/2024 09:45:37";"06/11/2024 09:45:37";"2024.5217041.39101.2.600056.403.5445.62315.6"
"1500,00";"02/03/2026 00:00:00";"02/03/2026 11:17:57";"02/03/2026 11:17:57";"2026.6192954.11301.16.600042.424.4048.97016.6"
"1500,00";"02/03/2026 00:00:00";"02/03/2026 11:33:37";"02/03/2026 11:33:37";"2026.6192954.11301.16.600042.424.4048.97016.6"
"2500,00";"02/03/2026 00:00:00";"02/03/2026 11:21:01";"02/03/2026 11:21:01";"2026.6192954.11301.16.600042.424.4048.97016.6"
"1000,00";"02/03/2026 00:00:00";"02/03/2026 11:23:32";"02/03/2026 11:23:32";"2026.6192954.11301.16.600042.424.4048.97016.6"
"1000,00";"02/03/2026 00:00:00";"02/03/2026 11:26:06";"02/03/2026 11:26:06";"2026.6192954.11301.16.600042.424.4048.97016.6"
"1000,00";"02/03/2026 00:00:00";"02/03/2026 11:28:20";"02/03/2026 11:28:20";"2026.6192954.11301.16.600042.424.4048.97016.6"
"1000,00";"02/03/2026 00:00:00";"02/03/2026 11:31:15";"02/03/2026 11:31:15";"2026.6192954.11301.16.600042.424.4048.97016.6"
"1500,00";"02/03/2026 00:00:00";"02/03/2026 11:47:44";"02/03/2026 11:47:44";"2026.6192954.11301.16.600042.424.4048.97016.6"
"1112,15";"20/03/2026 00:00:00";"20/03/2026 14:43:45";"20/03/2026 14:43:45";"2026.6192955.11301.16.600059.424.4048.95494.6"
"1500,00";"02/03/2026 00:00:00";"02/03/2026 14:48:23";"02/03/2026 14:48:23";"2026.6192954.11301.16.600042.424.4048.97016.6"
"1000,00";"02/03/2026 00:00:00";"02/03/2026 11:53:30";"02/03/2026 11:53:30";"2026.6192954.11301.16.600042.424.4048.97016.6"
"889,72";"20/03/2026 00:00:00";"20/03/2026 17:46:02";"20/03/2026 17:46:02";"2026.6192955.11301.16.600059.424.4048.95494.6"
"1000,00";"02/03/2026 00:00:00";"02/03/2026 11:51:52";"02/03/2026 11:51:52";"2026.6192954.11301.16.600042.424.4048.97016.6"
"1000,00";"02/03/2026 00:00:00";"02/03/2026 11:49:58";"02/03/2026 11:49:58";"2026.6192954.11301.16.600042.424.4048.97016.6"
"2500,00";"02/03/2026 00:00:00";"02/03/2026 11:45:23";"02/03/2026 11:45:23";"2026.6192954.11301.16.600042.424.4048.97016.6"
"1000,00";"02/03/2026 00:00:00";"02/03/2026 11:55:27";"02/03/2026 11:55:27";"2026.6192954.11301.16.600042.424.4048.97016.6"
"1388,00";"02/12/2024 00:00:00";"02/12/2024 11:22:37";"02/12/2024 11:22:37";"2024.5326420.34101.1.600043.429.4181.62303.6"
"686,00";"19/12/2024 00:00:00";"19/12/2024 17:23:51";"19/12/2024 17:23:51";"2024.5326419.34101.1.600043.429.4181.62303.6"
"694,00";"02/12/2024 00:00:00";"02/12/2024 11:29:18";"02/12/2024 11:29:18";"2024.5326418.34101.1.600043.429.4181.62303.6"
"220793,96";"19/12/2024 00:00:00";"19/12/2024 18:38:04";"19/12/2024 18:38:04";"2024.5218774.22301.1.600041.407.7052.62301.6"
"1377,00";"20/12/2024 00:00:00";"20/12/2024 15:02:23";"20/12/2024 15:02:23";"2024.5326422.34101.1.600043.429.4181.62303.6"
"3998,00";"20/12/2024 00:00:00";"20/12/2024 17:16:42";"28/01/2025 10:44:00";"2024.5326419.34101.1.600043.429.4181.62303.6"
"3998,00";"20/12/2024 00:00:00";"20/12/2024 17:10:28";"28/01/2025 10:43:13";"2024.5326420.34101.1.600043.429.4181.62303.6"
"1372,00";"19/12/2024 00:00:00";"19/12/2024 17:08:08";"19/12/2024 17:08:08";"2024.5326420.34101.1.600043.429.4181.62303.6"
"201487,83";"19/12/2024 00:00:00";"19/12/2024 18:48:46";"19/12/2024 18:48:46";"2024.5218774.22301.1.600041.407.7052.62301.6"
"6355,34";"18/12/2024 00:00:00";"18/12/2024 16:30:22";"18/12/2024 16:30:22";"2024.5326419.34101.1.600043.429.4181.62303.6"
"1867,86";"19/12/2024 00:00:00";"19/12/2024 14:24:27";"19/12/2024 14:24:27";"2024.5326422.34101.1.600043.429.4181.62303.6"
"694,00";"02/12/2024 00:00:00";"02/12/2024 11:27:32";"02/12/2024 11:27:32";"2024.5326419.34101.1.600043.429.4181.62303.6"
"5997,00";"20/12/2024 00:00:00";"20/12/2024 17:01:35";"28/01/2025 10:42:48";"2024.5326422.34101.1.600043.429.4181.62303.6"
"686,00";"19/12/2024 00:00:00";"19/12/2024 17:09:31";"19/12/2024 17:09:31";"2024.5326422.34101.1.600043.429.4181.62303.6"
"3998,00";"20/12/2024 00:00:00";"20/12/2024 17:23:04";"28/01/2025 10:44:31";"2024.5326418.34101.1.600043.429.4181.62303.6"
"1867,86";"19/12/2024 00:00:00";"19/12/2024 14:52:39";"19/12/2024 14:52:39";"2024.5326419.34101.1.600043.429.4181.62303.6"
"1867,86";"19/12/2024 00:00:00";"19/12/2024 14:43:15";"19/12/2024 14:43:15";"2024.5326418.34101.1.600043.429.4181.62303.6"
"2754,00";"20/12/2024 00:00:00";"20/12/2024 15:00:19";"20/12/2024 15:00:19";"2024.5326420.34101.1.600043.429.4181.62303.6"
"6355,34";"18/12/2024 00:00:00";"18/12/2024 16:08:32";"18/12/2024 16:08:32";"2024.5326422.34101.1.600043.429.4181.62303.6"
"1377,00";"20/12/2024 00:00:00";"20/12/2024 15:21:06";"20/12/2024 15:21:06";"2024.5326418.34101.1.600043.429.4181.62303.6"
"3735,72";"19/12/2024 00:00:00";"19/12/2024 14:11:25";"19/12/2024 14:11:25";"2024.5326420.34101.1.600043.429.4181.62303.6"
"686,00";"19/12/2024 00:00:00";"19/12/2024 17:29:32";"19/12/2024 17:29:32";"2024.5326418.34101.1.600043.429.4181.62303.6"
"6355,34";"18/12/2024 00:00:00";"18/12/2024 15:22:20";"18/12/2024 15:22:20";"2024.5326420.34101.1.600043.429.4181.62303.6"
"694,00";"02/12/2024 00:00:00";"02/12/2024 11:25:04";"02/12/2024 11:25:04";"2024.5326422.34101.1.600043.429.4181.62303.6"
"6355,34";"18/12/2024 00:00:00";"18/12/2024 16:36:32";"18/12/2024 16:36:32";"2024.5326418.34101.1.600043.429.4181.62303.6"
"1377,00";"20/12/2024 00:00:00";"20/12/2024 15:16:20";"20/12/2024 15:16:20";"2024.5326419.34101.1.600043.429.4181.62303.6"
"700,00";"03/12/2025 00:00:00";"03/12/2025 19:17:02";"03/12/2025 19:17:02";"2025.5675155.11301.5.600047.424.2443.90183.6"
"700,00";"03/12/2025 00:00:00";"03/12/2025 20:18:12";"03/12/2025 20:18:12";"2025.5675155.11301.5.600047.424.2443.90183.6"
"3500,00";"25/06/2025 00:00:00";"25/06/2025 16:00:40";"25/06/2025 16:00:40";"2025.5675160.11301.5.600047.424.2443.90183.6"
"700,00";"03/12/2025 00:00:00";"03/12/2025 19:04:24";"03/12/2025 19:04:24";"2025.5675155.11301.5.600047.424.2443.90183.6"
"700,00";"03/12/2025 00:00:00";"03/12/2025 19:44:37";"03/12/2025 19:44:37";"2025.5675155.11301.5.600047.424.2443.90183.6"
"361,73";"26/06/2025 00:00:00";"26/06/2025 17:48:02";"26/06/2025 17:48:02";"2025.5675154.11301.5.600047.424.2443.90183.6"
"700,00";"03/12/2025 00:00:00";"03/12/2025 20:29:51";"03/12/2025 20:29:51";"2025.5675155.11301.5.600047.424.2443.90183.6"
"700,00";"03/12/2025 00:00:00";"03/12/2025 19:13:42";"03/12/2025 19:13:42";"2025.5675155.11301.5.600047.424.2443.90183.6"
"3500,00";"02/12/2025 00:00:00";"02/12/2025 18:32:23";"02/12/2025 18:32:23";"2025.5675160.11301.5.600047.424.2443.90183.6"
"700,00";"03/12/2025 00:00:00";"03/12/2025 20:39:21";"03/12/2025 20:39:21";"2025.5675155.11301.5.600047.424.2443.90183.6"
"1500,00";"09/12/2025 00:00:00";"09/12/2025 18:13:26";"09/12/2025 18:13:26";"2025.5675160.11301.5.600047.424.2443.90183.6"
"0,01";"04/09/2025 00:00:00";"04/09/2025 10:45:13";"04/09/2025 10:45:13";"2025.5673751.11301.1.600047.424.2443.90183.6"
"700,00";"03/12/2025 00:00:00";"03/12/2025 20:13:25";"03/12/2025 20:13:25";"2025.5675155.11301.5.600047.424.2443.90183.6"
"700,00";"03/12/2025 00:00:00";"03/12/2025 19:46:59";"03/12/2025 19:46:59";"2025.5675155.11301.5.600047.424.2443.90183.6"
"700,00";"09/12/2025 00:00:00";"09/12/2025 18:50:46";"09/12/2025 18:50:46";"2025.5675155.11301.5.600047.424.2443.90183.6"
"1500,00";"11/12/2025 00:00:00";"11/12/2025 18:19:15";"12/03/2026 10:36:17";"2025.5675160.11301.5.600047.424.2443.90183.6"
"700,00";"03/12/2025 00:00:00";"03/12/2025 19:29:54";"03/12/2025 19:29:54";"2025.5675155.11301.5.600047.424.2443.90183.6"
"3500,00";"05/08/2025 00:00:00";"05/08/2025 10:46:41";"05/08/2025 10:46:41";"2025.5675160.11301.5.600047.424.2443.90183.6"
"700,00";"03/12/2025 00:00:00";"03/12/2025 18:57:37";"03/12/2025 18:57:37";"2025.5675155.11301.5.600047.424.2443.90183.6"
"700,00";"03/12/2025 00:00:00";"03/12/2025 20:20:33";"03/12/2025 20:20:33";"2025.5675155.11301.5.600047.424.2443.90183.6"
"1500,00";"09/12/2025 00:00:00";"09/12/2025 18:11:01";"09/12/2025 18:11:01";"2025.5675160.11301.5.600047.424.2443.90183.6"
"1500,00";"11/12/2025 00:00:00";"11/12/2025 18:35:30";"12/03/2026 10:34:35";"2025.5675160.11301.5.600047.424.2443.90183.6"
"2692,42";"04/09/2025 00:00:00";"04/09/2025 10:43:36";"04/09/2025 10:43:36";"2025.5675144.11301.1.600047.424.2443.90183.6"
"4800,00";"29/09/2025 00:00:00";"29/09/2025 14:26:41";"06/10/2025 08:29:41";"2025.5713346.11302.1.600031.424.6908.90200.6"
"700,00";"03/12/2025 00:00:00";"03/12/2025 19:32:11";"03/12/2025 19:32:11";"2025.5675155.11301.5.600047.424.2443.90183.6"
"700,00";"03/12/2025 00:00:00";"03/12/2025 18:52:17";"03/12/2025 18:52:17";"2025.5675155.11301.5.600047.424.2443.90183.6"
"3000,00";"12/09/2025 00:00:00";"12/09/2025 09:54:25";"12/09/2025 14:38:40";"2025.5675683.11302.1.600031.424.6908.90200.6"
"700,00";"03/12/2025 00:00:00";"03/12/2025 19:00:05";"03/12/2025 19:00:05";"2025.5675155.11301.5.600047.424.2443.90183.6"
"2100,00";"11/12/2025 00:00:00";"11/12/2025 18:29:35";"11/12/2025 18:29:35";"2025.5675158.11301.5.600047.424.2443.90183.6"
"700,00";"03/12/2025 00:00:00";"03/12/2025 20:32:27";"03/12/2025 20:32:27";"2025.5675155.11301.5.600047.424.2443.90183.6"
"700,00";"03/12/2025 00:00:00";"03/12/2025 18:10:58";"03/12/2025 18:10:58";"2025.5675155.11301.5.600047.424.2443.90183.6"
"1500,00";"02/09/2025 00:00:00";"02/09/2025 18:43:33";"02/09/2025 18:43:33";"2025.5675160.11301.5.600047.424.2443.90183.6"
"1500,00";"02/09/2025 00:00:00";"02/09/2025 18:48:38";"02/09/2025 18:48:38";"2025.5675160.11301.5.600047.424.2443.90183.6"
"700,00";"03/12/2025 00:00:00";"03/12/2025 18:45:14";"03/12/2025 18:45:14";"2025.5675155.11301.5.600047.424.2443.90183.6"
"700,00";"03/12/2025 00:00:00";"03/12/2025 19:25:01";"03/12/2025 19:25:01";"2025.5675155.11301.5.600047.424.2443.90183.6"
"700,00";"03/12/2025 00:00:00";"03/12/2025 18:48:39";"03/12/2025 18:48:39";"2025.5675155.11301.5.600047.424.2443.90183.6"
"700,00";"03/12/2025 00:00:00";"03/12/2025 19:19:24";"03/12/2025 19:19:24";"2025.5675155.11301.5.600047.424.2443.90183.6"
"700,00";"03/12/2025 00:00:00";"03/12/2025 19:39:32";"03/12/2025 19:39:32";"2025.5675155.11301.5.600047.424.2443.90183.6"
"3700,00";"09/12/2025 00:00:00";"09/12/2025 19:18:18";"09/12/2025 19:18:18";"2025.5675160.11301.5.600047.424.2443.90183.6"
"3500,00";"02/09/2025 00:00:00";"02/09/2025 18:38:35";"02/09/2025 18:38:35";"2025.5675160.11301.5.600047.424.2443.90183.6"
"700,00";"03/12/2025 00:00:00";"03/12/2025 19:49:20";"03/12/2025 19:49:20";"2025.5675155.11301.5.600047.424.2443.90183.6"
"2500,00";"11/12/2025 00:00:00";"11/12/2025 18:11:11";"12/03/2026 10:33:06";"2025.5675160.11301.5.600047.424.2443.90183.6"
"1500,00";"02/09/2025 00:00:00";"02/09/2025 18:41:02";"02/09/2025 18:41:02";"2025.5675160.11301.5.600047.424.2443.90183.6"
"700,00";"03/12/2025 00:00:00";"03/12/2025 20:27:05";"03/12/2025 20:27:05";"2025.5675155.11301.5.600047.424.2443.90183.6"
"700,00";"03/12/2025 00:00:00";"03/12/2025 20:15:48";"03/12/2025 20:15:48";"2025.5675155.11301.5.600047.424.2443.90183.6"
"1500,00";"02/12/2025 00:00:00";"02/12/2025 18:37:53";"02/12/2025 18:37:53";"2025.5675160.11301.5.600047.424.2443.90183.6"
"700,00";"03/12/2025 00:00:00";"03/12/2025 19:27:18";"03/12/2025 19:27:18";"2025.5675155.11301.5.600047.424.2443.90183.6"
"700,00";"03/12/2025 00:00:00";"03/12/2025 20:35:09";"03/12/2025 20:35:09";"2025.5675155.11301.5.600047.424.2443.90183.6"
"1500,00";"02/12/2025 00:00:00";"02/12/2025 18:39:58";"02/12/2025 18:39:58";"2025.5675160.11301.5.600047.424.2443.90183.6"
"1500,00";"02/09/2025 00:00:00";"02/09/2025 18:46:18";"02/09/2025 18:46:18";"2025.5675160.11301.5.600047.424.2443.90183.6"
"700,00";"03/12/2025 00:00:00";"03/12/2025 19:42:14";"03/12/2025 19:42:14";"2025.5675155.11301.5.600047.424.2443.90183.6"
"1500,00";"09/12/2025 00:00:00";"09/12/2025 18:06:47";"09/12/2025 18:06:47";"2025.5675160.11301.5.600047.424.2443.90183.6"
"1500,00";"02/12/2025 00:00:00";"02/12/2025 18:44:25";"02/12/2025 18:44:25";"2025.5675160.11301.5.600047.424.2443.90183.6"
"700,00";"03/12/2025 00:00:00";"03/12/2025 18:54:44";"03/12/2025 18:54:44";"2025.5675155.11301.5.600047.424.2443.90183.6"
"700,00";"03/12/2025 00:00:00";"03/12/2025 19:21:46";"03/12/2025 19:21:46";"2025.5675155.11301.5.600047.424.2443.90183.6"
"700,00";"03/12/2025 00:00:00";"03/12/2025 18:40:00";"03/12/2025 18:40:00";"2025.5675155.11301.5.600047.424.2443.90183.6"
"3500,00";"11/12/2025 00:00:00";"11/12/2025 18:06:47";"12/03/2026 10:30:09";"2025.5675160.11301.5.600047.424.2443.90183.6"
"1500,00";"02/12/2025 00:00:00";"02/12/2025 18:35:18";"02/12/2025 18:35:18";"2025.5675160.11301.5.600047.424.2443.90183.6"
"3500,00";"08/07/2025 00:00:00";"08/07/2025 16:38:11";"08/07/2025 16:38:11";"2025.5675160.11301.5.600047.424.2443.90183.6"
"4800,00";"07/10/2025 00:00:00";"07/10/2025 10:30:36";"08/10/2025 08:28:51";"2025.5713346.11302.1.600031.424.6908.90200.6"
"700,00";"03/12/2025 00:00:00";"03/12/2025 20:24:22";"03/12/2025 20:24:22";"2025.5675155.11301.5.600047.424.2443.90183.6"
"700,00";"03/12/2025 00:00:00";"03/12/2025 19:37:18";"03/12/2025 19:37:18";"2025.5675155.11301.5.600047.424.2443.90183.6"
"700,00";"03/12/2025 00:00:00";"03/12/2025 19:02:15";"03/12/2025 19:02:15";"2025.5675155.11301.5.600047.424.2443.90183.6"
"700,00";"03/12/2025 00:00:00";"03/12/2025 19:51:46";"03/12/2025 19:51:46";"2025.5675155.11301.5.600047.424.2443.90183.6"
"700,00";"03/12/2025 00:00:00";"03/12/2025 18:08:07";"03/12/2025 18:08:07";"2025.5675155.11301.5.600047.424.2443.90183.6"
"700,00";"03/12/2025 00:00:00";"03/12/2025 19:10:43";"03/12/2025 19:10:43";"2025.5675155.11301.5.600047.424.2443.90183.6"
"700,00";"03/12/2025 00:00:00";"03/12/2025 19:07:50";"03/12/2025 19:07:50";"2025.5675155.11301.5.600047.424.2443.90183.6"
"700,00";"03/12/2025 00:00:00";"03/12/2025 18:42:24";"03/12/2025 18:42:24";"2025.5675155.11301.5.600047.424.2443.90183.6"
"1500,00";"11/12/2025 00:00:00";"11/12/2025 18:25:31";"12/03/2026 10:37:54";"2025.5675160.11301.5.600047.424.2443.90183.6"
"3500,00";"09/12/2025 00:00:00";"09/12/2025 18:04:34";"09/12/2025 18:04:34";"2025.5675160.11301.5.600047.424.2443.90183.6"
"1500,00";"09/12/2025 00:00:00";"09/12/2025 18:08:51";"09/12/2025 18:08:51";"2025.5675160.11301.5.600047.424.2443.90183.6"
"700,00";"03/12/2025 00:00:00";"03/12/2025 18:37:30";"03/12/2025 18:37:30";"2025.5675155.11301.5.600047.424.2443.90183.6"
"426700,00";"17/03/2026 00:00:00";"17/03/2026 14:17:23";"17/03/2026 14:19:01";"2026.6188878.18401.1.600064.417.1399.95206.6"
"703703,70";"25/02/2026 00:00:00";"25/02/2026 15:15:12";"25/02/2026 15:15:12";"2026.6188872.18401.1.600069.417.1399.95496.6"
"126666,66";"03/03/2026 00:00:00";"03/03/2026 16:34:31";"03/03/2026 16:34:31";"2026.6188878.18401.1.600064.417.1399.95206.6"
"26241,90";"24/02/2026 00:00:00";"24/02/2026 14:07:20";"24/02/2026 14:07:20";"2026.6188866.18401.1.600058.417.1399.95377.6"
"159159,10";"25/02/2026 00:00:00";"25/02/2026 10:43:15";"25/02/2026 10:43:15";"2026.6191084.18401.1.600057.417.1399.95222.6"
"124268,65";"10/03/2026 00:00:00";"10/03/2026 08:37:57";"10/03/2026 08:37:57";"2026.6192938.18401.1.600059.417.1399.95494.6"
"47841,00";"10/03/2026 00:00:00";"10/03/2026 15:02:50";"10/03/2026 15:02:50";"2026.6192939.18401.1.600042.417.1399.97016.6"
"219960,00";"20/02/2026 00:00:00";"20/02/2026 10:49:12";"20/02/2026 10:49:12";"2026.6188675.18401.1.600073.417.1399.97084.6"
"84444,44";"03/03/2026 00:00:00";"03/03/2026 15:00:55";"03/03/2026 15:00:55";"2026.6188866.18401.1.600058.417.1399.95377.6"
"75112,45";"10/03/2026 00:00:00";"10/03/2026 15:05:57";"10/03/2026 15:05:57";"2026.6192937.18401.1.600015.417.1399.95139.6"
"250899,60";"25/02/2026 00:00:00";"25/02/2026 10:44:54";"25/02/2026 10:44:54";"2026.6191084.18401.1.600057.417.1399.95222.6"
"109980,00";"20/02/2026 00:00:00";"20/02/2026 10:53:26";"20/02/2026 10:53:26";"2026.6188877.18401.1.600064.417.1399.95206.6"
"98888,84";"06/03/2026 00:00:00";"06/03/2026 09:56:51";"06/03/2026 09:56:51";"2026.6188865.18401.1.600058.417.1399.95377.6"
"397893,00";"09/09/2022 00:00:00";"09/09/2022 10:50:53";"15/09/2022 09:59:06";"2022.4576407.18401.1.600019.304.7838.51888.6"
"145894,10";"09/09/2022 00:00:00";"09/09/2022 10:55:14";"15/09/2022 09:59:06";"2022.4576407.18401.1.600019.304.7838.51888.6"
"95607,00";"23/09/2022 00:00:00";"23/09/2022 11:19:59";"03/10/2022 10:17:43";"2022.4582392.18401.1.600020.304.7838.51810.6"
"238735,80";"21/09/2022 00:00:00";"21/09/2022 11:55:04";"21/09/2022 11:55:04";"2022.4576407.18401.1.600019.304.7838.51888.6"
"347493,22";"22/09/2022 00:00:00";"22/09/2022 10:35:26";"22/09/2022 10:35:26";"2022.4582392.18401.1.600020.304.7838.51810.6"
"50399,78";"22/09/2022 00:00:00";"22/09/2022 10:37:42";"22/09/2022 10:37:42";"2022.4582392.18401.1.600020.304.7838.51810.6"
"65478,20";"23/09/2022 00:00:00";"23/09/2022 10:11:46";"23/09/2022 10:11:46";"2022.4576407.18401.1.600019.304.7838.51888.6"
"251998,90";"09/09/2022 00:00:00";"09/09/2022 10:53:14";"15/09/2022 09:59:06";"2022.4576407.18401.1.600019.304.7838.51888.6"
"236500,00";"23/09/2022 00:00:00";"23/09/2022 11:00:34";"03/10/2022 10:17:43";"2022.4582391.18401.1.600020.304.7838.51889.6"
"214848,00";"15/10/2020 00:00:00";"15/10/2020 14:44:13";"16/10/2020 14:24:35";"2020.3893005.18401.1.600002.304.7838.46265.6"
"214848,00";"15/10/2020 00:00:00";"15/10/2020 14:45:41";"16/10/2020 14:24:34";"2020.3893005.18401.1.600002.304.7838.46265.6"
"649557,12";"09/12/2020 00:00:00";"09/12/2020 14:14:30";"16/12/2020 11:56:00";"2020.3893006.18401.1.600001.304.7838.46264.6"
"11717,66";"06/10/2021 00:00:00";"06/10/2021 16:02:11";"06/10/2021 16:02:11";"2021.4234134.30101.1.600007.307.5713.51512.6"
"1700000,00";"11/04/2023 00:00:00";"11/04/2023 17:11:44";"11/04/2023 17:25:24";"2023.4931625.10101.1.600006.304.7385.55820.6"
"2598,99";"13/10/2021 00:00:00";"13/10/2021 16:38:43";"13/10/2021 16:38:43";"2021.4234134.30101.1.600007.307.5713.51512.6"
"5140,00";"22/10/2021 00:00:00";"22/10/2021 17:30:03";"22/10/2021 17:30:03";"2021.4234134.30101.1.600007.307.5713.51512.6"
"1673,34";"30/09/2021 00:00:00";"30/09/2021 14:26:11";"30/09/2021 14:26:11";"2021.4234134.30101.1.600007.307.5713.51512.6"
"76739,44";"02/08/2024 00:00:00";"02/08/2024 09:16:53";"02/08/2024 09:16:53";"2024.5225803.26401.2.600043.419.5183.62303.6"
"23152,80";"18/12/2024 00:00:00";"18/12/2024 09:26:19";"18/12/2024 09:26:19";"2024.5216657.26401.1.600038.419.5183.61652.6"
"5743,00";"28/03/2023 00:00:00";"28/03/2023 10:20:36";"28/03/2023 10:20:36";"2023.4931545.17301.1.600011.315.2064.55825.6"
"148016,48";"10/10/2024 00:00:00";"10/10/2024 17:31:23";"10/10/2024 17:31:23";"2024.5216657.26401.1.600038.419.5183.61652.6"
"117197,57";"18/07/2024 00:00:00";"18/07/2024 15:26:48";"18/07/2024 15:26:48";"2024.5216657.26401.1.600038.419.5183.61652.6"
"87780,41";"13/06/2024 00:00:00";"13/06/2024 17:50:25";"13/06/2024 17:50:25";"2024.5216657.26401.1.600038.419.5183.61652.6"
"126052,88";"06/09/2024 00:00:00";"06/09/2024 09:22:42";"06/09/2024 09:22:42";"2024.5216657.26401.1.600038.419.5183.61652.6"
"103889,99";"25/03/2024 00:00:00";"25/03/2024 11:22:35";"25/03/2024 11:22:35";"2024.5216657.26401.1.600038.419.5183.61652.6"
"37314,19";"14/05/2024 00:00:00";"14/05/2024 14:38:45";"14/05/2024 14:38:45";"2024.5216657.26401.1.600038.419.5183.61652.6"
"27042,94";"16/04/2024 00:00:00";"16/04/2024 16:53:49";"16/04/2024 16:53:49";"2024.5216657.26401.1.600038.419.5183.61652.6"
"341020,00";"19/11/2025 00:00:00";"19/11/2025 10:09:29";"19/11/2025 10:09:29";"2025.5669153.20801.72.600072.437.7873.91389.6"
"143302,36";"25/03/2024 00:00:00";"25/03/2024 11:16:56";"25/03/2024 11:16:56";"2024.5216657.26401.1.600038.419.5183.61652.6"
"15000,00";"12/05/2025 00:00:00";"12/05/2025 16:17:13";"13/05/2025 15:58:54";"2025.5675488.22202.1.600046.406.7980.90188.6"
"99999,90";"20/08/2024 00:00:00";"20/08/2024 13:57:08";"20/08/2024 13:57:08";"2024.5224911.34101.1.600046.430.3229.62306.6"
"400000,00";"02/12/2024 00:00:00";"02/12/2024 16:28:16";"02/12/2024 16:28:16";"2024.5215452.38101.3.600038.400.6953.61652.6"
"1233497,68";"03/12/2024 00:00:00";"03/12/2024 16:48:10";"03/12/2024 16:48:10";"2024.5656639.38101.3.600062.400.6953.91336.6"
"500000,00";"02/12/2024 00:00:00";"02/12/2024 16:21:48";"02/12/2024 16:21:48";"2024.5211009.38101.3.600052.400.6953.62312.6"
"266261,95";"03/12/2024 00:00:00";"03/12/2024 16:43:23";"03/12/2024 16:43:23";"2024.5656639.38101.3.600062.400.6953.91336.6"
"100000,00";"12/09/2024 00:00:00";"12/09/2024 11:52:25";"12/09/2024 11:52:25";"2024.5211986.38101.3.600031.400.6953.61618.6"
"100000,00";"12/09/2024 00:00:00";"12/09/2024 11:45:17";"12/09/2024 11:45:17";"2024.5212413.38101.3.600046.400.6953.62306.6"
"150000,00";"12/09/2024 00:00:00";"12/09/2024 11:35:26";"12/09/2024 11:35:26";"2024.5211987.38101.3.600027.400.6953.61645.6"
"200000,00";"12/09/2024 00:00:00";"12/09/2024 11:41:59";"12/09/2024 11:41:59";"2024.5211010.38101.3.600042.400.6953.62302.6"
"104864,38";"06/05/2024 00:00:00";"06/05/2024 16:10:53";"06/05/2024 16:17:27";"2024.5213030.24801.1.600006.432.7911.61626.6"
"152488,08";"29/07/2024 00:00:00";"29/07/2024 08:56:25";"29/07/2024 08:56:25";"2024.5215695.24801.1.600048.432.7911.62308.6"
"99393,16";"19/09/2024 00:00:00";"19/09/2024 16:50:11";"20/09/2024 14:42:22";"2024.5213030.24801.1.600006.432.7911.61626.6"
"49425,77";"31/07/2024 00:00:00";"31/07/2024 10:33:08";"31/07/2024 10:33:08";"2024.5225267.24801.1.600048.432.7911.62308.6"
"117719,31";"20/12/2024 00:00:00";"20/12/2024 19:18:48";"20/12/2024 19:18:48";"2024.5225265.24801.1.600048.432.7911.62308.6"
"116609,21";"20/12/2024 00:00:00";"20/12/2024 15:05:15";"20/12/2024 15:05:15";"2024.5225267.24801.1.600048.432.7911.62308.6"
"11458,55";"28/02/2024 00:00:00";"28/02/2024 17:23:16";"29/02/2024 13:48:47";"2024.5213928.24801.1.600006.432.7911.61626.6"
"87864,61";"28/02/2024 00:00:00";"28/02/2024 17:21:06";"29/02/2024 13:48:28";"2024.5213928.24801.1.600006.432.7911.61626.6"
"9614,94";"09/08/2024 00:00:00";"09/08/2024 10:58:28";"12/08/2024 14:43:14";"2024.5217543.24801.1.600000.432.7911.61620.6"
"12329,78";"19/09/2024 00:00:00";"19/09/2024 16:55:10";"20/09/2024 14:42:43";"2024.5213030.24801.1.600006.432.7911.61626.6"
"146945,06";"18/06/2024 00:00:00";"18/06/2024 16:41:53";"18/06/2024 16:41:53";"2024.5213030.24801.1.600006.432.7911.61626.6"
"172565,68";"31/07/2024 00:00:00";"31/07/2024 11:03:09";"31/07/2024 11:03:09";"2024.5215695.24801.1.600048.432.7911.62308.6"
"200000,00";"29/11/2024 00:00:00";"29/11/2024 16:27:50";"29/11/2024 16:27:50";"2024.5232535.30101.2.600063.426.3289.91323.6"
"71865,47";"20/12/2024 00:00:00";"20/12/2024 19:02:30";"20/12/2024 19:02:30";"2024.5225265.24801.1.600048.432.7911.62308.6"
"98134,53";"19/12/2024 00:00:00";"19/12/2024 13:31:03";"19/12/2024 13:31:03";"2024.5225265.24801.1.600048.432.7911.62308.6"
"1909,59";"09/08/2024 00:00:00";"09/08/2024 10:53:46";"12/08/2024 14:42:29";"2024.5217543.24801.1.600000.432.7911.61620.6"
"115808,19";"12/08/2024 00:00:00";"12/08/2024 10:20:47";"12/08/2024 10:20:47";"2024.5225267.24801.1.600048.432.7911.62308.6"
"20552,14";"13/11/2024 00:00:00";"13/11/2024 15:50:21";"13/11/2024 15:50:21";"2024.5225267.24801.1.600048.432.7911.62308.6"
"112984,02";"12/12/2024 00:00:00";"12/12/2024 17:13:17";"12/12/2024 17:13:17";"2024.5225265.24801.1.600048.432.7911.62308.6"
"29220,78";"20/12/2024 00:00:00";"20/12/2024 19:05:13";"20/12/2024 19:05:13";"2024.5225265.24801.1.600048.432.7911.62308.6"
"43328,93";"14/03/2024 00:00:00";"14/03/2024 07:58:11";"19/03/2024 08:18:14";"2024.5213928.24801.1.600006.432.7911.61626.6"
"100000,00";"06/06/2024 00:00:00";"06/06/2024 14:32:38";"06/06/2024 14:32:38";"2024.5219264.30101.2.600046.426.3289.62306.6"
"28845,00";"03/09/2024 00:00:00";"03/09/2024 09:21:27";"03/09/2024 09:21:27";"2024.5215695.24801.1.600048.432.7911.62308.6"
"3285,04";"14/03/2024 00:00:00";"14/03/2024 08:02:42";"14/03/2024 08:02:42";"2024.5213928.24801.1.600006.432.7911.61626.6"
"150000,00";"17/12/2024 00:00:00";"17/12/2024 13:16:00";"17/12/2024 13:16:00";"2024.5232535.30101.2.600063.426.3289.91323.6"
"59071,18";"05/08/2024 00:00:00";"05/08/2024 13:48:15";"05/08/2024 13:48:15";"2024.5225267.24801.1.600048.432.7911.62308.6"
"8825,36";"03/09/2024 00:00:00";"03/09/2024 08:43:42";"03/09/2024 08:43:42";"2024.5225267.24801.1.600048.432.7911.62308.6"
"5769,00";"17/10/2024 00:00:00";"17/10/2024 16:10:53";"17/10/2024 16:10:53";"2024.5215695.24801.1.600048.432.7911.62308.6"
"32511,86";"13/11/2024 00:00:00";"13/11/2024 14:41:47";"13/11/2024 14:41:47";"2024.5225267.24801.1.600048.432.7911.62308.6"
"75749,61";"18/11/2024 00:00:00";"18/11/2024 09:06:56";"19/11/2024 08:19:40";"2024.5213030.24801.1.600006.432.7911.61626.6"
"14799,77";"18/06/2024 00:00:00";"18/06/2024 16:44:19";"18/06/2024 16:44:19";"2024.5213030.24801.1.600006.432.7911.61626.6"
"77000,00";"09/08/2024 00:00:00";"09/08/2024 10:45:59";"12/08/2024 14:42:00";"2024.5217544.24801.1.600036.432.7911.61619.6"
"9974,11";"06/05/2024 00:00:00";"06/05/2024 16:13:49";"06/05/2024 16:17:55";"2024.5213030.24801.1.600006.432.7911.61626.6"
"3400,00";"09/11/2022 00:00:00";"09/11/2022 09:58:27";"09/11/2022 09:58:27";"2022.4577419.20102.1.600002.314.7877.46893.6"
"6520,00";"02/09/2022 00:00:00";"02/09/2022 09:42:32";"18/10/2022 11:58:40";"2022.4577419.20102.1.600002.314.7877.46893.6"
"87146,54";"19/12/2022 00:00:00";"19/12/2022 11:31:37";"19/12/2022 11:31:37";"2022.4889158.22202.1.600031.315.7950.57109.6"
"43000,00";"05/12/2023 00:00:00";"05/12/2023 15:20:02";"05/12/2023 15:20:02";"2023.5199342.10501.1.600053.304.5916.62127.6"
"48593,00";"16/11/2023 00:00:00";"16/11/2023 11:33:30";"16/11/2023 11:33:30";"2023.5199342.10501.1.600053.304.5916.62127.6"
"29700,00";"23/11/2023 00:00:00";"23/11/2023 09:16:52";"23/11/2023 09:16:52";"2023.5199342.10501.1.600053.304.5916.62127.6"
"47040,00";"31/10/2023 00:00:00";"31/10/2023 13:37:14";"31/10/2023 13:37:14";"2023.5199342.10501.1.600053.304.5916.62127.6"
"200000,00";"13/12/2024 00:00:00";"13/12/2024 17:36:58";"17/12/2024 17:21:21";"2024.5659011.10101.1.600076.417.3044.91339.6"
"1080000,00";"30/07/2025 00:00:00";"30/07/2025 11:44:55";"30/07/2025 11:44:55";"2025.5673118.10101.1.600061.417.7385.91454.6"
"3102040,80";"13/08/2025 00:00:00";"13/08/2025 10:29:15";"13/08/2025 10:29:15";"2025.5673118.10101.1.600061.417.7385.91454.6"
"500000,00";"16/12/2025 00:00:00";"16/12/2025 10:35:18";"16/12/2025 10:35:18";"2025.5669117.10101.1.600072.417.7385.91389.6"
"28078,42";"05/06/2025 00:00:00";"05/06/2025 15:57:58";"05/06/2025 15:57:58";"2025.5673396.10101.1.600054.417.7385.90186.6"
"1290000,00";"19/12/2025 00:00:00";"19/12/2025 17:53:51";"19/12/2025 17:53:51";"2025.6176712.10101.1.600086.417.7385.97522.6"
"444736,76";"26/05/2025 00:00:00";"26/05/2025 17:28:05";"26/05/2025 17:28:05";"2025.5677804.10101.1.600054.417.7385.90186.6"
"33434,00";"27/05/2025 00:00:00";"27/05/2025 10:14:03";"27/05/2025 10:14:03";"2025.5673396.10101.1.600054.417.7385.90186.6"
"849000,00";"28/05/2025 00:00:00";"28/05/2025 18:14:09";"28/05/2025 18:14:09";"2025.5671787.10101.1.600031.417.7385.90200.6"
"117326,53";"05/06/2025 00:00:00";"05/06/2025 15:32:56";"05/06/2025 15:32:56";"2025.5673396.10101.1.600054.417.7385.90186.6"
"110384,20";"13/08/2025 00:00:00";"13/08/2025 10:05:52";"13/08/2025 10:05:52";"2025.5673118.10101.1.600061.417.7385.91454.6"
"70000,00";"23/04/2024 00:00:00";"23/04/2024 10:18:44";"23/04/2024 10:18:44";"2024.5213080.21301.1.600056.414.5779.62315.6"
"399700,00";"14/03/2024 00:00:00";"14/03/2024 11:14:43";"14/03/2024 11:14:43";"2024.5213080.21301.1.600056.414.5779.62315.6"
"17000,00";"14/08/2024 00:00:00";"14/08/2024 11:24:56";"14/08/2024 11:24:56";"2024.5213080.21301.1.600056.414.5779.62315.6"
"50000,00";"26/06/2024 00:00:00";"26/06/2024 13:48:24";"26/06/2024 13:48:24";"2024.5213080.21301.1.600056.414.5779.62315.6"
"30085,00";"16/02/2024 00:00:00";"16/02/2024 14:11:14";"16/02/2024 14:11:14";"2024.5212538.21301.1.600038.414.5779.61652.6"
"20000,00";"18/12/2024 00:00:00";"18/12/2024 10:23:11";"20/12/2024 06:48:02";"2024.5218630.21301.1.600050.414.5779.62310.6"
"50000,00";"02/05/2024 00:00:00";"02/05/2024 14:10:49";"02/05/2024 14:10:49";"2024.5213080.21301.1.600056.414.5779.62315.6"
"50000,00";"24/05/2024 00:00:00";"24/05/2024 09:11:30";"24/05/2024 09:11:30";"2024.5213080.21301.1.600056.414.5779.62315.6"
"30000,00";"24/05/2024 00:00:00";"24/05/2024 14:51:33";"24/05/2024 14:51:33";"2024.5213080.21301.1.600056.414.5779.62315.6"
"20000,00";"14/08/2024 00:00:00";"14/08/2024 09:44:30";"14/08/2024 09:44:30";"2024.5213080.21301.1.600056.414.5779.62315.6"
"150000,00";"06/12/2023 00:00:00";"06/12/2023 20:56:51";"18/12/2023 11:23:05";"2023.5092867.32802.1.600042.303.5893.62132.6"
"50000,00";"21/12/2023 00:00:00";"21/12/2023 16:37:29";"19/02/2024 11:56:05";"2023.5092867.32802.1.600042.303.5893.62132.6"
"140000,00";"20/12/2023 00:00:00";"20/12/2023 17:32:15";"21/12/2023 19:22:43";"2023.5203753.32802.1.600053.303.5893.62127.6"
"500000,00";"03/10/2023 00:00:00";"03/10/2023 18:15:20";"06/10/2023 11:29:40";"2023.5092867.32802.1.600042.303.5893.62132.6"
"112100,00";"19/11/2025 00:00:00";"19/11/2025 12:56:44";"19/11/2025 12:56:44";"2025.5670579.20803.13.600070.437.7143.91445.6"
"200000,00";"21/12/2023 00:00:00";"21/12/2023 15:48:46";"21/12/2023 17:38:11";"2023.5203753.32802.1.600053.303.5893.62127.6"
"500000,00";"27/07/2023 00:00:00";"27/07/2023 14:46:08";"02/08/2023 15:41:50";"2023.4940721.32802.1.600025.303.5893.57298.6"
"50000,00";"21/12/2023 00:00:00";"21/12/2023 17:08:26";"07/03/2024 11:34:12";"2023.5092867.32802.1.600042.303.5893.62132.6"
"50000,00";"21/12/2023 00:00:00";"21/12/2023 17:24:06";"21/12/2023 17:52:02";"2023.5092867.32802.1.600042.303.5893.62132.6"
"225000,00";"03/10/2023 00:00:00";"03/10/2023 16:22:23";"06/10/2023 11:20:05";"2023.5092867.32802.1.600042.303.5893.62132.6"
"350000,00";"01/11/2023 00:00:00";"01/11/2023 17:19:03";"01/11/2023 17:51:47";"2023.5092867.32802.1.600042.303.5893.62132.6"
"100000,00";"21/12/2023 00:00:00";"21/12/2023 17:31:52";"20/03/2026 08:48:42";"2023.5203753.32802.1.600053.303.5893.62127.6"
"50000,00";"06/10/2023 00:00:00";"06/10/2023 15:03:52";"11/10/2023 14:23:39";"2023.4944220.32802.1.600025.303.5893.57238.6"
"300000,00";"20/12/2023 00:00:00";"20/12/2023 22:02:37";"21/12/2023 00:03:41";"2023.5092867.32802.1.600042.303.5893.62132.6"
"100000,00";"06/12/2023 00:00:00";"06/12/2023 20:29:05";"20/12/2023 10:26:41";"2023.5092867.32802.1.600042.303.5893.62132.6"
"100000,00";"21/12/2023 00:00:00";"21/12/2023 16:04:16";"20/03/2026 08:48:40";"2023.5203753.32802.1.600053.303.5893.62127.6"
"1794,48";"06/11/2024 00:00:00";"06/11/2024 16:06:06";"21/11/2024 09:38:52";"2024.5657250.11302.1.600031.424.6908.61618.6"
"19250,00";"04/12/2025 00:00:00";"04/12/2025 15:16:12";"09/12/2025 15:33:08";"2025.5670267.11303.1.600052.424.6927.90197.6"
"6769,85";"19/11/2024 00:00:00";"19/11/2024 11:20:32";"21/11/2024 09:39:00";"2024.5658342.11302.1.600031.424.6908.61618.6"
"255767,00";"02/09/2022 00:00:00";"02/09/2022 16:54:56";"05/09/2022 15:08:03";"2022.4579041.24801.1.600000.309.7911.51324.6"
"1982704,01";"08/11/2022 00:00:00";"08/11/2022 16:33:28";"08/11/2022 16:33:28";"2022.4574611.24801.1.600017.309.7911.51886.6"
"72000,00";"10/12/2024 00:00:00";"10/12/2024 17:09:00";"10/12/2024 17:09:00";"2024.5226102.18401.1.600059.417.1399.91326.6"
"43333,32";"01/11/2024 00:00:00";"01/11/2024 16:26:19";"01/11/2024 16:26:19";"2024.5219347.18401.1.600000.417.1399.61620.6"
"96511,00";"05/06/2024 00:00:00";"05/06/2024 17:00:16";"07/06/2024 14:01:13";"2024.5210992.18401.1.600042.417.1399.62302.6"
"480999,99";"06/12/2024 00:00:00";"06/12/2024 13:48:51";"10/12/2024 14:11:45";"2024.5219669.18401.1.600043.417.1399.62303.6"
"96000,00";"21/08/2024 00:00:00";"21/08/2024 09:49:14";"28/08/2024 11:35:45";"2024.5210994.18401.1.600045.417.1399.62305.6"
"82402,92";"05/06/2024 00:00:00";"05/06/2024 17:07:11";"07/06/2024 14:01:40";"2024.5210992.18401.1.600042.417.1399.62302.6"
"521066,00";"16/10/2024 00:00:00";"16/10/2024 11:11:06";"16/10/2024 11:11:06";"2024.5210992.18401.1.600042.417.1399.62302.6"
"649999,74";"17/12/2024 00:00:00";"17/12/2024 09:48:21";"17/12/2024 09:48:21";"2024.5226102.18401.1.600059.417.1399.91326.6"
"160333,33";"13/12/2024 00:00:00";"13/12/2024 11:33:07";"13/12/2024 11:33:07";"2024.5219669.18401.1.600043.417.1399.62303.6"
"2128703,70";"08/11/2024 00:00:00";"08/11/2024 16:11:45";"08/11/2024 16:11:45";"2024.5210996.18401.1.600056.417.1399.62315.6"
"300034,84";"05/11/2024 00:00:00";"05/11/2024 11:57:14";"05/11/2024 11:57:14";"2024.5210992.18401.1.600042.417.1399.62302.6"
"49985,00";"06/12/2024 00:00:00";"06/12/2024 10:55:06";"10/12/2024 14:11:44";"2024.5219669.18401.1.600043.417.1399.62303.6"
"2156287,00";"30/10/2024 00:00:00";"30/10/2024 10:35:54";"30/10/2024 16:09:48";"2024.5210996.18401.1.600056.417.1399.62315.6"
"806818,15";"17/12/2024 00:00:00";"17/12/2024 12:09:03";"17/12/2024 12:09:03";"2024.5210994.18401.1.600045.417.1399.62305.6"
"57906,60";"01/11/2024 00:00:00";"01/11/2024 16:22:43";"01/11/2024 16:22:43";"2024.5219347.18401.1.600000.417.1399.61620.6"
"262386,67";"05/04/2024 00:00:00";"05/04/2024 11:50:16";"05/04/2024 11:50:16";"2024.5218533.18401.1.600037.417.1399.61651.6"
"762989,50";"06/11/2024 00:00:00";"06/11/2024 14:40:50";"06/11/2024 14:40:50";"2024.5210992.18401.1.600042.417.1399.62302.6"
"48648,00";"17/04/2024 00:00:00";"17/04/2024 11:02:27";"24/04/2024 15:30:59";"2024.5212109.10501.1.600006.446.3194.61626.6"
"57909,46";"05/04/2024 00:00:00";"05/04/2024 11:48:24";"05/04/2024 11:48:24";"2024.5218533.18401.1.600037.417.1399.61651.6"
"117597,00";"17/05/2024 00:00:00";"17/05/2024 15:13:46";"23/05/2024 14:25:37";"2024.5210998.18401.1.600002.417.1399.61622.6"
"130266,50";"01/11/2024 00:00:00";"01/11/2024 16:24:32";"01/11/2024 16:24:32";"2024.5210992.18401.1.600042.417.1399.62302.6"
"339132,96";"18/11/2024 00:00:00";"18/11/2024 14:41:54";"18/11/2024 14:41:54";"2024.5226102.18401.1.600059.417.1399.91326.6"
"484090,89";"05/09/2024 00:00:00";"05/09/2024 10:59:16";"16/09/2024 10:53:09";"2024.5219347.18401.1.600000.417.1399.61620.6"
"120000,00";"20/08/2024 00:00:00";"20/08/2024 15:51:16";"20/08/2024 15:51:16";"2024.5210992.18401.1.600042.417.1399.62302.6"
"11844,76";"17/12/2024 00:00:00";"17/12/2024 15:07:44";"17/12/2024 15:07:44";"2024.5269362.18401.1.600077.417.1399.91340.6"
"601026,50";"12/11/2024 00:00:00";"12/11/2024 14:38:54";"12/11/2024 14:38:54";"2024.5226102.18401.1.600059.417.1399.91326.6"
"72222,20";"10/06/2024 00:00:00";"10/06/2024 09:54:36";"10/06/2024 09:54:36";"2024.5210992.18401.1.600042.417.1399.62302.6"
"283960,00";"12/07/2024 00:00:00";"12/07/2024 14:43:17";"12/07/2024 14:43:17";"2024.5218533.18401.1.600037.417.1399.61651.6"
"645454,52";"28/08/2024 00:00:00";"28/08/2024 13:50:15";"29/08/2024 10:28:57";"2024.5210994.18401.1.600045.417.1399.62305.6"
"16770,00";"01/04/2024 00:00:00";"01/04/2024 11:21:21";"01/04/2024 11:21:21";"2024.5216476.10501.1.600053.446.3194.62313.6"
"258023,30";"16/10/2024 00:00:00";"16/10/2024 11:17:25";"16/10/2024 11:17:25";"2024.5210992.18401.1.600042.417.1399.62302.6"
"204354,76";"18/12/2024 00:00:00";"18/12/2024 15:33:15";"19/12/2024 09:09:15";"2024.5210992.18401.1.600042.417.1399.62302.6"
"299803,91";"20/06/2024 00:00:00";"20/06/2024 10:52:58";"09/07/2024 08:50:06";"2024.5218832.18401.1.600012.417.1399.61632.6"
"70795,00";"06/12/2024 00:00:00";"06/12/2024 10:52:50";"10/12/2024 14:11:44";"2024.5219669.18401.1.600043.417.1399.62303.6"
"20700,00";"07/12/2021 00:00:00";"07/12/2021 15:35:04";"13/12/2021 15:53:18";"2021.4564466.21101.7.600004.314.5365.51509.6"
"33394,78";"21/05/2025 00:00:00";"21/05/2025 09:47:09";"21/05/2025 09:47:09";"2025.5676284.26401.2.600020.419.1158.90222.6"
"23290,13";"16/05/2025 00:00:00";"16/05/2025 14:05:01";"16/05/2025 14:05:01";"2025.5674675.26401.2.600020.419.1158.90222.6"
"27886,92";"14/07/2025 00:00:00";"14/07/2025 14:13:29";"14/07/2025 14:13:29";"2025.5676284.26401.2.600020.419.1158.90222.6"
"6398,47";"09/09/2025 00:00:00";"09/09/2025 16:49:03";"09/09/2025 16:49:03";"2025.5676284.26401.2.600020.419.1158.90222.6"
"4162,89";"27/06/2025 00:00:00";"27/06/2025 14:42:10";"27/06/2025 14:42:10";"2025.5676284.26401.2.600020.419.1158.90222.6"
"67429,48";"11/08/2025 00:00:00";"11/08/2025 15:31:40";"11/08/2025 15:31:40";"2025.5676284.26401.2.600020.419.1158.90222.6"
"13518,95";"27/06/2025 00:00:00";"27/06/2025 15:17:58";"27/06/2025 15:17:58";"2025.5676284.26401.2.600020.419.1158.90222.6"
"153795,71";"04/04/2025 00:00:00";"04/04/2025 09:27:53";"04/04/2025 09:27:53";"2025.5675360.26401.1.600075.419.1158.91385.6"
"50730,78";"26/09/2025 00:00:00";"26/09/2025 16:44:04";"26/09/2025 16:44:04";"2025.5676284.26401.2.600020.419.1158.90222.6"
"88463,36";"11/07/2025 00:00:00";"11/07/2025 17:30:47";"11/07/2025 17:30:47";"2025.5681211.26401.1.600052.419.1158.90197.6"
"182236,63";"11/07/2025 00:00:00";"11/07/2025 17:40:36";"11/07/2025 17:40:36";"2025.5681212.26401.1.600052.419.1158.90197.6"
"270920,09";"03/04/2025 00:00:00";"03/04/2025 16:55:48";"03/04/2025 16:55:48";"2025.5675361.26401.1.600075.419.1158.91385.6"
"29623,21";"26/11/2025 00:00:00";"26/11/2025 17:43:31";"18/12/2025 13:59:53";"2025.5676284.26401.2.600020.419.1158.90222.6"
"27610,00";"01/07/2022 00:00:00";"01/07/2022 16:27:02";"04/07/2022 10:06:02";"2022.4587066.34101.1.600003.311.5558.51872.6"
"99300,00";"27/05/2022 00:00:00";"27/05/2022 11:43:01";"01/06/2022 11:54:10";"2022.4575136.21101.7.600004.308.5917.51873.6"
"60950,00";"01/07/2022 00:00:00";"01/07/2022 17:11:40";"04/07/2022 10:04:39";"2022.4587214.34101.1.600003.311.5558.51872.6"
"12500,00";"01/07/2022 00:00:00";"01/07/2022 14:54:31";"01/07/2022 19:11:28";"2022.4586935.34101.1.600002.311.5558.46893.6"
"11110,00";"01/07/2022 00:00:00";"01/07/2022 17:02:03";"04/07/2022 10:05:45";"2022.4587216.34101.1.600003.311.5558.51872.6"
"60000,00";"01/07/2022 00:00:00";"01/07/2022 11:16:35";"04/07/2022 10:05:06";"2022.4587214.34101.1.600003.311.5558.51872.6"
"12500,00";"01/07/2022 00:00:00";"01/07/2022 14:56:36";"01/07/2022 19:04:34";"2022.4586933.34101.1.600002.311.5558.46893.6"
"130000,00";"01/07/2022 00:00:00";"01/07/2022 15:43:33";"01/07/2022 19:10:23";"2022.4587246.34101.1.600005.311.5558.51795.6"
"12500,00";"01/07/2022 00:00:00";"01/07/2022 13:53:20";"01/07/2022 19:01:34";"2022.4586929.34101.1.600002.311.5558.46893.6"
"12500,00";"01/07/2022 00:00:00";"01/07/2022 14:58:45";"01/07/2022 19:10:56";"2022.4586939.34101.1.600002.311.5558.46893.6"
"12500,00";"01/07/2022 00:00:00";"01/07/2022 15:00:26";"01/07/2022 19:31:40";"2022.4586931.34101.1.600002.311.5558.46893.6"
"11110,00";"01/07/2022 00:00:00";"01/07/2022 17:00:20";"04/07/2022 10:06:15";"2022.4586880.34101.1.600003.311.5558.51872.6"
"22220,00";"01/07/2022 00:00:00";"01/07/2022 17:03:51";"04/07/2022 10:05:14";"2022.4587215.34101.1.600003.311.5558.51872.6"
"146933,30";"31/10/2022 00:00:00";"31/10/2022 11:12:09";"10/11/2022 11:29:35";"2022.4575134.21101.7.600004.308.5917.51873.6"
"60000,00";"01/07/2022 00:00:00";"01/07/2022 10:31:45";"04/07/2022 10:05:41";"2022.4586880.34101.1.600003.311.5558.51872.6"
"12500,00";"01/07/2022 00:00:00";"01/07/2022 13:50:42";"01/07/2022 18:59:54";"2022.4586927.34101.1.600002.311.5558.46893.6"
"12500,00";"01/07/2022 00:00:00";"01/07/2022 13:54:53";"01/07/2022 19:07:09";"2022.4586937.34101.1.600002.311.5558.46893.6"
"12500,00";"01/07/2022 00:00:00";"01/07/2022 13:47:46";"14/07/2022 10:17:14";"2022.4586925.34101.1.600002.311.5558.46893.6"
"15628,91";"13/12/2023 00:00:00";"13/12/2023 12:50:20";"19/12/2023 08:36:14";"2023.4938157.11302.1.600009.306.7871.55823.6"
"94864,38";"01/11/2023 00:00:00";"01/11/2023 17:38:18";"22/11/2023 08:51:25";"2023.4938157.11302.1.600009.306.7871.55823.6"
"91045,16";"04/07/2023 00:00:00";"04/07/2023 09:02:02";"20/07/2023 08:28:20";"2023.4938157.11302.1.600009.306.7871.55823.6"
"52858,26";"04/08/2023 00:00:00";"04/08/2023 11:02:19";"09/08/2023 08:24:21";"2023.4938157.11302.1.600009.306.7871.55823.6"
"70883,52";"06/11/2023 00:00:00";"06/11/2023 10:32:25";"22/11/2023 08:51:25";"2023.4938157.11302.1.600009.306.7871.55823.6"
"69533,22";"01/09/2023 00:00:00";"01/09/2023 17:09:50";"11/09/2023 08:30:13";"2023.4938157.11302.1.600009.306.7871.55823.6"
"69487,39";"28/04/2023 00:00:00";"28/04/2023 11:43:13";"09/05/2023 08:37:04";"2023.4938157.11302.1.600009.306.7871.55823.6"
"800,00";"26/10/2020 00:00:00";"26/10/2020 13:08:31";"27/10/2020 15:35:52";"2020.3893333.11302.1.600002.306.6910.46265.6"
"800,00";"22/10/2020 00:00:00";"22/10/2020 12:29:53";"23/11/2020 10:05:19";"2020.3893333.11302.1.600002.306.6910.46265.6"
"800,00";"26/10/2020 00:00:00";"26/10/2020 13:41:26";"27/10/2020 15:35:53";"2020.3893333.11302.1.600002.306.6910.46265.6"
"50,00";"22/10/2020 00:00:00";"22/10/2020 21:04:13";"26/10/2020 09:14:57";"2020.3893333.11302.1.600002.306.6910.46265.6"
"800,00";"23/10/2020 00:00:00";"23/10/2020 08:26:13";"26/10/2020 09:15:01";"2020.3893333.11302.1.600002.306.6910.46265.6"
"850,00";"29/10/2020 00:00:00";"29/10/2020 11:20:48";"03/11/2020 15:07:38";"2020.3893333.11302.1.600002.306.6910.46265.6"
"800,00";"04/11/2020 00:00:00";"04/11/2020 09:45:36";"05/11/2020 14:57:20";"2020.3893333.11302.1.600002.306.6910.46265.6"
"100,00";"07/12/2020 00:00:00";"07/12/2020 09:24:44";"07/12/2020 13:23:39";"2020.3893333.11302.1.600002.306.6910.46265.6"
"800,00";"05/11/2020 00:00:00";"05/11/2020 23:38:08";"10/11/2020 15:43:38";"2020.3893333.11302.1.600002.306.6910.46265.6"
"800,00";"26/10/2020 00:00:00";"26/10/2020 13:22:04";"27/10/2020 15:35:54";"2020.3893333.11302.1.600002.306.6910.46265.6"
"850,00";"29/10/2020 00:00:00";"29/10/2020 09:33:44";"03/11/2020 15:07:37";"2020.3893333.11302.1.600002.306.6910.46265.6"
"800,00";"16/11/2020 00:00:00";"16/11/2020 20:53:44";"17/11/2020 15:08:49";"2020.3893333.11302.1.600002.306.6910.46265.6"
"50,00";"16/11/2020 00:00:00";"16/11/2020 19:31:48";"17/11/2020 15:08:50";"2020.3893333.11302.1.600002.306.6910.46265.6"
"100,00";"13/11/2020 00:00:00";"13/11/2020 10:01:45";"13/11/2020 14:37:02";"2020.3893333.11302.1.600002.306.6910.46265.6"
"800,00";"28/10/2020 00:00:00";"28/10/2020 18:10:42";"29/10/2020 09:31:42";"2020.3893333.11302.1.600002.306.6910.46265.6"
"850,00";"05/11/2020 00:00:00";"05/11/2020 17:41:09";"13/11/2020 13:25:29";"2020.3893333.11302.1.600002.306.6910.46265.6"
"50,00";"04/11/2020 00:00:00";"04/11/2020 19:10:34";"05/11/2020 14:57:21";"2020.3893333.11302.1.600002.306.6910.46265.6"
"100,00";"12/11/2020 00:00:00";"12/11/2020 22:59:01";"13/11/2020 14:36:59";"2020.3893333.11302.1.600002.306.6910.46265.6"
"800,00";"10/11/2020 00:00:00";"10/11/2020 20:37:59";"11/11/2020 14:35:33";"2020.3893333.11302.1.600002.306.6910.46265.6"
"100,00";"17/11/2020 00:00:00";"17/11/2020 12:24:47";"17/11/2020 15:08:53";"2020.3893333.11302.1.600002.306.6910.46265.6"
"100,00";"13/11/2020 00:00:00";"13/11/2020 12:22:58";"16/11/2020 08:13:45";"2020.3893333.11302.1.600002.306.6910.46265.6"
"800,00";"06/11/2020 00:00:00";"06/11/2020 00:08:23";"10/11/2020 15:43:42";"2020.3893333.11302.1.600002.306.6910.46265.6"
"50,00";"10/11/2020 00:00:00";"10/11/2020 21:22:12";"11/11/2020 14:35:32";"2020.3893333.11302.1.600002.306.6910.46265.6"
"800,00";"22/10/2020 00:00:00";"22/10/2020 12:07:12";"26/10/2020 09:14:55";"2020.3893333.11302.1.600002.306.6910.46265.6"
"100,00";"13/11/2020 00:00:00";"13/11/2020 11:26:47";"13/11/2020 14:37:04";"2020.3893333.11302.1.600002.306.6910.46265.6"
"800,00";"26/10/2020 00:00:00";"26/10/2020 13:27:47";"27/10/2020 15:35:53";"2020.3893333.11302.1.600002.306.6910.46265.6"
"850,00";"28/10/2020 00:00:00";"28/10/2020 08:58:12";"29/10/2020 09:31:43";"2020.3893333.11302.1.600002.306.6910.46265.6"
"800,00";"22/10/2020 00:00:00";"22/10/2020 12:20:38";"26/10/2020 09:15:00";"2020.3893333.11302.1.600002.306.6910.46265.6"
"850,00";"12/11/2020 00:00:00";"12/11/2020 16:38:57";"13/11/2020 14:36:58";"2020.3893333.11302.1.600002.306.6910.46265.6"
"100,00";"13/11/2020 00:00:00";"13/11/2020 08:50:35";"13/11/2020 14:37:04";"2020.3893333.11302.1.600002.306.6910.46265.6"
"100,00";"13/11/2020 00:00:00";"13/11/2020 12:38:03";"16/11/2020 08:13:45";"2020.3893333.11302.1.600002.306.6910.46265.6"
"800,00";"20/11/2020 00:00:00";"20/11/2020 23:24:49";"24/11/2020 09:59:21";"2020.3893333.11302.1.600002.306.6910.46265.6"
"800,00";"05/11/2020 00:00:00";"05/11/2020 17:14:09";"10/11/2020 15:43:39";"2020.3893333.11302.1.600002.306.6910.46265.6"
"800,00";"05/11/2020 00:00:00";"05/11/2020 23:52:32";"10/11/2020 15:43:38";"2020.3893333.11302.1.600002.306.6910.46265.6"
"800,00";"12/11/2020 00:00:00";"12/11/2020 17:02:48";"13/11/2020 14:37:00";"2020.3893333.11302.1.600002.306.6910.46265.6"
"850,00";"16/11/2020 00:00:00";"16/11/2020 20:31:16";"17/11/2020 15:08:50";"2020.3893333.11302.1.600002.306.6910.46265.6"
"800,00";"26/10/2020 00:00:00";"26/10/2020 13:26:18";"27/10/2020 15:35:53";"2020.3893333.11302.1.600002.306.6910.46265.6"
"800,00";"10/11/2020 00:00:00";"10/11/2020 18:57:08";"11/11/2020 14:35:30";"2020.3893333.11302.1.600002.306.6910.46265.6"
"800,00";"28/10/2020 00:00:00";"28/10/2020 17:01:45";"29/10/2020 09:31:43";"2020.3893333.11302.1.600002.306.6910.46265.6"
"850,00";"12/11/2020 00:00:00";"12/11/2020 14:18:11";"13/11/2020 14:37:00";"2020.3893333.11302.1.600002.306.6910.46265.6"
"100,00";"12/11/2020 00:00:00";"12/11/2020 19:56:07";"13/11/2020 14:36:58";"2020.3893333.11302.1.600002.306.6910.46265.6"
"800,00";"28/10/2020 00:00:00";"28/10/2020 10:48:00";"29/10/2020 09:31:44";"2020.3893333.11302.1.600002.306.6910.46265.6"
"150,00";"20/11/2020 00:00:00";"20/11/2020 23:13:56";"24/11/2020 09:59:21";"2020.3893333.11302.1.600002.306.6910.46265.6"
"100,00";"16/11/2020 00:00:00";"16/11/2020 20:19:48";"17/11/2020 15:08:50";"2020.3893333.11302.1.600002.306.6910.46265.6"
"800,00";"12/11/2020 00:00:00";"12/11/2020 16:27:50";"07/12/2020 13:46:27";"2020.3893333.11302.1.600002.306.6910.46265.6"
"100,00";"16/11/2020 00:00:00";"16/11/2020 21:04:19";"17/11/2020 15:08:50";"2020.3893333.11302.1.600002.306.6910.46265.6"
"850,00";"27/10/2020 00:00:00";"27/10/2020 16:31:59";"29/10/2020 09:31:40";"2020.3893333.11302.1.600002.306.6910.46265.6"
"100,00";"12/11/2020 00:00:00";"12/11/2020 16:59:35";"13/11/2020 14:37:01";"2020.3893333.11302.1.600002.306.6910.46265.6"
"850,00";"16/11/2020 00:00:00";"16/11/2020 21:48:07";"17/11/2020 15:08:52";"2020.3893333.11302.1.600002.306.6910.46265.6"
"800,00";"10/11/2020 00:00:00";"10/11/2020 20:22:41";"11/11/2020 14:35:32";"2020.3893333.11302.1.600002.306.6910.46265.6"
"800,00";"03/11/2020 00:00:00";"03/11/2020 15:44:41";"08/12/2020 08:09:13";"2020.3893333.11302.1.600002.306.6910.46265.6"
"850,00";"27/10/2020 00:00:00";"27/10/2020 16:56:54";"29/10/2020 09:31:39";"2020.3893333.11302.1.600002.306.6910.46265.6"
"800,00";"22/10/2020 00:00:00";"22/10/2020 12:22:07";"26/10/2020 09:14:54";"2020.3893333.11302.1.600002.306.6910.46265.6"
"850,00";"27/10/2020 00:00:00";"27/10/2020 16:36:50";"29/10/2020 09:31:39";"2020.3893333.11302.1.600002.306.6910.46265.6"
"800,00";"10/11/2020 00:00:00";"10/11/2020 09:33:17";"10/11/2020 15:43:43";"2020.3893333.11302.1.600002.306.6910.46265.6"
"850,00";"03/11/2020 00:00:00";"03/11/2020 17:10:23";"04/11/2020 09:39:27";"2020.3893333.11302.1.600002.306.6910.46265.6"
"800,00";"22/10/2020 00:00:00";"22/10/2020 20:18:42";"26/10/2020 09:14:57";"2020.3893333.11302.1.600002.306.6910.46265.6"
"850,00";"28/10/2020 00:00:00";"28/10/2020 08:50:05";"29/10/2020 09:31:41";"2020.3893333.11302.1.600002.306.6910.46265.6"
"800,00";"27/10/2020 00:00:00";"27/10/2020 15:24:52";"29/10/2020 09:31:40";"2020.3893333.11302.1.600002.306.6910.46265.6"
"800,00";"22/10/2020 00:00:00";"22/10/2020 12:38:05";"26/10/2020 09:14:56";"2020.3893333.11302.1.600002.306.6910.46265.6"
"100,00";"13/11/2020 00:00:00";"13/11/2020 10:34:26";"13/11/2020 14:37:03";"2020.3893333.11302.1.600002.306.6910.46265.6"
"800,00";"28/10/2020 00:00:00";"28/10/2020 18:50:32";"29/10/2020 09:31:42";"2020.3893333.11302.1.600002.306.6910.46265.6"
"800,00";"22/10/2020 00:00:00";"22/10/2020 12:43:57";"26/10/2020 09:14:56";"2020.3893333.11302.1.600002.306.6910.46265.6"
"850,00";"27/10/2020 00:00:00";"27/10/2020 17:00:21";"29/10/2020 09:31:39";"2020.3893333.11302.1.600002.306.6910.46265.6"
"800,00";"22/10/2020 00:00:00";"22/10/2020 11:30:26";"26/10/2020 09:14:54";"2020.3893333.11302.1.600002.306.6910.46265.6"
"100,00";"16/11/2020 00:00:00";"16/11/2020 20:38:29";"17/11/2020 15:08:51";"2020.3893333.11302.1.600002.306.6910.46265.6"
"800,00";"04/11/2020 00:00:00";"04/11/2020 10:13:18";"05/11/2020 14:57:20";"2020.3893333.11302.1.600002.306.6910.46265.6"
"800,00";"10/11/2020 00:00:00";"10/11/2020 21:33:02";"11/11/2020 14:35:35";"2020.3893333.11302.1.600002.306.6910.46265.6"
"800,00";"22/10/2020 00:00:00";"22/10/2020 11:40:54";"26/10/2020 09:14:59";"2020.3893333.11302.1.600002.306.6910.46265.6"
"50,00";"10/11/2020 00:00:00";"10/11/2020 20:35:46";"11/11/2020 14:35:33";"2020.3893333.11302.1.600002.306.6910.46265.6"
"50,00";"12/11/2020 00:00:00";"12/11/2020 15:27:36";"13/11/2020 14:36:58";"2020.3893333.11302.1.600002.306.6910.46265.6"
"850,00";"06/11/2020 00:00:00";"06/11/2020 12:40:49";"10/11/2020 15:43:42";"2020.3893333.11302.1.600002.306.6910.46265.6"
"800,00";"04/11/2020 00:00:00";"04/11/2020 19:04:57";"05/11/2020 14:57:21";"2020.3893333.11302.1.600002.306.6910.46265.6"
"800,00";"05/11/2020 00:00:00";"05/11/2020 23:44:45";"10/11/2020 15:43:40";"2020.3893333.11302.1.600002.306.6910.46265.6"
"800,00";"22/10/2020 00:00:00";"22/10/2020 12:08:03";"26/10/2020 09:14:59";"2020.3893333.11302.1.600002.306.6910.46265.6"
"800,00";"04/11/2020 00:00:00";"04/11/2020 10:19:11";"05/11/2020 14:57:20";"2020.3893333.11302.1.600002.306.6910.46265.6"
"800,00";"28/10/2020 00:00:00";"28/10/2020 18:18:22";"29/10/2020 09:31:44";"2020.3893333.11302.1.600002.306.6910.46265.6"
"100,00";"03/12/2020 00:00:00";"03/12/2020 19:23:42";"07/12/2020 13:23:39";"2020.3893333.11302.1.600002.306.6910.46265.6"
"50,00";"04/11/2020 00:00:00";"04/11/2020 18:34:33";"05/11/2020 14:57:21";"2020.3893333.11302.1.600002.306.6910.46265.6"
"850,00";"12/11/2020 00:00:00";"12/11/2020 16:55:09";"13/11/2020 14:37:01";"2020.3893333.11302.1.600002.306.6910.46265.6"
"100,00";"12/11/2020 00:00:00";"12/11/2020 22:12:03";"13/11/2020 14:37:00";"2020.3893333.11302.1.600002.306.6910.46265.6"
"100,00";"12/11/2020 00:00:00";"12/11/2020 23:07:03";"13/11/2020 14:36:58";"2020.3893333.11302.1.600002.306.6910.46265.6"
"50,00";"10/11/2020 00:00:00";"10/11/2020 09:21:24";"10/11/2020 15:43:43";"2020.3893333.11302.1.600002.306.6910.46265.6"
"100,00";"13/11/2020 00:00:00";"13/11/2020 10:43:56";"13/11/2020 14:37:04";"2020.3893333.11302.1.600002.306.6910.46265.6"
"50,00";"05/11/2020 00:00:00";"05/11/2020 19:02:52";"10/11/2020 15:43:37";"2020.3893333.11302.1.600002.306.6910.46265.6"
"800,00";"28/10/2020 00:00:00";"28/10/2020 10:53:02";"29/10/2020 09:31:43";"2020.3893333.11302.1.600002.306.6910.46265.6"
"800,00";"05/11/2020 00:00:00";"05/11/2020 13:32:16";"10/11/2020 15:43:38";"2020.3893333.11302.1.600002.306.6910.46265.6"
"100,00";"11/11/2020 00:00:00";"11/11/2020 14:36:31";"12/11/2020 15:27:16";"2020.3893333.11302.1.600002.306.6910.46265.6"
"100,00";"12/11/2020 00:00:00";"12/11/2020 18:24:33";"13/11/2020 14:36:59";"2020.3893333.11302.1.600002.306.6910.46265.6"
"150,00";"25/11/2020 00:00:00";"25/11/2020 14:47:02";"26/11/2020 09:53:42";"2020.3893333.11302.1.600002.306.6910.46265.6"
"50,00";"10/11/2020 00:00:00";"10/11/2020 20:01:50";"11/11/2020 14:35:32";"2020.3893333.11302.1.600002.306.6910.46265.6"
"800,00";"28/10/2020 00:00:00";"28/10/2020 13:02:54";"29/10/2020 09:31:45";"2020.3893333.11302.1.600002.306.6910.46265.6"
"800,00";"28/10/2020 00:00:00";"28/10/2020 12:58:53";"29/10/2020 09:31:46";"2020.3893333.11302.1.600002.306.6910.46265.6"
"100,00";"13/11/2020 00:00:00";"13/11/2020 09:57:57";"13/11/2020 14:37:03";"2020.3893333.11302.1.600002.306.6910.46265.6"
"100,00";"13/11/2020 00:00:00";"13/11/2020 11:25:11";"13/11/2020 14:37:03";"2020.3893333.11302.1.600002.306.6910.46265.6"
"800,00";"03/11/2020 00:00:00";"03/11/2020 15:42:28";"04/11/2020 09:39:26";"2020.3893333.11302.1.600002.306.6910.46265.6"
"800,00";"28/10/2020 00:00:00";"28/10/2020 17:11:21";"29/10/2020 09:31:43";"2020.3893333.11302.1.600002.306.6910.46265.6"
"100,00";"13/11/2020 00:00:00";"13/11/2020 09:17:16";"13/11/2020 14:37:02";"2020.3893333.11302.1.600002.306.6910.46265.6"
"50,00";"10/11/2020 00:00:00";"10/11/2020 19:52:30";"11/11/2020 14:35:31";"2020.3893333.11302.1.600002.306.6910.46265.6"
"800,00";"05/11/2020 00:00:00";"05/11/2020 17:52:35";"10/11/2020 15:43:37";"2020.3893333.11302.1.600002.306.6910.46265.6"
"800,00";"28/10/2020 00:00:00";"28/10/2020 10:29:46";"29/10/2020 09:31:43";"2020.3893333.11302.1.600002.306.6910.46265.6"
"100,00";"02/12/2020 00:00:00";"02/12/2020 19:24:14";"03/12/2020 14:34:37";"2020.3893333.11302.1.600002.306.6910.46265.6"
"800,00";"18/11/2020 00:00:00";"18/11/2020 14:14:06";"24/11/2020 08:09:36";"2020.3893333.11302.1.600002.306.6910.46265.6"
"50,00";"10/11/2020 00:00:00";"10/11/2020 19:37:40";"11/11/2020 14:35:32";"2020.3893333.11302.1.600002.306.6910.46265.6"
"800,00";"22/10/2020 00:00:00";"22/10/2020 12:14:16";"26/10/2020 09:14:59";"2020.3893333.11302.1.600002.306.6910.46265.6"
"800,00";"10/11/2020 00:00:00";"10/11/2020 20:28:04";"11/11/2020 14:35:34";"2020.3893333.11302.1.600002.306.6910.46265.6"
"50,00";"18/11/2020 00:00:00";"18/11/2020 13:40:39";"18/11/2020 15:01:42";"2020.3893333.11302.1.600002.306.6910.46265.6"
"800,00";"16/11/2020 00:00:00";"16/11/2020 20:50:10";"17/11/2020 15:08:50";"2020.3893333.11302.1.600002.306.6910.46265.6"
"100,00";"03/12/2020 00:00:00";"03/12/2020 15:23:02";"04/12/2020 14:17:47";"2020.3893333.11302.1.600002.306.6910.46265.6"
"100,00";"16/11/2020 00:00:00";"16/11/2020 21:28:27";"17/11/2020 15:08:50";"2020.3893333.11302.1.600002.306.6910.46265.6"
"100,00";"16/11/2020 00:00:00";"16/11/2020 21:58:34";"17/11/2020 15:08:51";"2020.3893333.11302.1.600002.306.6910.46265.6"
"800,00";"16/11/2020 00:00:00";"16/11/2020 21:00:44";"17/11/2020 15:08:50";"2020.3893333.11302.1.600002.306.6910.46265.6"
"800,00";"16/11/2020 00:00:00";"16/11/2020 21:04:08";"24/11/2020 08:09:35";"2020.3893333.11302.1.600002.306.6910.46265.6"
"100,00";"13/11/2020 00:00:00";"13/11/2020 09:55:28";"13/11/2020 14:37:03";"2020.3893333.11302.1.600002.306.6910.46265.6"
"800,00";"22/10/2020 00:00:00";"22/10/2020 19:04:57";"26/10/2020 09:14:58";"2020.3893333.11302.1.600002.306.6910.46265.6"
"800,00";"28/10/2020 00:00:00";"28/10/2020 16:44:09";"29/10/2020 09:31:42";"2020.3893333.11302.1.600002.306.6910.46265.6"
"50,00";"28/10/2020 00:00:00";"28/10/2020 17:33:04";"29/10/2020 09:31:46";"2020.3893333.11302.1.600002.306.6910.46265.6"
"800,00";"29/10/2020 00:00:00";"29/10/2020 08:26:14";"29/10/2020 09:31:46";"2020.3893333.11302.1.600002.306.6910.46265.6"
"100,00";"16/11/2020 00:00:00";"16/11/2020 20:03:28";"17/11/2020 15:08:51";"2020.3893333.11302.1.600002.306.6910.46265.6"
"800,00";"28/10/2020 00:00:00";"28/10/2020 19:20:05";"29/10/2020 09:31:42";"2020.3893333.11302.1.600002.306.6910.46265.6"
"100,00";"13/11/2020 00:00:00";"13/11/2020 10:24:23";"13/11/2020 14:37:04";"2020.3893333.11302.1.600002.306.6910.46265.6"
"850,00";"10/11/2020 00:00:00";"10/11/2020 20:48:18";"11/11/2020 14:35:34";"2020.3893333.11302.1.600002.306.6910.46265.6"
"50,00";"28/10/2020 00:00:00";"28/10/2020 15:03:18";"29/10/2020 09:31:43";"2020.3893333.11302.1.600002.306.6910.46265.6"
"800,00";"28/10/2020 00:00:00";"28/10/2020 08:44:34";"29/10/2020 09:31:41";"2020.3893333.11302.1.600002.306.6910.46265.6"
"800,00";"25/11/2020 00:00:00";"25/11/2020 14:51:48";"26/11/2020 09:53:42";"2020.3893333.11302.1.600002.306.6910.46265.6"
"800,00";"22/10/2020 00:00:00";"22/10/2020 14:02:09";"26/10/2020 09:14:55";"2020.3893333.11302.1.600002.306.6910.46265.6"
"800,00";"04/11/2020 00:00:00";"04/11/2020 10:08:18";"05/11/2020 14:57:21";"2020.3893333.11302.1.600002.306.6910.46265.6"
"800,00";"22/10/2020 00:00:00";"22/10/2020 12:12:08";"26/10/2020 09:14:56";"2020.3893333.11302.1.600002.306.6910.46265.6"
"800,00";"27/10/2020 00:00:00";"27/10/2020 15:24:43";"29/10/2020 09:31:40";"2020.3893333.11302.1.600002.306.6910.46265.6"
"100,00";"16/11/2020 00:00:00";"16/11/2020 21:13:19";"17/11/2020 15:08:49";"2020.3893333.11302.1.600002.306.6910.46265.6"
"850,00";"22/10/2020 00:00:00";"22/10/2020 14:40:18";"26/10/2020 09:14:56";"2020.3893333.11302.1.600002.306.6910.46265.6"
"850,00";"27/10/2020 00:00:00";"27/10/2020 16:22:56";"29/10/2020 09:31:40";"2020.3893333.11302.1.600002.306.6910.46265.6"
"800,00";"22/10/2020 00:00:00";"22/10/2020 12:40:39";"26/10/2020 09:14:56";"2020.3893333.11302.1.600002.306.6910.46265.6"
"50,00";"10/11/2020 00:00:00";"10/11/2020 08:47:31";"10/11/2020 15:43:42";"2020.3893333.11302.1.600002.306.6910.46265.6"
"50,00";"05/11/2020 00:00:00";"05/11/2020 17:32:51";"10/11/2020 15:43:40";"2020.3893333.11302.1.600002.306.6910.46265.6"
"850,00";"22/10/2020 00:00:00";"22/10/2020 14:24:00";"26/10/2020 09:14:58";"2020.3893333.11302.1.600002.306.6910.46265.6"
"800,00";"26/10/2020 00:00:00";"26/10/2020 13:36:40";"27/10/2020 15:35:53";"2020.3893333.11302.1.600002.306.6910.46265.6"
"800,00";"22/10/2020 00:00:00";"22/10/2020 12:37:33";"26/10/2020 09:14:55";"2020.3893333.11302.1.600002.306.6910.46265.6"
"50,00";"28/10/2020 00:00:00";"28/10/2020 17:38:02";"29/10/2020 09:31:43";"2020.3893333.11302.1.600002.306.6910.46265.6"
"50,00";"03/11/2020 00:00:00";"03/11/2020 16:02:30";"04/11/2020 09:39:27";"2020.3893333.11302.1.600002.306.6910.46265.6"
"100,00";"13/11/2020 00:00:00";"13/11/2020 12:33:03";"16/11/2020 08:13:46";"2020.3893333.11302.1.600002.306.6910.46265.6"
"800,00";"22/10/2020 00:00:00";"22/10/2020 12:53:55";"26/10/2020 09:14:56";"2020.3893333.11302.1.600002.306.6910.46265.6"
"800,00";"18/11/2020 00:00:00";"18/11/2020 13:39:56";"18/11/2020 15:01:42";"2020.3893333.11302.1.600002.306.6910.46265.6"
"50,00";"03/11/2020 00:00:00";"03/11/2020 15:36:47";"04/11/2020 09:39:27";"2020.3893333.11302.1.600002.306.6910.46265.6"
"100,00";"13/11/2020 00:00:00";"13/11/2020 11:54:00";"13/11/2020 14:37:02";"2020.3893333.11302.1.600002.306.6910.46265.6"
"800,00";"29/10/2020 00:00:00";"29/10/2020 12:08:16";"03/11/2020 15:07:37";"2020.3893333.11302.1.600002.306.6910.46265.6"
"800,00";"26/10/2020 00:00:00";"26/10/2020 13:30:38";"27/10/2020 15:35:53";"2020.3893333.11302.1.600002.306.6910.46265.6"
"100,00";"12/11/2020 00:00:00";"12/11/2020 22:16:36";"13/11/2020 14:36:59";"2020.3893333.11302.1.600002.306.6910.46265.6"
"800,00";"22/10/2020 00:00:00";"22/10/2020 12:21:34";"26/10/2020 09:14:54";"2020.3893333.11302.1.600002.306.6910.46265.6"
"800,00";"10/11/2020 00:00:00";"10/11/2020 21:15:33";"11/11/2020 14:35:34";"2020.3893333.11302.1.600002.306.6910.46265.6"
"50,00";"28/10/2020 00:00:00";"28/10/2020 17:11:45";"29/10/2020 09:31:42";"2020.3893333.11302.1.600002.306.6910.46265.6"
"50,00";"28/10/2020 00:00:00";"28/10/2020 17:50:56";"29/10/2020 09:31:44";"2020.3893333.11302.1.600002.306.6910.46265.6"
"800,00";"16/11/2020 00:00:00";"16/11/2020 20:27:14";"17/11/2020 15:08:51";"2020.3893333.11302.1.600002.306.6910.46265.6"
"100,00";"12/11/2020 00:00:00";"12/11/2020 18:07:53";"13/11/2020 14:36:58";"2020.3893333.11302.1.600002.306.6910.46265.6"
"800,00";"22/10/2020 00:00:00";"22/10/2020 11:44:08";"26/10/2020 09:14:57";"2020.3893333.11302.1.600002.306.6910.46265.6"
"50,00";"10/11/2020 00:00:00";"10/11/2020 19:30:36";"11/11/2020 14:35:31";"2020.3893333.11302.1.600002.306.6910.46265.6"
"800,00";"10/11/2020 00:00:00";"10/11/2020 21:17:16";"11/11/2020 14:35:32";"2020.3893333.11302.1.600002.306.6910.46265.6"
"100,00";"12/11/2020 00:00:00";"12/11/2020 22:26:52";"13/11/2020 14:37:00";"2020.3893333.11302.1.600002.306.6910.46265.6"
"800,00";"22/10/2020 00:00:00";"22/10/2020 19:31:44";"26/10/2020 09:14:57";"2020.3893333.11302.1.600002.306.6910.46265.6"
"800,00";"04/11/2020 00:00:00";"04/11/2020 11:17:07";"05/11/2020 14:57:21";"2020.3893333.11302.1.600002.306.6910.46265.6"
"50,00";"05/11/2020 00:00:00";"05/11/2020 15:21:23";"10/11/2020 15:43:39";"2020.3893333.11302.1.600002.306.6910.46265.6"
"800,00";"22/10/2020 00:00:00";"22/10/2020 12:24:55";"26/10/2020 09:15:00";"2020.3893333.11302.1.600002.306.6910.46265.6"
"800,00";"12/11/2020 00:00:00";"12/11/2020 13:57:00";"13/11/2020 14:37:01";"2020.3893333.11302.1.600002.306.6910.46265.6"
"800,00";"28/10/2020 00:00:00";"28/10/2020 16:21:29";"29/10/2020 09:31:45";"2020.3893333.11302.1.600002.306.6910.46265.6"
"800,00";"26/10/2020 00:00:00";"26/10/2020 19:43:41";"27/10/2020 15:35:52";"2020.3893333.11302.1.600002.306.6910.46265.6"
"50,00";"04/11/2020 00:00:00";"04/11/2020 22:27:53";"05/11/2020 14:57:22";"2020.3893333.11302.1.600002.306.6910.46265.6"
"800,00";"05/11/2020 00:00:00";"05/11/2020 16:43:29";"10/11/2020 15:43:40";"2020.3893333.11302.1.600002.306.6910.46265.6"
"800,00";"10/11/2020 00:00:00";"10/11/2020 18:40:13";"11/11/2020 14:35:34";"2020.3893333.11302.1.600002.306.6910.46265.6"
"50,00";"29/10/2020 00:00:00";"29/10/2020 10:44:42";"24/11/2020 14:32:13";"2020.3893333.11302.1.600002.306.6910.46265.6"
"800,00";"29/10/2020 00:00:00";"29/10/2020 10:00:23";"03/11/2020 15:07:38";"2020.3893333.11302.1.600002.306.6910.46265.6"
"100,00";"13/11/2020 00:00:00";"13/11/2020 11:58:13";"16/11/2020 08:13:46";"2020.3893333.11302.1.600002.306.6910.46265.6"
"800,00";"22/10/2020 00:00:00";"22/10/2020 12:18:49";"26/10/2020 09:15:00";"2020.3893333.11302.1.600002.306.6910.46265.6"
"800,00";"22/10/2020 00:00:00";"22/10/2020 11:37:45";"26/10/2020 09:14:57";"2020.3893333.11302.1.600002.306.6910.46265.6"
"800,00";"05/11/2020 00:00:00";"05/11/2020 17:25:31";"10/11/2020 15:43:36";"2020.3893333.11302.1.600002.306.6910.46265.6"
"850,00";"10/11/2020 00:00:00";"10/11/2020 19:02:28";"11/11/2020 14:35:33";"2020.3893333.11302.1.600002.306.6910.46265.6"
"50,00";"12/11/2020 00:00:00";"12/11/2020 14:04:18";"13/11/2020 14:36:58";"2020.3893333.11302.1.600002.306.6910.46265.6"
"800,00";"22/10/2020 00:00:00";"22/10/2020 18:15:31";"26/10/2020 09:14:58";"2020.3893333.11302.1.600002.306.6910.46265.6"
"950,00";"25/11/2020 00:00:00";"25/11/2020 13:01:02";"26/11/2020 09:53:42";"2020.3893333.11302.1.600002.306.6910.46265.6"
"1709,66";"03/09/2021 00:00:00";"03/09/2021 17:06:19";"03/09/2021 17:06:19";"2021.4226469.20102.1.600002.314.7877.46524.6"
"800,00";"23/10/2020 00:00:00";"23/10/2020 14:58:40";"26/10/2020 09:15:00";"2020.3893333.11302.1.600002.306.6910.46265.6"
"800,00";"03/11/2020 00:00:00";"03/11/2020 17:05:10";"04/11/2020 09:39:27";"2020.3893333.11302.1.600002.306.6910.46265.6"
"850,00";"10/11/2020 00:00:00";"10/11/2020 21:03:13";"11/11/2020 14:35:34";"2020.3893333.11302.1.600002.306.6910.46265.6"
"850,00";"28/10/2020 00:00:00";"28/10/2020 19:02:11";"29/10/2020 09:31:44";"2020.3893333.11302.1.600002.306.6910.46265.6"
"100,00";"16/11/2020 00:00:00";"16/11/2020 20:46:33";"17/11/2020 15:08:51";"2020.3893333.11302.1.600002.306.6910.46265.6"
"800,00";"10/11/2020 00:00:00";"10/11/2020 21:26:31";"11/11/2020 14:35:31";"2020.3893333.11302.1.600002.306.6910.46265.6"
"800,00";"28/10/2020 00:00:00";"28/10/2020 18:33:04";"29/10/2020 09:31:42";"2020.3893333.11302.1.600002.306.6910.46265.6"
"800,00";"28/10/2020 00:00:00";"28/10/2020 16:40:04";"29/10/2020 09:31:45";"2020.3893333.11302.1.600002.306.6910.46265.6"
"100,00";"12/11/2020 00:00:00";"12/11/2020 19:49:24";"13/11/2020 14:36:59";"2020.3893333.11302.1.600002.306.6910.46265.6"
"800,00";"10/11/2020 00:00:00";"10/11/2020 21:59:28";"11/11/2020 14:35:34";"2020.3893333.11302.1.600002.306.6910.46265.6"
"100,00";"13/11/2020 00:00:00";"13/11/2020 10:11:16";"13/11/2020 14:37:03";"2020.3893333.11302.1.600002.306.6910.46265.6"
"50,00";"10/11/2020 00:00:00";"10/11/2020 20:33:05";"11/11/2020 14:35:33";"2020.3893333.11302.1.600002.306.6910.46265.6"
"850,00";"26/10/2020 00:00:00";"26/10/2020 13:18:06";"27/10/2020 15:35:54";"2020.3893333.11302.1.600002.306.6910.46265.6"
"800,00";"03/11/2020 00:00:00";"03/11/2020 15:10:29";"04/11/2020 09:39:27";"2020.3893333.11302.1.600002.306.6910.46265.6"
"100,00";"12/11/2020 00:00:00";"12/11/2020 18:15:26";"13/11/2020 14:36:58";"2020.3893333.11302.1.600002.306.6910.46265.6"
"800,00";"22/10/2020 00:00:00";"22/10/2020 18:47:15";"26/10/2020 09:14:58";"2020.3893333.11302.1.600002.306.6910.46265.6"
"800,00";"26/10/2020 00:00:00";"26/10/2020 13:13:03";"27/10/2020 15:35:53";"2020.3893333.11302.1.600002.306.6910.46265.6"
"100,00";"10/12/2020 00:00:00";"10/12/2020 11:16:21";"10/12/2020 14:48:18";"2020.3893333.11302.1.600002.306.6910.46265.6"
"100,00";"12/11/2020 00:00:00";"12/11/2020 20:07:41";"13/11/2020 14:37:01";"2020.3893333.11302.1.600002.306.6910.46265.6"
"950,00";"25/11/2020 00:00:00";"25/11/2020 13:34:18";"26/11/2020 09:53:42";"2020.3893333.11302.1.600002.306.6910.46265.6"
"800,00";"27/10/2020 00:00:00";"27/10/2020 13:37:48";"27/10/2020 15:35:55";"2020.3893333.11302.1.600002.306.6910.46265.6"
"800,00";"22/10/2020 00:00:00";"22/10/2020 13:08:09";"26/10/2020 09:14:56";"2020.3893333.11302.1.600002.306.6910.46265.6"
"800,00";"22/10/2020 00:00:00";"22/10/2020 11:47:52";"26/10/2020 09:14:54";"2020.3893333.11302.1.600002.306.6910.46265.6"
"800,00";"10/11/2020 00:00:00";"10/11/2020 21:27:29";"11/11/2020 14:35:35";"2020.3893333.11302.1.600002.306.6910.46265.6"
"800,00";"05/11/2020 00:00:00";"05/11/2020 13:53:05";"10/11/2020 15:43:39";"2020.3893333.11302.1.600002.306.6910.46265.6"
"100,00";"13/11/2020 00:00:00";"13/11/2020 12:27:22";"16/11/2020 08:13:46";"2020.3893333.11302.1.600002.306.6910.46265.6"
"800,00";"04/11/2020 00:00:00";"04/11/2020 10:59:03";"05/11/2020 14:57:20";"2020.3893333.11302.1.600002.306.6910.46265.6"
"800,00";"05/11/2020 00:00:00";"05/11/2020 18:44:12";"10/11/2020 15:43:39";"2020.3893333.11302.1.600002.306.6910.46265.6"
"50,00";"03/11/2020 00:00:00";"03/11/2020 15:56:38";"04/11/2020 09:39:28";"2020.3893333.11302.1.600002.306.6910.46265.6"
"100,00";"16/11/2020 00:00:00";"16/11/2020 21:34:12";"17/11/2020 15:08:49";"2020.3893333.11302.1.600002.306.6910.46265.6"
"800,00";"10/11/2020 00:00:00";"10/11/2020 21:22:24";"11/11/2020 14:35:31";"2020.3893333.11302.1.600002.306.6910.46265.6"
"100,00";"17/11/2020 00:00:00";"17/11/2020 12:31:55";"17/11/2020 15:08:52";"2020.3893333.11302.1.600002.306.6910.46265.6"
"100,00";"13/11/2020 00:00:00";"13/11/2020 10:45:29";"13/11/2020 14:37:05";"2020.3893333.11302.1.600002.306.6910.46265.6"
"800,00";"05/11/2020 00:00:00";"05/11/2020 23:57:01";"10/11/2020 15:43:41";"2020.3893333.11302.1.600002.306.6910.46265.6"
"100,00";"12/11/2020 00:00:00";"12/11/2020 22:08:09";"13/11/2020 14:36:57";"2020.3893333.11302.1.600002.306.6910.46265.6"
"800,00";"04/11/2020 00:00:00";"04/11/2020 21:47:31";"05/11/2020 14:57:21";"2020.3893333.11302.1.600002.306.6910.46265.6"
"100,00";"16/11/2020 00:00:00";"16/11/2020 21:54:57";"17/11/2020 15:08:51";"2020.3893333.11302.1.600002.306.6910.46265.6"
"800,00";"04/11/2020 00:00:00";"04/11/2020 18:21:09";"05/11/2020 14:57:21";"2020.3893333.11302.1.600002.306.6910.46265.6"
"100,00";"13/11/2020 00:00:00";"13/11/2020 09:41:31";"13/11/2020 14:37:04";"2020.3893333.11302.1.600002.306.6910.46265.6"
"800,00";"28/10/2020 00:00:00";"28/10/2020 19:47:56";"29/10/2020 09:31:41";"2020.3893333.11302.1.600002.306.6910.46265.6"
"75000,00";"22/11/2021 00:00:00";"22/11/2021 14:46:46";"22/11/2021 14:46:46";"2021.4225921.11201.1.600002.306.7524.46524.6"
"800,00";"29/10/2020 00:00:00";"29/10/2020 09:47:37";"03/11/2020 15:07:37";"2020.3893333.11302.1.600002.306.6910.46265.6"
"950,00";"25/11/2020 00:00:00";"25/11/2020 12:54:49";"26/11/2020 09:53:42";"2020.3893333.11302.1.600002.306.6910.46265.6"
"800,00";"28/10/2020 00:00:00";"28/10/2020 16:36:01";"29/10/2020 09:31:42";"2020.3893333.11302.1.600002.306.6910.46265.6"
"50,00";"03/11/2020 00:00:00";"03/11/2020 16:16:48";"04/11/2020 09:39:27";"2020.3893333.11302.1.600002.306.6910.46265.6"
"800,00";"22/10/2020 00:00:00";"22/10/2020 20:29:47";"26/10/2020 09:14:55";"2020.3893333.11302.1.600002.306.6910.46265.6"
"800,00";"22/10/2020 00:00:00";"22/10/2020 11:54:07";"26/10/2020 09:14:56";"2020.3893333.11302.1.600002.306.6910.46265.6"
"850,00";"28/10/2020 00:00:00";"28/10/2020 16:55:49";"29/10/2020 09:31:42";"2020.3893333.11302.1.600002.306.6910.46265.6"
"800,00";"27/10/2020 00:00:00";"27/10/2020 08:51:41";"27/10/2020 15:35:54";"2020.3893333.11302.1.600002.306.6910.46265.6"
"800,00";"04/11/2020 00:00:00";"04/11/2020 22:13:00";"05/11/2020 14:57:22";"2020.3893333.11302.1.600002.306.6910.46265.6"
"800,00";"10/11/2020 00:00:00";"10/11/2020 20:22:26";"11/11/2020 14:35:34";"2020.3893333.11302.1.600002.306.6910.46265.6"
"800,00";"28/10/2020 00:00:00";"28/10/2020 19:33:31";"29/10/2020 09:31:44";"2020.3893333.11302.1.600002.306.6910.46265.6"
"850,00";"05/11/2020 00:00:00";"05/11/2020 18:29:33";"10/11/2020 15:43:41";"2020.3893333.11302.1.600002.306.6910.46265.6"
"100,00";"13/11/2020 00:00:00";"13/11/2020 12:12:13";"16/11/2020 08:13:45";"2020.3893333.11302.1.600002.306.6910.46265.6"
"50,00";"05/11/2020 00:00:00";"05/11/2020 18:06:03";"10/11/2020 15:43:38";"2020.3893333.11302.1.600002.306.6910.46265.6"
"800,00";"04/11/2020 00:00:00";"04/11/2020 18:07:32";"05/11/2020 14:57:20";"2020.3893333.11302.1.600002.306.6910.46265.6"
"100,00";"13/11/2020 00:00:00";"13/11/2020 10:06:24";"13/11/2020 14:37:05";"2020.3893333.11302.1.600002.306.6910.46265.6"
"100,00";"16/11/2020 00:00:00";"16/11/2020 20:33:14";"17/11/2020 15:08:50";"2020.3893333.11302.1.600002.306.6910.46265.6"
"50,00";"10/11/2020 00:00:00";"10/11/2020 21:13:16";"11/11/2020 14:35:33";"2020.3893333.11302.1.600002.306.6910.46265.6"
"100,00";"13/11/2020 00:00:00";"13/11/2020 09:42:18";"13/11/2020 14:37:04";"2020.3893333.11302.1.600002.306.6910.46265.6"
"800,00";"28/10/2020 00:00:00";"28/10/2020 10:40:35";"29/10/2020 09:31:44";"2020.3893333.11302.1.600002.306.6910.46265.6"
"800,00";"26/10/2020 00:00:00";"26/10/2020 19:37:15";"27/10/2020 15:35:53";"2020.3893333.11302.1.600002.306.6910.46265.6"
"800,00";"26/10/2020 00:00:00";"26/10/2020 13:45:28";"27/10/2020 15:35:53";"2020.3893333.11302.1.600002.306.6910.46265.6"
"800,00";"29/10/2020 00:00:00";"29/10/2020 10:22:57";"03/11/2020 15:07:38";"2020.3893333.11302.1.600002.306.6910.46265.6"
"800,00";"05/11/2020 00:00:00";"05/11/2020 12:59:29";"10/11/2020 15:43:40";"2020.3893333.11302.1.600002.306.6910.46265.6"
"800,00";"05/11/2020 00:00:00";"05/11/2020 14:57:18";"10/11/2020 15:43:37";"2020.3893333.11302.1.600002.306.6910.46265.6"
"800,00";"22/10/2020 00:00:00";"22/10/2020 12:47:23";"26/10/2020 09:14:58";"2020.3893333.11302.1.600002.306.6910.46265.6"
"50,00";"10/11/2020 00:00:00";"10/11/2020 08:53:55";"10/11/2020 15:43:43";"2020.3893333.11302.1.600002.306.6910.46265.6"
"800,00";"22/10/2020 00:00:00";"22/10/2020 12:26:41";"26/10/2020 09:14:56";"2020.3893333.11302.1.600002.306.6910.46265.6"
"800,00";"22/10/2020 00:00:00";"22/10/2020 12:31:13";"26/10/2020 09:14:54";"2020.3893333.11302.1.600002.306.6910.46265.6"
"100,00";"13/11/2020 00:00:00";"13/11/2020 08:59:10";"13/11/2020 14:37:02";"2020.3893333.11302.1.600002.306.6910.46265.6"
"800,00";"20/11/2020 00:00:00";"20/11/2020 23:19:44";"24/11/2020 09:59:21";"2020.3893333.11302.1.600002.306.6910.46265.6"
"100,00";"16/11/2020 00:00:00";"16/11/2020 21:17:42";"17/11/2020 15:08:49";"2020.3893333.11302.1.600002.306.6910.46265.6"
"800,00";"03/11/2020 00:00:00";"03/11/2020 16:58:40";"04/11/2020 09:39:27";"2020.3893333.11302.1.600002.306.6910.46265.6"
"800,00";"29/10/2020 00:00:00";"29/10/2020 10:00:31";"03/11/2020 15:07:37";"2020.3893333.11302.1.600002.306.6910.46265.6"
"50,00";"05/11/2020 00:00:00";"05/11/2020 17:13:55";"10/11/2020 15:43:39";"2020.3893333.11302.1.600002.306.6910.46265.6"
"100,00";"17/11/2020 00:00:00";"17/11/2020 12:37:04";"17/11/2020 15:08:53";"2020.3893333.11302.1.600002.306.6910.46265.6"
"50,00";"04/11/2020 00:00:00";"04/11/2020 21:57:12";"05/11/2020 14:57:21";"2020.3893333.11302.1.600002.306.6910.46265.6"
"800,00";"10/11/2020 00:00:00";"10/11/2020 17:58:36";"11/11/2020 14:35:33";"2020.3893333.11302.1.600002.306.6910.46265.6"
"800,00";"22/10/2020 00:00:00";"22/10/2020 11:27:47";"26/10/2020 09:14:57";"2020.3893333.11302.1.600002.306.6910.46265.6"
"800,00";"05/11/2020 00:00:00";"05/11/2020 18:51:23";"10/11/2020 15:43:41";"2020.3893333.11302.1.600002.306.6910.46265.6"
"100,00";"13/11/2020 00:00:00";"13/11/2020 09:35:00";"13/11/2020 14:37:04";"2020.3893333.11302.1.600002.306.6910.46265.6"
"800,00";"28/10/2020 00:00:00";"28/10/2020 10:48:31";"29/10/2020 09:31:46";"2020.3893333.11302.1.600002.306.6910.46265.6"
"800,00";"03/11/2020 00:00:00";"03/11/2020 16:01:07";"04/11/2020 09:39:28";"2020.3893333.11302.1.600002.306.6910.46265.6"
"100,00";"12/11/2020 00:00:00";"12/11/2020 22:23:43";"13/11/2020 14:37:01";"2020.3893333.11302.1.600002.306.6910.46265.6"
"100,00";"17/11/2020 00:00:00";"17/11/2020 13:07:00";"17/11/2020 15:08:52";"2020.3893333.11302.1.600002.306.6910.46265.6"
"800,00";"05/11/2020 00:00:00";"05/11/2020 16:55:48";"10/11/2020 15:43:39";"2020.3893333.11302.1.600002.306.6910.46265.6"
"800,00";"22/10/2020 00:00:00";"22/10/2020 12:50:57";"26/10/2020 09:14:55";"2020.3893333.11302.1.600002.306.6910.46265.6"
"800,00";"04/11/2020 00:00:00";"04/11/2020 18:45:42";"05/11/2020 14:57:22";"2020.3893333.11302.1.600002.306.6910.46265.6"
"800,00";"18/11/2020 00:00:00";"18/11/2020 13:47:09";"23/11/2020 11:15:50";"2020.3893333.11302.1.600002.306.6910.46265.6"
"800,00";"10/11/2020 00:00:00";"10/11/2020 08:41:23";"10/11/2020 15:43:43";"2020.3893333.11302.1.600002.306.6910.46265.6"
"100,00";"16/11/2020 00:00:00";"16/11/2020 20:12:47";"17/11/2020 15:08:51";"2020.3893333.11302.1.600002.306.6910.46265.6"
"800,00";"28/10/2020 00:00:00";"28/10/2020 12:49:13";"29/10/2020 09:31:45";"2020.3893333.11302.1.600002.306.6910.46265.6"
"100,00";"17/11/2020 00:00:00";"17/11/2020 13:14:09";"17/11/2020 15:08:52";"2020.3893333.11302.1.600002.306.6910.46265.6"
"850,00";"28/10/2020 00:00:00";"28/10/2020 12:53:54";"29/10/2020 09:31:45";"2020.3893333.11302.1.600002.306.6910.46265.6"
"100,00";"13/11/2020 00:00:00";"13/11/2020 10:39:27";"13/11/2020 14:37:02";"2020.3893333.11302.1.600002.306.6910.46265.6"
"75000,00";"22/11/2021 00:00:00";"22/11/2021 14:44:48";"22/11/2021 14:44:48";"2021.4225923.11201.1.600002.306.7524.46524.6"
"800,00";"05/11/2020 00:00:00";"05/11/2020 17:25:14";"10/11/2020 15:43:37";"2020.3893333.11302.1.600002.306.6910.46265.6"
"800,00";"29/10/2020 00:00:00";"29/10/2020 11:59:31";"03/11/2020 15:07:38";"2020.3893333.11302.1.600002.306.6910.46265.6"
"800,00";"04/11/2020 00:00:00";"04/11/2020 09:51:43";"05/11/2020 14:57:21";"2020.3893333.11302.1.600002.306.6910.46265.6"
"100,00";"13/11/2020 00:00:00";"13/11/2020 11:26:12";"13/11/2020 14:37:04";"2020.3893333.11302.1.600002.306.6910.46265.6"
"800,00";"03/11/2020 00:00:00";"03/11/2020 15:34:05";"04/11/2020 09:39:28";"2020.3893333.11302.1.600002.306.6910.46265.6"
"50,00";"10/11/2020 00:00:00";"10/11/2020 09:08:19";"10/11/2020 15:43:42";"2020.3893333.11302.1.600002.306.6910.46265.6"
"50,00";"12/11/2020 00:00:00";"12/11/2020 13:50:55";"13/11/2020 14:37:01";"2020.3893333.11302.1.600002.306.6910.46265.6"
"800,00";"18/11/2020 00:00:00";"18/11/2020 13:51:47";"18/11/2020 15:01:42";"2020.3893333.11302.1.600002.306.6910.46265.6"
"800,00";"28/10/2020 00:00:00";"28/10/2020 16:10:41";"29/10/2020 09:31:46";"2020.3893333.11302.1.600002.306.6910.46265.6"
"800,00";"10/11/2020 00:00:00";"10/11/2020 21:31:11";"11/11/2020 14:35:32";"2020.3893333.11302.1.600002.306.6910.46265.6"
"800,00";"28/10/2020 00:00:00";"28/10/2020 08:31:31";"29/10/2020 09:31:44";"2020.3893333.11302.1.600002.306.6910.46265.6"
"100,00";"13/11/2020 00:00:00";"13/11/2020 08:55:15";"13/11/2020 14:37:02";"2020.3893333.11302.1.600002.306.6910.46265.6"
"100,00";"13/11/2020 00:00:00";"13/11/2020 11:45:51";"13/11/2020 14:37:05";"2020.3893333.11302.1.600002.306.6910.46265.6"
"850,00";"05/11/2020 00:00:00";"05/11/2020 17:46:01";"10/11/2020 15:43:39";"2020.3893333.11302.1.600002.306.6910.46265.6"
"800,00";"22/10/2020 00:00:00";"22/10/2020 18:41:52";"26/10/2020 09:14:57";"2020.3893333.11302.1.600002.306.6910.46265.6"
"800,00";"05/11/2020 00:00:00";"05/11/2020 17:22:26";"10/11/2020 15:43:37";"2020.3893333.11302.1.600002.306.6910.46265.6"
"800,00";"26/10/2020 00:00:00";"26/10/2020 19:48:44";"27/10/2020 15:35:53";"2020.3893333.11302.1.600002.306.6910.46265.6"
"800,00";"28/10/2020 00:00:00";"28/10/2020 16:32:59";"29/10/2020 09:31:44";"2020.3893333.11302.1.600002.306.6910.46265.6"
"800,00";"22/10/2020 00:00:00";"22/10/2020 12:23:31";"26/10/2020 09:14:59";"2020.3893333.11302.1.600002.306.6910.46265.6"
"800,00";"10/11/2020 00:00:00";"10/11/2020 17:55:25";"11/11/2020 14:35:35";"2020.3893333.11302.1.600002.306.6910.46265.6"
"850,00";"12/11/2020 00:00:00";"12/11/2020 14:11:19";"13/11/2020 14:37:00";"2020.3893333.11302.1.600002.306.6910.46265.6"
"800,00";"05/11/2020 00:00:00";"05/11/2020 18:10:03";"10/11/2020 15:43:40";"2020.3893333.11302.1.600002.306.6910.46265.6"
"100,00";"13/11/2020 00:00:00";"13/11/2020 10:22:36";"13/11/2020 14:37:03";"2020.3893333.11302.1.600002.306.6910.46265.6"
"800,00";"04/11/2020 00:00:00";"04/11/2020 22:16:42";"05/11/2020 14:57:22";"2020.3893333.11302.1.600002.306.6910.46265.6"
"850,00";"27/10/2020 00:00:00";"27/10/2020 16:44:39";"29/10/2020 09:31:39";"2020.3893333.11302.1.600002.306.6910.46265.6"
"800,00";"28/10/2020 00:00:00";"28/10/2020 10:55:22";"29/10/2020 09:31:43";"2020.3893333.11302.1.600002.306.6910.46265.6"
"800,00";"26/10/2020 00:00:00";"26/10/2020 13:17:06";"27/10/2020 15:35:53";"2020.3893333.11302.1.600002.306.6910.46265.6"
"100,00";"17/11/2020 00:00:00";"17/11/2020 13:20:55";"17/11/2020 15:08:52";"2020.3893333.11302.1.600002.306.6910.46265.6"
"50,00";"10/11/2020 00:00:00";"10/11/2020 21:00:39";"11/11/2020 14:35:32";"2020.3893333.11302.1.600002.306.6910.46265.6"
"100,00";"12/11/2020 00:00:00";"12/11/2020 19:04:00";"13/11/2020 14:36:59";"2020.3893333.11302.1.600002.306.6910.46265.6"
"100,00";"12/11/2020 00:00:00";"12/11/2020 22:33:30";"13/11/2020 14:36:58";"2020.3893333.11302.1.600002.306.6910.46265.6"
"800,00";"29/10/2020 00:00:00";"29/10/2020 11:25:25";"03/11/2020 15:07:38";"2020.3893333.11302.1.600002.306.6910.46265.6"
"850,00";"10/11/2020 00:00:00";"10/11/2020 17:49:16";"11/11/2020 14:35:30";"2020.3893333.11302.1.600002.306.6910.46265.6"
"800,00";"16/11/2020 00:00:00";"16/11/2020 19:36:48";"17/11/2020 15:08:50";"2020.3893333.11302.1.600002.306.6910.46265.6"
"850,00";"27/10/2020 00:00:00";"27/10/2020 15:59:48";"29/10/2020 09:31:40";"2020.3893333.11302.1.600002.306.6910.46265.6"
"800,00";"27/10/2020 00:00:00";"27/10/2020 15:20:20";"27/10/2020 15:35:54";"2020.3893333.11302.1.600002.306.6910.46265.6"
"100,00";"12/11/2020 00:00:00";"12/11/2020 18:59:40";"13/11/2020 14:36:59";"2020.3893333.11302.1.600002.306.6910.46265.6"
"800,00";"22/10/2020 00:00:00";"22/10/2020 19:26:30";"26/10/2020 09:14:59";"2020.3893333.11302.1.600002.306.6910.46265.6"
"850,00";"27/10/2020 00:00:00";"27/10/2020 16:48:57";"29/10/2020 09:31:39";"2020.3893333.11302.1.600002.306.6910.46265.6"
"50,00";"10/11/2020 00:00:00";"10/11/2020 20:50:38";"11/11/2020 14:35:34";"2020.3893333.11302.1.600002.306.6910.46265.6"
"800,00";"29/10/2020 00:00:00";"29/10/2020 10:07:17";"03/11/2020 15:07:38";"2020.3893333.11302.1.600002.306.6910.46265.6"
"800,00";"22/10/2020 00:00:00";"22/10/2020 19:11:51";"26/10/2020 09:14:58";"2020.3893333.11302.1.600002.306.6910.46265.6"
"850,00";"10/11/2020 00:00:00";"10/11/2020 20:41:31";"11/11/2020 14:35:35";"2020.3893333.11302.1.600002.306.6910.46265.6"
"800,00";"29/10/2020 00:00:00";"29/10/2020 10:15:53";"03/11/2020 15:07:37";"2020.3893333.11302.1.600002.306.6910.46265.6"
"50,00";"28/10/2020 00:00:00";"28/10/2020 17:27:48";"29/10/2020 09:31:45";"2020.3893333.11302.1.600002.306.6910.46265.6"
"800,00";"05/11/2020 00:00:00";"05/11/2020 17:17:34";"25/11/2020 13:55:34";"2020.3893333.11302.1.600002.306.6910.46265.6"
"100,00";"13/11/2020 00:00:00";"13/11/2020 11:19:47";"13/11/2020 14:37:05";"2020.3893333.11302.1.600002.306.6910.46265.6"
"800,00";"23/10/2020 00:00:00";"23/10/2020 10:49:37";"26/10/2020 09:15:00";"2020.3893333.11302.1.600002.306.6910.46265.6"
"850,00";"04/11/2020 00:00:00";"04/11/2020 18:55:54";"05/11/2020 14:57:20";"2020.3893333.11302.1.600002.306.6910.46265.6"
"100,00";"12/11/2020 00:00:00";"12/11/2020 22:37:08";"13/11/2020 14:37:00";"2020.3893333.11302.1.600002.306.6910.46265.6"
"800,00";"10/11/2020 00:00:00";"10/11/2020 22:05:41";"11/11/2020 14:35:31";"2020.3893333.11302.1.600002.306.6910.46265.6"
"800,00";"27/10/2020 00:00:00";"27/10/2020 13:43:17";"27/10/2020 15:35:54";"2020.3893333.11302.1.600002.306.6910.46265.6"
"100,00";"12/11/2020 00:00:00";"12/11/2020 17:06:16";"13/11/2020 14:37:01";"2020.3893333.11302.1.600002.306.6910.46265.6"
"800,00";"05/11/2020 00:00:00";"05/11/2020 17:04:04";"10/11/2020 15:43:40";"2020.3893333.11302.1.600002.306.6910.46265.6"
"800,00";"23/11/2020 00:00:00";"23/11/2020 18:00:40";"24/11/2020 09:59:21";"2020.3893333.11302.1.600002.306.6910.46265.6"
"100,00";"12/11/2020 00:00:00";"12/11/2020 20:00:47";"13/11/2020 14:36:58";"2020.3893333.11302.1.600002.306.6910.46265.6"
"800,00";"05/11/2020 00:00:00";"05/11/2020 14:52:08";"10/11/2020 15:43:38";"2020.3893333.11302.1.600002.306.6910.46265.6"
"800,00";"05/11/2020 00:00:00";"05/11/2020 17:37:05";"10/11/2020 15:43:41";"2020.3893333.11302.1.600002.306.6910.46265.6"
"100,00";"13/11/2020 00:00:00";"13/11/2020 11:42:26";"13/11/2020 14:37:02";"2020.3893333.11302.1.600002.306.6910.46265.6"
"800,00";"03/11/2020 00:00:00";"03/11/2020 15:30:36";"04/11/2020 09:39:27";"2020.3893333.11302.1.600002.306.6910.46265.6"
"800,00";"28/10/2020 00:00:00";"28/10/2020 16:26:01";"29/10/2020 09:31:45";"2020.3893333.11302.1.600002.306.6910.46265.6"
"800,00";"27/10/2020 00:00:00";"27/10/2020 08:46:05";"27/10/2020 15:35:54";"2020.3893333.11302.1.600002.306.6910.46265.6"
"100,00";"19/11/2020 00:00:00";"19/11/2020 14:03:04";"24/11/2020 09:59:21";"2020.3893333.11302.1.600002.306.6910.46265.6"
"100,00";"16/11/2020 00:00:00";"16/11/2020 19:57:02";"17/11/2020 15:08:51";"2020.3893333.11302.1.600002.306.6910.46265.6"
"100,00";"11/11/2020 00:00:00";"11/11/2020 14:22:12";"12/11/2020 15:27:16";"2020.3893333.11302.1.600002.306.6910.46265.6"
"800,00";"10/11/2020 00:00:00";"10/11/2020 21:08:09";"11/11/2020 14:35:31";"2020.3893333.11302.1.600002.306.6910.46265.6"
"150,00";"25/11/2020 00:00:00";"25/11/2020 14:26:40";"26/11/2020 09:53:41";"2020.3893333.11302.1.600002.306.6910.46265.6"
"800,00";"22/10/2020 00:00:00";"22/10/2020 12:59:02";"26/10/2020 09:14:56";"2020.3893333.11302.1.600002.306.6910.46265.6"
"100,00";"16/11/2020 00:00:00";"16/11/2020 21:39:57";"17/11/2020 15:08:51";"2020.3893333.11302.1.600002.306.6910.46265.6"
"850,00";"28/10/2020 00:00:00";"28/10/2020 09:02:49";"29/10/2020 09:31:43";"2020.3893333.11302.1.600002.306.6910.46265.6"
"850,00";"10/11/2020 00:00:00";"10/11/2020 18:47:05";"11/11/2020 14:35:32";"2020.3893333.11302.1.600002.306.6910.46265.6"
"800,00";"28/10/2020 00:00:00";"28/10/2020 10:40:55";"08/12/2020 08:09:13";"2020.3893333.11302.1.600002.306.6910.46265.6"
"50,00";"05/11/2020 00:00:00";"05/11/2020 13:42:14";"10/11/2020 15:43:38";"2020.3893333.11302.1.600002.306.6910.46265.6"
"50,00";"29/10/2020 00:00:00";"29/10/2020 08:08:38";"29/10/2020 09:31:46";"2020.3893333.11302.1.600002.306.6910.46265.6"
"800,00";"28/10/2020 00:00:00";"28/10/2020 19:00:44";"29/10/2020 09:31:43";"2020.3893333.11302.1.600002.306.6910.46265.6"
"100,00";"03/12/2020 00:00:00";"03/12/2020 15:26:11";"04/12/2020 14:17:47";"2020.3893333.11302.1.600002.306.6910.46265.6"
"800,00";"28/10/2020 00:00:00";"28/10/2020 17:05:21";"29/10/2020 09:31:45";"2020.3893333.11302.1.600002.306.6910.46265.6"
"50,00";"28/10/2020 00:00:00";"28/10/2020 17:42:32";"29/10/2020 09:31:45";"2020.3893333.11302.1.600002.306.6910.46265.6"
"100,00";"16/11/2020 00:00:00";"16/11/2020 21:23:17";"17/11/2020 15:08:51";"2020.3893333.11302.1.600002.306.6910.46265.6"
"100,00";"13/11/2020 00:00:00";"13/11/2020 12:06:08";"16/11/2020 08:13:46";"2020.3893333.11302.1.600002.306.6910.46265.6"
"100,00";"13/11/2020 00:00:00";"13/11/2020 11:09:08";"13/11/2020 14:37:02";"2020.3893333.11302.1.600002.306.6910.46265.6"
"800,00";"28/10/2020 00:00:00";"28/10/2020 18:55:34";"29/10/2020 09:31:45";"2020.3893333.11302.1.600002.306.6910.46265.6"
"850,00";"05/11/2020 00:00:00";"05/11/2020 22:55:05";"12/11/2020 10:48:49";"2020.3893333.11302.1.600002.306.6910.46265.6"
"800,00";"10/11/2020 00:00:00";"10/11/2020 20:56:22";"11/11/2020 14:35:31";"2020.3893333.11302.1.600002.306.6910.46265.6"
"50,00";"28/10/2020 00:00:00";"28/10/2020 18:03:32";"29/10/2020 09:31:41";"2020.3893333.11302.1.600002.306.6910.46265.6"
"800,00";"28/10/2020 00:00:00";"28/10/2020 10:33:23";"29/10/2020 09:31:43";"2020.3893333.11302.1.600002.306.6910.46265.6"
"100,00";"17/11/2020 00:00:00";"17/11/2020 18:33:49";"18/11/2020 15:01:42";"2020.3893333.11302.1.600002.306.6910.46265.6"
"100,00";"02/12/2020 00:00:00";"02/12/2020 15:34:02";"03/12/2020 14:34:37";"2020.3893333.11302.1.600002.306.6910.46265.6"
"100,00";"16/11/2020 00:00:00";"16/11/2020 20:25:49";"17/11/2020 15:08:49";"2020.3893333.11302.1.600002.306.6910.46265.6"
"800,00";"10/11/2020 00:00:00";"10/11/2020 21:17:22";"11/11/2020 14:35:35";"2020.3893333.11302.1.600002.306.6910.46265.6"
"800,00";"05/11/2020 00:00:00";"05/11/2020 23:31:25";"10/11/2020 15:43:37";"2020.3893333.11302.1.600002.306.6910.46265.6"
"800,00";"22/10/2020 00:00:00";"22/10/2020 12:32:23";"26/10/2020 09:14:54";"2020.3893333.11302.1.600002.306.6910.46265.6"
"800,00";"05/11/2020 00:00:00";"05/11/2020 17:59:10";"10/11/2020 15:43:36";"2020.3893333.11302.1.600002.306.6910.46265.6"
"800,00";"04/11/2020 00:00:00";"04/11/2020 11:08:09";"05/11/2020 14:57:20";"2020.3893333.11302.1.600002.306.6910.46265.6"
"50,00";"10/11/2020 00:00:00";"10/11/2020 21:04:59";"11/11/2020 14:35:35";"2020.3893333.11302.1.600002.306.6910.46265.6"
"800,00";"22/10/2020 00:00:00";"22/10/2020 11:32:48";"26/10/2020 09:14:56";"2020.3893333.11302.1.600002.306.6910.46265.6"
"850,00";"28/10/2020 00:00:00";"28/10/2020 09:06:14";"29/10/2020 09:31:46";"2020.3893333.11302.1.600002.306.6910.46265.6"
"800,00";"29/10/2020 00:00:00";"29/10/2020 09:11:32";"03/11/2020 15:07:38";"2020.3893333.11302.1.600002.306.6910.46265.6"
"800,00";"29/10/2020 00:00:00";"29/10/2020 09:20:21";"03/11/2020 15:07:37";"2020.3893333.11302.1.600002.306.6910.46265.6"
"50,00";"28/10/2020 00:00:00";"28/10/2020 17:58:52";"29/10/2020 09:31:40";"2020.3893333.11302.1.600002.306.6910.46265.6"
"800,00";"22/10/2020 00:00:00";"22/10/2020 19:19:54";"26/10/2020 09:14:58";"2020.3893333.11302.1.600002.306.6910.46265.6"
"850,00";"05/11/2020 00:00:00";"05/11/2020 14:56:22";"10/11/2020 15:43:38";"2020.3893333.11302.1.600002.306.6910.46265.6"
"100,00";"17/11/2020 00:00:00";"17/11/2020 12:16:41";"17/11/2020 15:08:52";"2020.3893333.11302.1.600002.306.6910.46265.6"
"800,00";"05/11/2020 00:00:00";"05/11/2020 17:46:50";"10/11/2020 15:43:37";"2020.3893333.11302.1.600002.306.6910.46265.6"
"850,00";"22/10/2020 00:00:00";"22/10/2020 14:30:14";"26/10/2020 09:14:57";"2020.3893333.11302.1.600002.306.6910.46265.6"
"800,00";"22/10/2020 00:00:00";"22/10/2020 20:25:06";"26/10/2020 09:14:54";"2020.3893333.11302.1.600002.306.6910.46265.6"
"50,00";"28/10/2020 00:00:00";"28/10/2020 08:39:52";"29/10/2020 09:31:41";"2020.3893333.11302.1.600002.306.6910.46265.6"
"100,00";"16/11/2020 00:00:00";"16/11/2020 21:58:36";"17/11/2020 15:08:50";"2020.3893333.11302.1.600002.306.6910.46265.6"
"800,00";"28/10/2020 00:00:00";"28/10/2020 18:41:59";"29/10/2020 09:31:45";"2020.3893333.11302.1.600002.306.6910.46265.6"
"800,00";"06/11/2020 00:00:00";"06/11/2020 00:03:35";"10/11/2020 15:43:42";"2020.3893333.11302.1.600002.306.6910.46265.6"
"850,00";"12/11/2020 00:00:00";"12/11/2020 15:51:35";"13/11/2020 14:36:59";"2020.3893333.11302.1.600002.306.6910.46265.6"
"800,00";"05/11/2020 00:00:00";"05/11/2020 17:00:59";"10/11/2020 15:43:36";"2020.3893333.11302.1.600002.306.6910.46265.6"
"800,00";"10/11/2020 00:00:00";"10/11/2020 21:53:57";"11/11/2020 14:35:34";"2020.3893333.11302.1.600002.306.6910.46265.6"
"14318,70";"06/08/2021 00:00:00";"06/08/2021 11:15:25";"06/08/2021 11:15:25";"2021.4226469.20102.1.600002.314.7877.46524.6"
"50,00";"05/11/2020 00:00:00";"05/11/2020 15:09:33";"10/11/2020 15:43:36";"2020.3893333.11302.1.600002.306.6910.46265.6"
"150,00";"25/11/2020 00:00:00";"25/11/2020 14:40:47";"26/11/2020 09:53:42";"2020.3893333.11302.1.600002.306.6910.46265.6"
"800,00";"22/10/2020 00:00:00";"22/10/2020 20:38:14";"26/10/2020 09:14:57";"2020.3893333.11302.1.600002.306.6910.46265.6"
"800,00";"22/10/2020 00:00:00";"22/10/2020 14:47:18";"26/10/2020 09:14:58";"2020.3893333.11302.1.600002.306.6910.46265.6"
"800,00";"10/11/2020 00:00:00";"10/11/2020 19:44:47";"11/11/2020 14:35:31";"2020.3893333.11302.1.600002.306.6910.46265.6"
"50,00";"05/11/2020 00:00:00";"05/11/2020 18:19:24";"10/11/2020 15:43:41";"2020.3893333.11302.1.600002.306.6910.46265.6"
"100,00";"13/11/2020 00:00:00";"13/11/2020 09:08:15";"13/11/2020 14:37:04";"2020.3893333.11302.1.600002.306.6910.46265.6"
"800,00";"05/11/2020 00:00:00";"05/11/2020 15:58:48";"10/11/2020 15:43:39";"2020.3893333.11302.1.600002.306.6910.46265.6"
"850,00";"28/10/2020 00:00:00";"28/10/2020 14:42:01";"29/10/2020 09:31:42";"2020.3893333.11302.1.600002.306.6910.46265.6"
"100,00";"16/11/2020 00:00:00";"16/11/2020 21:51:11";"17/11/2020 15:08:49";"2020.3893333.11302.1.600002.306.6910.46265.6"
"800,00";"27/10/2020 00:00:00";"27/10/2020 15:40:42";"29/10/2020 09:31:40";"2020.3893333.11302.1.600002.306.6910.46265.6"
"800,00";"10/11/2020 00:00:00";"10/11/2020 19:23:47";"11/11/2020 14:35:32";"2020.3893333.11302.1.600002.306.6910.46265.6"
"800,00";"12/11/2020 00:00:00";"12/11/2020 15:21:53";"13/11/2020 14:37:00";"2020.3893333.11302.1.600002.306.6910.46265.6"
"800,00";"22/10/2020 00:00:00";"22/10/2020 12:28:07";"26/10/2020 09:14:59";"2020.3893333.11302.1.600002.306.6910.46265.6"
"100,00";"13/11/2020 00:00:00";"13/11/2020 10:28:10";"13/11/2020 14:37:03";"2020.3893333.11302.1.600002.306.6910.46265.6"
"800,00";"05/11/2020 00:00:00";"05/11/2020 17:37:25";"10/11/2020 15:43:41";"2020.3893333.11302.1.600002.306.6910.46265.6"
"800,00";"23/10/2020 00:00:00";"23/10/2020 08:44:30";"26/10/2020 09:15:00";"2020.3893333.11302.1.600002.306.6910.46265.6"
"800,00";"22/10/2020 00:00:00";"22/10/2020 18:28:10";"26/10/2020 09:14:55";"2020.3893333.11302.1.600002.306.6910.46265.6"
"800,00";"28/10/2020 00:00:00";"28/10/2020 16:15:14";"29/10/2020 09:31:41";"2020.3893333.11302.1.600002.306.6910.46265.6"
"800,00";"12/11/2020 00:00:00";"12/11/2020 15:45:03";"13/11/2020 14:36:58";"2020.3893333.11302.1.600002.306.6910.46265.6"
"800,00";"16/11/2020 00:00:00";"16/11/2020 21:07:47";"17/11/2020 15:08:51";"2020.3893333.11302.1.600002.306.6910.46265.6"
"100,00";"13/11/2020 00:00:00";"13/11/2020 11:38:53";"13/11/2020 14:37:05";"2020.3893333.11302.1.600002.306.6910.46265.6"
"800,00";"05/11/2020 00:00:00";"05/11/2020 13:16:30";"10/11/2020 15:43:37";"2020.3893333.11302.1.600002.306.6910.46265.6"
"100,00";"19/11/2020 00:00:00";"19/11/2020 13:52:03";"24/11/2020 09:59:21";"2020.3893333.11302.1.600002.306.6910.46265.6"
"800,00";"22/10/2020 00:00:00";"22/10/2020 12:48:37";"26/10/2020 09:14:58";"2020.3893333.11302.1.600002.306.6910.46265.6"
"50,00";"10/11/2020 00:00:00";"10/11/2020 20:08:42";"11/11/2020 14:35:34";"2020.3893333.11302.1.600002.306.6910.46265.6"
"100,00";"17/11/2020 00:00:00";"17/11/2020 13:01:13";"17/11/2020 15:08:52";"2020.3893333.11302.1.600002.306.6910.46265.6"
"100,00";"12/11/2020 00:00:00";"12/11/2020 20:13:46";"13/11/2020 14:36:59";"2020.3893333.11302.1.600002.306.6910.46265.6"
"50,00";"05/11/2020 00:00:00";"05/11/2020 15:02:19";"10/11/2020 15:43:37";"2020.3893333.11302.1.600002.306.6910.46265.6"
"800,00";"22/10/2020 00:00:00";"22/10/2020 13:14:59";"26/10/2020 09:14:59";"2020.3893333.11302.1.600002.306.6910.46265.6"
"800,00";"05/11/2020 00:00:00";"05/11/2020 17:33:06";"10/11/2020 15:43:36";"2020.3893333.11302.1.600002.306.6910.46265.6"
"100,00";"13/11/2020 00:00:00";"13/11/2020 12:16:00";"16/11/2020 08:13:46";"2020.3893333.11302.1.600002.306.6910.46265.6"
"100,00";"13/11/2020 00:00:00";"13/11/2020 09:12:06";"13/11/2020 14:37:05";"2020.3893333.11302.1.600002.306.6910.46265.6"
"800,00";"05/11/2020 00:00:00";"05/11/2020 17:29:01";"10/11/2020 15:43:39";"2020.3893333.11302.1.600002.306.6910.46265.6"
"800,00";"22/10/2020 00:00:00";"22/10/2020 18:55:03";"26/10/2020 09:14:55";"2020.3893333.11302.1.600002.306.6910.46265.6"
"800,00";"23/10/2020 00:00:00";"23/10/2020 08:30:21";"26/10/2020 09:15:01";"2020.3893333.11302.1.600002.306.6910.46265.6"
"100,00";"12/11/2020 00:00:00";"12/11/2020 21:56:52";"13/11/2020 14:36:59";"2020.3893333.11302.1.600002.306.6910.46265.6"
"50,00";"10/11/2020 00:00:00";"10/11/2020 09:15:06";"10/11/2020 15:43:43";"2020.3893333.11302.1.600002.306.6910.46265.6"
"800,00";"23/10/2020 00:00:00";"23/10/2020 08:36:06";"26/10/2020 09:15:00";"2020.3893333.11302.1.600002.306.6910.46265.6"
"800,00";"23/10/2020 00:00:00";"23/10/2020 08:40:36";"26/10/2020 09:15:01";"2020.3893333.11302.1.600002.306.6910.46265.6"
"800,00";"22/10/2020 00:00:00";"22/10/2020 20:55:48";"26/10/2020 09:14:55";"2020.3893333.11302.1.600002.306.6910.46265.6"
"800,00";"10/11/2020 00:00:00";"10/11/2020 20:29:08";"11/11/2020 14:35:35";"2020.3893333.11302.1.600002.306.6910.46265.6"
"800,00";"28/10/2020 00:00:00";"28/10/2020 18:25:16";"29/10/2020 09:31:41";"2020.3893333.11302.1.600002.306.6910.46265.6"
"100,00";"13/11/2020 00:00:00";"13/11/2020 11:32:03";"13/11/2020 14:37:05";"2020.3893333.11302.1.600002.306.6910.46265.6"
"850,00";"27/10/2020 00:00:00";"27/10/2020 16:53:09";"29/10/2020 09:31:39";"2020.3893333.11302.1.600002.306.6910.46265.6"
"800,00";"04/11/2020 00:00:00";"04/11/2020 21:52:41";"05/11/2020 14:57:22";"2020.3893333.11302.1.600002.306.6910.46265.6"
"800,00";"28/10/2020 00:00:00";"28/10/2020 16:49:23";"29/10/2020 09:31:46";"2020.3893333.11302.1.600002.306.6910.46265.6"
"800,00";"16/11/2020 00:00:00";"16/11/2020 20:57:35";"17/11/2020 15:08:50";"2020.3893333.11302.1.600002.306.6910.46265.6"
"850,00";"05/11/2020 00:00:00";"05/11/2020 18:17:40";"10/11/2020 15:43:40";"2020.3893333.11302.1.600002.306.6910.46265.6"
"800,00";"05/11/2020 00:00:00";"05/11/2020 15:05:12";"10/11/2020 15:43:41";"2020.3893333.11302.1.600002.306.6910.46265.6"
"800,00";"12/11/2020 00:00:00";"12/11/2020 16:19:19";"13/11/2020 14:37:00";"2020.3893333.11302.1.600002.306.6910.46265.6"
"950,00";"25/11/2020 00:00:00";"25/11/2020 13:41:12";"26/11/2020 09:53:41";"2020.3893333.11302.1.600002.306.6910.46265.6"
"50,00";"03/11/2020 00:00:00";"03/11/2020 15:24:05";"04/11/2020 09:39:28";"2020.3893333.11302.1.600002.306.6910.46265.6"
"100,00";"12/11/2020 00:00:00";"12/11/2020 17:11:57";"13/11/2020 14:37:01";"2020.3893333.11302.1.600002.306.6910.46265.6"
"850,00";"17/11/2020 00:00:00";"17/11/2020 12:43:40";"17/11/2020 15:08:52";"2020.3893333.11302.1.600002.306.6910.46265.6"
"800,00";"27/10/2020 00:00:00";"27/10/2020 13:21:53";"27/10/2020 15:35:54";"2020.3893333.11302.1.600002.306.6910.46265.6"
"800,00";"10/11/2020 00:00:00";"10/11/2020 18:02:34";"11/11/2020 14:35:31";"2020.3893333.11302.1.600002.306.6910.46265.6"
"800,00";"04/11/2020 00:00:00";"04/11/2020 10:46:58";"05/11/2020 14:57:21";"2020.3893333.11302.1.600002.306.6910.46265.6"
"50,00";"05/11/2020 00:00:00";"05/11/2020 19:16:44";"10/11/2020 15:43:39";"2020.3893333.11302.1.600002.306.6910.46265.6"
"800,00";"03/11/2020 00:00:00";"03/11/2020 15:47:34";"04/11/2020 09:39:28";"2020.3893333.11302.1.600002.306.6910.46265.6"
"50,00";"04/11/2020 00:00:00";"04/11/2020 22:02:24";"05/11/2020 14:57:22";"2020.3893333.11302.1.600002.306.6910.46265.6"
"800,00";"27/10/2020 00:00:00";"27/10/2020 16:27:46";"29/10/2020 09:31:40";"2020.3893333.11302.1.600002.306.6910.46265.6"
"850,00";"10/11/2020 00:00:00";"10/11/2020 20:55:25";"11/11/2020 14:35:33";"2020.3893333.11302.1.600002.306.6910.46265.6"
"850,00";"13/11/2020 00:00:00";"13/11/2020 10:58:05";"13/11/2020 14:37:03";"2020.3893333.11302.1.600002.306.6910.46265.6"
"100,00";"13/11/2020 00:00:00";"13/11/2020 11:02:00";"13/11/2020 14:37:02";"2020.3893333.11302.1.600002.306.6910.46265.6"
"50,00";"03/11/2020 00:00:00";"03/11/2020 16:21:57";"04/11/2020 09:39:26";"2020.3893333.11302.1.600002.306.6910.46265.6"
"100,00";"13/11/2020 00:00:00";"13/11/2020 09:50:43";"13/11/2020 14:37:03";"2020.3893333.11302.1.600002.306.6910.46265.6"
"850,00";"05/11/2020 00:00:00";"05/11/2020 18:40:14";"10/11/2020 15:43:36";"2020.3893333.11302.1.600002.306.6910.46265.6"
"50,00";"28/10/2020 00:00:00";"28/10/2020 18:49:09";"29/10/2020 09:31:44";"2020.3893333.11302.1.600002.306.6910.46265.6"
"800,00";"28/10/2020 00:00:00";"28/10/2020 12:43:37";"29/10/2020 09:31:46";"2020.3893333.11302.1.600002.306.6910.46265.6"
"800,00";"03/11/2020 00:00:00";"03/11/2020 14:58:27";"04/11/2020 09:39:27";"2020.3893333.11302.1.600002.306.6910.46265.6"
"800,00";"10/11/2020 00:00:00";"10/11/2020 20:44:20";"11/11/2020 14:35:31";"2020.3893333.11302.1.600002.306.6910.46265.6"
"100,00";"11/11/2020 00:00:00";"11/11/2020 12:17:37";"12/11/2020 15:27:17";"2020.3893333.11302.1.600002.306.6910.46265.6"
"850,00";"05/11/2020 00:00:00";"05/11/2020 18:23:29";"10/11/2020 15:43:36";"2020.3893333.11302.1.600002.306.6910.46265.6"
"150,00";"25/11/2020 00:00:00";"25/11/2020 14:22:03";"26/11/2020 09:53:41";"2020.3893333.11302.1.600002.306.6910.46265.6"
"800,00";"12/11/2020 00:00:00";"12/11/2020 16:47:32";"13/11/2020 14:37:00";"2020.3893333.11302.1.600002.306.6910.46265.6"
"800,00";"22/10/2020 00:00:00";"22/10/2020 12:49:16";"26/10/2020 09:14:58";"2020.3893333.11302.1.600002.306.6910.46265.6"
"800,00";"10/11/2020 00:00:00";"10/11/2020 21:17:59";"11/11/2020 14:35:35";"2020.3893333.11302.1.600002.306.6910.46265.6"
"800,00";"27/10/2020 00:00:00";"27/10/2020 13:47:50";"27/10/2020 15:35:54";"2020.3893333.11302.1.600002.306.6910.46265.6"
"800,00";"04/11/2020 00:00:00";"04/11/2020 18:14:26";"05/11/2020 14:57:22";"2020.3893333.11302.1.600002.306.6910.46265.6"
"50,00";"28/10/2020 00:00:00";"28/10/2020 08:53:19";"29/10/2020 09:31:45";"2020.3893333.11302.1.600002.306.6910.46265.6"
"800,00";"22/10/2020 00:00:00";"22/10/2020 11:13:51";"26/10/2020 09:14:55";"2020.3893333.11302.1.600002.306.6910.46265.6"
"800,00";"17/11/2020 00:00:00";"17/11/2020 12:10:56";"17/11/2020 15:08:52";"2020.3893333.11302.1.600002.306.6910.46265.6"
"800,00";"05/11/2020 00:00:00";"05/11/2020 13:23:09";"10/11/2020 15:43:41";"2020.3893333.11302.1.600002.306.6910.46265.6"
"800,00";"04/11/2020 00:00:00";"04/11/2020 22:20:32";"05/11/2020 14:57:22";"2020.3893333.11302.1.600002.306.6910.46265.6"
"100,00";"13/11/2020 00:00:00";"13/11/2020 09:03:30";"13/11/2020 14:37:05";"2020.3893333.11302.1.600002.306.6910.46265.6"
"850,00";"27/10/2020 00:00:00";"27/10/2020 15:54:07";"29/10/2020 09:31:40";"2020.3893333.11302.1.600002.306.6910.46265.6"
"50,00";"03/11/2020 00:00:00";"03/11/2020 15:52:30";"04/11/2020 09:39:27";"2020.3893333.11302.1.600002.306.6910.46265.6"
"800,00";"23/10/2020 00:00:00";"23/10/2020 08:21:55";"26/10/2020 09:15:01";"2020.3893333.11302.1.600002.306.6910.46265.6"
"100,00";"16/11/2020 00:00:00";"16/11/2020 21:08:43";"17/11/2020 15:08:49";"2020.3893333.11302.1.600002.306.6910.46265.6"
"100,00";"13/11/2020 00:00:00";"13/11/2020 09:21:53";"13/11/2020 14:37:03";"2020.3893333.11302.1.600002.306.6910.46265.6"
"100,00";"13/11/2020 00:00:00";"13/11/2020 10:17:06";"13/11/2020 14:37:02";"2020.3893333.11302.1.600002.306.6910.46265.6"
"50,00";"05/11/2020 00:00:00";"05/11/2020 15:33:29";"10/11/2020 15:43:41";"2020.3893333.11302.1.600002.306.6910.46265.6"
"50,00";"10/11/2020 00:00:00";"10/11/2020 20:16:50";"11/11/2020 14:35:33";"2020.3893333.11302.1.600002.306.6910.46265.6"
"800,00";"05/11/2020 00:00:00";"05/11/2020 17:57:30";"10/11/2020 15:43:38";"2020.3893333.11302.1.600002.306.6910.46265.6"
"100,00";"16/11/2020 00:00:00";"16/11/2020 20:52:25";"17/11/2020 15:08:49";"2020.3893333.11302.1.600002.306.6910.46265.6"
"100,00";"12/11/2020 00:00:00";"12/11/2020 17:58:03";"13/11/2020 14:37:01";"2020.3893333.11302.1.600002.306.6910.46265.6"
"100,00";"07/12/2020 00:00:00";"07/12/2020 09:18:53";"07/12/2020 13:23:39";"2020.3893333.11302.1.600002.306.6910.46265.6"
"800,00";"10/11/2020 00:00:00";"10/11/2020 17:42:46";"11/11/2020 14:35:33";"2020.3893333.11302.1.600002.306.6910.46265.6"
"800,00";"03/11/2020 00:00:00";"03/11/2020 14:49:59";"04/11/2020 09:39:27";"2020.3893333.11302.1.600002.306.6910.46265.6"
"800,00";"22/10/2020 00:00:00";"22/10/2020 13:01:47";"26/10/2020 09:14:59";"2020.3893333.11302.1.600002.306.6910.46265.6"
"4754,90";"06/08/2021 00:00:00";"06/08/2021 11:01:21";"06/08/2021 11:01:21";"2021.4226469.20102.1.600002.314.7877.46524.6"
"17352,00";"06/12/2021 00:00:00";"06/12/2021 09:05:57";"06/12/2021 09:05:57";"2021.4226469.20102.1.600002.314.7877.46524.6"
"800,00";"22/10/2020 00:00:00";"22/10/2020 11:59:46";"26/10/2020 09:14:59";"2020.3893333.11302.1.600002.306.6910.46265.6"
"800,00";"05/11/2020 00:00:00";"05/11/2020 13:08:37";"10/11/2020 15:43:37";"2020.3893333.11302.1.600002.306.6910.46265.6"
"800,00";"04/11/2020 00:00:00";"04/11/2020 22:08:42";"05/11/2020 14:57:21";"2020.3893333.11302.1.600002.306.6910.46265.6"
"800,00";"29/10/2020 00:00:00";"29/10/2020 11:49:09";"03/11/2020 15:07:38";"2020.3893333.11302.1.600002.306.6910.46265.6"
"800,00";"28/10/2020 00:00:00";"28/10/2020 18:29:45";"29/10/2020 09:31:41";"2020.3893333.11302.1.600002.306.6910.46265.6"
"800,00";"28/10/2020 00:00:00";"28/10/2020 16:29:49";"29/10/2020 09:31:41";"2020.3893333.11302.1.600002.306.6910.46265.6"
"100,00";"13/11/2020 00:00:00";"13/11/2020 11:18:24";"13/11/2020 14:37:03";"2020.3893333.11302.1.600002.306.6910.46265.6"
"100,00";"12/11/2020 00:00:00";"12/11/2020 19:12:03";"13/11/2020 14:37:00";"2020.3893333.11302.1.600002.306.6910.46265.6"
"850,00";"12/11/2020 00:00:00";"12/11/2020 16:09:29";"13/11/2020 14:36:58";"2020.3893333.11302.1.600002.306.6910.46265.6"
"100,00";"13/11/2020 00:00:00";"13/11/2020 10:35:34";"13/11/2020 14:37:02";"2020.3893333.11302.1.600002.306.6910.46265.6"
"100,00";"13/11/2020 00:00:00";"13/11/2020 11:03:13";"13/11/2020 14:37:04";"2020.3893333.11302.1.600002.306.6910.46265.6"
"50,00";"05/11/2020 00:00:00";"05/11/2020 15:40:56";"10/11/2020 15:43:38";"2020.3893333.11302.1.600002.306.6910.46265.6"
"100,00";"17/11/2020 00:00:00";"17/11/2020 14:14:38";"17/11/2020 15:08:52";"2020.3893333.11302.1.600002.306.6910.46265.6"
"800,00";"05/11/2020 00:00:00";"05/11/2020 16:48:31";"10/11/2020 15:43:40";"2020.3893333.11302.1.600002.306.6910.46265.6"
"800,00";"26/10/2020 00:00:00";"26/10/2020 13:35:54";"27/10/2020 15:35:54";"2020.3893333.11302.1.600002.306.6910.46265.6"
"800,00";"28/10/2020 00:00:00";"28/10/2020 11:00:09";"29/10/2020 09:31:42";"2020.3893333.11302.1.600002.306.6910.46265.6"
"800,00";"28/10/2020 00:00:00";"28/10/2020 16:18:20";"29/10/2020 09:31:41";"2020.3893333.11302.1.600002.306.6910.46265.6"
"100,00";"11/11/2020 00:00:00";"11/11/2020 12:22:35";"12/11/2020 15:27:17";"2020.3893333.11302.1.600002.306.6910.46265.6"
"800,00";"04/11/2020 00:00:00";"04/11/2020 19:19:35";"05/11/2020 14:57:22";"2020.3893333.11302.1.600002.306.6910.46265.6"
"850,00";"18/11/2020 00:00:00";"18/11/2020 13:56:31";"18/11/2020 15:01:42";"2020.3893333.11302.1.600002.306.6910.46265.6"
"800,00";"27/10/2020 00:00:00";"27/10/2020 13:51:39";"27/10/2020 15:35:54";"2020.3893333.11302.1.600002.306.6910.46265.6"
"800,00";"10/11/2020 00:00:00";"10/11/2020 21:04:31";"11/11/2020 14:35:32";"2020.3893333.11302.1.600002.306.6910.46265.6"
"800,00";"05/11/2020 00:00:00";"05/11/2020 17:09:50";"10/11/2020 15:43:41";"2020.3893333.11302.1.600002.306.6910.46265.6"
"800,00";"26/10/2020 00:00:00";"26/10/2020 13:32:11";"27/10/2020 15:35:53";"2020.3893333.11302.1.600002.306.6910.46265.6"
"800,00";"03/11/2020 00:00:00";"03/11/2020 14:39:24";"04/11/2020 09:39:26";"2020.3893333.11302.1.600002.306.6910.46265.6"
"800,00";"22/10/2020 00:00:00";"22/10/2020 12:17:45";"26/10/2020 09:14:57";"2020.3893333.11302.1.600002.306.6910.46265.6"
"800,00";"28/10/2020 00:00:00";"28/10/2020 10:56:36";"29/10/2020 09:31:46";"2020.3893333.11302.1.600002.306.6910.46265.6"
"800,00";"16/11/2020 00:00:00";"16/11/2020 20:23:22";"17/11/2020 15:08:49";"2020.3893333.11302.1.600002.306.6910.46265.6"
"100,00";"17/11/2020 00:00:00";"17/11/2020 14:08:27";"17/11/2020 15:08:52";"2020.3893333.11302.1.600002.306.6910.46265.6"
"800,00";"28/10/2020 00:00:00";"28/10/2020 10:23:09";"29/10/2020 09:31:46";"2020.3893333.11302.1.600002.306.6910.46265.6"
"800,00";"29/10/2020 00:00:00";"29/10/2020 08:42:15";"29/10/2020 09:31:47";"2020.3893333.11302.1.600002.306.6910.46265.6"
"800,00";"05/11/2020 00:00:00";"05/11/2020 15:48:36";"10/11/2020 15:43:36";"2020.3893333.11302.1.600002.306.6910.46265.6"
"800,00";"27/10/2020 00:00:00";"27/10/2020 15:14:20";"27/10/2020 15:35:55";"2020.3893333.11302.1.600002.306.6910.46265.6"
"850,00";"27/10/2020 00:00:00";"27/10/2020 16:11:45";"29/10/2020 09:31:40";"2020.3893333.11302.1.600002.306.6910.46265.6"
"800,00";"22/10/2020 00:00:00";"22/10/2020 12:10:21";"26/10/2020 09:15:00";"2020.3893333.11302.1.600002.306.6910.46265.6"
"50,00";"28/10/2020 00:00:00";"28/10/2020 17:47:02";"29/10/2020 09:31:44";"2020.3893333.11302.1.600002.306.6910.46265.6"
"950,00";"25/11/2020 00:00:00";"25/11/2020 13:30:24";"01/12/2020 09:45:00";"2020.3893333.11302.1.600002.306.6910.46265.6"
"800,00";"22/10/2020 00:00:00";"22/10/2020 12:33:05";"26/10/2020 09:15:00";"2020.3893333.11302.1.600002.306.6910.46265.6"
"100,00";"11/11/2020 00:00:00";"11/11/2020 14:25:25";"12/11/2020 15:27:16";"2020.3893333.11302.1.600002.306.6910.46265.6"
"950,00";"25/11/2020 00:00:00";"25/11/2020 13:28:21";"26/11/2020 09:53:42";"2020.3893333.11302.1.600002.306.6910.46265.6"
"800,00";"10/11/2020 00:00:00";"10/11/2020 08:36:19";"10/11/2020 15:43:42";"2020.3893333.11302.1.600002.306.6910.46265.6"
"850,00";"29/10/2020 00:00:00";"29/10/2020 10:27:28";"03/11/2020 15:07:38";"2020.3893333.11302.1.600002.306.6910.46265.6"
"800,00";"12/11/2020 00:00:00";"12/11/2020 16:02:39";"13/11/2020 14:37:01";"2020.3893333.11302.1.600002.306.6910.46265.6"
"100,00";"16/11/2020 00:00:00";"16/11/2020 20:58:06";"17/11/2020 15:08:49";"2020.3893333.11302.1.600002.306.6910.46265.6"
"100,00";"13/11/2020 00:00:00";"13/11/2020 11:35:20";"13/11/2020 14:37:05";"2020.3893333.11302.1.600002.306.6910.46265.6"
"850,00";"10/11/2020 00:00:00";"10/11/2020 21:10:10";"11/11/2020 14:35:33";"2020.3893333.11302.1.600002.306.6910.46265.6"
"850,00";"23/10/2020 00:00:00";"23/10/2020 10:29:27";"26/10/2020 09:15:01";"2020.3893333.11302.1.600002.306.6910.46265.6"
"850,00";"27/10/2020 00:00:00";"27/10/2020 16:16:23";"29/10/2020 09:31:40";"2020.3893333.11302.1.600002.306.6910.46265.6"
"200000,00";"16/12/2024 00:00:00";"16/12/2024 14:42:20";"16/12/2024 14:42:20";"2024.5226126.34101.2.600059.430.5558.91326.6"
"150000,00";"16/12/2024 00:00:00";"16/12/2024 14:45:46";"16/12/2024 14:45:46";"2024.5226128.34101.2.600059.430.5558.91326.6"
"92333,33";"19/12/2025 00:00:00";"19/12/2025 10:48:13";"19/12/2025 13:09:46";"2025.5672596.34101.2.600027.430.4239.90227.6"
"500000,00";"29/11/2022 00:00:00";"29/11/2022 15:09:49";"29/11/2022 15:09:49";"2022.4923488.21301.1.600036.314.4565.57114.6"
"300000,00";"29/11/2022 00:00:00";"29/11/2022 15:12:26";"29/11/2022 15:12:26";"2022.4924052.21301.1.600037.314.4565.57115.6"
"26720,00";"10/10/2023 00:00:00";"10/10/2023 14:38:52";"10/10/2023 14:38:52";"2023.4944966.20801.57.600024.314.7877.62012.6"
"3450,00";"15/12/2023 00:00:00";"15/12/2023 09:27:52";"15/12/2023 09:27:52";"2023.4944966.20801.57.600024.314.7877.62012.6"
"6094,96";"15/12/2023 00:00:00";"15/12/2023 09:41:05";"15/12/2023 09:41:05";"2023.4944966.20801.57.600024.314.7877.62012.6"
"36250,68";"31/10/2023 00:00:00";"31/10/2023 10:58:59";"31/10/2023 10:58:59";"2023.4944966.20801.57.600024.314.7877.62012.6"
"7936,00";"14/12/2023 00:00:00";"14/12/2023 12:04:47";"14/12/2023 12:04:47";"2023.4944966.20801.57.600024.314.7877.62012.6"
"12084,00";"04/12/2023 00:00:00";"04/12/2023 16:02:20";"04/12/2023 16:02:20";"2023.4944966.20801.57.600024.314.7877.62012.6"
"3100,00";"15/12/2023 00:00:00";"15/12/2023 11:15:02";"15/12/2023 11:15:02";"2023.4944966.20801.57.600024.314.7877.62012.6"
"46400,00";"13/11/2023 00:00:00";"13/11/2023 10:34:06";"21/11/2023 11:28:51";"2023.4944966.20801.57.600024.314.7877.62012.6"
"1980,00";"19/12/2023 00:00:00";"19/12/2023 10:29:53";"19/12/2023 10:29:53";"2023.4944966.20801.57.600024.314.7877.62012.6"
"1330,00";"13/11/2023 00:00:00";"13/11/2023 15:26:48";"13/11/2023 15:26:48";"2023.4944966.20801.57.600024.314.7877.62012.6"
"11500,00";"14/12/2023 00:00:00";"14/12/2023 12:11:45";"14/12/2023 12:11:45";"2023.4944966.20801.57.600024.314.7877.62012.6"
"794,00";"18/12/2023 00:00:00";"18/12/2023 17:30:58";"18/12/2023 17:30:58";"2023.4944966.20801.57.600024.314.7877.62012.6"
"200000,00";"06/12/2021 00:00:00";"06/12/2021 15:51:39";"06/12/2021 15:51:39";"2021.4232281.12101.3.600002.300.6953.46524.6"
"67382,05";"19/12/2023 00:00:00";"19/12/2023 16:01:56";"19/12/2023 16:01:56";"2023.5203953.21301.1.600020.305.7974.55834.6"
"2924,51";"14/04/2023 00:00:00";"14/04/2023 15:08:02";"14/04/2023 15:08:02";"2023.4938071.21301.1.600000.314.4565.55814.6"
"1850,00";"14/10/2024 00:00:00";"14/10/2024 16:37:43";"14/10/2024 16:37:43";"2024.5211173.11301.16.600009.424.4048.61629.6"
"1500,00";"30/10/2024 00:00:00";"30/10/2024 10:59:42";"30/10/2024 10:59:42";"2024.5211173.11301.16.600009.424.4048.61629.6"
"1500,00";"04/07/2024 00:00:00";"04/07/2024 09:55:21";"04/07/2024 09:55:21";"2024.5211173.11301.16.600009.424.4048.61629.6"
"1850,00";"30/10/2024 00:00:00";"30/10/2024 09:33:02";"30/10/2024 09:33:02";"2024.5211173.11301.16.600009.424.4048.61629.6"
"1000,00";"21/05/2024 00:00:00";"21/05/2024 16:58:28";"11/06/2024 16:23:54";"2024.5211173.11301.16.600009.424.4048.61629.6"
"1000,00";"29/11/2024 00:00:00";"29/11/2024 15:40:31";"29/11/2024 15:40:31";"2024.5211173.11301.16.600009.424.4048.61629.6"
"1850,00";"04/09/2024 00:00:00";"04/09/2024 15:10:15";"04/09/2024 15:10:15";"2024.5211173.11301.16.600009.424.4048.61629.6"
"1000,00";"02/10/2024 00:00:00";"02/10/2024 15:51:57";"02/10/2024 15:51:57";"2024.5211173.11301.16.600009.424.4048.61629.6"
"2500,00";"21/05/2024 00:00:00";"21/05/2024 10:43:55";"21/05/2024 10:43:55";"2024.5211173.11301.16.600009.424.4048.61629.6"
"1000,00";"04/07/2024 00:00:00";"04/07/2024 09:46:13";"04/07/2024 09:46:13";"2024.5211173.11301.16.600009.424.4048.61629.6"
"1500,00";"19/09/2024 00:00:00";"19/09/2024 09:38:54";"24/09/2024 09:07:30";"2024.5211173.11301.16.600009.424.4048.61629.6"
"2500,00";"21/05/2024 00:00:00";"21/05/2024 11:18:08";"21/05/2024 11:18:08";"2024.5211173.11301.16.600009.424.4048.61629.6"
"1500,00";"21/05/2024 00:00:00";"21/05/2024 10:40:30";"21/05/2024 10:40:30";"2024.5211173.11301.16.600009.424.4048.61629.6"
"1850,00";"14/10/2024 00:00:00";"14/10/2024 15:45:37";"14/10/2024 15:45:37";"2024.5211173.11301.16.600009.424.4048.61629.6"
"1500,00";"21/05/2024 00:00:00";"21/05/2024 11:28:51";"21/05/2024 11:28:51";"2024.5211173.11301.16.600009.424.4048.61629.6"
"1000,00";"04/09/2024 00:00:00";"04/09/2024 16:07:17";"04/09/2024 16:07:17";"2024.5211173.11301.16.600009.424.4048.61629.6"
"1000,00";"02/10/2024 00:00:00";"02/10/2024 16:12:45";"02/10/2024 16:12:45";"2024.5211173.11301.16.600009.424.4048.61629.6"
"1500,00";"29/11/2024 00:00:00";"29/11/2024 15:21:35";"29/11/2024 15:21:35";"2024.5211173.11301.16.600009.424.4048.61629.6"
"1000,00";"21/05/2024 00:00:00";"21/05/2024 16:41:32";"11/06/2024 16:23:53";"2024.5211173.11301.16.600009.424.4048.61629.6"
"1000,00";"13/12/2024 00:00:00";"13/12/2024 15:17:42";"13/12/2024 15:17:42";"2024.5211173.11301.16.600009.424.4048.61629.6"
"1000,00";"02/10/2024 00:00:00";"02/10/2024 15:47:33";"02/10/2024 15:47:33";"2024.5211173.11301.16.600009.424.4048.61629.6"
"1500,00";"13/12/2024 00:00:00";"13/12/2024 15:13:50";"13/12/2024 15:13:50";"2024.5211173.11301.16.600009.424.4048.61629.6"
"1850,00";"04/09/2024 00:00:00";"04/09/2024 15:33:19";"04/09/2024 15:33:19";"2024.5211173.11301.16.600009.424.4048.61629.6"
"2500,00";"21/05/2024 00:00:00";"21/05/2024 11:30:48";"21/05/2024 11:30:48";"2024.5211173.11301.16.600009.424.4048.61629.6"
"1000,00";"21/05/2024 00:00:00";"21/05/2024 16:09:04";"11/06/2024 16:23:53";"2024.5211173.11301.16.600009.424.4048.61629.6"
"1000,00";"13/12/2024 00:00:00";"13/12/2024 14:59:12";"13/12/2024 14:59:12";"2024.5211173.11301.16.600009.424.4048.61629.6"
"1850,00";"04/09/2024 00:00:00";"04/09/2024 15:27:08";"04/09/2024 15:27:08";"2024.5211173.11301.16.600009.424.4048.61629.6"
"1000,00";"29/05/2024 00:00:00";"29/05/2024 15:30:24";"11/06/2024 16:23:54";"2024.5211173.11301.16.600009.424.4048.61629.6"
"1500,00";"19/09/2024 00:00:00";"19/09/2024 09:36:50";"24/09/2024 09:07:30";"2024.5211173.11301.16.600009.424.4048.61629.6"
"1000,00";"02/10/2024 00:00:00";"02/10/2024 16:09:22";"02/10/2024 16:09:22";"2024.5211173.11301.16.600009.424.4048.61629.6"
"1850,00";"30/10/2024 00:00:00";"30/10/2024 09:19:35";"30/10/2024 09:19:35";"2024.5211173.11301.16.600009.424.4048.61629.6"
"1500,00";"13/12/2024 00:00:00";"13/12/2024 14:51:40";"13/12/2024 14:51:40";"2024.5211173.11301.16.600009.424.4048.61629.6"
"1500,00";"29/11/2024 00:00:00";"29/11/2024 16:06:16";"29/11/2024 16:06:16";"2024.5211173.11301.16.600009.424.4048.61629.6"
"1500,00";"29/05/2024 00:00:00";"29/05/2024 15:21:20";"29/05/2024 15:21:20";"2024.5211173.11301.16.600009.424.4048.61629.6"
"1500,00";"21/05/2024 00:00:00";"21/05/2024 11:04:37";"21/05/2024 11:04:37";"2024.5211173.11301.16.600009.424.4048.61629.6"
"1000,00";"30/10/2024 00:00:00";"30/10/2024 10:44:14";"30/10/2024 10:44:14";"2024.5211173.11301.16.600009.424.4048.61629.6"
"1500,00";"01/08/2024 00:00:00";"01/08/2024 15:04:31";"01/08/2024 15:04:31";"2024.5211173.11301.16.600009.424.4048.61629.6"
"1850,00";"04/09/2024 00:00:00";"04/09/2024 15:35:31";"04/09/2024 15:35:31";"2024.5211173.11301.16.600009.424.4048.61629.6"
"1000,00";"29/11/2024 00:00:00";"29/11/2024 15:56:49";"29/11/2024 15:56:49";"2024.5211173.11301.16.600009.424.4048.61629.6"
"1000,00";"29/05/2024 00:00:00";"29/05/2024 15:36:29";"11/06/2024 16:23:54";"2024.5211173.11301.16.600009.424.4048.61629.6"
"1000,00";"21/05/2024 00:00:00";"21/05/2024 16:51:38";"11/06/2024 16:23:53";"2024.5211173.11301.16.600009.424.4048.61629.6"
"1850,00";"14/10/2024 00:00:00";"14/10/2024 16:39:39";"14/10/2024 16:39:39";"2024.5211173.11301.16.600009.424.4048.61629.6"
"2500,00";"29/11/2024 00:00:00";"29/11/2024 15:37:13";"29/11/2024 15:37:13";"2024.5211173.11301.16.600009.424.4048.61629.6"
"1000,00";"01/08/2024 00:00:00";"01/08/2024 15:25:33";"01/08/2024 15:25:33";"2024.5211173.11301.16.600009.424.4048.61629.6"
"1000,00";"04/09/2024 00:00:00";"04/09/2024 15:58:04";"04/09/2024 15:58:04";"2024.5211173.11301.16.600009.424.4048.61629.6"
"1850,00";"04/09/2024 00:00:00";"04/09/2024 15:13:25";"04/09/2024 15:13:25";"2024.5211173.11301.16.600009.424.4048.61629.6"
"1850,00";"14/10/2024 00:00:00";"14/10/2024 17:02:42";"14/10/2024 17:02:42";"2024.5211173.11301.16.600009.424.4048.61629.6"
"2500,00";"02/10/2024 00:00:00";"02/10/2024 16:06:03";"02/10/2024 16:06:03";"2024.5211173.11301.16.600009.424.4048.61629.6"
"1000,00";"04/07/2024 00:00:00";"04/07/2024 09:52:18";"04/07/2024 09:52:18";"2024.5211173.11301.16.600009.424.4048.61629.6"
"1500,00";"02/10/2024 00:00:00";"02/10/2024 15:58:18";"02/10/2024 15:58:18";"2024.5211173.11301.16.600009.424.4048.61629.6"
"1000,00";"21/05/2024 00:00:00";"21/05/2024 17:00:50";"11/06/2024 16:23:54";"2024.5211173.11301.16.600009.424.4048.61629.6"
"1850,00";"04/09/2024 00:00:00";"04/09/2024 15:01:11";"04/09/2024 15:01:11";"2024.5211173.11301.16.600009.424.4048.61629.6"
"1500,00";"19/09/2024 00:00:00";"19/09/2024 09:26:59";"24/09/2024 09:07:30";"2024.5211173.11301.16.600009.424.4048.61629.6"
"1850,00";"30/10/2024 00:00:00";"30/10/2024 09:08:45";"30/10/2024 09:08:45";"2024.5211173.11301.16.600009.424.4048.61629.6"
"1850,00";"04/09/2024 00:00:00";"04/09/2024 15:25:25";"04/09/2024 15:25:25";"2024.5211173.11301.16.600009.424.4048.61629.6"
"1850,00";"14/10/2024 00:00:00";"14/10/2024 16:56:48";"14/10/2024 16:56:48";"2024.5211173.11301.16.600009.424.4048.61629.6"
"1000,00";"04/09/2024 00:00:00";"04/09/2024 16:13:23";"04/09/2024 16:13:23";"2024.5211173.11301.16.600009.424.4048.61629.6"
"1000,00";"29/05/2024 00:00:00";"29/05/2024 15:40:52";"11/06/2024 16:23:54";"2024.5211173.11301.16.600009.424.4048.61629.6"
"1000,00";"29/11/2024 00:00:00";"29/11/2024 16:03:23";"29/11/2024 16:03:23";"2024.5211173.11301.16.600009.424.4048.61629.6"
"1000,00";"30/10/2024 00:00:00";"30/10/2024 10:42:11";"30/10/2024 10:42:11";"2024.5211173.11301.16.600009.424.4048.61629.6"
"1000,00";"21/05/2024 00:00:00";"21/05/2024 16:17:35";"11/06/2024 16:23:53";"2024.5211173.11301.16.600009.424.4048.61629.6"
"1850,00";"14/10/2024 00:00:00";"14/10/2024 16:53:14";"14/10/2024 16:53:14";"2024.5211173.11301.16.600009.424.4048.61629.6"
"2500,00";"01/08/2024 00:00:00";"01/08/2024 15:17:06";"01/08/2024 15:17:06";"2024.5211173.11301.16.600009.424.4048.61629.6"
"1850,00";"14/10/2024 00:00:00";"14/10/2024 15:49:13";"14/10/2024 15:49:13";"2024.5211173.11301.16.600009.424.4048.61629.6"
"1000,00";"21/05/2024 00:00:00";"21/05/2024 16:36:44";"11/06/2024 16:23:53";"2024.5211173.11301.16.600009.424.4048.61629.6"
"800,00";"27/05/2024 00:00:00";"27/05/2024 16:14:05";"11/06/2024 16:23:54";"2024.5211171.11301.16.600009.424.4048.61629.6"
"2500,00";"30/10/2024 00:00:00";"30/10/2024 10:39:58";"30/10/2024 10:39:58";"2024.5211173.11301.16.600009.424.4048.61629.6"
"60000,00";"15/12/2023 00:00:00";"15/12/2023 18:36:12";"21/12/2023 17:38:09";"2023.5202632.32802.1.600002.300.4365.55816.6"
"800,00";"27/05/2024 00:00:00";"27/05/2024 15:52:56";"11/06/2024 16:23:54";"2024.5211171.11301.16.600009.424.4048.61629.6"
"1850,00";"04/09/2024 00:00:00";"04/09/2024 15:29:50";"04/09/2024 15:29:50";"2024.5211173.11301.16.600009.424.4048.61629.6"
"1000,00";"21/05/2024 00:00:00";"21/05/2024 16:45:57";"11/06/2024 16:23:53";"2024.5211173.11301.16.600009.424.4048.61629.6"
"1000,00";"01/08/2024 00:00:00";"01/08/2024 15:49:51";"01/08/2024 15:49:51";"2024.5211173.11301.16.600009.424.4048.61629.6"
"800,00";"27/05/2024 00:00:00";"27/05/2024 15:59:01";"11/06/2024 16:23:54";"2024.5211171.11301.16.600009.424.4048.61629.6"
"1850,00";"30/10/2024 00:00:00";"30/10/2024 09:26:47";"30/10/2024 09:26:47";"2024.5211173.11301.16.600009.424.4048.61629.6"
"1000,00";"01/08/2024 00:00:00";"01/08/2024 15:21:39";"01/08/2024 15:21:39";"2024.5211173.11301.16.600009.424.4048.61629.6"
"1000,00";"30/10/2024 00:00:00";"30/10/2024 10:55:40";"30/10/2024 10:55:40";"2024.5211173.11301.16.600009.424.4048.61629.6"
"1500,00";"30/10/2024 00:00:00";"30/10/2024 10:36:25";"30/10/2024 10:36:25";"2024.5211173.11301.16.600009.424.4048.61629.6"
"1850,00";"30/10/2024 00:00:00";"30/10/2024 09:16:29";"30/10/2024 09:16:29";"2024.5211173.11301.16.600009.424.4048.61629.6"
"1000,00";"21/05/2024 00:00:00";"21/05/2024 16:29:34";"11/06/2024 16:23:53";"2024.5211173.11301.16.600009.424.4048.61629.6"
"1000,00";"29/05/2024 00:00:00";"29/05/2024 15:55:32";"11/06/2024 16:23:55";"2024.5211173.11301.16.600009.424.4048.61629.6"
"1850,00";"30/10/2024 00:00:00";"30/10/2024 09:22:43";"30/10/2024 09:22:43";"2024.5211173.11301.16.600009.424.4048.61629.6"
"1000,00";"04/07/2024 00:00:00";"04/07/2024 09:49:44";"04/07/2024 09:49:44";"2024.5211173.11301.16.600009.424.4048.61629.6"
"2500,00";"04/09/2024 00:00:00";"04/09/2024 15:48:56";"04/09/2024 15:48:56";"2024.5211173.11301.16.600009.424.4048.61629.6"
"1000,00";"21/05/2024 00:00:00";"21/05/2024 16:02:37";"11/06/2024 16:23:53";"2024.5211173.11301.16.600009.424.4048.61629.6"
"1850,00";"14/10/2024 00:00:00";"14/10/2024 15:59:47";"14/10/2024 15:59:47";"2024.5211173.11301.16.600009.424.4048.61629.6"
"1850,00";"30/10/2024 00:00:00";"30/10/2024 09:36:34";"30/10/2024 09:36:34";"2024.5211173.11301.16.600009.424.4048.61629.6"
"1850,00";"30/10/2024 00:00:00";"30/10/2024 09:39:17";"30/10/2024 09:39:17";"2024.5211173.11301.16.600009.424.4048.61629.6"
"1850,00";"14/10/2024 00:00:00";"14/10/2024 16:50:52";"14/10/2024 16:50:52";"2024.5211173.11301.16.600009.424.4048.61629.6"
"1000,00";"04/09/2024 00:00:00";"04/09/2024 16:11:10";"04/09/2024 16:11:10";"2024.5211173.11301.16.600009.424.4048.61629.6"
"1000,00";"13/12/2024 00:00:00";"13/12/2024 15:05:13";"13/12/2024 15:05:13";"2024.5211173.11301.16.600009.424.4048.61629.6"
"1000,00";"21/05/2024 00:00:00";"21/05/2024 17:03:06";"11/06/2024 16:23:54";"2024.5211173.11301.16.600009.424.4048.61629.6"
"1500,00";"21/05/2024 00:00:00";"21/05/2024 11:25:35";"21/05/2024 11:25:35";"2024.5211173.11301.16.600009.424.4048.61629.6"
"1000,00";"13/12/2024 00:00:00";"13/12/2024 15:09:26";"13/12/2024 15:09:26";"2024.5211173.11301.16.600009.424.4048.61629.6"
"1000,00";"04/07/2024 00:00:00";"04/07/2024 09:43:27";"04/07/2024 09:43:27";"2024.5211173.11301.16.600009.424.4048.61629.6"
"1000,00";"01/08/2024 00:00:00";"01/08/2024 15:54:30";"01/08/2024 15:54:30";"2024.5211173.11301.16.600009.424.4048.61629.6"
"1500,00";"04/09/2024 00:00:00";"04/09/2024 15:42:48";"04/09/2024 15:42:48";"2024.5211173.11301.16.600009.424.4048.61629.6"
"1000,00";"30/10/2024 00:00:00";"30/10/2024 10:57:38";"30/10/2024 10:57:38";"2024.5211173.11301.16.600009.424.4048.61629.6"
"1000,00";"29/11/2024 00:00:00";"29/11/2024 16:00:09";"29/11/2024 16:00:09";"2024.5211173.11301.16.600009.424.4048.61629.6"
"2500,00";"04/07/2024 00:00:00";"04/07/2024 09:57:38";"04/07/2024 09:57:38";"2024.5211173.11301.16.600009.424.4048.61629.6"
"1000,00";"21/05/2024 00:00:00";"21/05/2024 16:56:19";"11/06/2024 16:23:54";"2024.5211173.11301.16.600009.424.4048.61629.6"
"800,00";"29/05/2024 00:00:00";"29/05/2024 16:04:04";"11/06/2024 16:23:55";"2024.5211171.11301.16.600009.424.4048.61629.6"
"2500,00";"21/05/2024 00:00:00";"21/05/2024 11:08:00";"21/05/2024 11:08:00";"2024.5211173.11301.16.600009.424.4048.61629.6"
"1850,00";"30/10/2024 00:00:00";"30/10/2024 09:30:00";"30/10/2024 09:30:00";"2024.5211173.11301.16.600009.424.4048.61629.6"
"1850,00";"30/10/2024 00:00:00";"30/10/2024 09:13:07";"30/10/2024 09:13:07";"2024.5211173.11301.16.600009.424.4048.61629.6"
"1500,00";"02/10/2024 00:00:00";"02/10/2024 16:03:10";"02/10/2024 16:03:10";"2024.5211173.11301.16.600009.424.4048.61629.6"
"2500,00";"13/12/2024 00:00:00";"13/12/2024 14:55:28";"13/12/2024 14:55:28";"2024.5211173.11301.16.600009.424.4048.61629.6"
"2500,00";"29/05/2024 00:00:00";"29/05/2024 15:08:25";"29/05/2024 15:08:25";"2024.5211173.11301.16.600009.424.4048.61629.6"
"12000,00";"14/12/2022 00:00:00";"14/12/2022 09:34:33";"16/12/2022 14:28:44";"2022.4924779.22202.1.600005.302.7980.51795.6"
"23618,74";"20/12/2022 00:00:00";"20/12/2022 17:48:01";"20/12/2022 17:48:01";"2022.4922695.26401.2.600000.305.1158.51324.6"
"56620,50";"12/03/2026 00:00:00";"12/03/2026 16:25:24";"12/03/2026 16:25:24";"2026.6190766.10501.1.600066.417.5916.95354.6"
"47463,60";"19/03/2026 00:00:00";"19/03/2026 11:59:15";"19/03/2026 11:59:15";"2026.6189185.10501.1.600111.417.5916.97630.6"
"22080,00";"03/03/2026 00:00:00";"03/03/2026 10:13:00";"03/03/2026 10:13:00";"2026.6190766.10501.1.600066.417.5916.95354.6"
"69657,96";"16/04/2025 00:00:00";"16/04/2025 10:28:28";"16/04/2025 10:28:28";"2025.5670969.21301.1.600003.414.7882.90205.6"
"39876,48";"03/03/2026 00:00:00";"03/03/2026 10:15:33";"03/03/2026 10:15:33";"2026.6190766.10501.1.600066.417.5916.95354.6"
