"Ano Exercício";"Órgão";"sgl_orgao_orcamento";"Unidade Orçamentária";"nom_res_unidade_orcamentaria";"Ministério de Origem da Emenda";"Número da Emenda Parlamentar";"Ano da Emenda";"Deputado";"Ação do Programa de Governo";"COD_SUBFONTE_RECURSO";"num_codigo";"Valor Orçado Inicial";"Valor Orçado Atual";"Valor Empenhado Total";"Valor Liquidado Total";"Valor Pago"
"2025";"Secretaria de Ciência, Tecnologia e Inovação";"SECTI";"Assessoria de Planejamento e Gestão - SECTI";"APG";"MGISP";"24680011";"2023 ";" Lídice da Mata";"Apoio à Produção de Conteúdo Audiovisual";"600046";"2025.3.28.28101.405.5253.600046.6";"0,00";"150000,00";"0,00";"0,00";"0,00"
"2025";"Secretaria de Cultura";"SECULT";"Assessoria de Planejamento e Gestão - SECULT";"APG";"MF";"13310004";"2024 ";" Alice Portugal";"Apoio às Filarmônicas";"600058";"2025.3.22.22101.406.3696.600058.6";"0,00";"125000,00";"0,00";"0,00";"0,00"
"2026";"Secretaria de Promoção da Igualdade Racial e dos Povos e Comunidades Tradicionais";"SEPROMI";"Assessoria de Planejamento e Gestão - SEPROMI";"APG";"MF";"13310004";"2024 ";" Alice Portugal";"Apoio Técnico e Financeiro a Projeto";"600058";"2026.3.30.30101.426.3289.600058.6";"0,00";"300000,00";"0,00";"0,00";"0,00"
"2022";"Secretaria de Desenvolvimento Urbano";"SEDUR";"Assessoria de Planejamento e Gestão - SEDUR";"APG";"ME";"27510007";"2020 ";" Waldenor Perei";"Implantação de Infraestrutura Viária";"600002";"2022.3.26.26101.305.1162.600002.6";"0,00";"250000,00";"0,00";"0,00";"0,00"
"2022";"Secretaria de Desenvolvimento Urbano";"SEDUR";"Assessoria de Planejamento e Gestão - SEDUR";"APG";"ME";"24680005";"2021 ";" Lídice da Mata";"Reforma Equipamento Urbano Comunitário";"600005";"2022.3.26.26101.305.7135.600005.6";"0,00";"100000,00";"0,00";"0,00";"0,00"
"2024";"Secretaria do Trabalho, Emprego, Renda e Esporte";"SETRE";"Superintendência dos Desportos do Estado da Bahia";"SUDESB";"MAPA";"36940005";"2022 ";" Jorge Solla";"Requalificação de Equipamento Esportivo";"600036";"2024.3.21.21301.414.1009.600036.6";"0,00";"500000,00";"135704,91";"135704,91";"105766,96"
"2023";"Secretaria de Ciência, Tecnologia e Inovação";"SECTI";"Assessoria de Planejamento e Gestão - SECTI";"APG";"ME";"24680005";"2021 ";" Lídice da Mata";"Implantação de Infraestrutura de Wi-Fi";"600005";"2023.3.28.28101.301.7917.600005.6";"0,00";"200000,00";"0,00";"0,00";"0,00"
"2022";"Secretaria da Agricultura, Pecuária, Irrigação, Pesca e Aquicultura";"SEAGRI";"Assessoria de Planejamento e Gestão - SEAGRI";"APG";"MAPA";"36940005";"2022 ";" Jorge Solla";"Distribuição de Equipamento";"600036";"2022.3.10.10101.304.7385.600036.6";"0,00";"500000,00";"391665,00";"221665,00";"221665,00"
"2026";"Secretaria de Desenvolvimento Rural";"SDR";"Assessoria de Planejamento e Gestão - SDR";"APG";"ME";"35680001";"2022 ";" Paulo Magalhãe";"Distribuição de Equipamento de Apoio";"600035";"2026.3.18.18101.417.1399.600035.6";"0,00";"700000,00";"0,00";"0,00";"0,00"
"2025";"Secretaria de Desenvolvimento Rural";"SDR";"Assessoria de Planejamento e Gestão - SDR";"APG";"MDA";"09032025-075520 ";"";" 2025";"Distribuição de Equipamento de Apoio";"600105";"2025.3.18.18101.417.1399.600105.6";"0,00";"1188000,00";"0,00";"0,00";"0,00"
"2022";"Secretaria da Educação";"SEC";"Fundo de Assistência Educacional";"FAED";"ME";"28710004";"2021";" Afonso Florence";"Aparelhamento de Unidade Escolar";"600010";"2022.3.11.11601.306.7744.600010.6";"0,00";"50000,00";"49999,00";"49999,00";"49999,00"
"2025";"Secretaria da Segurança Pública";"SSP";"Polícia Militar da Bahia";"PM/BA";"MF";"41230001";"2024";"Otto Fillho";"Ampliação e Renovação da Frota";"600072";"2025.3.20.20801.437.7873.600072.6";"0,00";"400000,00";"341020,00";"341020,00";"341020,00"
"2024";"Secretaria do Trabalho, Emprego, Renda e Esporte";"SETRE";"Superintendência dos Desportos do Estado da Bahia";"SUDESB";"MF";"27510008";"2023";" Waldenor Preira";"Construção de Equipamento";"600042";"2024.3.21.21301.414.7882.600042.6";"0,00";"320000,00";"0,00";"0,00";"0,00"
"2024";"Secretaria de Assistência e Desenvolvimento Social";"SEADES";"Assessoria de Planejamento e Gestão - SEADES";"APG";"ME";"91910004";"2022 ";" Zé Neto";"Aparelhamento de Central de Distribuição";"600038";"2024.3.39.39101.403.5445.600038.6";"0,00";"380678,00";"0,00";"0,00";"0,00"
"2022";"Secretaria do Trabalho, Emprego, Renda e Esporte";"SETRE";"Superintendência dos Desportos do Estado da Bahia";"SUDESB";"ME";"27510004";"2021 ";" Waldenor Perei";"Promoção de Atividade de Esporte";"600009";"2022.3.21.21301.308.5793.600009.6";"0,00";"170000,00";"152908,00";"152908,00";"152908,00"
"2022";"Secretaria de Infraestrutura";"SEINFRA";"Superintendência de Infraestrutura de Transportes da Bahia";"SIT";"ME";"36940001";"2021 ";" Jorge Solla";"Recuperação de Acesso";"600006";"2022.3.24.24801.309.7911.600006.6";"0,00";"609993,00";"0,00";"0,00";"0,00"
"2021";"Secretaria de Justiça, Direitos Humanos e Desenvolvimento Social";"SJDHDS";"Assessoria de Planejamento e Gestão - SJDHDS";"APG";"ME";"27510007";"2020 ";" Waldenor Perei";"Apoio ao Neojibá";"600002";"2021.3.12.12101.300.6953.600002.6";"0,00";"200000,00";"200000,00";"200000,00";"200000,00"
"2022";"Secretaria de Desenvolvimento Rural";"SDR";"Companhia de Desenvolvimento e Ação Regional";"CAR";"ME";"91910007";"2021 ";" Zé Neto";"Distribuição de Equipamento de Apoio";"600020";"2022.3.18.18401.304.1399.600020.6";"0,00";"528000,00";"528000,00";"528000,00";"528000,00"
"2021";"Secretaria de Políticas para as Mulheres";"SPM";"Assessoria de Planejamento e Gestão - SPM";"APG";"ME";"13310003";"2021 ";" Alice Portugal";"Apoio Técnico e Financeiro à Implantação";"600003";"2021.3.34.34101.311.5549.600003.6";"0,00";"75000,00";"0,00";"0,00";"0,00"
"2025";"Secretaria da Agricultura, Pecuária, Irrigação, Pesca e Aquicultura";"SEAGRI";"Assessoria de Planejamento e Gestão - SEAGRI";"APG";"MF";"09032025-076333";"";"2025";"Distribuição de Equipamento";"600098";"2025.3.10.10101.417.7385.600098.6";"0,00";"9900000,00";"0,00";"0,00";"0,00"
"2025";"Secretaria de Turismo";"SETUR";"Assessoria de Planejamento e Gestão - SETUR";"APG";"MTUR";"09032025-2-086345";"";"2025";"Apoio à Realização de Evento";"600164";"2025.3.32.32101.411.3701.600164.6";"0,00";"1108800,00";"590000,00";"170000,00";"0,00"
"2024";"Secretaria de Desenvolvimento Rural";"SDR";"Companhia de Desenvolvimento e Ação Regional";"CAR";"ME";"27510007";"2020 ";" Waldenor Perei";"Distribuição de Equipamento de Apoio";"600002";"2024.3.18.18401.417.1399.600002.6";"0,00";"117597,00";"117597,00";"117597,00";"117597,00"
"2025";"Secretaria de Desenvolvimento Urbano";"SEDUR";"Companhia de Desenvolvimento Urbano do Estado da Bahia";"CONDER";"MF";"40800017";"2023";" Jaques Wagner";"Revitalização de Mercado e Feira Livre";"600052";"2025.3.26.26401.419.7794.600052.6";"0,00";"1460973,00";"1460972,32";"1460972,32";"1460972,32"
"2024";"Secretaria de Cultura";"SECULT";"Fundação Cultural do Estado da Bahia";"FUNCEB";"ME";"13310004";"2022 ";" Alice Portugal";"Apoio às Filarmônicas";"600027";"2024.3.22.22201.406.3696.600027.6";"0,00";"100000,00";"50000,00";"50000,00";"50000,00"
"2020";"Secretaria de Infraestrutura";"SEINFRA";"Superintendência de Infraestrutura de Transportes da Bahia";"SIT";"Ministério da Economia";"36940021";"2020";"Não Informado";"Recuperação de Acesso";"600000";"2020.3.24.24801.309.7911.600000.6";"0,00";"1455005,00";"0,00";"0,00";"0,00"
"2020";"Secretaria do Trabalho, Emprego, Renda e Esporte";"SETRE";"Assessoria de Planejamento e Gestão - SETRE";"APG";"Ministério da Economia";"13390001";"2020";"Não Informado";"Combate à Covid-19";"600001";"2020.3.21.21101.314.5365.600001.6";"0,00";"400000,00";"399996,78";"399996,78";"399996,78"
"2023";"Secretaria de Justiça e Direitos Humanos";"SJDH";"Assessoria de Planejamento e Gestão - SJDH";"APG";"MGISP";"24680011";"2023 ";" Lídice da Mata";"Apoio Técnico e Financeiro a Entidade";"600046";"2023.3.38.38101.300.2170.600046.6";"0,00";"360000,00";"0,00";"0,00";"0,00"
"2021";"Secretaria da Educação";"SEC";"Instituto de Radiodifusão Educativa da Bahia";"IRDEB";"ME";"40800018";"2021 ";" Jaques Wagner";"Modernização tecnológica do IRDEB";"600016";"2021.3.11.11201.306.7536.600016.6";"0,00";"400000,00";"400000,00";"0,00";"0,00"
"2021";"Secretaria do Trabalho, Emprego, Renda e Esporte";"SETRE";"Superintendência dos Desportos do Estado da Bahia";"SUDESB";"ME";"40720003";"2021 ";" Tito";"Construção de Equipamento";"600013";"2021.3.21.21301.305.7882.600013.6";"0,00";"1630000,00";"0,00";"0,00";"0,00"
"2020";"Secretaria da Agricultura, Pecuária, Irrigação, Pesca e Aquicultura";"SEAGRI";"Assessoria de Planejamento e Gestão - SEAGRI";"APG";"Ministério da Economia";"27510007";"2020";"Não Informado";"Distribuição de Equipamento";"600002";"2020.3.10.10101.304.7385.600002.6";"0,00";"2000000,00";"205400,00";"205400,00";"0,00"
"2023";"Secretaria da Agricultura, Pecuária, Irrigação, Pesca e Aquicultura";"SEAGRI";"Bahia Pesca S/A";"BAHIAPESCA";"ME";"41280013";"2021 ";" Raimundo Costa";"Modernização de Órgão Público";"600015";"2023.3.10.10501.315.7950.600015.6";"0,00";"2508,00";"0,00";"0,00";"0,00"
"2022";"Secretaria de Cultura";"SECULT";"Assessoria de Planejamento e Gestão - SECULT";"APG";"ME";"24680005";"2021 ";" Lídice da Mata";"Funcionamento de Unidade Cultural";"600005";"2022.3.22.22101.302.6903.600005.6";"0,00";"52000,00";"52000,00";"52000,00";"52000,00"
"2021";"Secretaria do Trabalho, Emprego, Renda e Esporte";"SETRE";"Superintendência dos Desportos do Estado da Bahia";"SUDESB";"ME";"91910007";"2021 ";" Zé Neto";"Ampliação de Equipamento Esportivo";"600020";"2021.3.21.21301.305.7974.600020.6";"0,00";"150000,00";"0,00";"0,00";"0,00"
"2022";"Secretaria do Trabalho, Emprego, Renda e Esporte";"SETRE";"Superintendência dos Desportos do Estado da Bahia";"SUDESB";"ME";"40720003";"2021 ";" Tito";"Recuperação de Equipamento";"600013";"2022.3.21.21301.305.1009.600013.6";"0,00";"156583,00";"156582,96";"0,00";"0,00"
"2020";"Secretaria de Desenvolvimento Rural";"SDR";"Companhia de Desenvolvimento e Ação Regional";"CAR";"Ministério da Economia";"27510007";"2020";"Não Informado";"Apoio à Comercialização Produção Rural";"600002";"2020.3.18.18401.304.7838.600002.6";"0,00";"581068,00";"429696,00";"429696,00";"429696,00"
"2025";"Secretaria de Turismo";"SETUR";"Assessoria de Planejamento e Gestão - SETUR";"APG";"MTUR";"09032025-078596 ";"";" 2025";"Apoio à Realização de Evento";"600138";"2025.3.32.32101.411.3701.600138.6";"0,00";"2970000,00";"500000,00";"500000,00";"500000,00"
"2023";"Secretaria de Cultura";"SECULT";"Fundação Pedro Calmon - Centro de Memória e Arquivo Público da Bahia";"FPC-AP";"ME";"24680012";"2022 ";" Lídice da Mata";"Requalificação de Equipamento Cultural";"600031";"2023.3.22.22202.302.7857.600031.6";"0,00";"80000,00";"80000,00";"80000,00";"80000,00"
"2026";"Secretaria de Desenvolvimento Rural";"SDR";"Companhia de Desenvolvimento e Ação Regional";"CAR";"MF";"27510008";"2023";" Waldenor Preira";"Apoio a Evento da Agricultura Familiar";"600042";"2026.3.18.18401.417.7988.600042.6";"0,00";"100000,00";"0,00";"0,00";"0,00"
"2025";"Secretaria de Desenvolvimento Rural";"SDR";"Assessoria de Planejamento e Gestão - SDR";"APG";"ME";"36940021";"2020 ";" Jorge Solla";"Distribuição de Equipamento de Apoio";"600000";"2025.3.18.18101.417.1399.600000.6";"0,00";"24669,00";"0,00";"0,00";"0,00"
"2024";"Secretaria de Desenvolvimento Rural";"SDR";"Companhia de Desenvolvimento e Ação Regional";"CAR";"ME";"41900002";"2022 ";" Joseildo Ramos";"Implantação de Projeto de Apoio";"600023";"2024.3.18.18401.417.1926.600023.6";"0,00";"1040000,00";"453262,83";"453262,83";"453262,83"
"2023";"Secretaria do Trabalho, Emprego, Renda e Esporte";"SETRE";"Superintendência dos Desportos do Estado da Bahia";"SUDESB";"ME";"91910004";"2022 ";" Zé Neto";"Promoção de Atividade de Esporte";"600038";"2023.3.21.21301.303.5779.600038.6";"0,00";"290000,00";"110000,00";"110000,00";"110000,00"
"2024";"Secretaria de Turismo";"SETUR";"Superintendência de Fomento ao Turismo do Estado da Bahia";"SUFOTUR";"MF";"40800020";"2024";"Jaques Wagner";"Apoio a Evento de Interesse Turístico";"600061";"2024.3.32.32802.411.5893.600061.6";"0,00";"3000000,00";"2808000,00";"480000,00";"480000,00"
"2023";"Secretaria de Cultura";"SECULT";"Instituto do Patrimônio Artístico e Cultural da Bahia";"IPAC";"ME";"13310004";"2022 ";" Alice Portugal";"Requalificação de Equipamento Cultural";"600027";"2023.3.22.22301.302.7857.600027.6";"0,00";"200000,00";"0,00";"0,00";"0,00"
"2025";"Secretaria de Turismo";"SETUR";"Superintendência de Fomento ao Turismo do Estado da Bahia";"SUFOTUR";"MF";"36940011";"2024 ";" Jorge Solla";"Apoio a Evento de Interesse Turístico";"600066";"2025.3.32.32802.411.5893.600066.6";"0,00";"50000,00";"50000,00";"50000,00";"50000,00"
"2021";"Secretaria da Educação";"SEC";"Universidade do Estado da Bahia";"UNEB";"ME";"27510007";"2020 ";" Waldenor Perei";"Infraestrutura em Unidade Universitária";"600002";"2021.3.11.11301.306.7867.600002.6";"0,00";"100000,00";"100000,00";"100000,00";"100000,00"
"2022";"Secretaria de Ciência, Tecnologia e Inovação";"SECTI";"Assessoria de Planejamento e Gestão - SECTI";"APG";"ME";"36940021";"2020 ";" Jorge Solla";"Implantação de Infraestrutura de Wi-Fi";"600000";"2022.3.28.28101.301.7917.600000.6";"0,00";"300000,00";"0,00";"0,00";"0,00"
"2022";"Secretaria de Infraestrutura";"SEINFRA";"Superintendência de Infraestrutura de Transportes da Bahia";"SIT";"ME";"91910004";"2022 ";" Zé Neto";"Recuperação de Acesso";"600038";"2022.3.24.24801.309.7911.600038.6";"0,00";"400000,00";"0,00";"0,00";"0,00"
"2022";"Secretaria de Cultura";"SECULT";"Assessoria de Planejamento e Gestão - SECULT";"APG";"ME";"30510006";"2022 ";" Bacelar";"Requalificação de Equipamento Cultural";"600034";"2022.3.22.22101.302.7857.600034.6";"0,00";"250000,00";"0,00";"0,00";"0,00"
"2025";"Secretaria de Cultura";"SECULT";"Assessoria de Planejamento e Gestão - SECULT";"APG";"MF";"13390020";"2024 ";" Daniel Almeid";"Apoio à Realização de Evento Cultural";"600063";"2025.3.22.22101.406.7980.600063.6";"0,00";"300000,00";"0,00";"0,00";"0,00"
"2022";"Secretaria do Trabalho, Emprego, Renda e Esporte";"SETRE";"Superintendência dos Desportos do Estado da Bahia";"SUDESB";"ME";"13310003";"2021 ";" Alice Portugal";"Recuperação de Equipamento";"600003";"2022.3.21.21301.305.1009.600003.6";"0,00";"500000,00";"200000,00";"200000,00";"200000,00"
"2024";"Secretaria de Justiça e Direitos Humanos";"SJDH";"Assessoria de Planejamento e Gestão - SJDH";"APG";"ME";"24680012";"2022 ";" Lídice da Mata";"Apoio ao Neojibá";"600031";"2024.3.38.38101.400.6953.600031.6";"0,00";"100000,00";"100000,00";"100000,00";"100000,00"
"2025";"Secretaria de Desenvolvimento Rural";"SDR";"Assessoria de Planejamento e Gestão - SDR";"APG";"MDA";"09032025-2-087386";"";"2025";"Distribuição de Equipamento de Apoio";"600157";"2025.3.18.18101.417.1399.600157.6";"0,00";"297000,00";"0,00";"0,00";"0,00"
"2025";"Secretaria de Desenvolvimento Rural";"SDR";"Companhia de Desenvolvimento e Ação Regional";"CAR";"ME";"41280013";"2021 ";" Raimundo Costa";"Distribuição de Equipamento de Apoio";"600015";"2025.3.18.18401.417.1399.600015.6";"0,00";"114491,00";"0,00";"0,00";"0,00"
"2024";"Secretaria de Cultura";"SECULT";"Instituto do Patrimônio Artístico e Cultural da Bahia";"IPAC";"ME";"13310004";"2022 ";" Alice Portugal";"Requalificação de Equipamento Cultural";"600027";"2024.3.22.22301.406.7857.600027.6";"0,00";"0,00";"0,00";"0,00";"0,00"
"2023";"Secretaria do Trabalho, Emprego, Renda e Esporte";"SETRE";"Superintendência dos Desportos do Estado da Bahia";"SUDESB";"ME";"27510004";"2021 ";" Waldenor Perei";"Promoção de Atividade de Esporte";"600009";"2023.3.21.21301.308.5793.600009.6";"0,00";"17092,00";"0,00";"0,00";"0,00"
"2022";"Secretaria de Desenvolvimento Urbano";"SEDUR";"Assessoria de Planejamento e Gestão - SEDUR";"APG";"ME";"91910007";"2021 ";" Zé Neto";"Implantação de Equipamento Urbano";"600020";"2022.3.26.26101.305.1158.600020.6";"0,00";"250000,00";"0,00";"0,00";"0,00"
"2025";"Secretaria de Turismo";"SETUR";"Superintendência de Fomento ao Turismo do Estado da Bahia";"SUFOTUR";"MF";"27510001";"2024";"Waldenor Pereira";"Apoio a Evento de Interesse Turístico";"600059";"2025.3.32.32802.411.5893.600059.6";"0,00";"1225000,00";"1175000,00";"1075000,00";"1050000,00"
"2023";"Secretaria de Desenvolvimento Urbano";"SEDUR";"Companhia de Desenvolvimento Urbano do Estado da Bahia";"CONDER";"ME";"27500006";"2022 ";" Valmir Assunçã";"Implantação de Infraestrutura Viária";"600032";"2023.3.26.26401.305.1162.600032.6";"0,00";"1100000,00";"899790,42";"899790,42";"899790,42"
"2024";"Secretaria do Trabalho, Emprego, Renda e Esporte";"SETRE";"Superintendência dos Desportos do Estado da Bahia";"SUDESB";"MF";"41900001";"2023";" Joseildo Ramos";"Promoção de Atividade de Esporte";"600050";"2024.3.21.21301.414.5793.600050.6";"0,00";"103023,00";"103023,00";"103023,00";"103023,00"
"2022";"Secretaria de Desenvolvimento Rural";"SDR";"Companhia de Desenvolvimento e Ação Regional";"CAR";"ME";"40720005";"2021 ";" Tito";"Distribuição de Equipamento de Apoio";"600022";"2022.3.18.18401.304.1399.600022.6";"0,00";"300000,00";"290263,50";"290263,50";"290263,50"
"2025";"Secretaria de Desenvolvimento Urbano";"SEDUR";"Assessoria de Planejamento e Gestão - SEDUR";"APG";"ME";"36940001";"2021 ";" Jorge Solla";"Implantação de Equipamento Urbano";"600006";"2025.3.26.26101.419.1158.600006.6";"0,00";"0,00";"0,00";"0,00";"0,00"
"2025";"Secretaria do Trabalho, Emprego, Renda e Esporte";"SETRE";"Superintendência dos Desportos do Estado da Bahia";"SUDESB";"ME";"91910004";"2022 ";" Zé Neto";"Requalificação de Equipamento Esportivo";"600038";"2025.3.21.21301.414.1009.600038.6";"0,00";"400000,00";"0,00";"0,00";"0,00"
"2023";"Secretaria da Educação";"SEC";"Universidade Estadual do Sudoeste da Bahia";"UESB";"ME";"24680012";"2022 ";" Lídice da Mata";"Gestão das Ações de Ensino de Graduação";"600031";"2023.3.11.11302.306.6908.600031.6";"0,00";"55000,00";"0,00";"0,00";"0,00"
"2023";"Secretaria da Segurança Pública";"SSP";"Polícia Militar da Bahia";"PM/BA";"ME";"91910007";"2021 ";" Zé Neto";"Ampliação e Renovação da Frota";"600020";"2023.3.20.20801.314.7873.600020.6";"0,00";"480000,00";"480000,00";"480000,00";"480000,00"
"2021";"Secretaria do Planejamento";"SEPLAN";"Superintendência de Estudos Econômicos e Sociais da Bahia";"SEI";"ME";"40800013";"2021 ";" Jaques Wagner";"Realização de Pesquisa e Análise";"600011";"2021.3.17.17301.315.7457.600011.6";"0,00";"90000,00";"90000,00";"73099,17";"73099,17"
"2023";"Secretaria de Ciência, Tecnologia e Inovação";"SECTI";"Assessoria de Planejamento e Gestão - SECTI";"APG";"ME";"36940001";"2021 ";" Jorge Solla";"Implantação de Infraestrutura de Wi-Fi";"600006";"2023.3.28.28101.301.7917.600006.6";"0,00";"0,00";"0,00";"0,00";"0,00"
"2026";"Secretaria de Desenvolvimento Rural";"SDR";"Companhia de Desenvolvimento e Ação Regional";"CAR";"MF";"13620004";"2023";" Josias Gomes";"Distribuição de Equipamento de Apoio";"600045";"2026.3.18.18401.417.1399.600045.6";"0,00";"273278,00";"0,00";"0,00";"0,00"
"2025";"Secretaria de Desenvolvimento Rural";"SDR";"Assessoria de Planejamento e Gestão - SDR";"APG";"MDA";"09032025-077145 ";"";" 2025";"Apoio a Evento da Agricultura Familiar";"600119";"2025.3.18.18101.417.7988.600119.6";"0,00";"1287000,00";"1130000,00";"1130000,00";"1130000,00"
"2024";"Secretaria de Promoção da Igualdade Racial e dos Povos e Comunidades Tradicionais";"SEPROMI";"Assessoria de Planejamento e Gestão - SEPROMI";"APG";"ME";"13310004";"2022 ";" Alice Portugal";"Ações de Visibilidade e Permanência";"600027";"2024.3.30.30101.427.5599.600027.6";"0,00";"450000,00";"450000,00";"450000,00";"450000,00"
"2024";"Secretaria de Turismo";"SETUR";"Superintendência de Fomento ao Turismo do Estado da Bahia";"SUFOTUR";"MF";"13620001";"2023";" Josias Gomes";"Apoio a Evento de Interesse Turístico";"600044";"2024.3.32.32802.411.5893.600044.6";"0,00";"300000,00";"300000,00";"300000,00";"300000,00"
"2025";"Secretaria da Educação";"SEC";"Universidade do Estado da Bahia";"UNEB";"MEC";"09032025-077147 ";"";" 2025";"Educação do Campo e Desenvolvimento";"600116";"2025.3.11.11301.424.4048.600116.6";"0,00";"247500,00";"0,00";"0,00";"0,00"
"2025";"Secretaria de Promoção da Igualdade Racial e dos Povos e Comunidades Tradicionais";"SEPROMI";"Assessoria de Planejamento e Gestão - SEPROMI";"APG";"MF";"13310007";"2024 ";" Alice Portugal";"Apoio a Projeto de Empreendedorismo";"600060";"2025.3.30.30101.426.4699.600060.6";"0,00";"300000,00";"0,00";"0,00";"0,00"
"2023";"Secretaria de Justiça e Direitos Humanos";"SJDH";"Assessoria de Planejamento e Gestão - SJDH";"APG";"ME";"27510007";"2020 ";" Waldenor Perei";"Apoio Técnico e Financeiro a Entidade";"600002";"2023.3.38.38101.300.2170.600002.6";"0,00";"50000,00";"0,00";"0,00";"0,00"
"2026";"Secretaria de Desenvolvimento Rural";"SDR";"Companhia de Desenvolvimento e Ação Regional";"CAR";"ME";"41280013";"2021 ";" Raimundo Costa";"Distribuição de Equipamento de Apoio";"600015";"2026.3.18.18401.417.1399.600015.6";"0,00";"114491,00";"75112,45";"75112,45";"75112,45"
"2022";"Secretaria de Turismo";"SETUR";"Superintendência de Fomento ao Turismo do Estado da Bahia";"BAHIATURSA";"ME";"27510006";"2022 ";" Waldenor Perei";"Apoio a Evento de Interesse Turístico";"600025";"2022.3.32.32801.303.5893.600025.6";"0,00";"445904,00";"345904,00";"345904,00";"345904,00"
"2021";"Secretaria de Desenvolvimento Urbano";"SEDUR";"Assessoria de Planejamento e Gestão - SEDUR";"APG";"ME";"24680005";"2021 ";" Lídice da Mata";"Requalificação de Via no Centro Antigo";"600005";"2021.3.26.26101.305.7496.600005.6";"0,00";"100000,00";"0,00";"0,00";"0,00"
"2023";"Secretaria de Desenvolvimento Rural";"SDR";"Companhia de Desenvolvimento e Ação Regional";"CAR";"ME";"27510007";"2020 ";" Waldenor Perei";"Implantação de Infraestrutura Hídrica";"600002";"2023.3.18.18401.312.5040.600002.6";"0,00";"117597,00";"0,00";"0,00";"0,00"
"2025";"Secretaria do Trabalho, Emprego, Renda e Esporte";"SETRE";"Assessoria de Planejamento e Gestão - SETRE";"APG";"ME";"41280009";"2021 ";" Raimundo Costa";"Construção de Equipamento";"600014";"2025.3.21.21101.414.7882.600014.6";"0,00";"150000,00";"0,00";"0,00";"0,00"
"2021";"Secretaria da Educação";"SEC";"Assessoria de Planejamento e Gestão - SEC";"APG";"ME";"91910007";"2021 ";" Zé Neto";"Aparelhamento de Unidade Escolar";"600020";"2021.3.11.11101.306.7744.600020.6";"0,00";"34750,00";"0,00";"0,00";"0,00"
"2025";"Secretaria de Cultura";"SECULT";"Fundação Cultural do Estado da Bahia";"FUNCEB";"ME";"13310004";"2022 ";" Alice Portugal";"Apoio às Filarmônicas";"600027";"2025.3.22.22201.406.3696.600027.6";"0,00";"50000,00";"0,00";"0,00";"0,00"
"2023";"Secretaria da Segurança Pública";"SSP";"Polícia Militar da Bahia";"PM/BA";"ME";"41280006";"2022 ";" Raimundo Costa";"Aquisição de Equipamento de Informática";"600024";"2023.3.20.20801.314.7875.600024.6";"0,00";"42000,00";"41955,16";"41955,16";"41955,16"
"2026";"Secretaria da Agricultura, Pecuária, Irrigação, Pesca e Aquicultura";"SEAGRI";"Assessoria de Planejamento e Gestão - SEAGRI";"APG";"MF";"09032025-079405";"";"2025";"Apoio Evento Aquicultura e Pesca";"600106";"2026.3.10.10101.417.3146.600106.6";"0,00";"198000,00";"0,00";"0,00";"0,00"
"2023";"Secretaria de Justiça e Direitos Humanos";"SJDH";"Assessoria de Planejamento e Gestão - SJDH";"APG";"ME";"13310004";"2022 ";" Alice Portugal";"Apoio ao Neojibá";"600027";"2023.3.38.38101.300.6953.600027.6";"0,00";"150000,00";"0,00";"0,00";"0,00"
"2024";"Secretaria do Trabalho, Emprego, Renda e Esporte";"SETRE";"Assessoria de Planejamento e Gestão - SETRE";"APG";"ME";"13310004";"2022 ";" Alice Portugal";"Apoio a Geração de Trabalho e Renda";"600027";"2024.3.21.21101.413.5917.600027.6";"0,00";"350000,00";"194257,26";"194257,26";"194257,26"
"2025";"Secretaria de Desenvolvimento Urbano";"SEDUR";"Companhia de Desenvolvimento Urbano do Estado da Bahia";"CONDER";"MGISP";"24680011";"2023 ";" Lídice da Mata";"Requalificação de Infraestrutura Viária";"600046";"2025.3.26.26401.419.5344.600046.6";"0,00";"2500000,00";"0,00";"0,00";"0,00"
"2022";"Secretaria do Trabalho, Emprego, Renda e Esporte";"SETRE";"Superintendência dos Desportos do Estado da Bahia";"SUDESB";"ME";"36940001";"2021 ";" Jorge Solla";"Implementação de Núcleo de Iniciação";"600006";"2022.3.21.21301.314.4565.600006.6";"0,00";"200000,00";"0,00";"0,00";"0,00"
"2021";"Secretaria de Ciência, Tecnologia e Inovação";"SECTI";"Assessoria de Planejamento e Gestão - SECTI";"APG";"ME";"27510004";"2021 ";" Waldenor Perei";"Implantação de Infraestrutura de Wi-Fi";"600009";"2021.3.28.28101.301.7917.600009.6";"0,00";"300000,00";"0,00";"0,00";"0,00"
"2026";"Secretaria de Desenvolvimento Urbano";"SEDUR";"Assessoria de Planejamento e Gestão - SEDUR";"APG";"MC";"09032025-076695";"";"2025";"Requalificação de Equipamento Urbano";"600081";"2026.3.26.26101.419.5183.600081.6";"0,00";"347463,00";"0,00";"0,00";"0,00"
"2025";"Secretaria de Turismo";"SETUR";"Superintendência de Fomento ao Turismo do Estado da Bahia";"SUFOTUR";"MTUR";"09032025-2-087352 ";"";" 2025";"Apoio a Evento de Interesse Turístico";"600167";"2025.3.32.32802.411.5893.600167.6";"0,00";"396000,00";"0,00";"0,00";"0,00"
"2025";"Secretaria de Desenvolvimento Urbano";"SEDUR";"Assessoria de Planejamento e Gestão - SEDUR";"APG";"MF";"09032025-079406";"";"2025";"Implantação de Equipamento Urbano";"600095";"2025.3.26.26101.419.1158.600095.6";"0,00";"495000,00";"0,00";"0,00";"0,00"
"2022";"Secretaria da Educação";"SEC";"Universidade Estadual de Feira de Santana";"UEFS";"ME";"24680012";"2022 ";" Lídice da Mata";"Infraestrutura em Unidade Universitária";"600031";"2022.3.11.11303.306.7867.600031.6";"0,00";"100000,00";"82948,04";"82948,04";"82948,04"
"2026";"Secretaria de Justiça e Direitos Humanos";"SJDH";"Assessoria de Planejamento e Gestão - SJDH";"APG";"MF";"41660001";"2024";" Pastor Isidório";"Assistência na Proteção";"600062";"2026.3.38.38101.400.2505.600062.6";"0,00";"600000,00";"0,00";"0,00";"0,00"
"2026";"Secretaria de Infraestrutura";"SEINFRA";"Superintendência de Infraestrutura de Transportes da Bahia";"SIT";"ME";"35680005";"2021 ";" Paulo Magalhãe";"Recuperação de Acesso";"600018";"2026.3.24.24801.432.7911.600018.6";"0,00";"400000,00";"0,00";"0,00";"0,00"
"2023";"Secretaria de Ciência, Tecnologia e Inovação";"SECTI";"Assessoria de Planejamento e Gestão - SECTI";"APG";"ME";"27510004";"2021 ";" Waldenor Perei";"Implantação de Infraestrutura de Wi-Fi";"600009";"2023.3.28.28101.301.7917.600009.6";"0,00";"300000,00";"0,00";"0,00";"0,00"
"2025";"Secretaria de Desenvolvimento Rural";"SDR";"Companhia de Desenvolvimento e Ação Regional";"CAR";"MF";"28710017";"2024 ";" Afonso Florenc";"Distribuição de Equipamento de Apoio";"600073";"2025.3.18.18401.417.1399.600073.6";"0,00";"4000000,00";"2390994,12";"2390994,12";"2390994,12"
"2023";"Secretaria de Cultura";"SECULT";"Assessoria de Planejamento e Gestão - SECULT";"APG";"ME";"27510007";"2020 ";" Waldenor Perei";"Apoio às Filarmônicas";"600002";"2023.3.22.22101.302.3696.600002.6";"0,00";"100000,00";"100000,00";"100000,00";"100000,00"
"2022";"Secretaria do Trabalho, Emprego, Renda e Esporte";"SETRE";"Assessoria de Planejamento e Gestão - SETRE";"APG";"ME";"13390008";"2021 ";" Daniel Almeida";"Apoio a Geração de Trabalho e Renda";"600004";"2022.3.21.21101.308.5917.600004.6";"0,00";"279292,00";"246233,30";"246233,30";"246233,30"
"2022";"Secretaria do Trabalho, Emprego, Renda e Esporte";"SETRE";"Superintendência dos Desportos do Estado da Bahia";"SUDESB";"ME";"41900003";"2021 ";" Joseildo Ramos";"Promoção de Atividade de Esporte";"600019";"2022.3.21.21301.308.5793.600019.6";"0,00";"100000,00";"77704,00";"77704,00";"77704,00"
"2026";"Secretaria de Desenvolvimento Urbano";"SEDUR";"Assessoria de Planejamento e Gestão - SEDUR";"APG";"MF";"27510008";"2023";" Waldenor Preira";"Implantação de Infraestrutura Viária";"600042";"2026.3.26.26101.419.1162.600042.6";"0,00";"1222321,00";"0,00";"0,00";"0,00"
"2025";"Secretaria de Turismo";"SETUR";"Assessoria de Planejamento e Gestão - SETUR";"APG";"MF";"13310007";"2024 ";" Alice Portugal";"Apoio à Realização de Evento";"600060";"2025.3.32.32101.411.3701.600060.6";"0,00";"1100000,00";"1100000,00";"1050000,00";"1050000,00"
"2023";"Secretaria do Trabalho, Emprego, Renda e Esporte";"SETRE";"Assessoria de Planejamento e Gestão - SETRE";"APG";"ME";"36940021";"2020 ";" Jorge Solla";"Apoio a Geração de Trabalho e Renda";"600000";"2023.3.21.21101.308.5917.600000.6";"0,00";"100000,00";"0,00";"0,00";"0,00"
"2023";"Secretaria do Trabalho, Emprego, Renda e Esporte";"SETRE";"Superintendência dos Desportos do Estado da Bahia";"SUDESB";"ME";"40720003";"2021 ";" Tito";"Construção de Equipamento";"600013";"2023.3.21.21301.305.7882.600013.6";"0,00";"73472,00";"0,00";"0,00";"0,00"
"2026";"Secretaria de Cultura";"SECULT";"Instituto do Patrimônio Artístico e Cultural da Bahia";"IPAC";"MF";"27500003";"2024 ";" Valmir Assunçã";"Conservação de Bens Imóveis Protegidos";"600067";"2026.3.22.22301.407.1251.600067.6";"0,00";"250000,00";"0,00";"0,00";"0,00"
"2025";"Secretaria do Trabalho, Emprego, Renda e Esporte";"SETRE";"Assessoria de Planejamento e Gestão - SETRE";"APG";"MF";"36940011";"2024 ";" Jorge Solla";"Apoio a Geração de Trabalho e Renda";"600066";"2025.3.21.21101.413.5917.600066.6";"0,00";"300000,00";"0,00";"0,00";"0,00"
"2025";"Secretaria de Turismo";"SETUR";"Assessoria de Planejamento e Gestão - SETUR";"APG";"MTUR";"09032025-077148 ";"";" 2025";"Apoio à Realização de Evento";"600102";"2025.3.32.32101.411.3701.600102.6";"0,00";"792000,00";"0,00";"0,00";"0,00"
"2021";"Secretaria de Infraestrutura";"SEINFRA";"Superintendência de Infraestrutura de Transportes da Bahia";"SIT";"ME";"35680004";"2021 ";" Paulo Magalhãe";"Recuperação de Acesso";"600017";"2021.3.24.24801.309.7911.600017.6";"0,00";"2000000,00";"0,00";"0,00";"0,00"
"2024";"Secretaria de Políticas para as Mulheres";"SPM";"Assessoria de Planejamento e Gestão - SPM";"APG";"ME";"24680005";"2021 ";" Lídice da Mata";"Apoio a Projeto";"600005";"2024.3.34.34101.430.5558.600005.6";"0,00";"130000,00";"0,00";"0,00";"0,00"
"2024";"Secretaria da Educação";"SEC";"Assessoria de Planejamento e Gestão - SEC";"APG";"ME";"91910007";"2021 ";" Zé Neto";"Aparelhamento de Unidade Escolar";"600020";"2024.3.11.11101.425.7744.600020.6";"0,00";"34750,00";"0,00";"0,00";"0,00"
"2021";"Secretaria de Justiça, Direitos Humanos e Desenvolvimento Social";"SJDHDS";"Fundação da Criança e do Adolescente";"FUNDAC";"ME";"27510007";"2020 ";" Waldenor Perei";"Funcionamento de Unidade de Atendimento";"600002";"2021.3.12.12201.300.4365.600002.6";"0,00";"272803,00";"112589,01";"112589,01";"112589,01"
"2025";"Secretaria de Desenvolvimento Rural";"SDR";"Companhia de Desenvolvimento e Ação Regional";"CAR";"MDA";"09032025-2-087386";"";"2025";"Distribuição de Equipamento de Apoio";"600157";"2025.3.18.18401.417.1399.600157.6";"0,00";"0,00";"0,00";"0,00";"0,00"
"2026";"Secretaria de Justiça e Direitos Humanos";"SJDH";"Assessoria de Planejamento e Gestão - SJDH";"APG";"MGISP";"41660002";"2023";"Pastor Isidório";"Apoio Técnico e Financeiro a Entidade";"600054";"2026.3.38.38101.400.2170.600054.6";"0,00";"2399184,00";"0,00";"0,00";"0,00"
"2024";"Secretaria do Trabalho, Emprego, Renda e Esporte";"SETRE";"Assessoria de Planejamento e Gestão - SETRE";"APG";"ME";"41280009";"2021 ";" Raimundo Costa";"Construção de Equipamento";"600014";"2024.3.21.21101.414.7882.600014.6";"0,00";"150000,00";"0,00";"0,00";"0,00"
"2023";"Secretaria de Desenvolvimento Urbano";"SEDUR";"Assessoria de Planejamento e Gestão - SEDUR";"APG";"ME";"91910007";"2021 ";" Zé Neto";"Implantação de Infraestrutura Viária";"600020";"2023.3.26.26101.305.1162.600020.6";"0,00";"1500000,00";"0,00";"0,00";"0,00"
"2025";"Secretaria de Desenvolvimento Urbano";"SEDUR";"Assessoria de Planejamento e Gestão - SEDUR";"APG";"MF";"91919910";"2024";" zé Neto";"Implantação de Equipamento Urbano";"600057";"2025.3.26.26101.419.1158.600057.6";"0,00";"300000,00";"0,00";"0,00";"0,00"
"2025";"Secretaria de Desenvolvimento Urbano";"SEDUR";"Assessoria de Planejamento e Gestão - SEDUR";"APG";"MF";"91919910";"2024";" zé Neto";"Implantação de Infraestrutura Viária";"600057";"2025.3.26.26101.419.1162.600057.6";"0,00";"5700000,00";"0,00";"0,00";"0,00"
"2023";"Secretaria de Desenvolvimento Rural";"SDR";"Companhia de Desenvolvimento e Ação Regional";"CAR";"ME";"13390001";"2020 ";" Daniel Almeida";"Distribuição de Equipamento de Apoio";"600001";"2023.3.18.18401.304.1399.600001.6";"0,00";"7678,00";"0,00";"0,00";"0,00"
"2021";"Secretaria do Trabalho, Emprego, Renda e Esporte";"SETRE";"Superintendência dos Desportos do Estado da Bahia";"SUDESB";"ME";"91910007";"2021 ";" Zé Neto";"Construção de Equipamento";"600020";"2021.3.21.21301.305.7882.600020.6";"0,00";"300000,00";"0,00";"0,00";"0,00"
"2024";"Secretaria do Trabalho, Emprego, Renda e Esporte";"SETRE";"Assessoria de Planejamento e Gestão - SETRE";"APG";"MGISP";"13390011";"2023 ";" Daniel Almeida";"Assistência Técnica a Empreendimento";"600039";"2024.3.21.21101.413.6672.600039.6";"0,00";"1003363,00";"1000000,00";"1000000,00";"1000000,00"
"2025";"Secretaria de Justiça e Direitos Humanos";"SJDH";"Assessoria de Planejamento e Gestão - SJDH";"APG";"MF";"13390020";"2024 ";" Daniel Almeid";"Promoção, Proteção e Defesa dos Direitos";"600063";"2025.3.38.38101.401.3285.600063.6";"0,00";"300000,00";"0,00";"0,00";"0,00"
"2025";"Secretaria da Educação";"SEC";"Universidade Estadual do Sudoeste da Bahia";"UESB";"ME";"24680012";"2022 ";" Lídice da Mata";"Infraestrutura em Unidade Universitária";"600031";"2025.3.11.11302.424.7867.600031.6";"0,00";"45000,00";"28012,00";"28012,00";"28012,00"
"2025";"Secretaria de Desenvolvimento Urbano";"SEDUR";"Assessoria de Planejamento e Gestão - SEDUR";"APG";"MC";"09032025-076695";"";"2025";"Implantação de Infraestrutura Viária";"600081";"2025.3.26.26101.419.1162.600081.6";"0,00";"12307410,00";"0,00";"0,00";"0,00"
"2024";"Secretaria de Desenvolvimento Urbano";"SEDUR";"Companhia de Desenvolvimento Urbano do Estado da Bahia";"CONDER";"ME";"91910004";"2022 ";" Zé Neto";"Requalificação de Equipamento Urbano";"600038";"2024.3.26.26401.419.5183.600038.6";"0,00";"1800000,00";"963749,62";"813749,62";"813749,62"
"2025";"Secretaria de Políticas para as Mulheres";"SPM";"Assessoria de Planejamento e Gestão - SPM";"APG";"ME";"13310004";"2022 ";" Alice Portugal";"Apoio a Instituição de Participação Soci";"600027";"2025.3.34.34101.430.4239.600027.6";"0,00";"100000,00";"92333,33";"92333,33";"0,00"
"2025";"Secretaria de Desenvolvimento Urbano";"SEDUR";"Companhia de Desenvolvimento Urbano do Estado da Bahia";"CONDER";"MF";"91910001";"2023";" Zé Neto";"Implantação de Infraestrutura Viária";"600056";"2025.3.26.26401.419.1162.600056.6";"0,00";"1636272,00";"1636272,00";"1636272,00";"1636272,00"
"2023";"Secretaria de Ciência, Tecnologia e Inovação";"SECTI";"Assessoria de Planejamento e Gestão - SECTI";"APG";"MAPA";"36940005";"2022 ";" Jorge Solla";"Implantação de Infraestrutura de Wi-Fi";"600036";"2023.3.28.28101.301.7917.600036.6";"0,00";"300000,00";"250513,02";"250513,02";"250513,02"
"2026";"Secretaria de Desenvolvimento Rural";"SDR";"Companhia de Desenvolvimento e Ação Regional";"CAR";"MF";"91919910";"2024";" zé Neto";"Distribuição de Equipamento de Apoio";"600057";"2026.3.18.18401.417.1399.600057.6";"0,00";"492956,00";"410058,70";"410058,70";"410058,70"
"2021";"Secretaria do Trabalho, Emprego, Renda e Esporte";"SETRE";"Assessoria de Planejamento e Gestão - SETRE";"APG";"ME";"41280009";"2021 ";" Raimundo Costa";"Construção de Equipamento";"600014";"2021.3.21.21101.305.7882.600014.6";"0,00";"150000,00";"0,00";"0,00";"0,00"
"2021";"Secretaria de Desenvolvimento Rural";"SDR";"Companhia de Desenvolvimento e Ação Regional";"CAR";"ME";"30510014";"2021 ";" Bacelar";"Implantação de Projeto de Apoio";"600012";"2021.3.18.18401.304.1926.600012.6";"0,00";"300000,00";"0,00";"0,00";"0,00"
"2023";"Secretaria do Trabalho, Emprego, Renda e Esporte";"SETRE";"Superintendência dos Desportos do Estado da Bahia";"SUDESB";"ME";"41900003";"2021 ";" Joseildo Ramos";"Promoção de Atividade de Esporte";"600019";"2023.3.21.21301.303.5779.600019.6";"0,00";"22296,00";"22296,00";"22296,00";"22296,00"
"2024";"Secretaria de Ciência, Tecnologia e Inovação";"SECTI";"Assessoria de Planejamento e Gestão - SECTI";"APG";"MGISP";"24680011";"2023 ";" Lídice da Mata";"Apoio à Produção de Conteúdo Audiovisual";"600046";"2024.3.28.28101.405.5253.600046.6";"0,00";"150000,00";"0,00";"0,00";"0,00"
"2023";"Secretaria de Desenvolvimento Urbano";"SEDUR";"Assessoria de Planejamento e Gestão - SEDUR";"APG";"MGISP";"36940005";"2023 ";" Jorge Solla";"Implantação de Infraestrutura Viária";"600053";"2023.3.26.26101.305.1162.600053.6";"0,00";"4100000,00";"495808,73";"365808,73";"365808,73"
"2026";"Secretaria da Agricultura, Pecuária, Irrigação, Pesca e Aquicultura";"SEAGRI";"Assessoria de Planejamento e Gestão - SEAGRI";"APG";"MPA";"09032025-2-087387";"";"2025";"Distribuição de Equipamentos de Pesca";"600159";"2026.3.10.10101.417.5916.600159.6";"0,00";"275220,00";"0,00";"0,00";"0,00"
"2024";"Secretaria de Turismo";"SETUR";"Assessoria de Planejamento e Gestão - SETUR";"APG";"MF";"36940011";"2024 ";" Jorge Solla";"Apoio à Realização de Evento";"600066";"2024.3.32.32101.411.3701.600066.6";"0,00";"500000,00";"500000,00";"500000,00";"500000,00"
"2024";"Secretaria de Turismo";"SETUR";"Superintendência de Fomento ao Turismo do Estado da Bahia";"SUFOTUR";"MF";"13390020";"2024 ";" Daniel Almeid";"Apoio a Evento de Interesse Turístico";"600063";"2024.3.32.32802.411.5893.600063.6";"0,00";"200000,00";"200000,00";"0,00";"0,00"
"2020";"Secretaria de Políticas para as Mulheres";"SPM";"Assessoria de Planejamento e Gestão - SPM";"APG";"Ministério da Economia";"27510007";"2020";"Não Informado";"Realização de Caravana";"600002";"2020.3.34.34101.311.5550.600002.6";"0,00";"100000,00";"0,00";"0,00";"0,00"
"2026";"Secretaria de Justiça e Direitos Humanos";"SJDH";"Assessoria de Planejamento e Gestão - SJDH";"APG";"MF";"41660001";"2024";" Pastor Isidório";"Aparelhamento de Unidade do Poder Execut";"600062";"2026.3.38.38101.446.3194.600062.6";"0,00";"956644,00";"0,00";"0,00";"0,00"
"2021";"Secretaria de Desenvolvimento Rural";"SDR";"Companhia de Desenvolvimento e Ação Regional";"CAR";"ME";"41900003";"2021 ";" Joseildo Ramos";"Apoio à Comercialização Produção Rural";"600019";"2021.3.18.18401.304.7838.600019.6";"0,00";"1100000,00";"0,00";"0,00";"0,00"
"2024";"Secretaria de Justiça e Direitos Humanos";"SJDH";"Assessoria de Planejamento e Gestão - SJDH";"APG";"MGISP";"24680011";"2023 ";" Lídice da Mata";"Apoio Técnico e Financeiro a Entidade";"600046";"2024.3.38.38101.400.2170.600046.6";"0,00";"360000,00";"260000,00";"260000,00";"260000,00"
"2022";"Secretaria da Agricultura, Pecuária, Irrigação, Pesca e Aquicultura";"SEAGRI";"Assessoria de Planejamento e Gestão - SEAGRI";"APG";"ME";"36940021";"2020 ";" Jorge Solla";"Distribuição de Equipamento";"600000";"2022.3.10.10101.304.7385.600000.6";"0,00";"360000,00";"360000,00";"360000,00";"360000,00"
"2025";"Secretaria de Políticas para as Mulheres";"SPM";"Assessoria de Planejamento e Gestão - SPM";"APG";"MF";"28710017";"2024 ";" Afonso Florenc";"Apoio a Instituição de Participação Soci";"600073";"2025.3.34.34101.430.4239.600073.6";"0,00";"700000,00";"646333,31";"0,00";"0,00"
"2025";"Secretaria de Turismo";"SETUR";"Assessoria de Planejamento e Gestão - SETUR";"APG";"MF";"09032025-076331";"";"2025";"Apoio à Realização de Evento";"600154";"2025.3.32.32101.411.3701.600154.6";"0,00";"990000,00";"990000,00";"990000,00";"985000,00"
"2026";"Secretaria da Educação";"SEC";"Assessoria de Planejamento e Gestão - SEC";"APG";"ME";"91910007";"2021 ";" Zé Neto";"Aparelhamento de Unidade Escolar";"600020";"2026.3.11.11101.425.7744.600020.6";"0,00";"34750,00";"0,00";"0,00";"0,00"
"2024";"Secretaria do Trabalho, Emprego, Renda e Esporte";"SETRE";"Superintendência dos Desportos do Estado da Bahia";"SUDESB";"MF";"91910001";"2023";" Zé Neto";"Requalificação de Equipamento Esportivo";"600056";"2024.3.21.21301.414.1009.600056.6";"0,00";"2000000,00";"0,00";"0,00";"0,00"
"2025";"Secretaria de Justiça e Direitos Humanos";"SJDH";"Assessoria de Planejamento e Gestão - SJDH";"APG";"MF";"27510001";"2024";"Waldenor Pereira";"Apoio ao Neojibá";"600059";"2025.3.38.38101.400.6953.600059.6";"0,00";"200000,00";"200000,00";"200000,00";"200000,00"
"2026";"Secretaria de Desenvolvimento Rural";"SDR";"Assessoria de Planejamento e Gestão - SDR";"APG";"ME";"91910004";"2022 ";" Zé Neto";"Implantação de Projeto de Apoio";"600038";"2026.3.18.18101.417.1926.600038.6";"0,00";"83068,00";"82000,00";"82000,00";"82000,00"
"2023";"Secretaria de Cultura";"SECULT";"Assessoria de Planejamento e Gestão - SECULT";"APG";"ME";"30510006";"2022 ";" Bacelar";"Requalificação de Equipamento Cultural";"600034";"2023.3.22.22101.302.7857.600034.6";"0,00";"100000,00";"0,00";"0,00";"0,00"
"2025";"Secretaria de Turismo";"SETUR";"Assessoria de Planejamento e Gestão - SETUR";"APG";"MTUR";"09032025-2-087124";"";"2025";"Apoio à Realização de Evento";"600166";"2025.3.32.32101.411.3701.600166.6";"0,00";"270763,00";"0,00";"0,00";"0,00"
"2025";"Secretaria de Desenvolvimento Rural";"SDR";"Assessoria de Planejamento e Gestão - SDR";"APG";"MF";"27510001";"2024";"Waldenor Pereira";"Distribuição de Equipamento de Apoio";"600059";"2025.3.18.18101.417.1399.600059.6";"0,00";"49999,00";"0,00";"0,00";"0,00"
"2025";"Secretaria de Desenvolvimento Rural";"SDR";"Assessoria de Planejamento e Gestão - SDR";"APG";"MDA";"09032025-076982 ";"";" 2025";"Distribuição de Equipamento de Apoio";"600089";"2025.3.18.18101.417.1399.600089.6";"0,00";"3465000,00";"386931,81";"386931,81";"386931,81"
"2023";"Secretaria da Educação";"SEC";"Universidade Estadual do Sudoeste da Bahia";"UESB";"ME";"27510004";"2021 ";" Waldenor Perei";"Construção de Espaço Físico";"600009";"2023.3.11.11302.306.7863.600009.6";"0,00";"0,00";"0,00";"0,00";"0,00"
"2024";"Secretaria do Trabalho, Emprego, Renda e Esporte";"SETRE";"Superintendência dos Desportos do Estado da Bahia";"SUDESB";"MF";"41900001";"2023";" Joseildo Ramos";"Promoção de Atividade de Esporte";"600050";"2024.3.21.21301.414.5779.600050.6";"0,00";"20000,00";"20000,00";"20000,00";"20000,00"
"2025";"Secretaria do Trabalho, Emprego, Renda e Esporte";"SETRE";"Superintendência dos Desportos do Estado da Bahia";"SUDESB";"MF";"13310007";"2024 ";" Alice Portugal";"Promoção de Atividade de Esporte";"600060";"2025.3.21.21301.414.5779.600060.6";"0,00";"420000,00";"420000,00";"420000,00";"420000,00"
"2025";"Secretaria do Trabalho, Emprego, Renda e Esporte";"SETRE";"Superintendência dos Desportos do Estado da Bahia";"SUDESB";"ME";"40720003";"2021 ";" Tito";"Requalificação de Equipamento Esportivo";"600013";"2025.3.21.21301.414.1009.600013.6";"0,00";"182243,00";"0,00";"0,00";"0,00"
"2020";"Secretaria da Segurança Pública";"SSP";"Departamento de Polícia Técnica";"DPT";"Ministério da Economia";"27510007";"2020";"Não Informado";"Reforma de Unidade do Sistema";"600002";"2020.3.20.20102.314.7880.600002.6";"0,00";"50000,00";"0,00";"0,00";"0,00"
"2024";"Secretaria da Agricultura, Pecuária, Irrigação, Pesca e Aquicultura";"SEAGRI";"Bahia Pesca S/A";"BAHIAPESCA";"ME";"24680012";"2022 ";" Lídice da Mata";"Distribuição de Equipamentos de Pesca";"600031";"2024.3.10.10501.417.5916.600031.6";"0,00";"500000,00";"495369,60";"449400,00";"449400,00"
"2020";"Secretaria de Desenvolvimento Rural";"SDR";"Companhia de Desenvolvimento e Ação Regional";"CAR";"Ministério da Economia";"13390001";"2020";"Não Informado";"Distribuição de Equipamento de Apoio";"600001";"2020.3.18.18401.304.1399.600001.6";"0,00";"350000,00";"275026,30";"275026,30";"275026,30"
"2023";"Secretaria de Cultura";"SECULT";"Fundação Pedro Calmon - Centro de Memória e Arquivo Público da Bahia";"FPC-AP";"ME";"27510007";"2020 ";" Waldenor Perei";"Realização de Evento Artístico-Cultural";"600002";"2023.3.22.22202.302.7986.600002.6";"0,00";"0,00";"0,00";"0,00";"0,00"
"2021";"Secretaria do Trabalho, Emprego, Renda e Esporte";"SETRE";"Superintendência dos Desportos do Estado da Bahia";"SUDESB";"ME";"13310003";"2021 ";" Alice Portugal";"Construção de Equipamento";"600003";"2021.3.21.21301.305.7882.600003.6";"0,00";"1000000,00";"0,00";"0,00";"0,00"
"2022";"Secretaria do Trabalho, Emprego, Renda e Esporte";"SETRE";"Superintendência dos Desportos do Estado da Bahia";"SUDESB";"ME";"40720004";"2021 ";" Tito";"Construção de Equipamento";"600021";"2022.3.21.21301.305.7882.600021.6";"0,00";"0,00";"0,00";"0,00";"0,00"
"2023";"Secretaria do Trabalho, Emprego, Renda e Esporte";"SETRE";"Superintendência dos Desportos do Estado da Bahia";"SUDESB";"MF";"27510008";"2023";" Waldenor Preira";"Construção de Equipamento";"600042";"2023.3.21.21301.305.7882.600042.6";"0,00";"79146,00";"0,00";"0,00";"0,00"
"2022";"Secretaria de Desenvolvimento Rural";"SDR";"Companhia de Desenvolvimento e Ação Regional";"CAR";"ME";"40720003";"2021 ";" Tito";"Implantação de Infraestrutura Hídrica";"600013";"2022.3.18.18401.312.5040.600013.6";"0,00";"1000000,00";"1000000,00";"1000000,00";"1000000,00"
"2022";"Secretaria do Trabalho, Emprego, Renda e Esporte";"SETRE";"Superintendência dos Desportos do Estado da Bahia";"SUDESB";"MAPA";"36940005";"2022 ";" Jorge Solla";"Implementação de Núcleo de Iniciação";"600036";"2022.3.21.21301.314.4565.600036.6";"0,00";"500000,00";"500000,00";"500000,00";"0,00"
"2022";"Secretaria de Justiça, Direitos Humanos e Desenvolvimento Social";"SJDHDS";"Fundação da Criança e do Adolescente";"FUNDAC";"ME";"27510007";"2020 ";" Waldenor Perei";"Funcionamento de Unidade de Atendimento";"600002";"2022.3.12.12201.300.4365.600002.6";"0,00";"60202,00";"0,00";"0,00";"0,00"
"2023";"Secretaria de Desenvolvimento Rural";"SDR";"Companhia de Desenvolvimento e Ação Regional";"CAR";"ME";"13390008";"2021 ";" Daniel Almeida";"Apoio a Evento da Agricultura Familiar";"600004";"2023.3.18.18401.304.7988.600004.6";"0,00";"100000,00";"0,00";"0,00";"0,00"
"2023";"Secretaria de Cultura";"SECULT";"Assessoria de Planejamento e Gestão - SECULT";"APG";"ME";"24680005";"2021 ";" Lídice da Mata";"Apoio à Realização de Evento Cultural";"600005";"2023.3.22.22101.302.7980.600005.6";"0,00";"86000,00";"36000,00";"36000,00";"36000,00"
"2024";"Secretaria do Trabalho, Emprego, Renda e Esporte";"SETRE";"Assessoria de Planejamento e Gestão - SETRE";"APG";"ME";"24680005";"2021 ";" Lídice da Mata";"Capacitação Social e Profissional";"600005";"2024.3.21.21101.412.1793.600005.6";"0,00";"60000,00";"60000,00";"60000,00";"60000,00"
"2026";"Secretaria de Turismo";"SETUR";"Superintendência de Fomento ao Turismo do Estado da Bahia";"SUFOTUR";"MTUR";"";"MTUR/09032025";"2-085849SUFOTUR";"Apoio a Evento de Interesse Turístico";"600172";"2026.3.32.32802.411.5893.600172.6";"0,00";"300000,00";"0,00";"0,00";"0,00"
"2025";"Secretaria da Agricultura, Pecuária, Irrigação, Pesca e Aquicultura";"SEAGRI";"Assessoria de Planejamento e Gestão - SEAGRI";"APG";"MTUR";"";"MTUR/09032025";"2-085766SEAGRI";"Apoio a Evento para Atração de Investime";"600169";"2025.3.10.10101.417.3044.600169.6";"0,00";"1000000,00";"0,00";"0,00";"0,00"
"2026";"Secretaria de Desenvolvimento Rural";"SDR";"Assessoria de Planejamento e Gestão - SDR";"APG";"MF";"13390020";"2024 ";" Daniel Almeid";"Ampliação e Renovação Frota de Veículos";"600063";"2026.3.18.18101.446.7850.600063.6";"0,00";"0,00";"0,00";"0,00";"0,00"
"2025";"Secretaria de Turismo";"SETUR";"Superintendência de Fomento ao Turismo do Estado da Bahia";"SUFOTUR";"MF";"13390020";"2024 ";" Daniel Almeid";"Apoio a Evento de Interesse Turístico";"600063";"2025.3.32.32802.411.5893.600063.6";"0,00";"100000,00";"100000,00";"100000,00";"100000,00"
"2025";"Secretaria de Desenvolvimento Rural";"SDR";"Assessoria de Planejamento e Gestão - SDR";"APG";"ME";"35680001";"2022 ";" Paulo Magalhãe";"Distribuição de Equipamento de Apoio";"600035";"2025.3.18.18101.417.1399.600035.6";"0,00";"700000,00";"0,00";"0,00";"0,00"
"2026";"Secretaria de Assistência e Desenvolvimento Social";"SEADES";"Assessoria de Planejamento e Gestão - SEADES";"APG";"ME";"91910004";"2022 ";" Zé Neto";"Aparelhamento de Central de Distribuição";"600038";"2026.3.39.39101.403.5445.600038.6";"0,00";"380678,00";"0,00";"0,00";"0,00"
"2024";"Secretaria do Trabalho, Emprego, Renda e Esporte";"SETRE";"Superintendência dos Desportos do Estado da Bahia";"SUDESB";"MF";"36940011";"2024 ";" Jorge Solla";"Promoção de Atividade de Esporte";"600066";"2024.3.21.21301.414.5793.600066.6";"0,00";"206507,00";"206500,00";"206500,00";"206500,00"
"2026";"Secretaria da Agricultura, Pecuária, Irrigação, Pesca e Aquicultura";"SEAGRI";"Assessoria de Planejamento e Gestão - SEAGRI";"APG";"MF";"09032025-077444";"";"2025";"Distribuição de Equipamentos de Pesca";"600111";"2026.3.10.10101.417.5916.600111.6";"0,00";"247894,00";"47463,60";"47463,60";"0,00"
"2023";"Secretaria da Agricultura, Pecuária, Irrigação, Pesca e Aquicultura";"SEAGRI";"Assessoria de Planejamento e Gestão - SEAGRI";"APG";"MGISP";"41660002";"2023";"Pastor Isidório";"Recuperação de Estrada Vicinal";"600054";"2023.3.10.10101.304.7792.600054.6";"0,00";"3000000,00";"0,00";"0,00";"0,00"
"2025";"Secretaria de Desenvolvimento Rural";"SDR";"Companhia de Desenvolvimento e Ação Regional";"CAR";"MF";"09032025-079308";"";"2025";"Distribuição de Equipamento de Apoio";"600092";"2025.3.18.18401.417.1399.600092.6";"0,00";"0,00";"0,00";"0,00";"0,00"
"2024";"Secretaria de Desenvolvimento Urbano";"SEDUR";"Companhia de Desenvolvimento Urbano do Estado da Bahia";"CONDER";"ME";"27500006";"2022 ";" Valmir Assunçã";"Implantação de Infraestrutura Viária";"600032";"2024.3.26.26401.419.1162.600032.6";"0,00";"700210,00";"0,00";"0,00";"0,00"
"2024";"Secretaria de Infraestrutura";"SEINFRA";"Superintendência de Infraestrutura de Transportes da Bahia";"SIT";"MF";"24710002";"2023";"Sérgio Brito";"Recuperação de Acesso";"600048";"2024.3.24.24801.432.7911.600048.6";"0,00";"6750000,00";"1192395,58";"1192395,58";"1192115,72"
"2020";"Secretaria de Justiça, Direitos Humanos e Desenvolvimento Social";"SJDHDS";"Fundação da Criança e do Adolescente";"FUNDAC";"Ministério da Economia";"27510007";"2020";"Não Informado";"Funcionamento de Unidade de Atendimento";"600002";"2020.3.12.12201.314.4365.600002.6";"0,00";"500000,00";"226196,26";"226196,26";"226196,26"
"2021";"Secretaria da Segurança Pública";"SSP";"Polícia Militar da Bahia";"PM/BA";"ME";"39060005";"2021 ";" Alex Santana";"Aquisição de Equipamento para o Sistema";"600008";"2021.3.20.20801.314.7877.600008.6";"0,00";"50000,00";"49991,21";"0,00";"0,00"
"2024";"Secretaria da Educação";"SEC";"Universidade Estadual do Sudoeste da Bahia";"UESB";"ME";"24680012";"2022 ";" Lídice da Mata";"Infraestrutura em Unidade Universitária";"600031";"2024.3.11.11302.424.7867.600031.6";"0,00";"45000,00";"0,00";"0,00";"0,00"
"2025";"Secretaria de Desenvolvimento Rural";"SDR";"Assessoria de Planejamento e Gestão - SDR";"APG";"MF";"09032025-076272";"";"2025";"Distribuição de Equipamento de Apoio";"600080";"2025.3.18.18101.417.1399.600080.6";"0,00";"1485000,00";"715555,54";"715555,54";"715555,54"
"2021";"Secretaria do Trabalho, Emprego, Renda e Esporte";"SETRE";"Superintendência dos Desportos do Estado da Bahia";"SUDESB";"ME";"13390008";"2021 ";" Daniel Almeida";"Promoção de Atividade de Esporte";"600004";"2021.3.21.21301.308.5793.600004.6";"0,00";"400000,00";"0,00";"0,00";"0,00"
"2025";"Secretaria de Justiça e Direitos Humanos";"SJDH";"Assessoria de Planejamento e Gestão - SJDH";"APG";"MF";"41660001";"2024";" Pastor Isidório";"Apoio Técnico e Financeiro a Entidade";"600062";"2025.3.38.38101.400.2170.600062.6";"0,00";"4750200,00";"217810,33";"0,00";"0,00"
"2025";"Secretaria de Assistência e Desenvolvimento Social";"SEADES";"Fundo Estadual de Assistência Social";"FEAS";"MGISP";"275000005";"2023";"Valmir Assunção";"Apoio ao Município com Cofinanciamento";"600049";"2025.3.39.39601.402.4828.600049.6";"0,00";"0,00";"0,00";"0,00";"0,00"
"2025";"Secretaria da Agricultura, Pecuária, Irrigação, Pesca e Aquicultura";"SEAGRI";"Assessoria de Planejamento e Gestão - SEAGRI";"APG";"ME";"27510007";"2020 ";" Waldenor Perei";"Implantação de Unidade Comercialização";"600002";"2025.3.10.10101.417.7244.600002.6";"0,00";"219300,00";"0,00";"0,00";"0,00"
"2022";"Secretaria da Agricultura, Pecuária, Irrigação, Pesca e Aquicultura";"SEAGRI";"Assessoria de Planejamento e Gestão - SEAGRI";"APG";"ME";"27510006";"2022 ";" Waldenor Perei";"Distribuição de Equipamento";"600025";"2022.3.10.10101.304.7385.600025.6";"0,00";"1000000,00";"1000000,00";"1000000,00";"1000000,00"
"2026";"Secretaria da Educação";"SEC";"Universidade Estadual de Feira de Santana";"UEFS";"ME";"13310004";"2022 ";" Alice Portugal";"Infraestrutura em Unidade Universitária";"600027";"2026.3.11.11303.424.7867.600027.6";"0,00";"28500,00";"0,00";"0,00";"0,00"
"2024";"Secretaria de Turismo";"SETUR";"Superintendência de Fomento ao Turismo do Estado da Bahia";"SUFOTUR";"MF";"40800017";"2023";" Jaques Wagner";"Apoio a Evento de Interesse Turístico";"600052";"2024.3.32.32802.411.5893.600052.6";"0,00";"3000000,00";"2990000,00";"1830000,00";"1825000,00"
"2024";"Secretaria do Trabalho, Emprego, Renda e Esporte";"SETRE";"Superintendência dos Desportos do Estado da Bahia";"SUDESB";"MF";"91910001";"2023";" Zé Neto";"Promoção de Atividade de Esporte";"600056";"2024.3.21.21301.414.5793.600056.6";"0,00";"0,00";"0,00";"0,00";"0,00"
"2024";"Secretaria do Trabalho, Emprego, Renda e Esporte";"SETRE";"Superintendência dos Desportos do Estado da Bahia";"SUDESB";"MF";"43790001";"2024 ";" Gabriel Nunes";"Promoção de Atividade de Esporte";"600076";"2024.3.21.21301.414.5793.600076.6";"0,00";"300000,00";"300000,00";"300000,00";"300000,00"
"2025";"Secretaria da Educação";"SEC";"Universidade Estadual de Feira de Santana";"UEFS";"MF";"40800017";"2023";" Jaques Wagner";"Apoio às Ações de Pesquisa e Iniciação";"600052";"2025.3.11.11303.424.6927.600052.6";"0,00";"500000,00";"19250,00";"19250,00";"19250,00"
"2023";"Secretaria de Cultura";"SECULT";"Instituto do Patrimônio Artístico e Cultural da Bahia";"IPAC";"ME";"30510006";"2022 ";" Bacelar";"Realização de Ação de Salvaguarda";"600034";"2023.3.22.22301.302.5521.600034.6";"0,00";"150000,00";"0,00";"0,00";"0,00"
"2022";"Secretaria de Desenvolvimento Rural";"SDR";"Companhia de Desenvolvimento e Ação Regional";"CAR";"ME";"41280013";"2021 ";" Raimundo Costa";"Implantação de Projeto de Apoio";"600015";"2022.3.18.18401.304.1926.600015.6";"0,00";"100000,00";"0,00";"0,00";"0,00"
"2025";"Secretaria de Desenvolvimento Rural";"SDR";"Companhia de Desenvolvimento e Ação Regional";"CAR";"MF";"13310004";"2024 ";" Alice Portugal";"Distribuição de Equipamento de Apoio";"600058";"2025.3.18.18401.417.1399.600058.6";"0,00";"1000000,00";"648378,45";"648378,45";"648378,45"
"2021";"Secretaria de Desenvolvimento Rural";"SDR";"Companhia de Desenvolvimento e Ação Regional";"CAR";"ME";"13310003";"2021 ";" Alice Portugal";"Distribuição de Equipamento de Apoio";"600003";"2021.3.18.18401.304.1399.600003.6";"0,00";"500000,00";"0,00";"0,00";"0,00"
"2024";"Secretaria de Turismo";"SETUR";"Assessoria de Planejamento e Gestão - SETUR";"APG";"MGISP";"41660002";"2023";"Pastor Isidório";"Apoio à Realização de Evento";"600054";"2024.3.32.32101.411.3701.600054.6";"0,00";"4815509,00";"4792000,00";"4792000,00";"4792000,00"
"2026";"Secretaria de Turismo";"SETUR";"Superintendência de Fomento ao Turismo do Estado da Bahia";"SUFOTUR";"MTUR";"";"MTUR/09032025";"2-085766SUFOTUR";"Apoio a Evento de Interesse Turístico";"600170";"2026.3.32.32802.411.5893.600170.6";"0,00";"435500,00";"150000,00";"0,00";"0,00"
"2021";"Secretaria da Segurança Pública";"SSP";"Departamento de Polícia Técnica";"DPT";"ME";"27510007";"2020 ";" Waldenor Perei";"Aquisição de Equipamento para o Sistema";"600002";"2021.3.20.20102.314.7877.600002.6";"0,00";"50000,00";"38135,26";"38135,26";"38135,26"
"2025";"Secretaria da Agricultura, Pecuária, Irrigação, Pesca e Aquicultura";"SEAGRI";"Assessoria de Planejamento e Gestão - SEAGRI";"APG";"MF";"09032025-079405";"";"2025";"Apoio Evento Aquicultura e Pesca";"600106";"2025.3.10.10101.417.3146.600106.6";"0,00";"198000,00";"0,00";"0,00";"0,00"
"2025";"Secretaria da Segurança Pública";"SSP";"Polícia Militar da Bahia";"PM/BA";"MF";"41280021";"2024";"Raimundo Costa";"Ampliação e Renovação da Frota";"600071";"2025.3.20.20801.437.7873.600071.6";"0,00";"150000,00";"0,00";"0,00";"0,00"
"2021";"Secretaria do Trabalho, Emprego, Renda e Esporte";"SETRE";"Superintendência dos Desportos do Estado da Bahia";"SUDESB";"ME";"41900003";"2021 ";" Joseildo Ramos";"Promoção de Atividade de Esporte";"600019";"2021.3.21.21301.308.5793.600019.6";"0,00";"100000,00";"0,00";"0,00";"0,00"
"2025";"Secretaria de Cultura";"SECULT";"Instituto do Patrimônio Artístico e Cultural da Bahia";"IPAC";"MF";"41280021";"2024";"Raimundo Costa";"Restauração de Bem Imóvel";"600071";"2025.3.22.22301.407.7052.600071.6";"0,00";"500000,00";"500000,00";"500000,00";"500000,00"
"2024";"Secretaria do Trabalho, Emprego, Renda e Esporte";"SETRE";"Assessoria de Planejamento e Gestão - SETRE";"APG";"MGISP";"13310020";"2023 ";" Alice Portugal";"Apoio a Empreendimento Atuante";"600043";"2024.3.21.21101.413.5914.600043.6";"0,00";"900000,00";"0,00";"0,00";"0,00"
"2025";"Secretaria de Justiça e Direitos Humanos";"SJDH";"Assessoria de Planejamento e Gestão - SJDH";"APG";"MF";"24680017";"2024 ";" Lídice da Mata";"Apoio ao Neojibá";"600065";"2025.3.38.38101.400.6953.600065.6";"0,00";"100000,00";"100000,00";"100000,00";"100000,00"
"2022";"Secretaria do Planejamento";"SEPLAN";"Superintendência de Estudos Econômicos e Sociais da Bahia";"SEI";"ME";"40800013";"2021 ";" Jaques Wagner";"Operação do Sistema de Informação";"600011";"2022.3.17.17301.315.2064.600011.6";"0,00";"210000,00";"204256,91";"204256,91";"204256,91"
"2024";"Secretaria de Desenvolvimento Rural";"SDR";"Companhia de Desenvolvimento e Ação Regional";"CAR";"ME";"30510014";"2021 ";" Bacelar";"Implantação de Projeto de Apoio";"600012";"2024.3.18.18401.417.1926.600012.6";"0,00";"0,00";"0,00";"0,00";"0,00"
"2025";"Secretaria de Desenvolvimento Urbano";"SEDUR";"Assessoria de Planejamento e Gestão - SEDUR";"APG";"MF";"36940011";"2024 ";" Jorge Solla";"Implantação de Equipamento Urbano";"600066";"2025.3.26.26101.419.1158.600066.6";"0,00";"350000,00";"0,00";"0,00";"0,00"
"2025";"Secretaria do Trabalho, Emprego, Renda e Esporte";"SETRE";"Assessoria de Planejamento e Gestão - SETRE";"APG";"ME";"13310004";"2022 ";" Alice Portugal";"Apoio a Geração de Trabalho e Renda";"600027";"2025.3.21.21101.413.5917.600027.6";"0,00";"155743,00";"0,00";"0,00";"0,00"
"2026";"Secretaria de Desenvolvimento Urbano";"SEDUR";"Assessoria de Planejamento e Gestão - SEDUR";"APG";"MF";"36940011";"2024 ";" Jorge Solla";"Implantação de Equipamento Urbano";"600066";"2026.3.26.26101.419.1158.600066.6";"0,00";"350000,00";"0,00";"0,00";"0,00"
"2026";"Secretaria da Agricultura, Pecuária, Irrigação, Pesca e Aquicultura";"SEAGRI";"Assessoria de Planejamento e Gestão - SEAGRI";"APG";"ME";"27510007";"2020 ";" Waldenor Perei";"Implantação de Unidade Comercialização";"600002";"2026.3.10.10101.417.7244.600002.6";"0,00";"219300,00";"0,00";"0,00";"0,00"
"2023";"Secretaria da Agricultura, Pecuária, Irrigação, Pesca e Aquicultura";"SEAGRI";"Assessoria de Planejamento e Gestão - SEAGRI";"APG";"ME";"36940001";"2021 ";" Jorge Solla";"Distribuição de Equipamento";"600006";"2023.3.10.10101.304.7385.600006.6";"0,00";"1700000,00";"1700000,00";"1700000,00";"1700000,00"
"2023";"Secretaria de Justiça e Direitos Humanos";"SJDH";"Assessoria de Planejamento e Gestão - SJDH";"APG";"ME";"24680012";"2022 ";" Lídice da Mata";"Apoio Técnico e Financeiro a Entidade";"600031";"2023.3.38.38101.300.2170.600031.6";"0,00";"100000,00";"0,00";"0,00";"0,00"
"2025";"Secretaria de Desenvolvimento Urbano";"SEDUR";"Assessoria de Planejamento e Gestão - SEDUR";"APG";"ME";"36940001";"2021 ";" Jorge Solla";"Implantação de Infraestrutura Viária";"600006";"2025.3.26.26101.419.1162.600006.6";"0,00";"226079,00";"0,00";"0,00";"0,00"
"2026";"Secretaria de Justiça e Direitos Humanos";"SJDH";"Assessoria de Planejamento e Gestão - SJDH";"APG";"MF";"13390020";"2024 ";" Daniel Almeid";"Promoção, Proteção e Defesa dos Direitos";"600063";"2026.3.38.38101.401.3285.600063.6";"0,00";"300000,00";"0,00";"0,00";"0,00"
"2021";"Secretaria de Desenvolvimento Rural";"SDR";"Companhia de Desenvolvimento e Ação Regional";"CAR";"ME";"36940021";"2020 ";" Jorge Solla";"Implantação de Projeto de Apoio";"600000";"2021.3.18.18401.304.1926.600000.6";"0,00";"100000,00";"0,00";"0,00";"0,00"
"2024";"Secretaria de Desenvolvimento Urbano";"SEDUR";"Companhia de Desenvolvimento Urbano do Estado da Bahia";"CONDER";"MGISP";"13390011";"2023 ";" Daniel Almeida";"Implantação de Infraestrutura Viária";"600039";"2024.3.26.26401.419.1162.600039.6";"0,00";"1900000,00";"432553,04";"352553,04";"352553,04"
"2024";"Secretaria de Ciência, Tecnologia e Inovação";"SECTI";"Assessoria de Planejamento e Gestão - SECTI";"APG";"MGISP";"24680011";"2023 ";" Lídice da Mata";"Implantação de Espaço de Ciência";"600046";"2024.3.28.28101.405.5649.600046.6";"0,00";"250000,00";"0,00";"0,00";"0,00"
"2026";"Secretaria de Assistência e Desenvolvimento Social";"SEADES";"Assessoria de Planejamento e Gestão - SEADES";"APG";"MF";"27500003";"2024 ";" Valmir Assunçã";"Realização de Ações de Cuidado e Redução";"600067";"2026.3.39.39101.404.4183.600067.6";"0,00";"1200000,00";"0,00";"0,00";"0,00"
"2024";"Secretaria do Trabalho, Emprego, Renda e Esporte";"SETRE";"Superintendência dos Desportos do Estado da Bahia";"SUDESB";"ME";"13390008";"2021 ";" Daniel Almeida";"Promoção de Atividade de Esporte";"600004";"2024.3.21.21301.414.5793.600004.6";"0,00";"90632,00";"90631,36";"90631,36";"90631,36"
"2023";"Secretaria de Desenvolvimento Urbano";"SEDUR";"Companhia de Desenvolvimento Urbano do Estado da Bahia";"CONDER";"ME";"91910004";"2022 ";" Zé Neto";"Implantação de Infraestrutura Viária";"600038";"2023.3.26.26401.305.1162.600038.6";"0,00";"700000,00";"0,00";"0,00";"0,00"
"2025";"Secretaria da Agricultura, Pecuária, Irrigação, Pesca e Aquicultura";"SEAGRI";"Bahia Pesca S/A";"BAHIAPESCA";"MF";"40800017";"2023";" Jaques Wagner";"Distribuição de Equipamentos de Pesca";"600052";"2025.3.10.10501.417.5916.600052.6";"0,00";"457846,00";"400202,59";"400202,59";"400202,59"
"2024";"Secretaria de Políticas para as Mulheres";"SPM";"Assessoria de Planejamento e Gestão - SPM";"APG";"MF";"40800017";"2023";" Jaques Wagner";"Ampliação e Renovação Frota de Veículos";"600052";"2024.3.34.34101.446.7850.600052.6";"0,00";"500000,00";"454000,00";"454000,00";"454000,00"
"2025";"Secretaria de Desenvolvimento Rural";"SDR";"Companhia de Desenvolvimento e Ação Regional";"CAR";"MF";"09032025-080434";"";"2025";"Distribuição de Equipamento de Apoio";"600107";"2025.3.18.18401.417.1399.600107.6";"0,00";"0,00";"0,00";"0,00";"0,00"
"2021";"Secretaria do Trabalho, Emprego, Renda e Esporte";"SETRE";"Superintendência dos Desportos do Estado da Bahia";"SUDESB";"ME";"13310003";"2021 ";" Alice Portugal";"Recuperação de Equipamento Esportivo";"600003";"2021.3.21.21301.314.5641.600003.6";"0,00";"200000,00";"0,00";"0,00";"0,00"
"2024";"Secretaria do Trabalho, Emprego, Renda e Esporte";"SETRE";"Superintendência dos Desportos do Estado da Bahia";"SUDESB";"MF";"41900003";"2023";"Joseildo Ramos";"Construção de Equipamento";"600055";"2024.3.21.21301.414.7882.600055.6";"0,00";"1000000,00";"0,00";"0,00";"0,00"
"2022";"Secretaria de Infraestrutura";"SEINFRA";"Superintendência de Infraestrutura de Transportes da Bahia";"SIT";"MAPA";"36940005";"2022 ";" Jorge Solla";"Recuperação de Acesso";"600036";"2022.3.24.24801.309.7911.600036.6";"0,00";"500000,00";"0,00";"0,00";"0,00"
"2024";"Secretaria de Desenvolvimento Urbano";"SEDUR";"Assessoria de Planejamento e Gestão - SEDUR";"APG";"MGISP";"13310020";"2023 ";" Alice Portugal";"Requalificação de Equipamento Urbano";"600043";"2024.3.26.26101.419.5183.600043.6";"0,00";"500000,00";"79025,01";"76739,44";"76739,44"
"2023";"Secretaria de Promoção da Igualdade Racial e dos Povos e Comunidades Tradicionais";"SEPROMI";"Assessoria de Planejamento e Gestão - SEPROMI";"APG";"MGISP";"13390011";"2023 ";" Daniel Almeida";"Apoio Técnico e Financeiro a Projeto";"600039";"2023.3.30.30101.307.5713.600039.6";"0,00";"400000,00";"400000,00";"400000,00";"400000,00"
"2024";"Secretaria da Segurança Pública";"SSP";"Departamento de Polícia Técnica";"DPT";"ME";"36940001";"2021 ";" Jorge Solla";"Reforma de Unidade do Sistema";"600006";"2024.3.20.20102.437.7880.600006.6";"0,00";"300000,00";"300000,00";"0,00";"0,00"
"2023";"Secretaria de Desenvolvimento Urbano";"SEDUR";"Assessoria de Planejamento e Gestão - SEDUR";"APG";"ME";"27510004";"2021 ";" Waldenor Perei";"Implantação de Infraestrutura Viária";"600009";"2023.3.26.26101.305.1162.600009.6";"0,00";"202996,00";"0,00";"0,00";"0,00"
"2025";"Secretaria do Trabalho, Emprego, Renda e Esporte";"SETRE";"Assessoria de Planejamento e Gestão - SETRE";"APG";"ME";"36940001";"2021 ";" Jorge Solla";"Apoio a Geração de Trabalho e Renda";"600006";"2025.3.21.21101.413.5917.600006.6";"0,00";"280000,00";"0,00";"0,00";"0,00"
"2024";"Secretaria de Ciência, Tecnologia e Inovação";"SECTI";"Assessoria de Planejamento e Gestão - SECTI";"APG";"ME";"36940021";"2020 ";" Jorge Solla";"Implantação de Infraestrutura de Wi-Fi";"600000";"2024.3.28.28101.405.7917.600000.6";"0,00";"161991,00";"161991,00";"161991,00";"161991,00"
"2022";"Secretaria da Educação";"SEC";"Universidade Estadual do Sudoeste da Bahia";"UESB";"ME";"24680012";"2022 ";" Lídice da Mata";"Infraestrutura em Unidade Universitária";"600031";"2022.3.11.11302.306.7867.600031.6";"0,00";"45000,00";"0,00";"0,00";"0,00"
"2024";"Secretaria de Justiça e Direitos Humanos";"SJDH";"Assessoria de Planejamento e Gestão - SJDH";"APG";"MGISP";"24680011";"2023 ";" Lídice da Mata";"Apoio ao Neojibá";"600046";"2024.3.38.38101.400.6953.600046.6";"0,00";"100000,00";"100000,00";"100000,00";"100000,00"
"2024";"Secretaria do Trabalho, Emprego, Renda e Esporte";"SETRE";"Superintendência dos Desportos do Estado da Bahia";"SUDESB";"MF";"27510001";"2024";"Waldenor Pereira";"Promoção de Atividade de Esporte";"600059";"2024.3.21.21301.414.5793.600059.6";"0,00";"150000,00";"150000,00";"150000,00";"150000,00"
"2026";"Secretaria de Desenvolvimento Urbano";"SEDUR";"Assessoria de Planejamento e Gestão - SEDUR";"APG";"MGISP";"13310020";"2023 ";" Alice Portugal";"Implantação de Infraestrutura Viária";"600043";"2026.3.26.26101.419.1162.600043.6";"0,00";"308915,00";"0,00";"0,00";"0,00"
"2022";"Secretaria do Trabalho, Emprego, Renda e Esporte";"SETRE";"Superintendência dos Desportos do Estado da Bahia";"SUDESB";"ME";"27510007";"2020 ";" Waldenor Perei";"Promoção de Atividade de Esporte";"600002";"2022.3.21.21301.308.5793.600002.6";"0,00";"15067,00";"15049,50";"15049,50";"15049,50"
"2022";"Secretaria de Promoção da Igualdade Racial";"SEPROMI";"Assessoria de Planejamento e Gestão - SEPROMI";"APG";"ME";"27510007";"2020 ";" Waldenor Perei";"Apoio Técnico e Financeiro a Projeto";"600002";"2022.3.30.30101.307.5713.600002.6";"0,00";"40000,00";"0,00";"0,00";"0,00"
"2025";"Secretaria de Justiça e Direitos Humanos";"SJDH";"Assessoria de Planejamento e Gestão - SJDH";"APG";"ME";"91910004";"2022 ";" Zé Neto";"Apoio ao Neojibá";"600038";"2025.3.38.38101.400.6953.600038.6";"0,00";"99333,00";"99333,00";"99333,00";"99333,00"
"2025";"Secretaria de Desenvolvimento Urbano";"SEDUR";"Companhia de Desenvolvimento Urbano do Estado da Bahia";"CONDER";"MF";"40800017";"2023";" Jaques Wagner";"Implantação de Equipamento Urbano";"600052";"2025.3.26.26401.419.1158.600052.6";"0,00";"1811294,00";"198637,57";"198637,57";"198637,57"
"2022";"Secretaria da Educação";"SEC";"Universidade do Estado da Bahia";"UNEB";"ME";"27510004";"2021 ";" Waldenor Perei";"Educação do Campo e Desenvolvimento";"600009";"2022.3.11.11301.306.4048.600009.6";"0,00";"400000,00";"0,00";"0,00";"0,00"
"2025";"Secretaria de Infraestrutura";"SEINFRA";"Superintendência de Infraestrutura de Transportes da Bahia";"SIT";"MF";"40800020";"2024";"Jaques Wagner";"Intervenção em Estrada Vicinal";"600061";"2025.3.24.24801.432.5138.600061.6";"0,00";"5000000,00";"0,00";"0,00";"0,00"
"2022";"Secretaria do Trabalho, Emprego, Renda e Esporte";"SETRE";"Superintendência dos Desportos do Estado da Bahia";"SUDESB";"MAPA";"36940005";"2022 ";" Jorge Solla";"Recuperação de Equipamento";"600036";"2022.3.21.21301.305.1009.600036.6";"0,00";"500000,00";"0,00";"0,00";"0,00"
"2021";"Secretaria da Segurança Pública";"SSP";"Polícia Militar da Bahia";"PM/BA";"ME";"91910007";"2021 ";" Zé Neto";"Ampliação e Renovação da Frota";"600020";"2021.3.20.20801.314.7873.600020.6";"0,00";"230000,00";"0,00";"0,00";"0,00"
"2023";"Secretaria de Ciência, Tecnologia e Inovação";"SECTI";"Assessoria de Planejamento e Gestão - SECTI";"APG";"ME";"91910007";"2021 ";" Zé Neto";"Implantação de Infraestrutura de Wi-Fi";"600020";"2023.3.28.28101.301.7917.600020.6";"0,00";"150000,00";"0,00";"0,00";"0,00"
"2026";"Secretaria de Promoção da Igualdade Racial e dos Povos e Comunidades Tradicionais";"SEPROMI";"Assessoria de Planejamento e Gestão - SEPROMI";"APG";"ME";"27500003";"2021 ";" Valmir Assunçã";"Apoio Técnico e Financeiro a Projeto";"600007";"2026.3.30.30101.426.3289.600007.6";"0,00";"9714,00";"0,00";"0,00";"0,00"
"2023";"Secretaria da Segurança Pública";"SSP";"Assessoria de Planejamento e Gestão - SSP";"APG";"MGISP";"36940005";"2023 ";" Jorge Solla";"Reforma de Unidade do Sistema";"600053";"2023.3.20.20101.314.7880.600053.6";"0,00";"300000,00";"0,00";"0,00";"0,00"
"2023";"Secretaria da Segurança Pública";"SSP";"Assessoria de Planejamento e Gestão - SSP";"APG";"ME";"36940001";"2021 ";" Jorge Solla";"Reforma de Unidade do Sistema";"600006";"2023.3.20.20101.314.7880.600006.6";"0,00";"300000,00";"0,00";"0,00";"0,00"
"2025";"Secretaria de Assistência e Desenvolvimento Social";"SEADES";"Assessoria de Planejamento e Gestão - SEADES";"APG";"ME";"91910004";"2022 ";" Zé Neto";"Aparelhamento de Central de Distribuição";"600038";"2025.3.39.39101.403.5445.600038.6";"0,00";"380678,00";"0,00";"0,00";"0,00"
"2022";"Secretaria da Educação";"SEC";"Universidade Estadual do Sudoeste da Bahia";"UESB";"ME";"27510004";"2021 ";" Waldenor Perei";"Construção de Espaço Físico";"600009";"2022.3.11.11302.306.7863.600009.6";"0,00";"500000,00";"0,00";"0,00";"0,00"
"2023";"Secretaria de Desenvolvimento Rural";"SDR";"Companhia de Desenvolvimento e Ação Regional";"CAR";"ME";"30510014";"2021 ";" Bacelar";"Implantação de Projeto de Apoio";"600012";"2023.3.18.18401.304.1926.600012.6";"0,00";"300000,00";"0,00";"0,00";"0,00"
"2024";"Secretaria de Cultura";"SECULT";"Instituto do Patrimônio Artístico e Cultural da Bahia";"IPAC";"ME";"27500003";"2021 ";" Valmir Assunçã";"Requalificação de Equipamento Cultural";"600007";"2024.3.22.22301.406.7857.600007.6";"0,00";"500000,00";"0,00";"0,00";"0,00"
"2024";"Secretaria de Desenvolvimento Urbano";"SEDUR";"Companhia de Desenvolvimento Urbano do Estado da Bahia";"CONDER";"ME";"13390010";"2022 ";" Daniel Almeida";"Implantação de Infraestrutura Viária";"600030";"2024.3.26.26401.419.1162.600030.6";"0,00";"1000000,00";"632964,97";"435888,39";"435888,39"
"2023";"Secretaria do Trabalho, Emprego, Renda e Esporte";"SETRE";"Assessoria de Planejamento e Gestão - SETRE";"APG";"ME";"13390008";"2021 ";" Daniel Almeida";"Apoio a Geração de Trabalho e Renda";"600004";"2023.3.21.21101.308.5917.600004.6";"0,00";"33059,00";"0,00";"0,00";"0,00"
"2025";"Secretaria de Desenvolvimento Urbano";"SEDUR";"Assessoria de Planejamento e Gestão - SEDUR";"APG";"ME";"91910007";"2021 ";" Zé Neto";"Implantação de Equipamento Urbano";"600020";"2025.3.26.26101.419.1158.600020.6";"0,00";"1414900,00";"256435,61";"256435,61";"256435,61"
"2021";"Secretaria do Trabalho, Emprego, Renda e Esporte";"SETRE";"Assessoria de Planejamento e Gestão - SETRE";"APG";"ME";"13390008";"2021 ";" Daniel Almeida";"Assistência Técnica a Empreendimento";"600004";"2021.3.21.21101.308.6672.600004.6";"0,00";"179992,00";"0,00";"0,00";"0,00"
"2020";"Secretaria da Educação";"SEC";"Universidade Estadual do Sudoeste da Bahia";"UESB";"Ministério da Economia";"27510007";"2020";"Não Informado";"Assistência ao Estudante Universitário";"600002";"2020.3.11.11302.306.6910.600002.6";"0,00";"300000,00";"296600,00";"296600,00";"296600,00"
"2024";"Secretaria de Justiça e Direitos Humanos";"SJDH";"Assessoria de Planejamento e Gestão - SJDH";"APG";"MF";"40800017";"2023";" Jaques Wagner";"Apoio ao Neojibá";"600052";"2024.3.38.38101.400.6953.600052.6";"0,00";"500000,00";"500000,00";"500000,00";"500000,00"
"2024";"Secretaria de Justiça e Direitos Humanos";"SJDH";"Assessoria de Planejamento e Gestão - SJDH";"APG";"ME";"27510007";"2020 ";" Waldenor Perei";"Apoio Técnico e Financeiro a Entidade";"600002";"2024.3.38.38101.400.2170.600002.6";"0,00";"50000,00";"0,00";"0,00";"0,00"
"2025";"Secretaria de Desenvolvimento Rural";"SDR";"Assessoria de Planejamento e Gestão - SDR";"APG";"ME";"91910004";"2022 ";" Zé Neto";"Implantação de Projeto de Apoio";"600038";"2025.3.18.18101.417.1926.600038.6";"0,00";"82663,00";"0,00";"0,00";"0,00"
"2025";"Secretaria da Segurança Pública";"SSP";"Departamento de Polícia Técnica";"DPT";"MGISP";"36940005";"2023 ";" Jorge Solla";"Reforma de Unidade do Sistema";"600053";"2025.3.20.20102.437.7880.600053.6";"0,00";"171885,00";"144187,65";"144114,43";"144114,43"
"2026";"Secretaria de Desenvolvimento Urbano";"SEDUR";"Assessoria de Planejamento e Gestão - SEDUR";"APG";"MC";"09032025-076695";"";"2025";"Implantação de Infraestrutura Viária";"600081";"2026.3.26.26101.419.1162.600081.6";"0,00";"4711643,00";"0,00";"0,00";"0,00"
"2021";"Secretaria do Planejamento";"SEPLAN";"Superintendência de Estudos Econômicos e Sociais da Bahia";"SEI";"ME";"40800013";"2021 ";" Jaques Wagner";"Operação do Sistema de Informação";"600011";"2021.3.17.17301.315.2064.600011.6";"0,00";"210000,00";"0,00";"0,00";"0,00"
"2026";"Secretaria de Desenvolvimento Rural";"SDR";"Assessoria de Planejamento e Gestão - SDR";"APG";"MF";"09032025-080434";"";"2025";"Distribuição de Equipamento de Apoio";"600107";"2026.3.18.18101.417.1399.600107.6";"0,00";"594000,00";"0,00";"0,00";"0,00"
"2026";"Secretaria de Desenvolvimento Rural";"SDR";"Assessoria de Planejamento e Gestão - SDR";"APG";"MDA";"09032025-077145 ";"";" 2025";"Apoio a Evento da Agricultura Familiar";"600119";"2026.3.18.18101.417.7988.600119.6";"0,00";"157000,00";"0,00";"0,00";"0,00"
"2025";"Secretaria de Desenvolvimento Rural";"SDR";"Companhia de Desenvolvimento e Ação Regional";"CAR";"MAPA";"09032025-077155 ";"";" 2025";"Distribuição de Equipamento de Apoio";"600135";"2025.3.18.18401.417.1399.600135.6";"0,00";"0,00";"0,00";"0,00";"0,00"
"2023";"Secretaria de Justiça e Direitos Humanos";"SJDH";"Assessoria de Planejamento e Gestão - SJDH";"APG";"MF";"27510008";"2023";" Waldenor Preira";"Apoio Técnico e Financeiro a Entidade";"600042";"2023.3.38.38101.300.2170.600042.6";"0,00";"200000,00";"0,00";"0,00";"0,00"
"2022";"Secretaria do Trabalho, Emprego, Renda e Esporte";"SETRE";"Assessoria de Planejamento e Gestão - SETRE";"APG";"ME";"41280009";"2021 ";" Raimundo Costa";"Construção de Equipamento";"600014";"2022.3.21.21101.305.7882.600014.6";"0,00";"150000,00";"0,00";"0,00";"0,00"
"2024";"Secretaria de Cultura";"SECULT";"Instituto do Patrimônio Artístico e Cultural da Bahia";"IPAC";"ME";"13310004";"2022 ";" Alice Portugal";"Restauração de Bem Imóvel";"600027";"2024.3.22.22301.407.7052.600027.6";"0,00";"200000,00";"200000,00";"0,00";"0,00"
"2023";"Secretaria do Trabalho, Emprego, Renda e Esporte";"SETRE";"Superintendência dos Desportos do Estado da Bahia";"SUDESB";"ME";"36940021";"2020 ";" Jorge Solla";"Implementação de Núcleo de Iniciação";"600000";"2023.3.21.21301.314.4565.600000.6";"0,00";"100000,00";"2924,51";"2924,51";"2924,51"
"2026";"Secretaria do Trabalho, Emprego, Renda e Esporte";"SETRE";"Assessoria de Planejamento e Gestão - SETRE";"APG";"MF";"09032025-077445";"";"2025";"Assistência Técnica a Empreendimento";"600097";"2026.3.21.21101.413.6672.600097.6";"0,00";"500000,00";"250000,00";"0,00";"0,00"
"2025";"Secretaria da Educação";"SEC";"Universidade do Estado da Bahia";"UNEB";"MF";"30510005";"2024 ";" Bacelar";"Construção de Espaço Físico";"600075";"2025.3.11.11301.424.7863.600075.6";"0,00";"400000,00";"253223,11";"253223,11";"253223,11"
"2026";"Secretaria da Educação";"SEC";"Assessoria de Planejamento e Gestão - SEC";"APG";"MF";"41900005";"2024";"Joseildo Ramos";"Aparelhamento de Unidade Escolar";"600064";"2026.3.11.11101.425.7744.600064.6";"0,00";"500000,00";"0,00";"0,00";"0,00"
"2023";"Secretaria de Ciência, Tecnologia e Inovação";"SECTI";"Assessoria de Planejamento e Gestão - SECTI";"APG";"ME";"36940021";"2020 ";" Jorge Solla";"Implantação de Infraestrutura de Wi-Fi";"600000";"2023.3.28.28101.301.7917.600000.6";"0,00";"300000,00";"138008,26";"138008,26";"138008,26"
"2024";"Secretaria de Desenvolvimento Rural";"SDR";"Companhia de Desenvolvimento e Ação Regional";"CAR";"MF";"27510008";"2023";" Waldenor Preira";"Implantação de Infraestrutura Hídrica";"600042";"2024.3.18.18401.420.5040.600042.6";"0,00";"1000000,00";"667116,25";"667116,25";"667116,25"
"2024";"Secretaria de Desenvolvimento Rural";"SDR";"Companhia de Desenvolvimento e Ação Regional";"CAR";"ME";"41280013";"2021 ";" Raimundo Costa";"Distribuição de Equipamento de Apoio";"600015";"2024.3.18.18401.417.1399.600015.6";"0,00";"114492,00";"0,00";"0,00";"0,00"
"2021";"Secretaria de Infraestrutura";"SEINFRA";"Superintendência de Infraestrutura de Transportes da Bahia";"SIT";"ME";"36940001";"2021 ";" Jorge Solla";"Recuperação de ponte";"600006";"2021.3.24.24801.309.7886.600006.6";"0,00";"300000,00";"0,00";"0,00";"0,00"
"2025";"Secretaria de Justiça e Direitos Humanos";"SJDH";"Assessoria de Planejamento e Gestão - SJDH";"APG";"MGISP";"24680011";"2023 ";" Lídice da Mata";"Atendimento à População LGBTQIAPN+";"600046";"2025.3.38.38101.400.4196.600046.6";"0,00";"0,00";"0,00";"0,00";"0,00"
"2024";"Secretaria de Políticas para as Mulheres";"SPM";"Assessoria de Planejamento e Gestão - SPM";"APG";"MGISP";"24680011";"2023 ";" Lídice da Mata";"Apoio a Projeto de Empoderamento";"600046";"2024.3.34.34101.430.3229.600046.6";"0,00";"100000,00";"99999,90";"99999,90";"99999,90"
"2022";"Secretaria de Desenvolvimento Rural";"SDR";"Companhia de Desenvolvimento e Ação Regional";"CAR";"ME";"27510004";"2021 ";" Waldenor Perei";"Distribuição de Equipamento de Apoio";"600009";"2022.3.18.18401.304.1399.600009.6";"0,00";"2445000,00";"2444999,96";"2444999,96";"2444999,96"
"2025";"Secretaria da Segurança Pública";"SSP";"Polícia Militar da Bahia";"PM/BA";"ME";"36940001";"2021 ";" Jorge Solla";"Aquisição de Equipamento de Informática";"600006";"2025.3.20.20801.437.7875.600006.6";"0,00";"6459,00";"0,00";"0,00";"0,00"
"2022";"Secretaria do Trabalho, Emprego, Renda e Esporte";"SETRE";"Superintendência dos Desportos do Estado da Bahia";"SUDESB";"ME";"13310003";"2021 ";" Alice Portugal";"Ampliação de Equipamento Esportivo";"600003";"2022.3.21.21301.305.7974.600003.6";"0,00";"0,00";"0,00";"0,00";"0,00"
"2021";"Secretaria de Desenvolvimento Rural";"SDR";"Companhia de Desenvolvimento e Ação Regional";"CAR";"ME";"41280013";"2021 ";" Raimundo Costa";"Assistência Técnica Agropecuária";"600015";"2021.3.18.18401.304.1398.600015.6";"0,00";"550000,00";"0,00";"0,00";"0,00"
"2024";"Secretaria de Turismo";"SETUR";"Superintendência de Fomento ao Turismo do Estado da Bahia";"SUFOTUR";"ME";"27510007";"2020 ";" Waldenor Perei";"Apoio a Evento de Interesse Turístico";"600002";"2024.3.32.32802.411.5893.600002.6";"0,00";"50000,00";"50000,00";"50000,00";"50000,00"
"2022";"Secretaria de Desenvolvimento Urbano";"SEDUR";"Assessoria de Planejamento e Gestão - SEDUR";"APG";"ME";"36940021";"2020 ";" Jorge Solla";"Implantação de Equipamento Urbano";"600000";"2022.3.26.26101.305.1158.600000.6";"0,00";"574495,00";"517820,60";"23618,74";"23618,74"
"2026";"Secretaria de Turismo";"SETUR";"Assessoria de Planejamento e Gestão - SETUR";"APG";"MGISP";"41660002";"2023";"Pastor Isidório";"Apoio à Realização de Evento";"600054";"2026.3.32.32101.411.3701.600054.6";"0,00";"23509,00";"0,00";"0,00";"0,00"
"2026";"Secretaria de Justiça e Direitos Humanos";"SJDH";"Assessoria de Planejamento e Gestão - SJDH";"APG";"MF";"09032025-076332";"";"2025";"Ações de Promoção de Serviços de DH";"600148";"2026.3.38.38101.400.4170.600148.6";"0,00";"929533,00";"556041,43";"556041,43";"556041,43"
"2024";"Secretaria de Promoção da Igualdade Racial e dos Povos e Comunidades Tradicionais";"SEPROMI";"Assessoria de Planejamento e Gestão - SEPROMI";"APG";"MF";"13390020";"2024 ";" Daniel Almeid";"Ações de Visibilidade e Permanência";"600063";"2024.3.30.30101.427.5599.600063.6";"0,00";"100000,00";"100000,00";"100000,00";"100000,00"
"2026";"Secretaria da Segurança Pública";"SSP";"Assessoria de Planejamento e Gestão - SSP";"APG";"Ministério da Justiça e Segurança Publica";"09032025-085019 ";"";" 2025";"Ampliação e Renovação da Frota";"600101";"2026.3.20.20101.437.7873.600101.6";"0,00";"495000,00";"0,00";"0,00";"0,00"
"2023";"Secretaria do Trabalho, Emprego, Renda e Esporte";"SETRE";"Assessoria de Planejamento e Gestão - SETRE";"APG";"MGISP";"13390011";"2023 ";" Daniel Almeida";"Capacitação de Empreendedor Individual";"600039";"2023.3.21.21101.308.5630.600039.6";"0,00";"1003367,00";"0,00";"0,00";"0,00"
"2026";"Secretaria de Cultura";"SECULT";"Fundação Cultural do Estado da Bahia";"FUNCEB";"MF";"27500003";"2024 ";" Valmir Assunçã";"Apoio à Instituição Cultural";"600067";"2026.3.22.22201.406.2314.600067.6";"0,00";"1300000,00";"0,00";"0,00";"0,00"
"2026";"Secretaria de Cultura";"SECULT";"Assessoria de Planejamento e Gestão - SECULT";"APG";"ME";"40800012";"2022 ";" Jaques Wagner";"Apoio à Instituição Cultural";"600028";"2026.3.22.22101.406.2314.600028.6";"0,00";"405631,00";"0,00";"0,00";"0,00"
"2024";"Secretaria do Trabalho, Emprego, Renda e Esporte";"SETRE";"Superintendência dos Desportos do Estado da Bahia";"SUDESB";"ME";"36940001";"2021 ";" Jorge Solla";"Implementação de Núcleo de Iniciação";"600006";"2024.3.21.21301.414.4997.600006.6";"0,00";"200000,00";"200000,00";"200000,00";"200000,00"
"2024";"Secretaria da Agricultura, Pecuária, Irrigação, Pesca e Aquicultura";"SEAGRI";"Assessoria de Planejamento e Gestão - SEAGRI";"APG";"MGISP";"24680011";"2023 ";" Lídice da Mata";"Apoio à Cadeia Produtiva da Agropecuária";"600046";"2024.3.10.10101.417.5657.600046.6";"0,00";"30000,00";"0,00";"0,00";"0,00"
"2025";"Secretaria de Justiça e Direitos Humanos";"SJDH";"Assessoria de Planejamento e Gestão - SJDH";"APG";"MF";"41660001";"2024";" Pastor Isidório";"Ampliação e Renovação Frota de Veículos";"600062";"2025.3.38.38101.446.7850.600062.6";"0,00";"949800,00";"0,00";"0,00";"0,00"
"2023";"Secretaria de Justiça e Direitos Humanos";"SJDH";"Assessoria de Planejamento e Gestão - SJDH";"APG";"ME";"24680005";"2021 ";" Lídice da Mata";"Apoio Técnico e Financeiro a Entidade";"600005";"2023.3.38.38101.300.2170.600005.6";"0,00";"12298,00";"3328,00";"3328,00";"3328,00"
"2023";"Secretaria de Justiça e Direitos Humanos";"SJDH";"Assessoria de Planejamento e Gestão - SJDH";"APG";"MGISP";"24680011";"2023 ";" Lídice da Mata";"Apoio ao Neojibá";"600046";"2023.3.38.38101.300.6953.600046.6";"0,00";"100000,00";"0,00";"0,00";"0,00"
"2026";"Secretaria de Turismo";"SETUR";"Assessoria de Planejamento e Gestão - SETUR";"APG";"MGISP";"30510002";"2023 ";" Bacelar";"Recuperação de Infraestrutura Turística";"600040";"2026.3.32.32101.411.5491.600040.6";"0,00";"2359753,00";"0,00";"0,00";"0,00"
"2025";"Secretaria da Educação";"SEC";"Universidade Estadual de Feira de Santana";"UEFS";"ME";"13310004";"2022 ";" Alice Portugal";"Infraestrutura em Unidade Universitária";"600027";"2025.3.11.11303.424.7867.600027.6";"0,00";"28500,00";"0,00";"0,00";"0,00"
"2025";"Secretaria do Trabalho, Emprego, Renda e Esporte";"SETRE";"Superintendência dos Desportos do Estado da Bahia";"SUDESB";"MGISP";"28710004";"2023";"Afonso Florence";"Apoio a Projeto de Infraestrutura Física";"600051";"2025.3.21.21301.414.7973.600051.6";"0,00";"900000,00";"175304,15";"175304,15";"175304,15"
"2025";"Secretaria do Trabalho, Emprego, Renda e Esporte";"SETRE";"Assessoria de Planejamento e Gestão - SETRE";"APG";"MGISP";"13310020";"2023 ";" Alice Portugal";"Apoio a Empreendimento Atuante";"600043";"2025.3.21.21101.413.5914.600043.6";"0,00";"900000,00";"344959,95";"344959,95";"344959,95"
"2025";"Secretaria da Agricultura, Pecuária, Irrigação, Pesca e Aquicultura";"SEAGRI";"Assessoria de Planejamento e Gestão - SEAGRI";"APG";"MPA";"09032025-2-087388";"";"2025";"Assistência Técnica a Aquicultor";"600161";"2025.3.10.10101.417.6608.600161.6";"0,00";"219780,00";"0,00";"0,00";"0,00"
"2026";"Secretaria da Agricultura, Pecuária, Irrigação, Pesca e Aquicultura";"SEAGRI";"Bahia Pesca S/A";"BAHIAPESCA";"MF";"40800017";"2023";" Jaques Wagner";"Distribuição de Equipamentos de Pesca";"600052";"2026.3.10.10501.417.5916.600052.6";"0,00";"57643,00";"0,00";"0,00";"0,00"
"2025";"Secretaria de Promoção da Igualdade Racial e dos Povos e Comunidades Tradicionais";"SEPROMI";"Assessoria de Planejamento e Gestão - SEPROMI";"APG";"ME";"27500003";"2021 ";" Valmir Assunçã";"Apoio Técnico e Financeiro a Projeto";"600007";"2025.3.30.30101.426.3289.600007.6";"0,00";"9714,00";"0,00";"0,00";"0,00"
"2024";"Secretaria de Desenvolvimento Rural";"SDR";"Companhia de Desenvolvimento e Ação Regional";"CAR";"ME";"27450003";"2022 ";" José Nunes";"Distribuição de Equipamento de Apoio";"600037";"2024.3.18.18401.417.1399.600037.6";"0,00";"604689,00";"604256,13";"604256,13";"604256,13"
"2025";"Secretaria do Trabalho, Emprego, Renda e Esporte";"SETRE";"Superintendência dos Desportos do Estado da Bahia";"SUDESB";"MAPA";"36940005";"2022 ";" Jorge Solla";"Requalificação de Equipamento Esportivo";"600036";"2025.3.21.21301.414.1009.600036.6";"0,00";"364296,00";"346834,46";"346834,46";"346834,46"
"2026";"Secretaria de Justiça e Direitos Humanos";"SJDH";"Assessoria de Planejamento e Gestão - SJDH";"APG";"MF";"09032025-076332";"";"2025";"Apoio Técnico e Financeiro a Entidade";"600148";"2026.3.38.38101.400.2170.600148.6";"0,00";"2068408,00";"0,00";"0,00";"0,00"
"2025";"Secretaria de Cultura";"SECULT";"Assessoria de Planejamento e Gestão - SECULT";"APG";"MF";"24680017";"2024 ";" Lídice da Mata";"Apoio à Instituição Cultural";"600065";"2025.3.22.22101.406.2314.600065.6";"0,00";"820000,00";"0,00";"0,00";"0,00"
"2022";"Secretaria do Trabalho, Emprego, Renda e Esporte";"SETRE";"Superintendência dos Desportos do Estado da Bahia";"SUDESB";"ME";"40720004";"2021 ";" Tito";"Recuperação de Equipamento";"600021";"2022.3.21.21301.305.1009.600021.6";"0,00";"1050000,00";"1050000,00";"663844,84";"656598,71"
"2022";"Secretaria do Trabalho, Emprego, Renda e Esporte";"SETRE";"Assessoria de Planejamento e Gestão - SETRE";"APG";"ME";"13390008";"2021 ";" Daniel Almeida";"Capacitação Social e Profissional";"600004";"2022.3.21.21101.308.1793.600004.6";"0,00";"150000,00";"146880,00";"146880,00";"146880,00"
"2024";"Secretaria de Turismo";"SETUR";"Superintendência de Fomento ao Turismo do Estado da Bahia";"SUFOTUR";"MF";"41660001";"2024";" Pastor Isidório";"Apoio a Evento de Interesse Turístico";"600062";"2024.3.32.32802.411.5893.600062.6";"0,00";"4180737,00";"4180700,00";"2865000,00";"2507500,00"
"2024";"Secretaria de Turismo";"SETUR";"Assessoria de Planejamento e Gestão - SETUR";"APG";"MAPA";"36940005";"2022 ";" Jorge Solla";"Apoio à Realização de Evento";"600036";"2024.3.32.32101.411.3701.600036.6";"0,00";"35999,50";"35999,50";"35999,50";"35999,50"
"2026";"Secretaria do Trabalho, Emprego, Renda e Esporte";"SETRE";"Assessoria de Planejamento e Gestão - SETRE";"APG";"MF";"13310004";"2024 ";" Alice Portugal";"Apoio a Geração de Trabalho e Renda";"600058";"2026.3.21.21101.413.5917.600058.6";"0,00";"550000,00";"311064,00";"311064,00";"311064,00"
"2022";"Secretaria de Desenvolvimento Rural";"SDR";"Companhia de Desenvolvimento e Ação Regional";"CAR";"ME";"36940021";"2020 ";" Jorge Solla";"Implantação de Projeto de Apoio";"600000";"2022.3.18.18401.304.1926.600000.6";"0,00";"100000,00";"0,00";"0,00";"0,00"
"2025";"Secretaria da Segurança Pública";"SSP";"Polícia Militar da Bahia";"PM/BA";"MF";"13310004";"2024 ";" Alice Portugal";"Aquisição de Equipamento para o Sistema";"600058";"2025.3.20.20801.437.7877.600058.6";"0,00";"150000,00";"149913,95";"118073,25";"115339,92"
"2024";"Secretaria de Desenvolvimento Urbano";"SEDUR";"Assessoria de Planejamento e Gestão - SEDUR";"APG";"MF";"91910001";"2023";" Zé Neto";"Implantação de Infraestrutura Viária";"600056";"2024.3.26.26101.419.1162.600056.6";"0,00";"2000000,00";"0,00";"0,00";"0,00"
"2020";"Secretaria de Justiça, Direitos Humanos e Desenvolvimento Social";"SJDHDS";"Assessoria de Planejamento e Gestão - SJDHDS";"APG";"Ministério da Economia";"27510007";"2020";"Não Informado";"Apoio ao Neojibá";"600002";"2020.3.12.12101.300.6953.600002.6";"0,00";"200000,00";"0,00";"0,00";"0,00"
"2024";"Secretaria de Justiça e Direitos Humanos";"SJDH";"Assessoria de Planejamento e Gestão - SJDH";"APG";"ME";"91910004";"2022 ";" Zé Neto";"Apoio ao Neojibá";"600038";"2024.3.38.38101.400.6953.600038.6";"0,00";"499333,00";"400000,00";"400000,00";"400000,00"
"2024";"Secretaria de Turismo";"SETUR";"Assessoria de Planejamento e Gestão - SETUR";"APG";"MF";"13390020";"2024 ";" Daniel Almeid";"Apoio à Realização de Evento";"600063";"2024.3.32.32101.411.3701.600063.6";"0,00";"1050000,00";"693248,00";"693248,00";"693248,00"
"2026";"Secretaria da Educação";"SEC";"Universidade Estadual do Sudoeste da Bahia";"UESB";"ME";"24680012";"2022 ";" Lídice da Mata";"Gestão das Ações de Ensino de Graduação";"600031";"2026.3.11.11302.424.6908.600031.6";"0,00";"33836,00";"0,00";"0,00";"0,00"
"2023";"Secretaria da Educação";"SEC";"Assessoria de Planejamento e Gestão - SEC";"APG";"ME";"24680012";"2022 ";" Lídice da Mata";"Melhoria da Proficiência";"600031";"2023.3.11.11101.306.5266.600031.6";"0,00";"100000,00";"0,00";"0,00";"0,00"
"2022";"Secretaria da Administração";"SAEB";"Departamento Estadual de Trânsito";"DETRAN";"ME";"30510006";"2022 ";" Bacelar";"Implantação de Sinalização de Trânsito";"600034";"2022.3.9.9301.314.3450.600034.6";"0,00";"400000,00";"0,00";"0,00";"0,00"
"2026";"Secretaria de Turismo";"SETUR";"Superintendência de Fomento ao Turismo do Estado da Bahia";"SUFOTUR";"MTUR";"09032025-2-085583 ";"";" 2025";"Apoio a Evento de Interesse Turístico";"600158";"2026.3.32.32802.411.5893.600158.6";"0,00";"5157900,00";"1630000,00";"830000,00";"830000,00"
"2020";"Secretaria de Desenvolvimento Rural";"SDR";"Companhia de Desenvolvimento e Ação Regional";"CAR";"Ministério da Economia";"27510007";"2020";"Não Informado";"Implantação de Infraestrutura Hídrica";"600002";"2020.3.18.18401.312.5040.600002.6";"0,00";"2189159,00";"0,00";"0,00";"0,00"
"2024";"Secretaria de Políticas para as Mulheres";"SPM";"Assessoria de Planejamento e Gestão - SPM";"APG";"ME";"24680005";"2021 ";" Lídice da Mata";"Aparelhamento de Unidade do Poder Execut";"600005";"2024.3.34.34101.446.3194.600005.6";"0,00";"18702,00";"0,00";"0,00";"0,00"
"2025";"Secretaria de Desenvolvimento Rural";"SDR";"Assessoria de Planejamento e Gestão - SDR";"APG";"ME";"30510006";"2022 ";" Bacelar";"Capacitação de Ator Rural";"600034";"2025.3.18.18101.416.7289.600034.6";"0,00";"150000,00";"149940,00";"149940,00";"149940,00"
"2025";"Secretaria do Trabalho, Emprego, Renda e Esporte";"SETRE";"Superintendência dos Desportos do Estado da Bahia";"SUDESB";"MF";"13310007";"2024 ";" Alice Portugal";"Implementação de Núcleo de Iniciação";"600060";"2025.3.21.21301.414.4997.600060.6";"0,00";"200000,00";"200000,00";"200000,00";"200000,00"
"2021";"Secretaria da Educação";"SEC";"Fundo de Assistência Educacional";"FAED";"ME";"27510004";"2021 ";" Waldenor Perei";"Desenvolvimento Ações Socioeducacional";"600009";"2021.3.11.11601.306.2696.600009.6";"0,00";"180000,00";"180000,00";"180000,00";"180000,00"
"2025";"Secretaria de Relações Institucionais";"SERIN";"Assessoria de Planejamento e Gestão - SERIN";"APG";"MF";"24680017";"2024 ";" Lídice da Mata";"Promoção de Caravana Itinerante";"600065";"2025.3.29.29101.440.3362.600065.6";"0,00";"50000,00";"0,00";"0,00";"0,00"
"2026";"Secretaria do Trabalho, Emprego, Renda e Esporte";"SETRE";"Assessoria de Planejamento e Gestão - SETRE";"APG";"MF";"36940011";"2024 ";" Jorge Solla";"Apoio a Geração de Trabalho e Renda";"600066";"2026.3.21.21101.413.5917.600066.6";"0,00";"300000,00";"0,00";"0,00";"0,00"
"2023";"Secretaria de Desenvolvimento Rural";"SDR";"Companhia de Desenvolvimento e Ação Regional";"CAR";"ME";"24680012";"2022 ";" Lídice da Mata";"Distribuição de Equipamento de Apoio";"600031";"2023.3.18.18401.304.1399.600031.6";"0,00";"100005,00";"100005,00";"100005,00";"100005,00"
"2023";"Secretaria da Agricultura, Pecuária, Irrigação, Pesca e Aquicultura";"SEAGRI";"Assessoria de Planejamento e Gestão - SEAGRI";"APG";"MGISP";"41660002";"2023";"Pastor Isidório";"Apoio a Evento para Atração de Investime";"600054";"2023.3.10.10101.304.3044.600054.6";"0,00";"3000000,00";"0,00";"0,00";"0,00"
"2023";"Secretaria da Agricultura, Pecuária, Irrigação, Pesca e Aquicultura";"SEAGRI";"Assessoria de Planejamento e Gestão - SEAGRI";"APG";"ME";"27510007";"2020 ";" Waldenor Perei";"Distribuição de Equipamento";"600002";"2023.3.10.10101.304.7385.600002.6";"0,00";"0,00";"0,00";"0,00";"0,00"
"2022";"Secretaria da Agricultura, Pecuária, Irrigação, Pesca e Aquicultura";"SEAGRI";"Assessoria de Planejamento e Gestão - SEAGRI";"APG";"ME";"40800012";"2022 ";" Jaques Wagner";"Implantação de Módulo Sanitário";"600028";"2022.3.10.10101.312.3066.600028.6";"0,00";"859841,00";"859841,00";"859841,00";"0,00"
"2021";"Secretaria de Desenvolvimento Rural";"SDR";"Companhia de Desenvolvimento e Ação Regional";"CAR";"ME";"13390001";"2020 ";" Daniel Almeida";"Distribuição de Equipamento de Apoio";"600001";"2021.3.18.18401.304.1399.600001.6";"0,00";"74974,00";"465,99";"465,99";"465,99"
"2024";"Secretaria de Desenvolvimento Urbano";"SEDUR";"Companhia de Desenvolvimento Urbano do Estado da Bahia";"CONDER";"MF";"24710002";"2023";"Sérgio Brito";"Implantação de Equipamento Urbano";"600048";"2024.3.26.26401.419.1158.600048.6";"0,00";"500000,00";"0,00";"0,00";"0,00"
"2023";"Secretaria do Trabalho, Emprego, Renda e Esporte";"SETRE";"Superintendência dos Desportos do Estado da Bahia";"SUDESB";"ME";"13310003";"2021 ";" Alice Portugal";"Construção de Equipamento";"600003";"2023.3.21.21301.305.7882.600003.6";"0,00";"464709,00";"0,00";"0,00";"0,00"
"2022";"Secretaria de Ciência, Tecnologia e Inovação";"SECTI";"Assessoria de Planejamento e Gestão - SECTI";"APG";"ME";"24680005";"2021 ";" Lídice da Mata";"Implantação de Infraestrutura de Wi-Fi";"600005";"2022.3.28.28101.301.7917.600005.6";"0,00";"200000,00";"0,00";"0,00";"0,00"
"2025";"Secretaria de Desenvolvimento Rural";"SDR";"Companhia de Desenvolvimento e Ação Regional";"CAR";"ME";"91910004";"2022 ";" Zé Neto";"Distribuição de Equipamento de Apoio";"600038";"2025.3.18.18401.417.1399.600038.6";"0,00";"400678,00";"389733,30";"389733,30";"389733,30"
"2021";"Secretaria do Trabalho, Emprego, Renda e Esporte";"SETRE";"Superintendência dos Desportos do Estado da Bahia";"SUDESB";"ME";"27510007";"2020 ";" Waldenor Perei";"Construção de Equipamento";"600002";"2021.3.21.21301.305.7882.600002.6";"0,00";"400000,00";"400000,00";"322570,27";"229084,56"
"2024";"Secretaria de Desenvolvimento Urbano";"SEDUR";"Assessoria de Planejamento e Gestão - SEDUR";"APG";"ME";"27510006";"2022 ";" Waldenor Perei";"Implantação de Infraestrutura Viária";"600025";"2024.3.26.26101.419.1162.600025.6";"0,00";"150000,00";"0,00";"0,00";"0,00"
"2023";"Secretaria do Trabalho, Emprego, Renda e Esporte";"SETRE";"Superintendência dos Desportos do Estado da Bahia";"SUDESB";"ME";"40720003";"2021 ";" Tito";"Recuperação de Equipamento";"600013";"2023.3.21.21301.305.1009.600013.6";"0,00";"507547,00";"108244,40";"108244,40";"106079,51"
"2022";"Secretaria de Desenvolvimento Rural";"SDR";"Companhia de Desenvolvimento e Ação Regional";"CAR";"ME";"30510014";"2021 ";" Bacelar";"Implantação de Projeto de Apoio";"600012";"2022.3.18.18401.304.1926.600012.6";"0,00";"300000,00";"0,00";"0,00";"0,00"
"2025";"Secretaria de Desenvolvimento Urbano";"SEDUR";"Companhia de Desenvolvimento Urbano do Estado da Bahia";"CONDER";"MGISP";"13390011";"2023 ";" Daniel Almeida";"Implantação de Infraestrutura Viária";"600039";"2025.3.26.26401.419.1162.600039.6";"0,00";"1467467,00";"1002520,30";"1002520,30";"1002520,30"
"2022";"Secretaria da Educação";"SEC";"Assessoria de Planejamento e Gestão - SEC";"APG";"ME";"91910007";"2021 ";" Zé Neto";"Aparelhamento de Unidade Escolar";"600020";"2022.3.11.11101.306.7744.600020.6";"0,00";"34750,00";"0,00";"0,00";"0,00"
"2026";"Secretaria de Desenvolvimento Rural";"SDR";"Companhia de Desenvolvimento e Ação Regional";"CAR";"MF";"41900010";"2024";"Joseildo Ramos";"Implantação de Infraestrutura Hídrica";"600068";"2026.3.18.18401.420.5040.600068.6";"0,00";"500000,00";"0,00";"0,00";"0,00"
"2023";"Secretaria de Desenvolvimento Rural";"SDR";"Companhia de Desenvolvimento e Ação Regional";"CAR";"ME";"41280013";"2021 ";" Raimundo Costa";"Implantação de Infraestrutura Hídrica";"600015";"2023.3.18.18401.312.5040.600015.6";"0,00";"14492,00";"0,00";"0,00";"0,00"
"2025";"Secretaria da Educação";"SEC";"Universidade do Estado da Bahia";"UNEB";"ME";"27510004";"2021 ";" Waldenor Perei";"Educação do Campo e Desenvolvimento";"600009";"2025.3.11.11301.424.4048.600009.6";"0,00";"213952,00";"178352,70";"178352,70";"178352,70"
"2022";"Secretaria do Trabalho, Emprego, Renda e Esporte";"SETRE";"Superintendência dos Desportos do Estado da Bahia";"SUDESB";"ME";"91910007";"2021 ";" Zé Neto";"Construção de Equipamento";"600020";"2022.3.21.21301.305.7882.600020.6";"0,00";"0,00";"0,00";"0,00";"0,00"
"2022";"Secretaria de Justiça, Direitos Humanos e Desenvolvimento Social";"SJDHDS";"Assessoria de Planejamento e Gestão - SJDHDS";"APG";"ME";"24680005";"2021 ";" Lídice da Mata";"Apoio a Órgão de Representação";"600005";"2022.3.12.12101.300.4135.600005.6";"0,00";"50000,00";"36396,60";"35858,92";"35858,92"
"2026";"Secretaria de Assistência e Desenvolvimento Social";"SEADES";"Assessoria de Planejamento e Gestão - SEADES";"APG";"MF";"91910001";"2023";" Zé Neto";"Aparelhamento de Central de Distribuição";"600056";"2026.3.39.39101.403.5445.600056.6";"0,00";"19250,00";"0,00";"0,00";"0,00"
"2022";"Secretaria de Cultura";"SECULT";"Assessoria de Planejamento e Gestão - SECULT";"APG";"ME";"24680012";"2022 ";" Lídice da Mata";"Requalificação de Equipamento Cultural";"600031";"2022.3.22.22101.302.7857.600031.6";"0,00";"50000,00";"0,00";"0,00";"0,00"
"2022";"Secretaria da Educação";"SEC";"Instituto de Radiodifusão Educativa da Bahia";"IRDEB";"MAPA";"36940005";"2022 ";" Jorge Solla";"Modernização tecnológica do IRDEB";"600036";"2022.3.11.11201.306.7536.600036.6";"0,00";"300000,00";"300000,00";"300000,00";"300000,00"
"2025";"Secretaria de Cultura";"SECULT";"Assessoria de Planejamento e Gestão - SECULT";"APG";"MF";"13310004";"2024 ";" Alice Portugal";"Apoio à Instituição Cultural";"600058";"2025.3.22.22101.406.2314.600058.6";"0,00";"125000,00";"0,00";"0,00";"0,00"
"2024";"Secretaria do Trabalho, Emprego, Renda e Esporte";"SETRE";"Superintendência dos Desportos do Estado da Bahia";"SUDESB";"MGISP";"13310020";"2023 ";" Alice Portugal";"Requalificação de Equipamento Esportivo";"600043";"2024.3.21.21301.414.1009.600043.6";"0,00";"1600000,00";"0,00";"0,00";"0,00"
"2024";"Secretaria de Desenvolvimento Rural";"SDR";"Assessoria de Planejamento e Gestão - SDR";"APG";"ME";"35680001";"2022 ";" Paulo Magalhãe";"Distribuição de Equipamento de Apoio";"600035";"2024.3.18.18101.417.1399.600035.6";"0,00";"700000,00";"0,00";"0,00";"0,00"
"2024";"Secretaria de Desenvolvimento Rural";"SDR";"Companhia de Desenvolvimento e Ação Regional";"CAR";"MF";"27510001";"2024";"Waldenor Pereira";"Distribuição de Equipamento de Apoio";"600059";"2024.3.18.18401.417.1399.600059.6";"0,00";"2488329,00";"1662159,20";"1662159,20";"1662159,20"
"2025";"Secretaria de Desenvolvimento Rural";"SDR";"Companhia de Desenvolvimento e Ação Regional";"CAR";"ME";"35680005";"2021 ";" Paulo Magalhãe";"Distribuição de Equipamento de Apoio";"600018";"2025.3.18.18401.417.1399.600018.6";"0,00";"2469729,00";"2469729,00";"2469729,00";"2469729,00"
"2023";"Secretaria do Trabalho, Emprego, Renda e Esporte";"SETRE";"Superintendência dos Desportos do Estado da Bahia";"SUDESB";"MGISP";"24680011";"2023 ";" Lídice da Mata";"Promoção de Atividade de Esporte";"600046";"2023.3.21.21301.308.5793.600046.6";"0,00";"250000,00";"0,00";"0,00";"0,00"
"2024";"Secretaria de Desenvolvimento Rural";"SDR";"Companhia de Desenvolvimento e Ação Regional";"CAR";"MF";"27510008";"2023";" Waldenor Preira";"Apoio a Evento da Agricultura Familiar";"600042";"2024.3.18.18401.417.7988.600042.6";"0,00";"100000,00";"0,00";"0,00";"0,00"
"2022";"Secretaria de Ciência, Tecnologia e Inovação";"SECTI";"Assessoria de Planejamento e Gestão - SECTI";"APG";"MAPA";"36940005";"2022 ";" Jorge Solla";"Implantação de Infraestrutura de Wi-Fi";"600036";"2022.3.28.28101.301.7917.600036.6";"0,00";"300000,00";"0,00";"0,00";"0,00"
"2025";"Secretaria do Trabalho, Emprego, Renda e Esporte";"SETRE";"Superintendência dos Desportos do Estado da Bahia";"SUDESB";"ME";"40720004";"2021 ";" Tito";"Requalificação de Equipamento Esportivo";"600021";"2025.3.21.21301.414.1009.600021.6";"0,00";"226893,00";"105135,11";"105135,11";"105135,11"
"2022";"Secretaria do Trabalho, Emprego, Renda e Esporte";"SETRE";"Assessoria de Planejamento e Gestão - SETRE";"APG";"ME";"40720005";"2021 ";" Tito";"Capacitação Social e Profissional";"600022";"2022.3.21.21101.308.1793.600022.6";"0,00";"70000,00";"70000,00";"70000,00";"70000,00"
"2026";"Secretaria de Turismo";"SETUR";"Assessoria de Planejamento e Gestão - SETUR";"APG";"MTUR";"09032025-077148 ";"";" 2025";"Apoio à Realização de Evento";"600102";"2026.3.32.32101.411.3701.600102.6";"0,00";"792000,00";"790000,00";"790000,00";"790000,00"
"2026";"Secretaria da Agricultura, Pecuária, Irrigação, Pesca e Aquicultura";"SEAGRI";"Assessoria de Planejamento e Gestão - SEAGRI";"APG";"MPA";"09032025-2-087389";"";"2025";"Requalificação de Unidade de Apoio";"600162";"2026.3.10.10101.417.5935.600162.6";"0,00";"198000,00";"0,00";"0,00";"0,00"
"2024";"Secretaria de Políticas para as Mulheres";"SPM";"Assessoria de Planejamento e Gestão - SPM";"APG";"MF";"27510001";"2024";"Waldenor Pereira";"Apoio a Projeto";"600059";"2024.3.34.34101.430.5558.600059.6";"0,00";"350000,00";"350000,00";"350000,00";"350000,00"
"2025";"Secretaria do Trabalho, Emprego, Renda e Esporte";"SETRE";"Assessoria de Planejamento e Gestão - SETRE";"APG";"MF";"09032025-077445";"";"2025";"Assistência Técnica a Empreendimento";"600097";"2025.3.21.21101.413.6672.600097.6";"0,00";"250000,00";"250000,00";"250000,00";"250000,00"
"2025";"Secretaria do Trabalho, Emprego, Renda e Esporte";"SETRE";"Superintendência dos Desportos do Estado da Bahia";"SUDESB";"ME";"13310003";"2021 ";" Alice Portugal";"Requalificação de Equipamento Esportivo";"600003";"2025.3.21.21301.414.1009.600003.6";"0,00";"0,00";"0,00";"0,00";"0,00"
"2025";"Secretaria de Políticas para as Mulheres";"SPM";"Assessoria de Planejamento e Gestão - SPM";"APG";"ME";"24680005";"2021 ";" Lídice da Mata";"Apoio a Projeto";"600005";"2025.3.34.34101.430.5558.600005.6";"0,00";"130000,00";"0,00";"0,00";"0,00"
"2025";"Secretaria de Desenvolvimento Urbano";"SEDUR";"Assessoria de Planejamento e Gestão - SEDUR";"APG";"MF";"91910001";"2023";" Zé Neto";"Implantação de Infraestrutura Viária";"600056";"2025.3.26.26101.419.1162.600056.6";"0,00";"2000000,00";"0,00";"0,00";"0,00"
"2024";"Secretaria de Cultura";"SECULT";"Fundação Pedro Calmon - Centro de Memória e Arquivo Público da Bahia";"FPC-AP";"MGISP";"24680011";"2023 ";" Lídice da Mata";"Apoio a Editoração e Publicação";"600046";"2024.3.22.22202.407.3294.600046.6";"0,00";"80000,00";"0,00";"0,00";"0,00"
"2022";"Secretaria de Turismo";"SETUR";"Superintendência de Fomento ao Turismo do Estado da Bahia";"BAHIATURSA";"ME";"27510007";"2020 ";" Waldenor Perei";"Apoio a Evento de Interesse Turístico";"600002";"2022.3.32.32801.303.5893.600002.6";"0,00";"500000,00";"500000,00";"500000,00";"500000,00"
"2024";"Secretaria de Turismo";"SETUR";"Superintendência de Fomento ao Turismo do Estado da Bahia";"SUFOTUR";"MGISP";"36940005";"2023 ";" Jorge Solla";"Apoio a Evento de Interesse Turístico";"600053";"2024.3.32.32802.411.5893.600053.6";"0,00";"224657,00";"224657,00";"224657,00";"224657,00"
"2024";"Secretaria do Trabalho, Emprego, Renda e Esporte";"SETRE";"Superintendência dos Desportos do Estado da Bahia";"SUDESB";"MGISP";"24680011";"2023 ";" Lídice da Mata";"Promoção de Atividade de Esporte";"600046";"2024.3.21.21301.414.5793.600046.6";"0,00";"250000,00";"250000,00";"250000,00";"250000,00"
"2024";"Secretaria da Segurança Pública";"SSP";"Polícia Militar da Bahia";"PM/BA";"ME";"35680005";"2021 ";" Paulo Magalhãe";"Aquisição de Equipamento para o Sistema";"600018";"2024.3.20.20801.437.7877.600018.6";"0,00";"200000,00";"187300,00";"0,00";"0,00"
"2022";"Secretaria de Políticas para as Mulheres";"SPM";"Assessoria de Planejamento e Gestão - SPM";"APG";"ME";"13310003";"2021 ";" Alice Portugal";"Apoio a Projeto";"600003";"2022.3.34.34101.311.5558.600003.6";"0,00";"253000,00";"253000,00";"253000,00";"253000,00"
"2025";"Secretaria de Desenvolvimento Rural";"SDR";"Companhia de Desenvolvimento e Ação Regional";"CAR";"MF";"27510008";"2023";" Waldenor Preira";"Apoio a Evento da Agricultura Familiar";"600042";"2025.3.18.18401.417.7988.600042.6";"0,00";"100000,00";"0,00";"0,00";"0,00"
"2023";"Secretaria de Justiça e Direitos Humanos";"SJDH";"Assessoria de Planejamento e Gestão - SJDH";"APG";"MF";"27510008";"2023";" Waldenor Preira";"Apoio ao Neojibá";"600042";"2023.3.38.38101.300.6953.600042.6";"0,00";"200000,00";"0,00";"0,00";"0,00"
"2024";"Secretaria de Turismo";"SETUR";"Superintendência de Fomento ao Turismo do Estado da Bahia";"SUFOTUR";"MF";"27510008";"2023";" Waldenor Preira";"Apoio a Evento de Interesse Turístico";"600042";"2024.3.32.32802.411.5893.600042.6";"0,00";"652869,00";"649991,00";"649991,00";"649991,00"
"2022";"Secretaria de Desenvolvimento Urbano";"SEDUR";"Companhia de Desenvolvimento Urbano do Estado da Bahia";"CONDER";"ME";"27500006";"2022 ";" Valmir Assunçã";"Implantação de Equipamento Urbano";"600032";"2022.3.26.26401.305.1158.600032.6";"0,00";"1600000,00";"0,00";"0,00";"0,00"
"2024";"Secretaria do Trabalho, Emprego, Renda e Esporte";"SETRE";"Superintendência dos Desportos do Estado da Bahia";"SUDESB";"ME";"13310004";"2022 ";" Alice Portugal";"Requalificação de Equipamento Esportivo";"600027";"2024.3.21.21301.414.1009.600027.6";"0,00";"869682,00";"0,00";"0,00";"0,00"
"2025";"Secretaria da Agricultura, Pecuária, Irrigação, Pesca e Aquicultura";"SEAGRI";"Agência Estadual de Defesa Agropecuária da Bahia";"ADAB";"MF";"24680017";"2024 ";" Lídice da Mata";"Realização de Ação de Educação Sanitária";"600065";"2025.3.10.10301.417.6166.600065.6";"0,00";"300000,00";"245000,00";"245000,00";"245000,00"
"2022";"Secretaria da Agricultura, Pecuária, Irrigação, Pesca e Aquicultura";"SEAGRI";"Bahia Pesca S/A";"BAHIAPESCA";"ME";"41280013";"2021 ";" Raimundo Costa";"Distribuição de Equipamentos de Pesca";"600015";"2022.3.10.10501.304.5916.600015.6";"0,00";"2508,00";"0,00";"0,00";"0,00"
"2025";"Secretaria de Cultura";"SECULT";"Instituto do Patrimônio Artístico e Cultural da Bahia";"IPAC";"ME";"24680012";"2022 ";" Lídice da Mata";"Requalificação de Equipamento Cultural";"600031";"2025.3.22.22301.406.7857.600031.6";"0,00";"300000,00";"0,00";"0,00";"0,00"
"2023";"Secretaria da Educação";"SEC";"Universidade Estadual do Sudoeste da Bahia";"UESB";"ME";"27510004";"2021 ";" Waldenor Perei";"Reforma em Unidade Universitária";"600009";"2023.3.11.11302.306.7871.600009.6";"0,00";"500000,00";"500000,00";"464300,84";"464300,84"
"2024";"Secretaria de Turismo";"SETUR";"Assessoria de Planejamento e Gestão - SETUR";"APG";"MGISP";"36940005";"2023 ";" Jorge Solla";"Apoio à Realização de Evento";"600053";"2024.3.32.32101.411.3701.600053.6";"0,00";"400000,00";"380000,00";"380000,00";"380000,00"
"2024";"Secretaria de Políticas para as Mulheres";"SPM";"Assessoria de Planejamento e Gestão - SPM";"APG";"MGISP";"13310020";"2023 ";" Alice Portugal";"Apoio ao Funcionamento de Atendimento";"600043";"2024.3.34.34101.429.4181.600043.6";"0,00";"100000,00";"66536,66";"66536,66";"48545,66"
"2023";"Secretaria da Administração";"SAEB";"Departamento Estadual de Trânsito";"DETRAN";"ME";"30510006";"2022 ";" Bacelar";"Implantação de Sinalização de Trânsito";"600034";"2023.3.9.9301.314.3450.600034.6";"0,00";"400000,00";"393427,13";"255294,26";"255294,26"
"2025";"Secretaria de Assistência e Desenvolvimento Social";"SEADES";"Fundo Estadual de Assistência Social";"FEAS";"MF";"24680017";"2024 ";" Lídice da Mata";"Serviço VIVER";"600065";"2025.3.39.39601.402.2256.600065.6";"0,00";"273176,00";"0,00";"0,00";"0,00"
"2021";"Secretaria de Infraestrutura";"SEINFRA";"Superintendência de Infraestrutura de Transportes da Bahia";"SIT";"ME";"36940001";"2021 ";" Jorge Solla";"Recuperação de Acesso";"600006";"2021.3.24.24801.309.7911.600006.6";"0,00";"609993,00";"0,00";"0,00";"0,00"
"2025";"Secretaria do Trabalho, Emprego, Renda e Esporte";"SETRE";"Superintendência dos Desportos do Estado da Bahia";"SUDESB";"MF";"13310004";"2024 ";" Alice Portugal";"Construção de Equipamento";"600058";"2025.3.21.21301.414.7882.600058.6";"0,00";"1520000,00";"0,00";"0,00";"0,00"
"2025";"Secretaria do Trabalho, Emprego, Renda e Esporte";"SETRE";"Superintendência dos Desportos do Estado da Bahia";"SUDESB";"MF";"13620004";"2023";" Josias Gomes";"Implementação de Núcleo de Iniciação";"600045";"2025.3.21.21301.414.4997.600045.6";"0,00";"500000,00";"125000,00";"125000,00";"125000,00"
"2025";"Secretaria de Cultura";"SECULT";"Assessoria de Planejamento e Gestão - SECULT";"APG";"MF";"41280021";"2024";"Raimundo Costa";"Apoio à Realização de Evento Cultural";"600071";"2025.3.22.22101.406.7980.600071.6";"0,00";"0,00";"0,00";"0,00";"0,00"
"2022";"Secretaria do Trabalho, Emprego, Renda e Esporte";"SETRE";"Superintendência dos Desportos do Estado da Bahia";"SUDESB";"ME";"91910007";"2021 ";" Zé Neto";"Recuperação de Equipamento";"600020";"2022.3.21.21301.305.1009.600020.6";"0,00";"299916,00";"299915,32";"215289,37";"215289,37"
"2025";"Secretaria de Justiça e Direitos Humanos";"SJDH";"Assessoria de Planejamento e Gestão - SJDH";"APG";"MF";"40800017";"2023";" Jaques Wagner";"Apoio ao Neojibá";"600052";"2025.3.38.38101.400.6953.600052.6";"0,00";"900000,00";"900000,00";"900000,00";"900000,00"
"2025";"Secretaria de Justiça e Direitos Humanos";"SJDH";"Assessoria de Planejamento e Gestão - SJDH";"APG";"MF";"40800017";"2023";" Jaques Wagner";"Ações de Promoção de Serviços de DH";"600052";"2025.3.38.38101.400.4170.600052.6";"0,00";"400000,00";"0,00";"0,00";"0,00"
"2020";"Secretaria de Desenvolvimento Rural";"SDR";"Companhia de Desenvolvimento e Ação Regional";"CAR";"Ministério da Economia";"13390001";"2020";"Não Informado";"Apoio à Comercialização Produção Rural";"600001";"2020.3.18.18401.304.7838.600001.6";"0,00";"650000,00";"649557,12";"649557,12";"649557,12"
"2025";"Secretaria de Promoção da Igualdade Racial e dos Povos e Comunidades Tradicionais";"SEPROMI";"Assessoria de Planejamento e Gestão - SEPROMI";"APG";"MF";"13310004";"2024 ";" Alice Portugal";"Apoio Técnico e Financeiro a Projeto";"600058";"2025.3.30.30101.426.3289.600058.6";"0,00";"300000,00";"0,00";"0,00";"0,00"
"2026";"Secretaria de Desenvolvimento Rural";"SDR";"Companhia de Desenvolvimento e Ação Regional";"CAR";"MF";"41900005";"2024";"Joseildo Ramos";"Distribuição de Equipamento de Apoio";"600064";"2026.3.18.18401.417.1399.600064.6";"0,00";"1959981,00";"663346,66";"663346,66";"663346,66"
"2022";"Secretaria da Educação";"SEC";"Fundo de Assistência Educacional";"FAED";"ME";"27510004";"2021 ";" Waldenor Perei";"Desenvolvimento Ações Socioeducacional";"600009";"2022.3.11.11601.306.2696.600009.6";"0,00";"50000,00";"50000,00";"50000,00";"50000,00"
"2024";"Secretaria de Cultura";"SECULT";"Assessoria de Planejamento e Gestão - SECULT";"APG";"MGISP";"24680011";"2023 ";" Lídice da Mata";"Apoio à Instituição Cultural";"600046";"2024.3.22.22101.406.2314.600046.6";"0,00";"150000,00";"0,00";"0,00";"0,00"
"2024";"Secretaria de Cultura";"SECULT";"Assessoria de Planejamento e Gestão - SECULT";"APG";"MGISP";"13310020";"2023 ";" Alice Portugal";"Apoio à Realização de Evento Cultural";"600043";"2024.3.22.22101.406.7980.600043.6";"0,00";"200000,00";"0,00";"0,00";"0,00"
"2020";"Secretaria da Educação";"SEC";"Instituto de Radiodifusão Educativa da Bahia";"IRDEB";"Ministério da Economia";"27510007";"2020";"Não Informado";"Implantação de Sinal Digital em Estação";"600002";"2020.3.11.11201.306.7524.600002.6";"0,00";"150000,00";"0,00";"0,00";"0,00"
"2024";"Secretaria do Trabalho, Emprego, Renda e Esporte";"SETRE";"Superintendência dos Desportos do Estado da Bahia";"SUDESB";"ME";"91910004";"2022 ";" Zé Neto";"Promoção de Atividade de Esporte";"600038";"2024.3.21.21301.414.5793.600038.6";"0,00";"881341,00";"880937,00";"880937,00";"880937,00"
"2026";"Secretaria de Desenvolvimento Rural";"SDR";"Assessoria de Planejamento e Gestão - SDR";"APG";"MDA";"09032025-2-088382";"";"2025";"Distribuição de Equipamento de Apoio";"600163";"2026.3.18.18101.417.1399.600163.6";"0,00";"990000,00";"0,00";"0,00";"0,00"
"2026";"Secretaria de Desenvolvimento Rural";"SDR";"Companhia de Desenvolvimento e Ação Regional";"CAR";"MF";"91919910";"2024";" zé Neto";"Apoio a Evento da Agricultura Familiar";"600057";"2026.3.18.18401.417.7988.600057.6";"0,00";"630737,00";"0,00";"0,00";"0,00"
"2023";"Secretaria da Educação";"SEC";"Universidade do Estado da Bahia";"UNEB";"ME";"27510004";"2021 ";" Waldenor Perei";"Educação do Campo e Desenvolvimento";"600009";"2023.3.11.11301.306.4048.600009.6";"0,00";"400000,00";"31000,00";"0,00";"0,00"
"2022";"Secretaria da Segurança Pública";"SSP";"Departamento de Polícia Técnica";"DPT";"ME";"27510007";"2020 ";" Waldenor Perei";"Reforma de Unidade do Sistema";"600002";"2022.3.20.20102.314.7880.600002.6";"0,00";"50000,00";"0,00";"0,00";"0,00"
"2025";"Secretaria da Agricultura, Pecuária, Irrigação, Pesca e Aquicultura";"SEAGRI";"Bahia Pesca S/A";"BAHIAPESCA";"MF";"36940011";"2024 ";" Jorge Solla";"Distribuição de Equipamentos de Pesca";"600066";"2025.3.10.10501.417.5916.600066.6";"0,00";"600000,00";"71679,00";"71679,00";"71679,00"
"2023";"Secretaria de Cultura";"SECULT";"Instituto do Patrimônio Artístico e Cultural da Bahia";"IPAC";"ME";"24680012";"2022 ";" Lídice da Mata";"Requalificação de Equipamento Cultural";"600031";"2023.3.22.22301.302.7857.600031.6";"0,00";"300000,00";"0,00";"0,00";"0,00"
"2026";"Secretaria de Desenvolvimento Rural";"SDR";"Assessoria de Planejamento e Gestão - SDR";"APG";"MAPA";"09032025-077155 ";"";" 2025";"Distribuição de Equipamento de Apoio";"600135";"2026.3.18.18101.417.1399.600135.6";"0,00";"1173172,00";"0,00";"0,00";"0,00"
"2024";"Secretaria da Educação";"SEC";"Assessoria de Planejamento e Gestão - SEC";"APG";"ME";"24680012";"2022 ";" Lídice da Mata";"Apoio Financeiro para a Melhoria";"600031";"2024.3.11.11101.422.3334.600031.6";"0,00";"100000,00";"0,00";"0,00";"0,00"
"2025";"Secretaria de Infraestrutura";"SEINFRA";"Superintendência de Infraestrutura de Transportes da Bahia";"SIT";"MF";"35680004";"2024 ";"Paulo Magalhães";"Recuperação de Acesso";"600069";"2025.3.24.24801.432.7911.600069.6";"0,00";"400000,00";"0,00";"0,00";"0,00"
"2026";"Secretaria da Segurança Pública";"SSP";"Polícia Militar da Bahia";"PM/BA";"MF";"41230001";"2024";"Otto Fillho";"Ampliação e Renovação da Frota";"600072";"2026.3.20.20801.437.7873.600072.6";"0,00";"0,00";"0,00";"0,00";"0,00"
"2021";"Secretaria de Desenvolvimento Rural";"SDR";"Companhia de Desenvolvimento e Ação Regional";"CAR";"ME";"27510007";"2020 ";" Waldenor Perei";"Implantação de Infraestrutura Hídrica";"600002";"2021.3.18.18401.312.5040.600002.6";"0,00";"2189159,00";"1717058,73";"1717058,73";"1717058,73"
"2024";"Secretaria de Ciência, Tecnologia e Inovação";"SECTI";"Assessoria de Planejamento e Gestão - SECTI";"APG";"ME";"27510006";"2022 ";" Waldenor Perei";"Implantação de Infraestrutura de Wi-Fi";"600025";"2024.3.28.28101.405.7917.600025.6";"0,00";"0,00";"0,00";"0,00";"0,00"
"2024";"Secretaria do Trabalho, Emprego, Renda e Esporte";"SETRE";"Superintendência dos Desportos do Estado da Bahia";"SUDESB";"ME";"91910004";"2022 ";" Zé Neto";"Promoção de Atividade de Esporte";"600038";"2024.3.21.21301.414.5779.600038.6";"0,00";"30085,00";"30085,00";"30085,00";"30085,00"
"2026";"Secretaria da Educação";"SEC";"Universidade do Estado da Bahia";"UNEB";"MF";"27510001";"2024";"Waldenor Pereira";"Educação do Campo e Desenvolvimento";"600059";"2026.3.11.11301.424.4048.600059.6";"0,00";"440529,00";"2001,87";"2001,87";"0,00"
"2024";"Secretaria de Desenvolvimento Rural";"SDR";"Companhia de Desenvolvimento e Ação Regional";"CAR";"ME";"30510014";"2021 ";" Bacelar";"Distribuição de Equipamento de Apoio";"600012";"2024.3.18.18401.417.1399.600012.6";"0,00";"300000,00";"299803,91";"299803,91";"299803,91"
"2025";"Secretaria de Desenvolvimento Rural";"SDR";"Companhia de Desenvolvimento e Ação Regional";"CAR";"MF";"91919910";"2024";" zé Neto";"Apoio à Comercialização Produção Rural";"600057";"2025.3.18.18401.417.7838.600057.6";"0,00";"249300,00";"0,00";"0,00";"0,00"
"2021";"Secretaria do Trabalho, Emprego, Renda e Esporte";"SETRE";"Assessoria de Planejamento e Gestão - SETRE";"APG";"ME";"13390008";"2021 ";" Daniel Almeida";"Combate à Covid-19";"600004";"2021.3.21.21101.314.5365.600004.6";"0,00";"120000,00";"20700,00";"20700,00";"20700,00"
"2024";"Secretaria de Desenvolvimento Urbano";"SEDUR";"Assessoria de Planejamento e Gestão - SEDUR";"APG";"ME";"36940001";"2021 ";" Jorge Solla";"Implantação de Infraestrutura Viária";"600006";"2024.3.26.26101.419.1162.600006.6";"0,00";"223920,00";"223920,00";"223920,00";"223920,00"
"2023";"Secretaria da Segurança Pública";"SSP";"Departamento de Polícia Técnica";"DPT";"ME";"27510007";"2020 ";" Waldenor Perei";"Reforma de Unidade do Sistema";"600002";"2023.3.20.20102.314.7880.600002.6";"0,00";"50000,00";"0,00";"0,00";"0,00"
"2024";"Secretaria de Justiça e Direitos Humanos";"SJDH";"Assessoria de Planejamento e Gestão - SJDH";"APG";"MF";"40800017";"2023";" Jaques Wagner";"Ações de Promoção de Serviços de DH";"600052";"2024.3.38.38101.400.4170.600052.6";"0,00";"300000,00";"0,00";"0,00";"0,00"
"2026";"Secretaria do Trabalho, Emprego, Renda e Esporte";"SETRE";"Assessoria de Planejamento e Gestão - SETRE";"APG";"MGISP";"13310020";"2023 ";" Alice Portugal";"Apoio a Empreendimento Atuante";"600043";"2026.3.21.21101.413.5914.600043.6";"0,00";"555041,00";"107540,10";"107540,10";"107540,10"
"2025";"Secretaria de Desenvolvimento Rural";"SDR";"Companhia de Desenvolvimento e Ação Regional";"CAR";"MDA";"09032025-076982 ";"";" 2025";"Distribuição de Equipamento de Apoio";"600089";"2025.3.18.18401.417.1399.600089.6";"0,00";"0,00";"0,00";"0,00";"0,00"
"2025";"Secretaria de Cultura";"SECULT";"Assessoria de Planejamento e Gestão - SECULT";"APG";"MF";"27500003";"2024 ";" Valmir Assunçã";"Apoio à Instituição Cultural";"600067";"2025.3.22.22101.406.2314.600067.6";"0,00";"1200000,00";"0,00";"0,00";"0,00"
"2023";"Secretaria da Educação";"SEC";"Universidade do Estado da Bahia";"UNEB";"MF";"27510008";"2023";" Waldenor Preira";"Educação do Campo e Desenvolvimento";"600042";"2023.3.11.11301.306.4048.600042.6";"0,00";"300000,00";"0,00";"0,00";"0,00"
"2024";"Secretaria do Trabalho, Emprego, Renda e Esporte";"SETRE";"Superintendência dos Desportos do Estado da Bahia";"SUDESB";"ME";"40720003";"2021 ";" Tito";"Requalificação de Equipamento Esportivo";"600013";"2024.3.21.21301.414.1009.600013.6";"0,00";"472775,00";"199752,80";"199752,80";"198202,22"
"2024";"Secretaria do Trabalho, Emprego, Renda e Esporte";"SETRE";"Assessoria de Planejamento e Gestão - SETRE";"APG";"MF";"13310004";"2024 ";" Alice Portugal";"Apoio a Empreendimento Atuante";"600058";"2024.3.21.21101.413.5914.600058.6";"0,00";"150000,00";"0,00";"0,00";"0,00"
"2025";"Secretaria de Justiça e Direitos Humanos";"SJDH";"Assessoria de Planejamento e Gestão - SJDH";"APG";"MF";"36940011";"2024 ";" Jorge Solla";"Apoio Técnico e Financeiro a Entidade";"600066";"2025.3.38.38101.400.2170.600066.6";"0,00";"3400000,00";"0,00";"0,00";"0,00"
"2025";"Secretaria de Turismo";"SETUR";"Assessoria de Planejamento e Gestão - SETUR";"APG";"MF";"36940011";"2024 ";" Jorge Solla";"Apoio à Realização de Evento";"600066";"2025.3.32.32101.411.3701.600066.6";"0,00";"1403494,00";"1403493,48";"1403493,48";"1403493,48"
"2025";"Secretaria de Desenvolvimento Rural";"SDR";"Assessoria de Planejamento e Gestão - SDR";"APG";"MF";"91910001";"2023";" Zé Neto";"Distribuição de Equipamento de Apoio";"600056";"2025.3.18.18101.417.1399.600056.6";"0,00";"670000,00";"108000,00";"0,00";"0,00"
"2023";"Secretaria de Infraestrutura";"SEINFRA";"Superintendência de Infraestrutura de Transportes da Bahia";"SIT";"MAPA";"36940005";"2022 ";" Jorge Solla";"Recuperação de Acesso";"600036";"2023.3.24.24801.309.7911.600036.6";"0,00";"500000,00";"422717,22";"422717,22";"422717,22"
"2024";"Secretaria de Desenvolvimento Rural";"SDR";"Companhia de Desenvolvimento e Ação Regional";"CAR";"MGISP";"13310020";"2023 ";" Alice Portugal";"Distribuição de Equipamento de Apoio";"600043";"2024.3.18.18401.417.1399.600043.6";"0,00";"1100000,00";"762113,32";"762113,32";"762113,32"
"2025";"Secretaria de Políticas para as Mulheres";"SPM";"Assessoria de Planejamento e Gestão - SPM";"APG";"MF";"24680017";"2024 ";" Lídice da Mata";"Realização da Conferência Estadual";"600065";"2025.3.34.34101.430.5563.600065.6";"0,00";"200000,00";"0,00";"0,00";"0,00"
"2025";"Secretaria de Políticas para as Mulheres";"SPM";"Assessoria de Planejamento e Gestão - SPM";"APG";"MGISP";"13310020";"2023 ";" Alice Portugal";"Apoio ao Funcionamento de Atendimento";"600043";"2025.3.34.34101.429.4181.600043.6";"0,00";"33464,00";"31226,40";"31226,40";"31226,40"
"2022";"Secretaria da Educação";"SEC";"Instituto de Radiodifusão Educativa da Bahia";"IRDEB";"ME";"40800018";"2021 ";" Jaques Wagner";"Modernização tecnológica do IRDEB";"600016";"2022.3.11.11201.306.7536.600016.6";"0,00";"86548,00";"86548,00";"0,00";"0,00"
"2026";"Secretaria de Turismo";"SETUR";"Assessoria de Planejamento e Gestão - SETUR";"APG";"MTUR";"09032025-078596 ";"";" 2025";"Apoio à Realização de Evento";"600138";"2026.3.32.32101.411.3701.600138.6";"0,00";"2470000,00";"2165000,00";"2086500,00";"2086500,00"
"2026";"Secretaria da Educação";"SEC";"Universidade do Estado da Bahia";"UNEB";"MF";"27510008";"2023";" Waldenor Preira";"Educação do Campo e Desenvolvimento";"600042";"2026.3.11.11301.424.4048.600042.6";"0,00";"231846,00";"19000,00";"19000,00";"19000,00"
"2026";"Secretaria de Desenvolvimento Rural";"SDR";"Companhia de Desenvolvimento e Ação Regional";"CAR";"MF";"27510001";"2024";"Waldenor Pereira";"Distribuição de Equipamento de Apoio";"600059";"2026.3.18.18401.417.1399.600059.6";"0,00";"124269,00";"124268,65";"124268,65";"124268,65"
"2025";"Secretaria de Desenvolvimento Rural";"SDR";"Assessoria de Planejamento e Gestão - SDR";"APG";"MDA";"09032025-2-088382";"";"2025";"Distribuição de Equipamento de Apoio";"600163";"2025.3.18.18101.417.1399.600163.6";"0,00";"990000,00";"0,00";"0,00";"0,00"
"2024";"Secretaria de Ciência, Tecnologia e Inovação";"SECTI";"Assessoria de Planejamento e Gestão - SECTI";"APG";"ME";"91910007";"2021 ";" Zé Neto";"Implantação de Infraestrutura de Wi-Fi";"600020";"2024.3.28.28101.405.7917.600020.6";"0,00";"150000,00";"150000,00";"150000,00";"150000,00"
"2023";"Secretaria da Segurança Pública";"SSP";"Polícia Militar da Bahia";"PM/BA";"ME";"41280006";"2022 ";" Raimundo Costa";"Aquisição de Equipamento para o Sistema";"600024";"2023.3.20.20801.314.7877.600024.6";"0,00";"158000,00";"157639,64";"157639,64";"157639,64"
"2024";"Secretaria da Agricultura, Pecuária, Irrigação, Pesca e Aquicultura";"SEAGRI";"Bahia Pesca S/A";"BAHIAPESCA";"ME";"36940001";"2021 ";" Jorge Solla";"Aparelhamento de Unidade do Poder Execut";"600006";"2024.3.10.10501.446.3194.600006.6";"0,00";"50000,00";"48648,00";"48648,00";"48648,00"
"2021";"Secretaria de Desenvolvimento Urbano";"SEDUR";"Assessoria de Planejamento e Gestão - SEDUR";"APG";"ME";"91910007";"2021 ";" Zé Neto";"Implantação de Infraestrutura Viária";"600020";"2021.3.26.26101.305.1162.600020.6";"0,00";"1500000,00";"0,00";"0,00";"0,00"
"2024";"Secretaria do Trabalho, Emprego, Renda e Esporte";"SETRE";"Superintendência dos Desportos do Estado da Bahia";"SUDESB";"MF";"91910001";"2023";" Zé Neto";"Promoção de Atividade de Esporte";"600056";"2024.3.21.21301.414.5779.600056.6";"0,00";"948842,00";"686700,00";"686700,00";"686700,00"
"2022";"Secretaria de Desenvolvimento Rural";"SDR";"Companhia de Desenvolvimento e Ação Regional";"CAR";"ME";"28710004";"2021";" Afonso Florence";"Distribuição de Equipamento de Apoio";"600010";"2022.3.18.18401.304.1399.600010.6";"0,00";"870000,00";"870000,00";"870000,00";"870000,00"
"2022";"Secretaria de Desenvolvimento Rural";"SDR";"Companhia de Desenvolvimento e Ação Regional";"CAR";"ME";"13390008";"2021 ";" Daniel Almeida";"Distribuição de Equipamento de Apoio";"600004";"2022.3.18.18401.304.1399.600004.6";"0,00";"215000,00";"215000,00";"215000,00";"215000,00"
"2026";"Secretaria de Desenvolvimento Urbano";"SEDUR";"Assessoria de Planejamento e Gestão - SEDUR";"APG";"MGISP";"36940005";"2023 ";" Jorge Solla";"Implantação de Infraestrutura Viária";"600053";"2026.3.26.26101.419.1162.600053.6";"0,00";"2717972,00";"0,00";"0,00";"0,00"
"2023";"Secretaria do Planejamento";"SEPLAN";"Superintendência de Estudos Econômicos e Sociais da Bahia";"SEI";"ME";"40800013";"2021 ";" Jaques Wagner";"Operação do Sistema de Informação";"600011";"2023.3.17.17301.315.2064.600011.6";"0,00";"5744,00";"5743,00";"5743,00";"5743,00"
"2025";"Secretaria de Desenvolvimento Urbano";"SEDUR";"Companhia de Desenvolvimento Urbano do Estado da Bahia";"CONDER";"ME";"13390010";"2022 ";" Daniel Almeida";"Implantação de Infraestrutura Viária";"600030";"2025.3.26.26401.419.1162.600030.6";"0,00";"252684,00";"232805,14";"232805,14";"232805,14"
"2025";"Secretaria de Turismo";"SETUR";"Assessoria de Planejamento e Gestão - SETUR";"APG";"MF";"13390020";"2024 ";" Daniel Almeid";"Apoio à Realização de Evento";"600063";"2025.3.32.32101.411.3701.600063.6";"0,00";"356752,00";"356752,00";"356752,00";"356752,00"
"2025";"Secretaria de Turismo";"SETUR";"Superintendência de Fomento ao Turismo do Estado da Bahia";"SUFOTUR";"MF";"40800020";"2024";"Jaques Wagner";"Apoio a Evento de Interesse Turístico";"600061";"2025.3.32.32802.411.5893.600061.6";"0,00";"3217000,00";"3213000,00";"2665000,00";"2065000,00"
"2026";"Secretaria de Desenvolvimento Rural";"SDR";"Assessoria de Planejamento e Gestão - SDR";"APG";"MF";"09032025-078571";"";"2025";"Distribuição de Equipamento de Apoio";"600099";"2026.3.18.18101.417.1399.600099.6";"0,00";"1980000,00";"0,00";"0,00";"0,00"
"2026";"Secretaria de Desenvolvimento Rural";"SDR";"Assessoria de Planejamento e Gestão - SDR";"APG";"MDA";"09032025-076987 ";"";" 2025";"Distribuição de Equipamento de Apoio";"600084";"2026.3.18.18101.417.1399.600084.6";"0,00";"1630130,00";"0,00";"0,00";"0,00"
"2025";"Secretaria de Desenvolvimento Rural";"SDR";"Companhia de Desenvolvimento e Ação Regional";"CAR";"MF";"91919910";"2024";" zé Neto";"Apoio a Evento da Agricultura Familiar";"600057";"2025.3.18.18401.417.7988.600057.6";"0,00";"630637,00";"0,00";"0,00";"0,00"
"2021";"Secretaria do Trabalho, Emprego, Renda e Esporte";"SETRE";"Superintendência dos Desportos do Estado da Bahia";"SUDESB";"ME";"27510004";"2021 ";" Waldenor Perei";"Promoção de Atividade de Esporte";"600009";"2021.3.21.21301.308.5793.600009.6";"0,00";"170000,00";"0,00";"0,00";"0,00"
"2024";"Secretaria da Agricultura, Pecuária, Irrigação, Pesca e Aquicultura";"SEAGRI";"Assessoria de Planejamento e Gestão - SEAGRI";"APG";"MF";"41900001";"2023";" Joseildo Ramos";"Apoio a Evento para Atração de Investime";"600050";"2024.3.10.10101.417.3044.600050.6";"0,00";"150000,00";"0,00";"0,00";"0,00"
"2024";"Secretaria da Educação";"SEC";"Universidade Estadual de Feira de Santana";"UEFS";"ME";"13310004";"2022 ";" Alice Portugal";"Infraestrutura em Unidade Universitária";"600027";"2024.3.11.11303.424.7867.600027.6";"0,00";"100000,00";"71500,00";"71500,00";"71500,00"
"2025";"Secretaria da Agricultura, Pecuária, Irrigação, Pesca e Aquicultura";"SEAGRI";"Bahia Pesca S/A";"BAHIAPESCA";"MF";"41900010";"2024";"Joseildo Ramos";"Distribuição de Equipamentos de Pesca";"600068";"2025.3.10.10501.417.5916.600068.6";"0,00";"300000,00";"292243,70";"292243,70";"292243,70"
"2026";"Secretaria de Desenvolvimento Rural";"SDR";"Companhia de Desenvolvimento e Ação Regional";"CAR";"MGISP";"13310020";"2023 ";" Alice Portugal";"Distribuição de Equipamento de Apoio";"600043";"2026.3.18.18401.417.1399.600043.6";"0,00";"337887,00";"0,00";"0,00";"0,00"
"2026";"Secretaria de Desenvolvimento Rural";"SDR";"Assessoria de Planejamento e Gestão - SDR";"APG";"MDA";"09032025-084239 ";"";" 2025";"Distribuição de Equipamento de Apoio";"600108";"2026.3.18.18101.417.1399.600108.6";"0,00";"382719,00";"0,00";"0,00";"0,00"
"2025";"Secretaria de Promoção da Igualdade Racial e dos Povos e Comunidades Tradicionais";"SEPROMI";"Assessoria de Planejamento e Gestão - SEPROMI";"APG";"MF";"36940011";"2024 ";" Jorge Solla";"Ações de Visibilidade e Permanência";"600066";"2025.3.30.30101.427.5599.600066.6";"0,00";"840000,00";"0,00";"0,00";"0,00"
"2025";"Secretaria de Desenvolvimento Urbano";"SEDUR";"Assessoria de Planejamento e Gestão - SEDUR";"APG";"MF";"27510008";"2023";" Waldenor Preira";"Implantação de Infraestrutura Viária";"600042";"2025.3.26.26101.419.1162.600042.6";"0,00";"1333996,00";"0,00";"0,00";"0,00"
"2024";"Secretaria de Desenvolvimento Rural";"SDR";"Assessoria de Planejamento e Gestão - SDR";"APG";"ME";"36940021";"2020 ";" Jorge Solla";"Distribuição de Equipamento de Apoio";"600000";"2024.3.18.18101.417.1399.600000.6";"0,00";"610000,00";"585330,81";"585330,81";"585330,81"
"2026";"Secretaria da Educação";"SEC";"Universidade do Estado da Bahia";"UNEB";"MGISP";"27500002";"2023";"Valmir Assunção";"Gestão Acadêmica de Curso";"600047";"2026.3.11.11301.424.2443.600047.6";"0,00";"912946,00";"44200,00";"44200,00";"37690,00"
"2023";"Secretaria de Políticas para as Mulheres";"SPM";"Assessoria de Planejamento e Gestão - SPM";"APG";"ME";"13310004";"2022 ";" Alice Portugal";"Apoio Técnico e Financeiro à Implantação";"600027";"2023.3.34.34101.311.5549.600027.6";"0,00";"100000,00";"0,00";"0,00";"0,00"
"2024";"Secretaria de Desenvolvimento Urbano";"SEDUR";"Assessoria de Planejamento e Gestão - SEDUR";"APG";"ME";"36940021";"2020 ";" Jorge Solla";"Implantação de Infraestrutura Viária";"600000";"2024.3.26.26101.419.1162.600000.6";"0,00";"468220,00";"0,00";"0,00";"0,00"
"2023";"Secretaria de Desenvolvimento Rural";"SDR";"Companhia de Desenvolvimento e Ação Regional";"CAR";"ME";"36940021";"2020 ";" Jorge Solla";"Distribuição de Equipamento de Apoio";"600000";"2023.3.18.18401.304.1399.600000.6";"0,00";"610000,00";"0,00";"0,00";"0,00"
"2025";"Secretaria de Desenvolvimento Urbano";"SEDUR";"Companhia de Desenvolvimento Urbano do Estado da Bahia";"CONDER";"MF";"30510005";"2024 ";" Bacelar";"Requalificação de Equipamento Urbano";"600075";"2025.3.26.26401.419.5183.600075.6";"0,00";"742209,56";"597205,52";"597205,52";"597205,52"
"2022";"Secretaria da Agricultura, Pecuária, Irrigação, Pesca e Aquicultura";"SEAGRI";"Assessoria de Planejamento e Gestão - SEAGRI";"APG";"ME";"28710004";"2022 ";" Afonso Florenc";"Distribuição de Equipamento";"600033";"2022.3.10.10101.304.7385.600033.6";"0,00";"210000,00";"201262,40";"0,00";"0,00"
"2024";"Secretaria da Educação";"SEC";"Universidade Estadual de Feira de Santana";"UEFS";"MF";"40800017";"2023";" Jaques Wagner";"Apoio às Ações de Pesquisa e Iniciação";"600052";"2024.3.11.11303.424.6927.600052.6";"0,00";"500000,00";"0,00";"0,00";"0,00"
"2022";"Secretaria de Desenvolvimento Rural";"SDR";"Companhia de Desenvolvimento e Ação Regional";"CAR";"ME";"13310003";"2021 ";" Alice Portugal";"Distribuição de Equipamento de Apoio";"600003";"2022.3.18.18401.304.1399.600003.6";"0,00";"500000,00";"499288,28";"499288,28";"499288,28"
"2021";"Secretaria de Desenvolvimento Rural";"SDR";"Companhia de Desenvolvimento e Ação Regional";"CAR";"ME";"27510004";"2021 ";" Waldenor Perei";"Distribuição de Equipamento de Apoio";"600009";"2021.3.18.18401.304.1399.600009.6";"0,00";"2445000,00";"0,00";"0,00";"0,00"
"2022";"Secretaria de Promoção da Igualdade Racial";"SEPROMI";"Assessoria de Planejamento e Gestão - SEPROMI";"APG";"ME";"27500003";"2021 ";" Valmir Assunçã";"Apoio Técnico e Financeiro a Projeto";"600007";"2022.3.30.30101.307.5713.600007.6";"0,00";"470870,00";"461155,98";"461155,98";"461155,98"
"2024";"Secretaria de Justiça e Direitos Humanos";"SJDH";"Assessoria de Planejamento e Gestão - SJDH";"APG";"MF";"27510008";"2023";" Waldenor Preira";"Apoio ao Neojibá";"600042";"2024.3.38.38101.400.6953.600042.6";"0,00";"200000,00";"200000,00";"200000,00";"200000,00"
"2024";"Secretaria da Agricultura, Pecuária, Irrigação, Pesca e Aquicultura";"SEAGRI";"Assessoria de Planejamento e Gestão - SEAGRI";"APG";"MF";"43790001";"2024 ";" Gabriel Nunes";"Apoio a Evento para Atração de Investime";"600076";"2024.3.10.10101.417.3044.600076.6";"0,00";"200000,00";"200000,00";"200000,00";"200000,00"
"2026";"Secretaria de Turismo";"SETUR";"Assessoria de Planejamento e Gestão - SETUR";"APG";"MTUR";"";"MTUR/09032025";"2-085849SETUR";"Apoio à Realização de Evento";"600171";"2026.3.32.32101.411.3701.600171.6";"0,00";"3205590,00";"2565447,43";"2155000,00";"2155000,00"
"2023";"Secretaria do Trabalho, Emprego, Renda e Esporte";"SETRE";"Assessoria de Planejamento e Gestão - SETRE";"APG";"ME";"41280009";"2021 ";" Raimundo Costa";"Construção de Equipamento";"600014";"2023.3.21.21101.305.7882.600014.6";"0,00";"150000,00";"0,00";"0,00";"0,00"
"2022";"Secretaria de Políticas para as Mulheres";"SPM";"Assessoria de Planejamento e Gestão - SPM";"APG";"ME";"13310003";"2021 ";" Alice Portugal";"Capacitação nas Escolas";"600003";"2022.3.34.34101.311.3059.600003.6";"0,00";"100000,00";"100000,00";"100000,00";"100000,00"
"2026";"Secretaria de Desenvolvimento Urbano";"SEDUR";"Assessoria de Planejamento e Gestão - SEDUR";"APG";"MF";"27510008";"2023";" Waldenor Preira";"Requalificação de Equipamento Urbano";"600042";"2026.3.26.26101.419.5183.600042.6";"0,00";"134037,00";"133849,66";"133849,66";"128696,45"
"2025";"Secretaria da Agricultura, Pecuária, Irrigação, Pesca e Aquicultura";"SEAGRI";"Assessoria de Planejamento e Gestão - SEAGRI";"APG";"MF";"41230001";"2024";"Otto Fillho";"Distribuição de Equipamento";"600072";"2025.3.10.10101.417.7385.600072.6";"0,00";"500000,00";"500000,00";"500000,00";"500000,00"
"2025";"Secretaria da Agricultura, Pecuária, Irrigação, Pesca e Aquicultura";"SEAGRI";"Bahia Pesca S/A";"BAHIAPESCA";"ME";"36940001";"2021 ";" Jorge Solla";"Aparelhamento de Unidade do Poder Execut";"600006";"2025.3.10.10501.446.3194.600006.6";"0,00";"1352,00";"0,00";"0,00";"0,00"
"2025";"Secretaria da Educação";"SEC";"Assessoria de Planejamento e Gestão - SEC";"APG";"ME";"24680012";"2022 ";" Lídice da Mata";"Apoio Financeiro para a Melhoria";"600031";"2025.3.11.11101.422.3334.600031.6";"0,00";"100000,00";"0,00";"0,00";"0,00"
"2020";"Secretaria de Desenvolvimento Urbano";"SEDUR";"Companhia de Desenvolvimento Urbano do Estado da Bahia";"CONDER";"Ministério da Economia";"27510007";"2020";"Não Informado";"Implantação de Infraestrutura Viária";"600002";"2020.3.26.26401.305.1162.600002.6";"0,00";"250000,00";"0,00";"0,00";"0,00"
"2025";"Secretaria de Desenvolvimento Urbano";"SEDUR";"Companhia de Desenvolvimento Urbano do Estado da Bahia";"CONDER";"MF";"30510005";"2024 ";" Bacelar";"Implantação de Infraestrutura Viária";"600075";"2025.3.26.26401.419.1162.600075.6";"0,00";"5458074,64";"5210459,19";"5210459,19";"5210459,19"
"2023";"Secretaria de Cultura";"SECULT";"Assessoria de Planejamento e Gestão - SECULT";"APG";"ME";"24680012";"2022 ";" Lídice da Mata";"Requalificação de Equipamento Cultural";"600031";"2023.3.22.22101.302.7857.600031.6";"0,00";"50000,00";"50000,00";"50000,00";"50000,00"
"2025";"Secretaria do Trabalho, Emprego, Renda e Esporte";"SETRE";"Superintendência dos Desportos do Estado da Bahia";"SUDESB";"MF";"41900003";"2023";"Joseildo Ramos";"Construção de Equipamento";"600055";"2025.3.21.21301.414.7882.600055.6";"0,00";"1000000,00";"0,00";"0,00";"0,00"
"2026";"Secretaria de Justiça e Direitos Humanos";"SJDH";"Assessoria de Planejamento e Gestão - SJDH";"APG";"MF";"09032025-076332";"";"2025";"Apoio ao Neojibá";"600148";"2026.3.38.38101.400.6953.600148.6";"0,00";"1000000,00";"0,00";"0,00";"0,00"
"2021";"Secretaria da Educação";"SEC";"Assessoria de Planejamento e Gestão - SEC";"APG";"ME";"28710004";"2021 ";" Waldenor Perei";"Gestão das Ações de Educação Integral";"600010";"2021.3.11.11101.306.6991.600010.6";"0,00";"0,00";"0,00";"0,00";"0,00"
"2021";"Secretaria de Ciência, Tecnologia e Inovação";"SECTI";"Assessoria de Planejamento e Gestão - SECTI";"APG";"ME";"91910007";"2021 ";" Zé Neto";"Implantação de Infraestrutura de Wi-Fi";"600020";"2021.3.28.28101.301.7917.600020.6";"0,00";"150000,00";"0,00";"0,00";"0,00"
"2026";"Secretaria do Trabalho, Emprego, Renda e Esporte";"SETRE";"Assessoria de Planejamento e Gestão - SETRE";"APG";"ME";"36940001";"2021 ";" Jorge Solla";"Apoio a Geração de Trabalho e Renda";"600006";"2026.3.21.21101.413.5917.600006.6";"0,00";"280000,00";"167496,00";"167496,00";"167496,00"
"2025";"Secretaria de Infraestrutura";"SEINFRA";"Superintendência de Infraestrutura de Transportes da Bahia";"SIT";"MF";"40800020";"2024";"Jaques Wagner";"Recuperação de Acesso";"600061";"2025.3.24.24801.432.7911.600061.6";"0,00";"5000000,00";"0,00";"0,00";"0,00"
"2021";"Secretaria de Desenvolvimento Rural";"SDR";"Companhia de Desenvolvimento e Ação Regional";"CAR";"ME";"41280013";"2021 ";" Raimundo Costa";"Implantação de Infraestrutura Hídrica";"600015";"2021.3.18.18401.312.5040.600015.6";"0,00";"300000,00";"0,00";"0,00";"0,00"
"2025";"Secretaria de Desenvolvimento Rural";"SDR";"Companhia de Desenvolvimento e Ação Regional";"CAR";"MDA";"09032025-077145 ";"";" 2025";"Apoio a Evento da Agricultura Familiar";"600119";"2025.3.18.18401.417.7988.600119.6";"0,00";"0,00";"0,00";"0,00";"0,00"
"2024";"Secretaria de Cultura";"SECULT";"Instituto do Patrimônio Artístico e Cultural da Bahia";"IPAC";"MF";"41280008";"2023";" Raimundo Costa";"Restauração de Bem Imóvel";"600041";"2024.3.22.22301.407.7052.600041.6";"0,00";"500000,00";"500000,00";"422281,79";"407501,93"
"2024";"Secretaria do Trabalho, Emprego, Renda e Esporte";"SETRE";"Superintendência dos Desportos do Estado da Bahia";"SUDESB";"ME";"13310003";"2021 ";" Alice Portugal";"Construção de Equipamento";"600003";"2024.3.21.21301.414.7882.600003.6";"0,00";"464709,00";"353311,52";"353311,52";"339796,21"
"2024";"Secretaria do Trabalho, Emprego, Renda e Esporte";"SETRE";"Assessoria de Planejamento e Gestão - SETRE";"APG";"ME";"13390008";"2021 ";" Daniel Almeida";"Apoio a Geração de Trabalho e Renda";"600004";"2024.3.21.21101.413.5917.600004.6";"0,00";"33059,00";"32796,42";"32796,42";"32796,42"
"2023";"Secretaria de Desenvolvimento Rural";"SDR";"Companhia de Desenvolvimento e Ação Regional";"CAR";"ME";"91910004";"2022 ";" Zé Neto";"Assistência Técnica Agropecuária";"600038";"2023.3.18.18401.304.1398.600038.6";"0,00";"0,00";"0,00";"0,00";"0,00"
"2023";"Secretaria de Desenvolvimento Rural";"SDR";"Companhia de Desenvolvimento e Ação Regional";"CAR";"ME";"41280013";"2021 ";" Raimundo Costa";"Implantação de Projeto de Apoio";"600015";"2023.3.18.18401.304.1926.600015.6";"0,00";"100000,00";"0,00";"0,00";"0,00"
"2025";"Secretaria do Trabalho, Emprego, Renda e Esporte";"SETRE";"Superintendência dos Desportos do Estado da Bahia";"SUDESB";"MF";"91919910";"2024";" zé Neto";"Promoção de Atividade de Esporte";"600057";"2025.3.21.21301.414.5793.600057.6";"0,00";"300000,00";"300000,00";"300000,00";"300000,00"
"2025";"Secretaria do Trabalho, Emprego, Renda e Esporte";"SETRE";"Superintendência dos Desportos do Estado da Bahia";"SUDESB";"ME";"13310004";"2022 ";" Alice Portugal";"Requalificação de Equipamento Esportivo";"600027";"2025.3.21.21301.414.1009.600027.6";"0,00";"869682,00";"0,00";"0,00";"0,00"
"2025";"Secretaria de Desenvolvimento Rural";"SDR";"Companhia de Desenvolvimento e Ação Regional";"CAR";"ME";"91910004";"2022 ";" Zé Neto";"Apoio a Evento da Agricultura Familiar";"600038";"2025.3.18.18401.417.7988.600038.6";"0,00";"100000,00";"0,00";"0,00";"0,00"
"2022";"Secretaria de Desenvolvimento Rural";"SDR";"Companhia de Desenvolvimento e Ação Regional";"CAR";"ME";"30510006";"2022 ";" Bacelar";"Assistência Técnica Agropecuária";"600034";"2022.3.18.18401.304.1398.600034.6";"0,00";"150000,00";"0,00";"0,00";"0,00"
"2026";"Secretaria da Agricultura, Pecuária, Irrigação, Pesca e Aquicultura";"SEAGRI";"Bahia Pesca S/A";"BAHIAPESCA";"MF";"41900010";"2024";"Joseildo Ramos";"Distribuição de Equipamentos de Pesca";"600068";"2026.3.10.10501.417.5916.600068.6";"0,00";"7756,00";"0,00";"0,00";"0,00"
"2021";"Secretaria de Infraestrutura";"SEINFRA";"Superintendência de Infraestrutura de Transportes da Bahia";"SIT";"ME";"36940021";"2020 ";" Jorge Solla";"Recuperação de Acesso";"600000";"2021.3.24.24801.309.7911.600000.6";"0,00";"1965005,00";"1199237,63";"1181688,54";"1181688,54"
"2026";"Secretaria da Segurança Pública";"SSP";"Corpo de Bombeiros Militar da Bahia";"CBMBA";"MF";"41280016";"2024";"Raimundo Costa";"Ampliação e Renovação da Frota";"600070";"2026.3.20.20803.437.7143.600070.6";"0,00";"11901,00";"0,00";"0,00";"0,00"
"2022";"Secretaria de Políticas para as Mulheres";"SPM";"Assessoria de Planejamento e Gestão - SPM";"APG";"ME";"27510007";"2020 ";" Waldenor Perei";"Apoio a Projeto";"600002";"2022.3.34.34101.311.5558.600002.6";"0,00";"100000,00";"100000,00";"100000,00";"100000,00"
"2025";"Secretaria da Educação";"SEC";"Universidade do Estado da Bahia";"UNEB";"MEC";"09032025-077154 ";"";" 2025";"Educação do Campo e Desenvolvimento";"600117";"2025.3.11.11301.424.4048.600117.6";"0,00";"247500,00";"0,00";"0,00";"0,00"
"2025";"Secretaria do Trabalho, Emprego, Renda e Esporte";"SETRE";"Superintendência dos Desportos do Estado da Bahia";"SUDESB";"MF";"41280021";"2024";"Raimundo Costa";"Promoção de Atividade de Esporte";"600071";"2025.3.21.21301.414.5779.600071.6";"0,00";"0,00";"0,00";"0,00";"0,00"
"2022";"Secretaria de Desenvolvimento Rural";"SDR";"Companhia de Desenvolvimento e Ação Regional";"CAR";"ME";"41900003";"2021 ";" Joseildo Ramos";"Apoio à Comercialização Produção Rural";"600019";"2022.3.18.18401.304.7838.600019.6";"0,00";"1100000,00";"1100000,00";"1100000,00";"1100000,00"
"2022";"Secretaria da Agricultura, Pecuária, Irrigação, Pesca e Aquicultura";"SEAGRI";"Assessoria de Planejamento e Gestão - SEAGRI";"APG";"ME";"27510007";"2020 ";" Waldenor Perei";"Distribuição de Equipamento";"600002";"2022.3.10.10101.304.7385.600002.6";"0,00";"219300,00";"0,00";"0,00";"0,00"
"2023";"Secretaria de Políticas para as Mulheres";"SPM";"Assessoria de Planejamento e Gestão - SPM";"APG";"ME";"27510007";"2020 ";" Waldenor Perei";"Apoio a Projeto";"600002";"2023.3.34.34101.311.5558.600002.6";"0,00";"100000,00";"100000,00";"100000,00";"100000,00"
"2023";"Secretaria do Trabalho, Emprego, Renda e Esporte";"SETRE";"Superintendência dos Desportos do Estado da Bahia";"SUDESB";"MGISP";"13390011";"2023 ";" Daniel Almeida";"Construção de Equipamento";"600039";"2023.3.21.21301.305.7882.600039.6";"0,00";"1980000,00";"0,00";"0,00";"0,00"
"2023";"Secretaria da Educação";"SEC";"Universidade Estadual do Sudoeste da Bahia";"UESB";"ME";"24680012";"2022 ";" Lídice da Mata";"Infraestrutura em Unidade Universitária";"600031";"2023.3.11.11302.306.7867.600031.6";"0,00";"45000,00";"0,00";"0,00";"0,00"
"2024";"Secretaria do Trabalho, Emprego, Renda e Esporte";"SETRE";"Superintendência dos Desportos do Estado da Bahia";"SUDESB";"ME";"13310003";"2021 ";" Alice Portugal";"Requalificação de Equipamento Esportivo";"600003";"2024.3.21.21301.414.1009.600003.6";"0,00";"221363,00";"221362,92";"221362,92";"217586,78"
"2022";"Secretaria de Políticas para as Mulheres";"SPM";"Assessoria de Planejamento e Gestão - SPM";"APG";"ME";"13310003";"2021 ";" Alice Portugal";"Apoio Técnico e Financeiro à Implantação";"600003";"2022.3.34.34101.311.5549.600003.6";"0,00";"147000,00";"143800,00";"143800,00";"143800,00"
"2025";"Secretaria de Desenvolvimento Urbano";"SEDUR";"Companhia de Desenvolvimento Urbano do Estado da Bahia";"CONDER";"MGISP";"13310020";"2023 ";" Alice Portugal";"Implantação de Infraestrutura Viária";"600043";"2025.3.26.26401.419.1162.600043.6";"0,00";"400000,00";"91085,14";"91085,14";"91085,14"
"2025";"Secretaria de Desenvolvimento Rural";"SDR";"Assessoria de Planejamento e Gestão - SDR";"APG";"ME";"91910004";"2022 ";" Zé Neto";"Distribuição de Equipamento de Apoio";"600038";"2025.3.18.18101.417.1399.600038.6";"0,00";"400000,00";"216000,00";"0,00";"0,00"
"2024";"Secretaria do Trabalho, Emprego, Renda e Esporte";"SETRE";"Superintendência dos Desportos do Estado da Bahia";"SUDESB";"MF";"43790002";"2024 ";" Gabriel Nunes";"Requalificação de Equipamento Esportivo";"600077";"2024.3.21.21301.414.1009.600077.6";"0,00";"500000,00";"0,00";"0,00";"0,00"
"2024";"Secretaria de Desenvolvimento Urbano";"SEDUR";"Companhia de Desenvolvimento Urbano do Estado da Bahia";"CONDER";"MF";"91910001";"2023";" Zé Neto";"Implantação de Infraestrutura Viária";"600056";"2024.3.26.26401.419.1162.600056.6";"0,00";"2000000,00";"817712,77";"320587,65";"97712,77"
"2024";"Secretaria de Desenvolvimento Urbano";"SEDUR";"Assessoria de Planejamento e Gestão - SEDUR";"APG";"MAPA";"36940005";"2022 ";" Jorge Solla";"Implantação de Infraestrutura Viária";"600036";"2024.3.26.26101.419.1162.600036.6";"0,00";"150000,00";"0,00";"0,00";"0,00"
"2023";"Secretaria do Trabalho, Emprego, Renda e Esporte";"SETRE";"Superintendência dos Desportos do Estado da Bahia";"SUDESB";"ME";"91910004";"2022 ";" Zé Neto";"Promoção de Atividade de Esporte";"600038";"2023.3.21.21301.308.5793.600038.6";"0,00";"983341,00";"251914,28";"251914,28";"251914,28"
"2023";"Secretaria de Promoção da Igualdade Racial e dos Povos e Comunidades Tradicionais";"SEPROMI";"Assessoria de Planejamento e Gestão - SEPROMI";"APG";"ME";"27510007";"2020 ";" Waldenor Perei";"Realização de Campanha de Promoção";"600002";"2023.3.30.30101.307.3825.600002.6";"0,00";"51011,00";"51011,00";"51011,00";"51011,00"
"2024";"Secretaria da Agricultura, Pecuária, Irrigação, Pesca e Aquicultura";"SEAGRI";"Bahia Pesca S/A";"BAHIAPESCA";"MAPA";"36940005";"2022 ";" Jorge Solla";"Assistência Técnica a Aquicultor";"600036";"2024.3.10.10501.417.6608.600036.6";"0,00";"19682,00";"17337,00";"17337,00";"17337,00"
"2022";"Secretaria de Cultura";"SECULT";"Fundação Pedro Calmon - Centro de Memória e Arquivo Público da Bahia";"FPC-AP";"ME";"24680012";"2022 ";" Lídice da Mata";"Requalificação de Equipamento Cultural";"600031";"2022.3.22.22202.302.7857.600031.6";"0,00";"220000,00";"140000,00";"140000,00";"140000,00"
"2022";"Secretaria de Cultura";"SECULT";"Assessoria de Planejamento e Gestão - SECULT";"APG";"ME";"24680005";"2021 ";" Lídice da Mata";"Apoio à Realização de Evento Cultural";"600005";"2022.3.22.22101.302.7980.600005.6";"0,00";"148000,00";"12000,00";"12000,00";"12000,00"
"2025";"Secretaria de Turismo";"SETUR";"Superintendência de Fomento ao Turismo do Estado da Bahia";"SUFOTUR";"MTUR";"09032025-2-086688 ";"";" 2025";"Apoio a Evento de Interesse Turístico";"600160";"2025.3.32.32802.411.5893.600160.6";"0,00";"990000,00";"0,00";"0,00";"0,00"
"2024";"Secretaria de Desenvolvimento Rural";"SDR";"Assessoria de Planejamento e Gestão - SDR";"APG";"ME";"91910004";"2022 ";" Zé Neto";"Distribuição de Equipamento de Apoio";"600038";"2024.3.18.18101.417.1399.600038.6";"0,00";"400000,00";"0,00";"0,00";"0,00"
"2025";"Secretaria do Trabalho, Emprego, Renda e Esporte";"SETRE";"Superintendência dos Desportos do Estado da Bahia";"SUDESB";"MF";"41900005";"2024";"Joseildo Ramos";"Construção de Equipamento";"600064";"2025.3.21.21301.414.7882.600064.6";"0,00";"1000000,00";"0,00";"0,00";"0,00"
"2025";"Secretaria de Cultura";"SECULT";"Instituto do Patrimônio Artístico e Cultural da Bahia";"IPAC";"ME";"30510006";"2022 ";" Bacelar";"Requalificação de Equipamento Cultural";"600034";"2025.3.22.22301.406.7857.600034.6";"0,00";"100000,00";"0,00";"0,00";"0,00"
"2023";"Secretaria de Promoção da Igualdade Racial e dos Povos e Comunidades Tradicionais";"SEPROMI";"Assessoria de Planejamento e Gestão - SEPROMI";"APG";"MAPA";"36940005";"2022 ";" Jorge Solla";"Apoio Técnico e Financeiro a Projeto";"600036";"2023.3.30.30101.307.5713.600036.6";"0,00";"50000,00";"50000,00";"50000,00";"50000,00"
"2023";"Secretaria da Segurança Pública";"SSP";"Departamento de Polícia Técnica";"DPT";"ME";"27510007";"2020 ";" Waldenor Perei";"Aquisição de Equipamento para o Sistema";"600002";"2023.3.20.20102.314.7877.600002.6";"0,00";"1945,00";"0,00";"0,00";"0,00"
"2026";"Secretaria de Assistência e Desenvolvimento Social";"SEADES";"Fundo Estadual de Assistência Social";"FEAS";"MDS";"09032025-076983 ";"";" 2025";"Implementação da Gestão do SUAS";"600083";"2026.3.39.39601.402.2284.600083.6";"0,00";"990000,00";"0,00";"0,00";"0,00"
"2023";"Secretaria de Cultura";"SECULT";"Instituto do Patrimônio Artístico e Cultural da Bahia";"IPAC";"MGISP";"24680011";"2023 ";" Lídice da Mata";"Dinamização em Museu";"600046";"2023.3.22.22301.302.1372.600046.6";"0,00";"100000,00";"0,00";"0,00";"0,00"
"2025";"Secretaria de Turismo";"SETUR";"Assessoria de Planejamento e Gestão - SETUR";"APG";"MTUR";"09032025-078857 ";"";" 2025";"Apoio à Realização de Evento";"600128";"2025.3.32.32101.411.3701.600128.6";"0,00";"1287000,00";"1232000,00";"395000,00";"380000,00"
"2024";"Secretaria de Cultura";"SECULT";"Assessoria de Planejamento e Gestão - SECULT";"APG";"ME";"40800012";"2022 ";" Jaques Wagner";"Apoio à Instituição Cultural";"600028";"2024.3.22.22101.406.2314.600028.6";"0,00";"100000,00";"100000,00";"100000,00";"100000,00"
"2024";"Secretaria de Turismo";"SETUR";"Superintendência de Fomento ao Turismo do Estado da Bahia";"SUFOTUR";"MF";"91910001";"2023";" Zé Neto";"Apoio a Evento de Interesse Turístico";"600056";"2024.3.32.32802.411.5893.600056.6";"0,00";"1500000,00";"1489290,00";"1319290,00";"1319290,00"
"2025";"Secretaria de Justiça e Direitos Humanos";"SJDH";"Assessoria de Planejamento e Gestão - SJDH";"APG";"ME";"27510007";"2020 ";" Waldenor Perei";"Apoio Técnico e Financeiro a Entidade";"600002";"2025.3.38.38101.400.2170.600002.6";"0,00";"50000,00";"0,00";"0,00";"0,00"
"2025";"Secretaria da Educação";"SEC";"Assessoria de Planejamento e Gestão - SEC";"APG";"ME";"91910007";"2021 ";" Zé Neto";"Aparelhamento de Unidade Escolar";"600020";"2025.3.11.11101.425.7744.600020.6";"0,00";"34750,00";"0,00";"0,00";"0,00"
"2025";"Secretaria do Trabalho, Emprego, Renda e Esporte";"SETRE";"Superintendência dos Desportos do Estado da Bahia";"SUDESB";"ME";"13310015";"2022 ";" Alice Portugal";"Requalificação de Equipamento Esportivo";"600029";"2025.3.21.21301.414.1009.600029.6";"0,00";"749851,00";"749851,00";"749851,00";"749851,00"
"2025";"Secretaria do Trabalho, Emprego, Renda e Esporte";"SETRE";"Assessoria de Planejamento e Gestão - SETRE";"APG";"MF";"13310004";"2024 ";" Alice Portugal";"Apoio a Geração de Trabalho e Renda";"600058";"2025.3.21.21101.413.5917.600058.6";"0,00";"550000,00";"0,00";"0,00";"0,00"
"2022";"Secretaria da Educação";"SEC";"Universidade Estadual do Sudoeste da Bahia";"UESB";"ME";"27510007";"2020 ";" Waldenor Perei";"Assistência ao Estudante Universitário";"600002";"2022.3.11.11302.306.6910.600002.6";"0,00";"3400,00";"0,00";"0,00";"0,00"
"2025";"Secretaria de Políticas para as Mulheres";"SPM";"Assessoria de Planejamento e Gestão - SPM";"APG";"ME";"24680005";"2021 ";" Lídice da Mata";"Aparelhamento de Unidade do Poder Execut";"600005";"2025.3.34.34101.446.3194.600005.6";"0,00";"18702,00";"0,00";"0,00";"0,00"
"2025";"Secretaria da Segurança Pública";"SSP";"Assessoria de Planejamento e Gestão - SSP";"APG";"Ministério da Justiça e Segurança Publica";"09032025-085019 ";"";" 2025";"Ampliação e Renovação da Frota";"600101";"2025.3.20.20101.437.7873.600101.6";"0,00";"495000,00";"0,00";"0,00";"0,00"
"2022";"Secretaria da Segurança Pública";"SSP";"Departamento de Polícia Técnica";"DPT";"ME";"27510007";"2020 ";" Waldenor Perei";"Aquisição de Equipamento para o Sistema";"600002";"2022.3.20.20102.314.7877.600002.6";"0,00";"11865,00";"9920,00";"9920,00";"9920,00"
"2022";"Secretaria da Administração";"SAEB";"Superintendência de Atendimento ao Cidadão";"SAC";"ME";"41900002";"2022 ";" Joseildo Ramos";"Implantação de Unidade do SAC";"600023";"2022.3.9.9801.315.1340.600023.6";"0,00";"800000,00";"0,00";"0,00";"0,00"
"2026";"Secretaria de Desenvolvimento Urbano";"SEDUR";"Assessoria de Planejamento e Gestão - SEDUR";"APG";"MF";"91910001";"2023";" Zé Neto";"Implantação de Infraestrutura Viária";"600056";"2026.3.26.26101.419.1162.600056.6";"0,00";"2000000,00";"0,00";"0,00";"0,00"
"2025";"Secretaria da Educação";"SEC";"Assessoria de Planejamento e Gestão - SEC";"APG";"MF";"41660001";"2024";" Pastor Isidório";"Aparelhamento de Unidade Escolar";"600062";"2025.3.11.11101.425.7744.600062.6";"0,00";"5225055,00";"0,00";"0,00";"0,00"
"2024";"Secretaria da Educação";"SEC";"Universidade do Estado da Bahia";"UNEB";"ME";"27510004";"2021 ";" Waldenor Perei";"Educação do Campo e Desenvolvimento";"600009";"2024.3.11.11301.424.4048.600009.6";"0,00";"369000,00";"155650,00";"155650,00";"155650,00"
"2025";"Secretaria da Agricultura, Pecuária, Irrigação, Pesca e Aquicultura";"SEAGRI";"Bahia Pesca S/A";"BAHIAPESCA";"ME";"24680012";"2022 ";" Lídice da Mata";"Distribuição de Equipamentos de Pesca";"600031";"2025.3.10.10501.417.5916.600031.6";"0,00";"4631,00";"0,00";"0,00";"0,00"
"2024";"Secretaria de Desenvolvimento Rural";"SDR";"Assessoria de Planejamento e Gestão - SDR";"APG";"ME";"91910004";"2022 ";" Zé Neto";"Implantação de Projeto de Apoio";"600038";"2024.3.18.18101.417.1926.600038.6";"0,00";"82663,00";"0,00";"0,00";"0,00"
"2025";"Secretaria de Cultura";"SECULT";"Assessoria de Planejamento e Gestão - SECULT";"APG";"MF";"27500003";"2024 ";" Valmir Assunçã";"Conservação de Bens Imóveis Protegidos";"600067";"2025.3.22.22101.407.1251.600067.6";"0,00";"250000,00";"0,00";"0,00";"0,00"
"2024";"Secretaria do Trabalho, Emprego, Renda e Esporte";"SETRE";"Superintendência dos Desportos do Estado da Bahia";"SUDESB";"MF";"91910001";"2023";" Zé Neto";"Promoção de Atividade de Esporte";"600056";"2024.3.21.21301.414.5031.600056.6";"0,00";"157892,00";"157892,00";"157892,00";"157892,00"
"2025";"Secretaria de Desenvolvimento Rural";"SDR";"Companhia de Desenvolvimento e Ação Regional";"CAR";"MGISP";"24680011";"2023 ";" Lídice da Mata";"Distribuição de Equipamento de Apoio";"600046";"2025.3.18.18401.417.1399.600046.6";"0,00";"150000,00";"149932,82";"149932,82";"149932,82"
"2023";"Secretaria de Cultura";"SECULT";"Assessoria de Planejamento e Gestão - SECULT";"APG";"ME";"40800012";"2022 ";" Jaques Wagner";"Apoio à Instituição Cultural";"600028";"2023.3.22.22101.302.2314.600028.6";"0,00";"100000,00";"0,00";"0,00";"0,00"
"2021";"Secretaria de Desenvolvimento Urbano";"SEDUR";"Assessoria de Planejamento e Gestão - SEDUR";"APG";"ME";"91910007";"2021 ";" Zé Neto";"Implantação de Equipamento Urbano";"600020";"2021.3.26.26101.305.1158.600020.6";"0,00";"250000,00";"0,00";"0,00";"0,00"
"2026";"Secretaria do Trabalho, Emprego, Renda e Esporte";"SETRE";"Assessoria de Planejamento e Gestão - SETRE";"APG";"MGISP";"13390011";"2023 ";" Daniel Almeida";"Assistência Técnica a Empreendimento";"600039";"2026.3.21.21101.413.6672.600039.6";"0,00";"3367,00";"0,00";"0,00";"0,00"
"2025";"Secretaria do Trabalho, Emprego, Renda e Esporte";"SETRE";"Superintendência dos Desportos do Estado da Bahia";"SUDESB";"MF";"27510008";"2023";" Waldenor Preira";"Construção de Equipamento";"600042";"2025.3.21.21301.414.7882.600042.6";"0,00";"320000,00";"0,00";"0,00";"0,00"
"2023";"Secretaria do Trabalho, Emprego, Renda e Esporte";"SETRE";"Superintendência dos Desportos do Estado da Bahia";"SUDESB";"ME";"13310015";"2022 ";" Alice Portugal";"Recuperação de Equipamento";"600029";"2023.3.21.21301.305.1009.600029.6";"0,00";"1000000,00";"0,00";"0,00";"0,00"
"2023";"Secretaria do Trabalho, Emprego, Renda e Esporte";"SETRE";"Superintendência dos Desportos do Estado da Bahia";"SUDESB";"ME";"36940001";"2021 ";" Jorge Solla";"Implementação de Núcleo de Iniciação";"600006";"2023.3.21.21301.314.4565.600006.6";"0,00";"200000,00";"0,00";"0,00";"0,00"
"2023";"Secretaria de Cultura";"SECULT";"Assessoria de Planejamento e Gestão - SECULT";"APG";"ME";"13310004";"2022 ";" Alice Portugal";"Requalificação de Equipamento Cultural";"600027";"2023.3.22.22101.302.7857.600027.6";"0,00";"0,00";"0,00";"0,00";"0,00"
"2025";"Secretaria de Turismo";"SETUR";"Superintendência de Fomento ao Turismo do Estado da Bahia";"SUFOTUR";"MF";"41900010";"2024";"Joseildo Ramos";"Apoio a Evento de Interesse Turístico";"600068";"2025.3.32.32802.411.5893.600068.6";"0,00";"500000,00";"500000,00";"500000,00";"500000,00"
"2025";"Secretaria da Agricultura, Pecuária, Irrigação, Pesca e Aquicultura";"SEAGRI";"Assessoria de Planejamento e Gestão - SEAGRI";"APG";"MF";"09032025-077444";"";"2025";"Distribuição de Equipamentos de Pesca";"600111";"2025.3.10.10101.417.5916.600111.6";"0,00";"247894,00";"0,00";"0,00";"0,00"
"2024";"Secretaria do Trabalho, Emprego, Renda e Esporte";"SETRE";"Superintendência dos Desportos do Estado da Bahia";"SUDESB";"ME";"91910007";"2021 ";" Zé Neto";"Requalificação de Equipamento Esportivo";"600020";"2024.3.21.21301.414.1009.600020.6";"0,00";"142594,00";"142593,30";"142593,30";"142593,30"
"2021";"Secretaria de Desenvolvimento Urbano";"SEDUR";"Assessoria de Planejamento e Gestão - SEDUR";"APG";"ME";"36940001";"2021 ";" Jorge Solla";"Implantação de Equipamento Urbano";"600006";"2021.3.26.26101.305.1158.600006.6";"0,00";"800000,00";"0,00";"0,00";"0,00"
"2026";"Secretaria de Turismo";"SETUR";"Assessoria de Planejamento e Gestão - SETUR";"APG";"MTUR";"09032025-2-086345";"";"2025";"Apoio à Realização de Evento";"600164";"2026.3.32.32101.411.3701.600164.6";"0,00";"518800,00";"480000,00";"480000,00";"480000,00"
"2023";"Secretaria de Turismo";"SETUR";"Superintendência de Fomento ao Turismo do Estado da Bahia";"SUFOTUR";"MF";"13620001";"2023";" Josias Gomes";"Apoio a Evento de Interesse Turístico";"600044";"2023.3.32.32802.303.5893.600044.6";"0,00";"300000,00";"0,00";"0,00";"0,00"
"2025";"Secretaria da Agricultura, Pecuária, Irrigação, Pesca e Aquicultura";"SEAGRI";"Assessoria de Planejamento e Gestão - SEAGRI";"APG";"MGISP";"41660002";"2023";"Pastor Isidório";"Distribuição de Equipamento";"600054";"2025.3.10.10101.417.7385.600054.6";"0,00";"623576,00";"623575,71";"623575,71";"623575,71"
"2025";"Secretaria de Desenvolvimento Urbano";"SEDUR";"Companhia de Desenvolvimento Urbano do Estado da Bahia";"CONDER";"MF";"30510005";"2024 ";" Bacelar";"Produção de Unidade Habitacional";"600075";"2025.3.26.26401.418.5112.600075.6";"0,00";"0,00";"0,00";"0,00";"0,00"
"2026";"Secretaria de Justiça e Direitos Humanos";"SJDH";"Assessoria de Planejamento e Gestão - SJDH";"APG";"MF";"41660001";"2024";" Pastor Isidório";"Apoio Técnico e Financeiro a Entidade";"600062";"2026.3.38.38101.400.2170.600062.6";"0,00";"4523923,00";"0,00";"0,00";"0,00"
"2024";"Secretaria de Cultura";"SECULT";"Instituto do Patrimônio Artístico e Cultural da Bahia";"IPAC";"MGISP";"24680011";"2023 ";" Lídice da Mata";"Dinamização em Museu";"600046";"2024.3.22.22301.406.1372.600046.6";"0,00";"100000,00";"100000,00";"100000,00";"100000,00"
"2025";"Secretaria do Planejamento";"SEPLAN";"Assessoria de Planejamento e Gestão - SEPLAN";"APG";"MF";"27510008";"2023";" Waldenor Preira";"Gestão do Sepege";"600042";"2025.3.17.17101.440.4042.600042.6";"0,00";"28000,00";"28000,00";"28000,00";"28000,00"
"2024";"Secretaria de Turismo";"SETUR";"Superintendência de Fomento ao Turismo do Estado da Bahia";"SUFOTUR";"ME";"27510006";"2022 ";" Waldenor Perei";"Apoio a Evento de Interesse Turístico";"600025";"2024.3.32.32802.411.5893.600025.6";"0,00";"100009,00";"100009,00";"100009,00";"100009,00"
"2025";"Secretaria da Agricultura, Pecuária, Irrigação, Pesca e Aquicultura";"SEAGRI";"Bahia Pesca S/A";"BAHIAPESCA";"MAPA";"36940005";"2022 ";" Jorge Solla";"Distribuição de Equipamentos de Pesca";"600036";"2025.3.10.10501.417.5916.600036.6";"0,00";"2345,00";"0,00";"0,00";"0,00"
"2023";"Secretaria de Infraestrutura";"SEINFRA";"Superintendência de Infraestrutura de Transportes da Bahia";"SIT";"ME";"36940001";"2021 ";" Jorge Solla";"Recuperação de Acesso";"600006";"2023.3.24.24801.309.7911.600006.6";"0,00";"609993,00";"0,00";"0,00";"0,00"
"2025";"Secretaria de Desenvolvimento Urbano";"SEDUR";"Assessoria de Planejamento e Gestão - SEDUR";"APG";"MGISP";"36940005";"2023 ";" Jorge Solla";"Implantação de Infraestrutura Viária";"600053";"2025.3.26.26101.419.1162.600053.6";"0,00";"2903313,00";"185340,83";"185340,83";"185340,83"
"2025";"Secretaria do Trabalho, Emprego, Renda e Esporte";"SETRE";"Superintendência dos Desportos do Estado da Bahia";"SUDESB";"ME";"36940021";"2020 ";" Jorge Solla";"Implementação de Núcleo de Iniciação";"600000";"2025.3.21.21301.414.4997.600000.6";"0,00";"4781,00";"0,00";"0,00";"0,00"
"2026";"Secretaria da Educação";"SEC";"Assessoria de Planejamento e Gestão - SEC";"APG";"ME";"24680012";"2022 ";" Lídice da Mata";"Apoio Financeiro para a Melhoria";"600031";"2026.3.11.11101.422.3334.600031.6";"0,00";"100000,00";"0,00";"0,00";"0,00"
"2022";"Secretaria de Desenvolvimento Urbano";"SEDUR";"Companhia de Desenvolvimento Urbano do Estado da Bahia";"CONDER";"ME";"13390010";"2022 ";" Daniel Almeida";"Implantação de Infraestrutura Viária";"600030";"2022.3.26.26401.305.1162.600030.6";"0,00";"1519680,00";"519680,00";"356379,61";"356379,61"
"2024";"Secretaria da Agricultura, Pecuária, Irrigação, Pesca e Aquicultura";"SEAGRI";"Bahia Pesca S/A";"BAHIAPESCA";"MF";"40800017";"2023";" Jaques Wagner";"Distribuição de Equipamentos de Pesca";"600052";"2024.3.10.10501.417.5916.600052.6";"0,00";"1226055,00";"768209,20";"768209,20";"768209,20"
"2022";"Secretaria de Cultura";"SECULT";"Fundação Pedro Calmon - Centro de Memória e Arquivo Público da Bahia";"FPC-AP";"ME";"24680012";"2022 ";" Lídice da Mata";"Modernização de Órgão Público";"600031";"2022.3.22.22202.315.7950.600031.6";"0,00";"100000,00";"87146,54";"87146,54";"87146,54"
"2025";"Secretaria de Ciência, Tecnologia e Inovação";"SECTI";"Assessoria de Planejamento e Gestão - SECTI";"APG";"MF";"24680017";"2024 ";" Lídice da Mata";"Promoção de Evento na Área de Ciência";"600065";"2025.3.28.28101.405.1600.600065.6";"0,00";"100000,00";"0,00";"0,00";"0,00"
"2025";"Secretaria de Turismo";"SETUR";"Assessoria de Planejamento e Gestão - SETUR";"APG";"MGISP";"36940005";"2023 ";" Jorge Solla";"Apoio à Realização de Evento";"600053";"2025.3.32.32101.411.3701.600053.6";"0,00";"20000,00";"20000,00";"20000,00";"20000,00"
"2023";"Secretaria de Justiça e Direitos Humanos";"SJDH";"Assessoria de Planejamento e Gestão - SJDH";"APG";"ME";"91910004";"2022 ";" Zé Neto";"Apoio ao Neojibá";"600038";"2023.3.38.38101.300.6953.600038.6";"0,00";"400000,00";"0,00";"0,00";"0,00"
"2023";"Secretaria de Promoção da Igualdade Racial e dos Povos e Comunidades Tradicionais";"SEPROMI";"Assessoria de Planejamento e Gestão - SEPROMI";"APG";"MGISP";"36940005";"2023 ";" Jorge Solla";"Apoio Técnico e Financeiro a Projeto";"600053";"2023.3.30.30101.307.5713.600053.6";"0,00";"550000,00";"550000,00";"550000,00";"550000,00"
"2024";"Secretaria da Agricultura, Pecuária, Irrigação, Pesca e Aquicultura";"SEAGRI";"Assessoria de Planejamento e Gestão - SEAGRI";"APG";"MGISP";"41660002";"2023";"Pastor Isidório";"Distribuição de Equipamento";"600054";"2024.3.10.10101.417.7385.600054.6";"0,00";"7000000,00";"6376424,29";"6250594,25";"6250594,25"
"2026";"Secretaria de Ciência, Tecnologia e Inovação";"SECTI";"Assessoria de Planejamento e Gestão - SECTI";"APG";"MGISP";"24680011";"2023 ";" Lídice da Mata";"Apoio à Produção de Conteúdo Audiovisual";"600046";"2026.3.28.28101.405.5253.600046.6";"0,00";"150000,00";"0,00";"0,00";"0,00"
"2025";"Secretaria de Desenvolvimento Urbano";"SEDUR";"Assessoria de Planejamento e Gestão - SEDUR";"APG";"MGISP";"13310020";"2023 ";" Alice Portugal";"Requalificação de Equipamento Urbano";"600043";"2025.3.26.26101.419.5183.600043.6";"0,00";"420975,00";"420975,00";"420975,00";"420975,00"
"2025";"Secretaria da Segurança Pública";"SSP";"Corpo de Bombeiros Militar da Bahia";"CBMBA";"MF";"41280016";"2024";"Raimundo Costa";"Ampliação e Renovação da Frota";"600070";"2025.3.20.20803.437.7143.600070.6";"0,00";"123155,00";"112100,00";"112100,00";"112100,00"
"2022";"Secretaria do Trabalho, Emprego, Renda e Esporte";"SETRE";"Superintendência dos Desportos do Estado da Bahia";"SUDESB";"ME";"13310003";"2021 ";" Alice Portugal";"Construção de Equipamento";"600003";"2022.3.21.21301.305.7882.600003.6";"0,00";"1000000,00";"500000,00";"500000,00";"500000,00"
"2023";"Secretaria de Promoção da Igualdade Racial e dos Povos e Comunidades Tradicionais";"SEPROMI";"Assessoria de Planejamento e Gestão - SEPROMI";"APG";"ME";"13310004";"2022 ";" Alice Portugal";"Ações de Visibilidade e Permanência";"600027";"2023.3.30.30101.307.5599.600027.6";"0,00";"450000,00";"0,00";"0,00";"0,00"
"2025";"Secretaria da Agricultura, Pecuária, Irrigação, Pesca e Aquicultura";"SEAGRI";"Assessoria de Planejamento e Gestão - SEAGRI";"APG";"MF";"40800020";"2024";"Jaques Wagner";"Distribuição de Equipamento";"600061";"2025.3.10.10101.417.7385.600061.6";"0,00";"4292425,00";"4292425,00";"4292425,00";"4292425,00"
"2025";"Secretaria de Desenvolvimento Rural";"SDR";"Companhia de Desenvolvimento e Ação Regional";"CAR";"MF";"09032025-076272";"";"2025";"Distribuição de Equipamento de Apoio";"600080";"2025.3.18.18401.417.1399.600080.6";"0,00";"0,00";"0,00";"0,00";"0,00"
"2023";"Secretaria da Segurança Pública";"SSP";"Polícia Militar da Bahia";"PM/BA";"ME";"36940001";"2021 ";" Jorge Solla";"Aquisição de Equipamento de Informática";"600006";"2023.3.20.20801.314.7875.600006.6";"0,00";"100000,00";"93541,83";"93541,83";"0,00"
"2026";"Secretaria de Assistência e Desenvolvimento Social";"SEADES";"Fundo Estadual de Assistência Social";"FEAS";"MF";"24680017";"2024 ";" Lídice da Mata";"Serviço VIVER";"600065";"2026.3.39.39601.402.2256.600065.6";"0,00";"523176,00";"0,00";"0,00";"0,00"
"2025";"Secretaria de Justiça e Direitos Humanos";"SJDH";"Assessoria de Planejamento e Gestão - SJDH";"APG";"MF";"41660001";"2024";" Pastor Isidório";"Assistência na Proteção";"600062";"2025.3.38.38101.400.2505.600062.6";"0,00";"600000,00";"0,00";"0,00";"0,00"
"2025";"Secretaria de Políticas para as Mulheres";"SPM";"Assessoria de Planejamento e Gestão - SPM";"APG";"MF";"28710017";"2024 ";" Afonso Florenc";"Apoio Técnico e Financeiro à Implantação";"600073";"2025.3.34.34101.429.5549.600073.6";"0,00";"100000,00";"92333,33";"92333,33";"0,00"
"2022";"Secretaria de Ciência, Tecnologia e Inovação";"SECTI";"Assessoria de Planejamento e Gestão - SECTI";"APG";"ME";"91910007";"2021 ";" Zé Neto";"Implantação de Infraestrutura de Wi-Fi";"600020";"2022.3.28.28101.301.7917.600020.6";"0,00";"150000,00";"0,00";"0,00";"0,00"
"2024";"Secretaria de Desenvolvimento Rural";"SDR";"Assessoria de Planejamento e Gestão - SDR";"APG";"MF";"27510001";"2024";"Waldenor Pereira";"Distribuição de Equipamento de Apoio";"600059";"2024.3.18.18101.417.1399.600059.6";"0,00";"199999,00";"0,00";"0,00";"0,00"
"2024";"Secretaria de Desenvolvimento Urbano";"SEDUR";"Assessoria de Planejamento e Gestão - SEDUR";"APG";"MF";"27510008";"2023";" Waldenor Preira";"Implantação de Infraestrutura Viária";"600042";"2024.3.26.26101.419.1162.600042.6";"0,00";"2734996,00";"0,00";"0,00";"0,00"
"2026";"Secretaria de Cultura";"SECULT";"Instituto do Patrimônio Artístico e Cultural da Bahia";"IPAC";"ME";"27500003";"2021 ";" Valmir Assunçã";"Patrimônio Histórico, Artístico e Arqueo";"600007";"2026.3.22.22301.406.3407.600007.6";"0,00";"500000,00";"0,00";"0,00";"0,00"
"2023";"Secretaria de Infraestrutura";"SEINFRA";"Superintendência de Infraestrutura de Transportes da Bahia";"SIT";"MF";"24710002";"2023";"Sérgio brito";"Recuperação de Acesso";"600048";"2023.3.24.24801.309.7911.600048.6";"0,00";"8000000,00";"0,00";"0,00";"0,00"
"2025";"Secretaria de Turismo";"SETUR";"Superintendência de Fomento ao Turismo do Estado da Bahia";"SUFOTUR";"MTUR";"09032025-2-085583 ";"";" 2025";"Apoio a Evento de Interesse Turístico";"600158";"2025.3.32.32802.411.5893.600158.6";"0,00";"5157900,00";"0,00";"0,00";"0,00"
"2025";"Secretaria do Trabalho, Emprego, Renda e Esporte";"SETRE";"Assessoria de Planejamento e Gestão - SETRE";"APG";"MF";"13310007";"2024 ";" Alice Portugal";"Assistência Técnica a Empreendimento";"600060";"2025.3.21.21101.413.6672.600060.6";"0,00";"600000,00";"580000,00";"580000,00";"580000,00"
"2026";"Secretaria de Ciência, Tecnologia e Inovação";"SECTI";"Assessoria de Planejamento e Gestão - SECTI";"APG";"MAPA";"36940005";"2022 ";" Jorge Solla";"Implantação de Infraestrutura de Wi-Fi";"600036";"2026.3.28.28101.405.7917.600036.6";"0,00";"32151,00";"0,00";"0,00";"0,00"
"2022";"Secretaria de Desenvolvimento Rural";"SDR";"Companhia de Desenvolvimento e Ação Regional";"CAR";"ME";"27510006";"2022 ";" Waldenor Perei";"Distribuição de Equipamento de Apoio";"600025";"2022.3.18.18401.304.1399.600025.6";"0,00";"1473778,00";"1473778,00";"1473778,00";"1473778,00"
"2022";"Secretaria de Desenvolvimento Rural";"SDR";"Companhia de Desenvolvimento e Ação Regional";"CAR";"ME";"13390001";"2020 ";" Daniel Almeida";"Distribuição de Equipamento de Apoio";"600001";"2022.3.18.18401.304.1399.600001.6";"0,00";"74508,00";"66830,00";"66830,00";"66830,00"
"2023";"Secretaria de Justiça e Direitos Humanos";"SJDH";"Assessoria de Planejamento e Gestão - SJDH";"APG";"ME";"27510006";"2022 ";" Waldenor Perei";"Apoio Técnico e Financeiro a Entidade";"600025";"2023.3.38.38101.300.2170.600025.6";"0,00";"409841,00";"409841,00";"409841,00";"409841,00"
"2025";"Secretaria da Segurança Pública";"SSP";"Polícia Militar da Bahia";"PM/BA";"Ministério da Justiça e Segurança Publica";"09032025-076985 ";"";" 2025";"Ampliação e Renovação da Frota";"600088";"2025.3.20.20801.437.7873.600088.6";"0,00";"495000,00";"0,00";"0,00";"0,00"
"2025";"Secretaria de Justiça e Direitos Humanos";"SJDH";"Assessoria de Planejamento e Gestão - SJDH";"APG";"MF";"91919910";"2024";" zé Neto";"Apoio Técnico e Financeiro a Entidade";"600057";"2025.3.38.38101.400.2170.600057.6";"0,00";"1500000,00";"200333,33";"0,00";"0,00"
"2025";"Secretaria de Assistência e Desenvolvimento Social";"SEADES";"Assessoria de Planejamento e Gestão - SEADES";"APG";"MF";"27500003";"2024 ";" Valmir Assunçã";"Realização de Ações de Cuidado e Redução";"600067";"2025.3.39.39101.404.4183.600067.6";"0,00";"1200000,00";"0,00";"0,00";"0,00"
"2025";"Secretaria da Agricultura, Pecuária, Irrigação, Pesca e Aquicultura";"SEAGRI";"Bahia Pesca S/A";"BAHIAPESCA";"MF";"24680017";"2024 ";" Lídice da Mata";"Assistência Técnica a Aquicultor";"600065";"2025.3.10.10501.417.6608.600065.6";"0,00";"100000,00";"0,00";"0,00";"0,00"
"2026";"Secretaria de Desenvolvimento Rural";"SDR";"Assessoria de Planejamento e Gestão - SDR";"APG";"MF";"13390020";"2024 ";" Daniel Almeid";"Distribuição de Equipamento de Apoio";"600063";"2026.3.18.18101.417.1399.600063.6";"0,00";"485792,00";"0,00";"0,00";"0,00"
"2026";"Secretaria de Desenvolvimento Rural";"SDR";"Assessoria de Planejamento e Gestão - SDR";"APG";"MDA";"09032025-077152 ";"";" 2025";"Distribuição de Equipamento de Apoio";"600085";"2026.3.18.18101.417.1399.600085.6";"0,00";"1435500,00";"0,00";"0,00";"0,00"
"2022";"Secretaria do Trabalho, Emprego, Renda e Esporte";"SETRE";"Superintendência dos Desportos do Estado da Bahia";"SUDESB";"ME";"91910007";"2021 ";" Zé Neto";"Ampliação de Equipamento Esportivo";"600020";"2022.3.21.21301.305.7974.600020.6";"0,00";"407327,00";"407327,00";"131218,60";"0,00"
"2024";"Secretaria do Trabalho, Emprego, Renda e Esporte";"SETRE";"Superintendência dos Desportos do Estado da Bahia";"SUDESB";"MF";"13390020";"2024 ";" Daniel Almeid";"Promoção de Atividade de Esporte";"600063";"2024.3.21.21301.414.5031.600063.6";"0,00";"1000000,00";"1000000,00";"1000000,00";"1000000,00"
"2024";"Secretaria do Trabalho, Emprego, Renda e Esporte";"SETRE";"Assessoria de Planejamento e Gestão - SETRE";"APG";"MGISP";"13310020";"2023 ";" Alice Portugal";"Apoio a Geração de Trabalho e Renda";"600043";"2024.3.21.21101.413.5917.600043.6";"0,00";"0,00";"0,00";"0,00";"0,00"
"2022";"Secretaria de Infraestrutura";"SEINFRA";"Superintendência de Infraestrutura de Transportes da Bahia";"SIT";"ME";"36940001";"2021 ";" Jorge Solla";"Recuperação de ponte";"600006";"2022.3.24.24801.309.7886.600006.6";"0,00";"0,00";"0,00";"0,00";"0,00"
"2024";"Secretaria de Ciência, Tecnologia e Inovação";"SECTI";"Assessoria de Planejamento e Gestão - SECTI";"APG";"ME";"27510004";"2021 ";" Waldenor Perei";"Implantação de Infraestrutura de Wi-Fi";"600009";"2024.3.28.28101.405.7917.600009.6";"0,00";"300000,00";"300000,00";"300000,00";"300000,00"
"2024";"Secretaria do Trabalho, Emprego, Renda e Esporte";"SETRE";"Superintendência dos Desportos do Estado da Bahia";"SUDESB";"MGISP";"13390011";"2023 ";" Daniel Almeida";"Requalificação de Equipamento Esportivo";"600039";"2024.3.21.21301.414.1009.600039.6";"0,00";"1980000,00";"900582,00";"900582,00";"893779,44"
"2025";"Secretaria da Agricultura, Pecuária, Irrigação, Pesca e Aquicultura";"SEAGRI";"Assessoria de Planejamento e Gestão - SEAGRI";"APG";"MAPA";"09032025-077153 ";"";" 2025";"Implantação de Unidade Comercialização";"600113";"2025.3.10.10101.417.7244.600113.6";"0,00";"396000,00";"0,00";"0,00";"0,00"
"2025";"Secretaria da Agricultura, Pecuária, Irrigação, Pesca e Aquicultura";"SEAGRI";"Assessoria de Planejamento e Gestão - SEAGRI";"APG";"MF";"09032025-077446";"";"2025";"Implantação de Unidade Comercialização";"600104";"2025.3.10.10101.417.7244.600104.6";"0,00";"937130,00";"0,00";"0,00";"0,00"
"2025";"Secretaria de Desenvolvimento Rural";"SDR";"Assessoria de Planejamento e Gestão - SDR";"APG";"MDA";"09032025-084239 ";"";" 2025";"Distribuição de Equipamento de Apoio";"600108";"2025.3.18.18101.417.1399.600108.6";"0,00";"1027606,00";"644886,35";"644886,35";"644886,35"
"2026";"Secretaria de Cultura";"SECULT";"Fundação Cultural do Estado da Bahia";"FUNCEB";"MF";"13310004";"2024 ";" Alice Portugal";"Apoio à Instituição Cultural";"600058";"2026.3.22.22201.406.2314.600058.6";"0,00";"125000,00";"0,00";"0,00";"0,00"
"2023";"Secretaria da Segurança Pública";"SSP";"Assessoria de Planejamento e Gestão - SSP";"APG";"ME";"36940001";"2021 ";" Jorge Solla";"Aquisição de Equipamento para o Sistema";"600006";"2023.3.20.20101.314.7877.600006.6";"0,00";"0,00";"0,00";"0,00";"0,00"
"2024";"Secretaria do Trabalho, Emprego, Renda e Esporte";"SETRE";"Superintendência dos Desportos do Estado da Bahia";"SUDESB";"ME";"13310015";"2022 ";" Alice Portugal";"Requalificação de Equipamento Esportivo";"600029";"2024.3.21.21301.414.1009.600029.6";"0,00";"1000000,00";"250148,62";"250148,62";"247146,84"
"2026";"Secretaria de Turismo";"SETUR";"Assessoria de Planejamento e Gestão - SETUR";"APG";"MF";"41900001";"2023";" Joseildo Ramos";"Apoio à Realização de Evento";"600050";"2026.3.32.32101.411.3701.600050.6";"0,00";"150000,00";"0,00";"0,00";"0,00"
"2023";"Secretaria de Turismo";"SETUR";"Superintendência de Fomento ao Turismo do Estado da Bahia";"SUFOTUR";"MGISP";"36940005";"2023 ";" Jorge Solla";"Apoio a Evento de Interesse Turístico";"600053";"2023.3.32.32802.303.5893.600053.6";"0,00";"764657,00";"540000,00";"540000,00";"530000,00"
"2025";"Secretaria do Trabalho, Emprego, Renda e Esporte";"SETRE";"Superintendência dos Desportos do Estado da Bahia";"SUDESB";"MF";"43790002";"2024 ";" Gabriel Nunes";"Requalificação de Equipamento Esportivo";"600077";"2025.3.21.21301.414.1009.600077.6";"0,00";"500000,00";"0,00";"0,00";"0,00"
"2025";"Secretaria de Desenvolvimento Rural";"SDR";"Companhia de Desenvolvimento e Ação Regional";"CAR";"MF";"91919910";"2024";" zé Neto";"Implantação de Infraestrutura Hídrica";"600057";"2025.3.18.18401.420.5040.600057.6";"0,00";"159200,00";"0,00";"0,00";"0,00"
"2026";"Secretaria do Trabalho, Emprego, Renda e Esporte";"SETRE";"Assessoria de Planejamento e Gestão - SETRE";"APG";"ME";"41280009";"2021 ";" Raimundo Costa";"Construção de Equipamento";"600014";"2026.3.21.21101.414.7882.600014.6";"0,00";"150000,00";"0,00";"0,00";"0,00"
"2022";"Secretaria de Desenvolvimento Rural";"SDR";"Companhia de Desenvolvimento e Ação Regional";"CAR";"ME";"41280013";"2021 ";" Raimundo Costa";"Assistência Técnica Agropecuária";"600015";"2022.3.18.18401.304.1398.600015.6";"0,00";"0,00";"0,00";"0,00";"0,00"
"2025";"Secretaria do Trabalho, Emprego, Renda e Esporte";"SETRE";"Superintendência dos Desportos do Estado da Bahia";"SUDESB";"MF";"91919910";"2024";" zé Neto";"Promoção de Atividade de Esporte";"600057";"2025.3.21.21301.414.5779.600057.6";"0,00";"500000,00";"500000,00";"500000,00";"500000,00"
"2025";"Secretaria do Trabalho, Emprego, Renda e Esporte";"SETRE";"Superintendência dos Desportos do Estado da Bahia";"SUDESB";"MF";"91910001";"2023";" Zé Neto";"Promoção de Atividade de Esporte";"600056";"2025.3.21.21301.414.5779.600056.6";"0,00";"262142,00";"115000,00";"115000,00";"115000,00"
"2025";"Secretaria de Desenvolvimento Urbano";"SEDUR";"Companhia de Desenvolvimento Urbano do Estado da Bahia";"CONDER";"MF";"24710002";"2023";"Sérgio Brito";"Implantação de Equipamento Urbano";"600048";"2025.3.26.26401.419.1158.600048.6";"0,00";"500000,00";"0,00";"0,00";"0,00"
"2025";"Secretaria de Desenvolvimento Rural";"SDR";"Companhia de Desenvolvimento e Ação Regional";"CAR";"ME";"28710004";"2022 ";" Afonso Florenc";"Distribuição de Equipamento de Apoio";"600033";"2025.3.18.18401.417.1399.600033.6";"0,00";"771302,00";"767708,34";"767708,34";"767708,34"
"2026";"Secretaria da Educação";"SEC";"Universidade Estadual do Sudoeste da Bahia";"UESB";"ME";"24680012";"2022 ";" Lídice da Mata";"Infraestrutura em Unidade Universitária";"600031";"2026.3.11.11302.424.7867.600031.6";"0,00";"16988,00";"0,00";"0,00";"0,00"
"2026";"Secretaria de Justiça e Direitos Humanos";"SJDH";"Assessoria de Planejamento e Gestão - SJDH";"APG";"MF";"91919910";"2024";" zé Neto";"Apoio Técnico e Financeiro a Entidade";"600057";"2026.3.38.38101.400.2170.600057.6";"0,00";"1249800,00";"0,00";"0,00";"0,00"
"2022";"Secretaria do Trabalho, Emprego, Renda e Esporte";"SETRE";"Superintendência dos Desportos do Estado da Bahia";"SUDESB";"ME";"27450003";"2022 ";" José Nunes";"Implementação de Núcleo de Iniciação";"600037";"2022.3.21.21301.314.4565.600037.6";"0,00";"300000,00";"300000,00";"300000,00";"0,00"
"2022";"Secretaria de Justiça, Direitos Humanos e Desenvolvimento Social";"SJDHDS";"Assessoria de Planejamento e Gestão - SJDHDS";"APG";"ME";"24680005";"2021 ";" Lídice da Mata";"Apoio Técnico e Financeiro a Entidade";"600005";"2022.3.12.12101.300.2170.600005.6";"0,00";"150000,00";"150000,00";"150000,00";"150000,00"
"2026";"Secretaria de Cultura";"SECULT";"Fundação Cultural do Estado da Bahia";"FUNCEB";"MF";"13390020";"2024 ";" Daniel Almeid";"Apoio à Realização de Evento Cultural";"600063";"2026.3.22.22201.406.7980.600063.6";"0,00";"300000,00";"0,00";"0,00";"0,00"
"2024";"Secretaria do Trabalho, Emprego, Renda e Esporte";"SETRE";"Superintendência dos Desportos do Estado da Bahia";"SUDESB";"MGISP";"28710004";"2023";"Afonso Florence";"Requalificação de Equipamento Esportivo";"600051";"2024.3.21.21301.414.1009.600051.6";"0,00";"100000,00";"0,00";"0,00";"0,00"
"2024";"Secretaria da Agricultura, Pecuária, Irrigação, Pesca e Aquicultura";"SEAGRI";"Agência Estadual de Defesa Agropecuária da Bahia";"ADAB";"MGISP";"24680011";"2023 ";" Lídice da Mata";"Realização de Ação de Educação Sanitária";"600046";"2024.3.10.10301.417.6166.600046.6";"0,00";"300000,00";"277000,00";"277000,00";"277000,00"
"2022";"Secretaria de Desenvolvimento Rural";"SDR";"Companhia de Desenvolvimento e Ação Regional";"CAR";"ME";"28710004";"2022 ";" Afonso Florenc";"Distribuição de Equipamento de Apoio";"600033";"2022.3.18.18401.304.1399.600033.6";"0,00";"3000000,00";"2938698,21";"2938698,21";"2938698,21"
"2023";"Secretaria de Cultura";"SECULT";"Fundação Pedro Calmon - Centro de Memória e Arquivo Público da Bahia";"FPC-AP";"ME";"24680012";"2022 ";" Lídice da Mata";"Realização de Evento Artístico-Cultural";"600031";"2023.3.22.22202.302.7986.600031.6";"0,00";"250000,00";"0,00";"0,00";"0,00"
"2024";"Secretaria de Cultura";"SECULT";"Fundação Pedro Calmon - Centro de Memória e Arquivo Público da Bahia";"FPC-AP";"ME";"24680012";"2022 ";" Lídice da Mata";"Realização de Evento Artístico-Cultural";"600031";"2024.3.22.22202.406.7986.600031.6";"0,00";"250000,00";"162610,00";"162610,00";"162610,00"
"2024";"Secretaria de Desenvolvimento Urbano";"SEDUR";"Companhia de Desenvolvimento Urbano do Estado da Bahia";"CONDER";"MGISP";"13310020";"2023 ";" Alice Portugal";"Implantação de Infraestrutura Viária";"600043";"2024.3.26.26401.419.1162.600043.6";"0,00";"400000,00";"0,00";"0,00";"0,00"
"2025";"Secretaria da Agricultura, Pecuária, Irrigação, Pesca e Aquicultura";"SEAGRI";"Assessoria de Planejamento e Gestão - SEAGRI";"APG";"MPA";"09032025-2-087387";"";"2025";"Assistência Técnica a Aquicultor";"600159";"2025.3.10.10101.417.6608.600159.6";"0,00";"275220,00";"0,00";"0,00";"0,00"
"2024";"Secretaria de Desenvolvimento Rural";"SDR";"Assessoria de Planejamento e Gestão - SDR";"APG";"MF";"91910001";"2023";" Zé Neto";"Distribuição de Equipamento de Apoio";"600056";"2024.3.18.18101.417.1399.600056.6";"0,00";"670000,00";"0,00";"0,00";"0,00"
"2025";"Secretaria de Turismo";"SETUR";"Superintendência de Fomento ao Turismo do Estado da Bahia";"SUFOTUR";"MF";"35680002";"2024 ";"Paulo Magalhães";"Apoio a Evento de Interesse Turístico";"600074";"2025.3.32.32802.411.5893.600074.6";"0,00";"300000,00";"0,00";"0,00";"0,00"
"2025";"Secretaria do Trabalho, Emprego, Renda e Esporte";"SETRE";"Superintendência dos Desportos do Estado da Bahia";"SUDESB";"MF";"13390020";"2024 ";" Daniel Almeid";"Requalificação de Equipamento Esportivo";"600063";"2025.3.21.21301.414.1009.600063.6";"0,00";"434000,00";"0,00";"0,00";"0,00"
"2023";"Secretaria do Trabalho, Emprego, Renda e Esporte";"SETRE";"Superintendência dos Desportos do Estado da Bahia";"SUDESB";"ME";"13310004";"2022 ";" Alice Portugal";"Recuperação de Equipamento";"600027";"2023.3.21.21301.305.1009.600027.6";"0,00";"869682,00";"0,00";"0,00";"0,00"
"2024";"Secretaria de Infraestrutura";"SEINFRA";"Superintendência de Infraestrutura de Transportes da Bahia";"SIT";"ME";"36940001";"2021 ";" Jorge Solla";"Recuperação de Acesso";"600006";"2024.3.24.24801.432.7911.600006.6";"0,00";"609993,00";"609993,00";"609993,00";"609993,00"
"2025";"Secretaria da Educação";"SEC";"Universidade do Estado da Bahia";"UNEB";"MF";"09032025-079528";"";"2025";"Gestão Acadêmica de Curso";"600146";"2025.3.11.11301.424.2443.600146.6";"0,00";"990000,00";"0,00";"0,00";"0,00"
"2024";"Secretaria de Desenvolvimento Rural";"SDR";"Companhia de Desenvolvimento e Ação Regional";"CAR";"MF";"27510008";"2023";" Waldenor Preira";"Distribuição de Equipamento de Apoio";"600042";"2024.3.18.18401.417.1399.600042.6";"0,00";"2568828,00";"2547871,02";"2547871,02";"2547871,02"
"2026";"Secretaria de Desenvolvimento Rural";"SDR";"Assessoria de Planejamento e Gestão - SDR";"APG";"ME";"36940021";"2020 ";" Jorge Solla";"Distribuição de Equipamento de Apoio";"600000";"2026.3.18.18101.417.1399.600000.6";"0,00";"24669,00";"0,00";"0,00";"0,00"
"2026";"Secretaria da Agricultura, Pecuária, Irrigação, Pesca e Aquicultura";"SEAGRI";"Assessoria de Planejamento e Gestão - SEAGRI";"APG";"MTUR";"";"MTUR/09032025";"2-085766SEAGRI";"Apoio a Evento para Atração de Investime";"600169";"2026.3.10.10101.417.3044.600169.6";"0,00";"1000000,00";"0,00";"0,00";"0,00"
"2025";"Secretaria de Assistência e Desenvolvimento Social";"SEADES";"Assessoria de Planejamento e Gestão - SEADES";"APG";"MF";"91910001";"2023";" Zé Neto";"Aparelhamento de Central de Distribuição";"600056";"2025.3.39.39101.403.5445.600056.6";"0,00";"19250,00";"0,00";"0,00";"0,00"
"2025";"Secretaria da Educação";"SEC";"Universidade do Estado da Bahia";"UNEB";"MF";"27510008";"2023";" Waldenor Preira";"Educação do Campo e Desenvolvimento";"600042";"2025.3.11.11301.424.4048.600042.6";"0,00";"300000,00";"68151,41";"68151,41";"68151,41"
"2026";"Secretaria de Desenvolvimento Urbano";"SEDUR";"Assessoria de Planejamento e Gestão - SEDUR";"APG";"MGISP";"275000005";"2023";"Valmir Assunção";"Implantação de Infraestrutura Viária";"600049";"2026.3.26.26101.419.1162.600049.6";"0,00";"1463156,00";"0,00";"0,00";"0,00"
"2026";"Secretaria de Desenvolvimento Rural";"SDR";"Assessoria de Planejamento e Gestão - SDR";"APG";"MDA";"09032025-2-086346";"";"2025";"Distribuição de Equipamento de Apoio";"600165";"2026.3.18.18101.417.1399.600165.6";"0,00";"986288,00";"0,00";"0,00";"0,00"
"2025";"Secretaria de Desenvolvimento Rural";"SDR";"Companhia de Desenvolvimento e Ação Regional";"CAR";"MF";"41900010";"2024";"Joseildo Ramos";"Implantação de Infraestrutura Hídrica";"600068";"2025.3.18.18401.420.5040.600068.6";"0,00";"500000,00";"0,00";"0,00";"0,00"
"2022";"Secretaria de Desenvolvimento Urbano";"SEDUR";"Assessoria de Planejamento e Gestão - SEDUR";"APG";"MAPA";"36940005";"2022 ";" Jorge Solla";"Implantação de Infraestrutura Viária";"600036";"2022.3.26.26101.305.1162.600036.6";"0,00";"500000,00";"150000,00";"0,00";"0,00"
"2024";"Secretaria do Trabalho, Emprego, Renda e Esporte";"SETRE";"Superintendência dos Desportos do Estado da Bahia";"SUDESB";"ME";"36940021";"2020 ";" Jorge Solla";"Implementação de Núcleo de Iniciação";"600000";"2024.3.21.21301.414.4997.600000.6";"0,00";"97076,00";"92294,66";"92294,66";"92294,66"
"2025";"Secretaria de Assistência e Desenvolvimento Social";"SEADES";"Fundo Estadual de Assistência Social";"FEAS";"MGISP";"275000005";"2023";"Valmir Assunção";"Implementação de Ações de Gestão";"600049";"2025.3.39.39601.402.2284.600049.6";"0,00";"344000,00";"0,00";"0,00";"0,00"
"2023";"Secretaria de Desenvolvimento Urbano";"SEDUR";"Companhia de Desenvolvimento Urbano do Estado da Bahia";"CONDER";"ME";"27510007";"2020 ";" Waldenor Perei";"Implantação de Infraestrutura Viária";"600002";"2023.3.26.26401.305.1162.600002.6";"0,00";"250000,00";"0,00";"0,00";"0,00"
"2022";"Secretaria da Agricultura, Pecuária, Irrigação, Pesca e Aquicultura";"SEAGRI";"Assessoria de Planejamento e Gestão - SEAGRI";"APG";"ME";"24680012";"2022 ";" Lídice da Mata";"Implantação de Módulo Sanitário";"600031";"2022.3.10.10101.312.3066.600031.6";"0,00";"200000,00";"200000,00";"200000,00";"0,00"
"2023";"Secretaria de Assistência e Desenvolvimento Social";"SEADES";"Assessoria de Planejamento e Gestão - SEADES";"APG";"ME";"91910004";"2022 ";" Zé Neto";"Implantação de Horta Comunitária";"600038";"2023.3.39.39101.300.7169.600038.6";"0,00";"380678,00";"0,00";"0,00";"0,00"
"2025";"Secretaria de Desenvolvimento Rural";"SDR";"Companhia de Desenvolvimento e Ação Regional";"CAR";"MF";"43790002";"2024 ";" Gabriel Nunes";"Distribuição de Equipamento de Apoio";"600077";"2025.3.18.18401.417.1399.600077.6";"0,00";"2088156,00";"937301,04";"937301,04";"937301,04"
"2022";"Secretaria do Trabalho, Emprego, Renda e Esporte";"SETRE";"Superintendência dos Desportos do Estado da Bahia";"SUDESB";"ME";"13390008";"2021 ";" Daniel Almeida";"Promoção de Atividade de Esporte";"600004";"2022.3.21.21301.308.5793.600004.6";"0,00";"400000,00";"309368,64";"309368,64";"309368,64"
"2026";"Secretaria de Promoção da Igualdade Racial e dos Povos e Comunidades Tradicionais";"SEPROMI";"Assessoria de Planejamento e Gestão - SEPROMI";"APG";"MGISP";"13310020";"2023 ";" Alice Portugal";"Municipalização e Territorialização PIR";"600043";"2026.3.30.30101.426.4034.600043.6";"0,00";"23240,00";"0,00";"0,00";"0,00"
"2023";"Secretaria de Desenvolvimento Urbano";"SEDUR";"Companhia de Desenvolvimento Urbano do Estado da Bahia";"CONDER";"ME";"91910004";"2022 ";" Zé Neto";"Requalificação de Equipamento Urbano";"600038";"2023.3.26.26401.305.5183.600038.6";"0,00";"1800000,00";"0,00";"0,00";"0,00"
"2022";"Secretaria de Infraestrutura";"SEINFRA";"Superintendência de Infraestrutura de Transportes da Bahia";"SIT";"ME";"36940021";"2020 ";" Jorge Solla";"Recuperação de Acesso";"600000";"2022.3.24.24801.309.7911.600000.6";"0,00";"765767,00";"255767,00";"255767,00";"255767,00"
"2026";"Secretaria da Agricultura, Pecuária, Irrigação, Pesca e Aquicultura";"SEAGRI";"Bahia Pesca S/A";"BAHIAPESCA";"MF";"36940011";"2024 ";" Jorge Solla";"Distribuição de Equipamentos de Pesca";"600066";"2026.3.10.10501.417.5916.600066.6";"0,00";"528321,00";"118576,98";"118576,98";"118576,98"
"2023";"Secretaria de Cultura";"SECULT";"Assessoria de Planejamento e Gestão - SECULT";"APG";"ME";"24680005";"2021 ";" Lídice da Mata";"Apoio Técnico a Empreendedores Criativos";"600005";"2023.3.22.22101.303.7032.600005.6";"0,00";"50000,00";"0,00";"0,00";"0,00"
"2023";"Secretaria de Cultura";"SECULT";"Assessoria de Planejamento e Gestão - SECULT";"APG";"MAPA";"36940005";"2022 ";" Jorge Solla";"Apoio à Instituição Cultural";"600036";"2023.3.22.22101.302.2314.600036.6";"0,00";"250000,00";"250000,00";"250000,00";"250000,00"
"2025";"Secretaria de Desenvolvimento Rural";"SDR";"Companhia de Desenvolvimento e Ação Regional";"CAR";"MDA";"09032025-084239 ";"";" 2025";"Distribuição de Equipamento de Apoio";"600108";"2025.3.18.18401.417.1399.600108.6";"0,00";"0,00";"0,00";"0,00";"0,00"
"2021";"Secretaria de Desenvolvimento Rural";"SDR";"Companhia de Desenvolvimento e Ação Regional";"CAR";"ME";"40720003";"2021 ";" Tito";"Implantação de Infraestrutura Hídrica";"600013";"2021.3.18.18401.312.5040.600013.6";"0,00";"1000000,00";"0,00";"0,00";"0,00"
"2026";"Secretaria de Promoção da Igualdade Racial e dos Povos e Comunidades Tradicionais";"SEPROMI";"Assessoria de Planejamento e Gestão - SEPROMI";"APG";"MF";"36940011";"2024 ";" Jorge Solla";"Ações de Visibilidade e Permanência";"600066";"2026.3.30.30101.427.5599.600066.6";"0,00";"840000,00";"0,00";"0,00";"0,00"
"2024";"Secretaria do Trabalho, Emprego, Renda e Esporte";"SETRE";"Assessoria de Planejamento e Gestão - SETRE";"APG";"MAPA";"36940005";"2022 ";" Jorge Solla";"Apoio a Geração de Trabalho e Renda";"600036";"2024.3.21.21101.413.5917.600036.6";"0,00";"118000,00";"117243,53";"117243,53";"117243,53"
"2025";"Secretaria de Turismo";"SETUR";"Assessoria de Planejamento e Gestão - SETUR";"APG";"MTUR";"09032025-076436 ";"";" 2025";"Apoio à Realização de Evento";"600139";"2025.3.32.32101.411.3701.600139.6";"0,00";"5353906,00";"3110000,00";"920000,00";"920000,00"
"2023";"Secretaria de Turismo";"SETUR";"Superintendência de Fomento ao Turismo do Estado da Bahia";"SUFOTUR";"MF";"27510008";"2023";" Waldenor Preira";"Apoio a Evento de Interesse Turístico";"600042";"2023.3.32.32802.303.5893.600042.6";"0,00";"2427869,00";"1775000,00";"1775000,00";"1675000,00"
"2026";"Secretaria de Desenvolvimento Rural";"SDR";"Assessoria de Planejamento e Gestão - SDR";"APG";"MF";"09032025-076272";"";"2025";"Distribuição de Equipamento de Apoio";"600080";"2026.3.18.18101.417.1399.600080.6";"0,00";"769445,00";"0,00";"0,00";"0,00"
"2026";"Secretaria de Cultura";"SECULT";"Instituto do Patrimônio Artístico e Cultural da Bahia";"IPAC";"ME";"24680012";"2022 ";" Lídice da Mata";"Patrimônio Histórico, Artístico e Arqueo";"600031";"2026.3.22.22301.406.3407.600031.6";"0,00";"300000,00";"0,00";"0,00";"0,00"
"2024";"Secretaria de Justiça e Direitos Humanos";"SJDH";"Assessoria de Planejamento e Gestão - SJDH";"APG";"ME";"91910004";"2022 ";" Zé Neto";"Apoio Técnico e Financeiro a Entidade";"600038";"2024.3.38.38101.400.2170.600038.6";"0,00";"499989,00";"499988,39";"499988,39";"499988,39"
"2024";"Secretaria da Agricultura, Pecuária, Irrigação, Pesca e Aquicultura";"SEAGRI";"Assessoria de Planejamento e Gestão - SEAGRI";"APG";"MGISP";"24680011";"2023 ";" Lídice da Mata";"Distribuição de Equipamento";"600046";"2024.3.10.10101.417.7385.600046.6";"0,00";"70000,00";"70000,00";"0,00";"0,00"
"2026";"Secretaria de Desenvolvimento Rural";"SDR";"Assessoria de Planejamento e Gestão - SDR";"APG";"MF";"91910001";"2023";" Zé Neto";"Distribuição de Equipamento de Apoio";"600056";"2026.3.18.18101.417.1399.600056.6";"0,00";"562000,00";"0,00";"0,00";"0,00"
"2024";"Secretaria de Ciência, Tecnologia e Inovação";"SECTI";"Assessoria de Planejamento e Gestão - SECTI";"APG";"ME";"24680005";"2021 ";" Lídice da Mata";"Implantação de Infraestrutura de Wi-Fi";"600005";"2024.3.28.28101.405.7917.600005.6";"0,00";"200000,00";"200000,00";"200000,00";"200000,00"
"2024";"Secretaria de Infraestrutura Hídrica e Saneamento";"SIHS";"Companhia de Engenharia Hídrica e de Saneamento da Bahia";"CERB";"MF";"40800017";"2023";" Jaques Wagner";"Perfuração de Poço";"600052";"2024.3.8.8501.434.7894.600052.6";"0,00";"2000000,00";"372543,52";"205107,02";"205107,02"
"2025";"Secretaria de Desenvolvimento Urbano";"SEDUR";"Companhia de Desenvolvimento Urbano do Estado da Bahia";"CONDER";"MF";"30510005";"2024 ";" Bacelar";"Implantação de Equipamento Urbano";"600075";"2025.3.26.26401.419.1158.600075.6";"0,00";"424715,80";"404643,81";"404643,81";"404643,81"
"2021";"Secretaria de Desenvolvimento Rural";"SDR";"Companhia de Desenvolvimento e Ação Regional";"CAR";"ME";"41280013";"2021 ";" Raimundo Costa";"Implantação de Projeto de Apoio";"600015";"2021.3.18.18401.304.1926.600015.6";"0,00";"100000,00";"0,00";"0,00";"0,00"
"2023";"Secretaria de Justiça e Direitos Humanos";"SJDH";"Assessoria de Planejamento e Gestão - SJDH";"APG";"ME";"91910004";"2022 ";" Zé Neto";"Apoio Técnico e Financeiro a Entidade";"600038";"2023.3.38.38101.300.2170.600038.6";"0,00";"100000,00";"0,00";"0,00";"0,00"
"2026";"Secretaria da Agricultura, Pecuária, Irrigação, Pesca e Aquicultura";"SEAGRI";"Bahia Pesca S/A";"BAHIAPESCA";"MAPA";"36940005";"2022 ";" Jorge Solla";"Distribuição de Equipamentos de Pesca";"600036";"2026.3.10.10501.417.5916.600036.6";"0,00";"2345,00";"0,00";"0,00";"0,00"
"2026";"Secretaria da Agricultura, Pecuária, Irrigação, Pesca e Aquicultura";"SEAGRI";"Assessoria de Planejamento e Gestão - SEAGRI";"APG";"MPA";"09032025-2-087388";"";"2025";"Distribuição de Equipamentos de Pesca";"600161";"2026.3.10.10101.417.5916.600161.6";"0,00";"219780,00";"0,00";"0,00";"0,00"
"2021";"Secretaria do Trabalho, Emprego, Renda e Esporte";"SETRE";"Superintendência dos Desportos do Estado da Bahia";"SUDESB";"ME";"13310003";"2021 ";" Alice Portugal";"Ampliação de Equipamento Esportivo";"600003";"2021.3.21.21301.305.7974.600003.6";"0,00";"300000,00";"0,00";"0,00";"0,00"
"2026";"Secretaria do Trabalho, Emprego, Renda e Esporte";"SETRE";"Assessoria de Planejamento e Gestão - SETRE";"APG";"MF";"09032025-079529";"";"2025";"Assistência Técnica a Empreendimento";"600090";"2026.3.21.21101.413.6672.600090.6";"0,00";"740000,00";"0,00";"0,00";"0,00"
"2025";"Secretaria de Desenvolvimento Rural";"SDR";"Companhia de Desenvolvimento e Ação Regional";"CAR";"MGISP";"13310020";"2023 ";" Alice Portugal";"Distribuição de Equipamento de Apoio";"600043";"2025.3.18.18401.417.1399.600043.6";"0,00";"337887,00";"0,00";"0,00";"0,00"
"2026";"Secretaria de Justiça e Direitos Humanos";"SJDH";"Assessoria de Planejamento e Gestão - SJDH";"APG";"MF";"41660001";"2024";" Pastor Isidório";"Ampliação e Renovação Frota de Veículos";"600062";"2026.3.38.38101.446.7850.600062.6";"0,00";"949800,00";"0,00";"0,00";"0,00"
"2021";"Secretaria da Educação";"SEC";"Assessoria de Planejamento e Gestão - SEC";"APG";"ME";"27510004";"2021 ";" Waldenor Perei";"Implantação de Quadras";"600009";"2021.3.11.11101.306.5262.600009.6";"0,00";"202996,00";"0,00";"0,00";"0,00"
"2024";"Secretaria de Cultura";"SECULT";"Instituto do Patrimônio Artístico e Cultural da Bahia";"IPAC";"ME";"24680005";"2021 ";" Lídice da Mata";"Apoio à Realização de Evento Cultural";"600005";"2024.3.22.22301.406.7980.600005.6";"0,00";"50000,00";"50000,00";"50000,00";"50000,00"
"2024";"Secretaria do Trabalho, Emprego, Renda e Esporte";"SETRE";"Superintendência dos Desportos do Estado da Bahia";"SUDESB";"MAPA";"36940005";"2022 ";" Jorge Solla";"Promoção de Atividade de Esporte";"600036";"2024.3.21.21301.414.5793.600036.6";"0,00";"200000,00";"200000,00";"200000,00";"200000,00"
"2025";"Secretaria de Justiça e Direitos Humanos";"SJDH";"Assessoria de Planejamento e Gestão - SJDH";"APG";"MGISP";"41660002";"2023";"Pastor Isidório";"Apoio Técnico e Financeiro a Entidade";"600054";"2025.3.38.38101.400.2170.600054.6";"0,00";"2736190,00";"337006,00";"0,00";"0,00"
"2022";"Secretaria de Desenvolvimento Rural";"SDR";"Companhia de Desenvolvimento e Ação Regional";"CAR";"ME";"27510007";"2020 ";" Waldenor Perei";"Implantação de Infraestrutura Hídrica";"600002";"2022.3.18.18401.312.5040.600002.6";"0,00";"480241,00";"362581,00";"362581,00";"362581,00"
"2022";"Secretaria de Desenvolvimento Rural";"SDR";"Companhia de Desenvolvimento e Ação Regional";"CAR";"ME";"41280013";"2021 ";" Raimundo Costa";"Distribuição de Equipamento de Apoio";"600015";"2022.3.18.18401.304.1399.600015.6";"0,00";"2491993,00";"2491992,64";"2491992,64";"2491992,64"
"2024";"Secretaria de Desenvolvimento Econômico";"SDE";"Assessoria de Planejamento e Gestão - SDE";"APG";"MGISP";"24680011";"2023 ";" Lídice da Mata";"Funcionamento de Central Abastecimento";"600046";"2024.3.15.15101.409.2059.600046.6";"0,00";"641694,00";"543873,35";"0,00";"0,00"
"2024";"Secretaria da Agricultura, Pecuária, Irrigação, Pesca e Aquicultura";"SEAGRI";"Assessoria de Planejamento e Gestão - SEAGRI";"APG";"MAPA";"36940005";"2022 ";" Jorge Solla";"Distribuição de Equipamento";"600036";"2024.3.10.10101.417.7385.600036.6";"0,00";"1340335,00";"1340335,00";"1340335,00";"1340335,00"
"2026";"Secretaria de Turismo";"SETUR";"Assessoria de Planejamento e Gestão - SETUR";"APG";"MDA";"09032025-076980 ";"";"2025";"Apoio à Realização de Evento";"600124";"2026.3.32.32101.411.3701.600124.6";"0,00";"2634000,00";"2565000,00";"2565000,00";"2565000,00"
"2023";"Secretaria de Desenvolvimento Rural";"SDR";"Companhia de Desenvolvimento e Ação Regional";"CAR";"MF";"27510008";"2023";" Waldenor Preira";"Distribuição de Equipamento de Apoio";"600042";"2023.3.18.18401.304.1399.600042.6";"0,00";"3568828,00";"0,00";"0,00";"0,00"
"2024";"Secretaria de Desenvolvimento Rural";"SDR";"Companhia de Desenvolvimento e Ação Regional";"CAR";"MGISP";"24680011";"2023 ";" Lídice da Mata";"Distribuição de Equipamento de Apoio";"600046";"2024.3.18.18401.417.1399.600046.6";"0,00";"150000,00";"0,00";"0,00";"0,00"
"2025";"Secretaria de Desenvolvimento Rural";"SDR";"Companhia de Desenvolvimento e Ação Regional";"CAR";"MDA";"09032025-075520 ";"";" 2025";"Distribuição de Equipamento de Apoio";"600105";"2025.3.18.18401.417.1399.600105.6";"0,00";"0,00";"0,00";"0,00";"0,00"
"2021";"Secretaria de Desenvolvimento Rural";"SDR";"Companhia de Desenvolvimento e Ação Regional";"CAR";"ME";"28710004";"2021 ";" Waldenor Perei";"Distribuição de Equipamento de Apoio";"600010";"2021.3.18.18401.304.1399.600010.6";"0,00";"870000,00";"0,00";"0,00";"0,00"
"2026";"Secretaria de Promoção da Igualdade Racial e dos Povos e Comunidades Tradicionais";"SEPROMI";"Assessoria de Planejamento e Gestão - SEPROMI";"APG";"MF";"13310007";"2024 ";" Alice Portugal";"Apoio a Projeto de Empreendedorismo";"600060";"2026.3.30.30101.426.4699.600060.6";"0,00";"300000,00";"0,00";"0,00";"0,00"
"2025";"Secretaria da Educação";"SEC";"Universidade do Estado da Bahia";"UNEB";"MF";"27510001";"2024";"Waldenor Pereira";"Educação do Campo e Desenvolvimento";"600059";"2025.3.11.11301.424.4048.600059.6";"0,00";"700000,00";"259471,12";"259471,12";"256828,67"
"2025";"Secretaria de Desenvolvimento Urbano";"SEDUR";"Companhia de Desenvolvimento Urbano do Estado da Bahia";"CONDER";"MF";"40800017";"2023";" Jaques Wagner";"Implantação de Infraestrutura Viária";"600052";"2025.3.26.26401.419.1162.600052.6";"0,00";"1397453,00";"1397450,88";"1397450,88";"1397450,88"
"2025";"Secretaria do Trabalho, Emprego, Renda e Esporte";"SETRE";"Assessoria de Planejamento e Gestão - SETRE";"APG";"MF";"09032025-079529";"";"2025";"Assistência Técnica a Empreendimento";"600090";"2025.3.21.21101.413.6672.600090.6";"0,00";"250000,00";"250000,00";"250000,00";"250000,00"
"2021";"Secretaria de Desenvolvimento Rural";"SDR";"Companhia de Desenvolvimento e Ação Regional";"CAR";"ME";"41280013";"2021 ";" Raimundo Costa";"Distribuição de Equipamento de Apoio";"600015";"2021.3.18.18401.304.1399.600015.6";"0,00";"2964493,00";"472500,00";"472500,00";"472500,00"
"2023";"Secretaria do Trabalho, Emprego, Renda e Esporte";"SETRE";"Superintendência dos Desportos do Estado da Bahia";"SUDESB";"ME";"91910007";"2021 ";" Zé Neto";"Ampliação de Equipamento Esportivo";"600020";"2023.3.21.21301.305.7974.600020.6";"0,00";"67384,00";"67382,05";"67382,05";"67382,05"
"2026";"Secretaria de Turismo";"SETUR";"Superintendência de Fomento ao Turismo do Estado da Bahia";"SUFOTUR";"MINC";"09032025-077149 ";"";" 2025";"Apoio a Evento de Interesse Turístico";"600103";"2026.3.32.32802.411.5893.600103.6";"0,00";"1930500,00";"0,00";"0,00";"0,00"
"2021";"Secretaria de Políticas para as Mulheres";"SPM";"Assessoria de Planejamento e Gestão - SPM";"APG";"ME";"27510007";"2020 ";" Waldenor Perei";"Realização de Caravana";"600002";"2021.3.34.34101.311.5550.600002.6";"0,00";"100000,00";"0,00";"0,00";"0,00"
"2025";"Secretaria de Desenvolvimento Rural";"SDR";"Assessoria de Planejamento e Gestão - SDR";"APG";"MAPA";"09032025-077155 ";"";" 2025";"Distribuição de Equipamento de Apoio";"600135";"2025.3.18.18101.417.1399.600135.6";"0,00";"1485000,00";"311828,99";"311828,99";"311828,99"
"2025";"Secretaria do Trabalho, Emprego, Renda e Esporte";"SETRE";"Superintendência dos Desportos do Estado da Bahia";"SUDESB";"MGISP";"13310020";"2023 ";" Alice Portugal";"Requalificação de Equipamento Esportivo";"600043";"2025.3.21.21301.414.1009.600043.6";"0,00";"1600000,00";"0,00";"0,00";"0,00"
"2026";"Secretaria da Educação";"SEC";"Universidade Estadual de Feira de Santana";"UEFS";"MF";"40800017";"2023";" Jaques Wagner";"Apoio às Ações de Pesquisa e Iniciação";"600052";"2026.3.11.11303.424.6927.600052.6";"0,00";"480750,00";"0,00";"0,00";"0,00"
"2026";"Secretaria de Desenvolvimento Rural";"SDR";"Companhia de Desenvolvimento e Ação Regional";"CAR";"MF";"43790002";"2024 ";" Gabriel Nunes";"Distribuição de Equipamento de Apoio";"600077";"2026.3.18.18401.417.1399.600077.6";"0,00";"1150854,00";"0,00";"0,00";"0,00"
"2023";"Secretaria de Ciência, Tecnologia e Inovação";"SECTI";"Assessoria de Planejamento e Gestão - SECTI";"APG";"ME";"27510006";"2022 ";" Waldenor Perei";"Implantação de Infraestrutura de Wi-Fi";"600025";"2023.3.28.28101.301.7917.600025.6";"0,00";"100000,00";"0,00";"0,00";"0,00"
"2025";"Secretaria de Desenvolvimento Rural";"SDR";"Companhia de Desenvolvimento e Ação Regional";"CAR";"MF";"13620004";"2023";" Josias Gomes";"Distribuição de Equipamento de Apoio";"600045";"2025.3.18.18401.417.1399.600045.6";"0,00";"451727,00";"178464,00";"178464,00";"178464,00"
"2026";"Secretaria da Agricultura, Pecuária, Irrigação, Pesca e Aquicultura";"SEAGRI";"Bahia Pesca S/A";"BAHIAPESCA";"MF";"24680017";"2024 ";" Lídice da Mata";"Assistência Técnica a Aquicultor";"600065";"2026.3.10.10501.417.6608.600065.6";"0,00";"100000,00";"0,00";"0,00";"0,00"
"2023";"Secretaria da Agricultura, Pecuária, Irrigação, Pesca e Aquicultura";"SEAGRI";"Agência Estadual de Defesa Agropecuária da Bahia";"ADAB";"MGISP";"24680011";"2023 ";" Lídice da Mata";"Realização de Ação de Educação Sanitária";"600046";"2023.3.10.10301.304.6166.600046.6";"0,00";"300000,00";"0,00";"0,00";"0,00"
"2026";"Secretaria da Agricultura, Pecuária, Irrigação, Pesca e Aquicultura";"SEAGRI";"Assessoria de Planejamento e Gestão - SEAGRI";"APG";"MF";"09032025-076333";"";"2025";"Distribuição de Equipamento";"600098";"2026.3.10.10101.417.7385.600098.6";"0,00";"9900000,00";"7523675,36";"0,00";"0,00"
"2024";"Secretaria da Educação";"SEC";"Universidade do Estado da Bahia";"UNEB";"MF";"27510008";"2023";" Waldenor Preira";"Educação do Campo e Desenvolvimento";"600042";"2024.3.11.11301.424.4048.600042.6";"0,00";"300000,00";"0,00";"0,00";"0,00"
"2026";"Secretaria de Desenvolvimento Rural";"SDR";"Companhia de Desenvolvimento e Ação Regional";"CAR";"MF";"28710017";"2024 ";" Afonso Florenc";"Distribuição de Equipamento de Apoio";"600073";"2026.3.18.18401.417.1399.600073.6";"0,00";"1609006,00";"219960,00";"219960,00";"219960,00"
"2022";"Secretaria da Segurança Pública";"SSP";"Polícia Militar da Bahia";"PM/BA";"ME";"91910007";"2021 ";" Zé Neto";"Ampliação e Renovação da Frota";"600020";"2022.3.20.20801.314.7873.600020.6";"0,00";"480000,00";"0,00";"0,00";"0,00"
"2023";"Secretaria de Infraestrutura";"SEINFRA";"Superintendência de Infraestrutura de Transportes da Bahia";"SIT";"ME";"91910004";"2022 ";" Zé Neto";"Recuperação de Acesso";"600038";"2023.3.24.24801.309.7911.600038.6";"0,00";"400000,00";"0,00";"0,00";"0,00"
"2026";"Secretaria da Agricultura, Pecuária, Irrigação, Pesca e Aquicultura";"SEAGRI";"Assessoria de Planejamento e Gestão - SEAGRI";"APG";"MAPA";"09032025-077153 ";"";" 2025";"Implantação de Unidade Comercialização";"600113";"2026.3.10.10101.417.7244.600113.6";"0,00";"396000,00";"0,00";"0,00";"0,00"
"2025";"Secretaria de Desenvolvimento Urbano";"SEDUR";"Assessoria de Planejamento e Gestão - SEDUR";"APG";"ME";"24680005";"2021 ";" Lídice da Mata";"Implantação de Equipamento Urbano";"600005";"2025.3.26.26101.419.1158.600005.6";"0,00";"100000,00";"0,00";"0,00";"0,00"
"2025";"Secretaria de Desenvolvimento Urbano";"SEDUR";"Companhia de Desenvolvimento Urbano do Estado da Bahia";"CONDER";"ME";"13390010";"2022 ";" Daniel Almeida";"Requalificação de Equipamento Urbano";"600030";"2025.3.26.26401.419.5183.600030.6";"0,00";"230000,00";"0,00";"0,00";"0,00"
"2023";"Secretaria de Justiça e Direitos Humanos";"SJDH";"Assessoria de Planejamento e Gestão - SJDH";"APG";"MF";"40800017";"2023";" Jaques Wagner";"Apoio ao Neojibá";"600052";"2023.3.38.38101.300.6953.600052.6";"0,00";"500000,00";"0,00";"0,00";"0,00"
"2022";"Secretaria da Agricultura, Pecuária, Irrigação, Pesca e Aquicultura";"SEAGRI";"Assessoria de Planejamento e Gestão - SEAGRI";"APG";"ME";"36940001";"2021 ";" Jorge Solla";"Distribuição de Equipamento";"600006";"2022.3.10.10101.304.7385.600006.6";"0,00";"300000,00";"300000,00";"300000,00";"300000,00"
"2026";"Secretaria de Justiça e Direitos Humanos";"SJDH";"Assessoria de Planejamento e Gestão - SJDH";"APG";"MF";"36940011";"2024 ";" Jorge Solla";"Apoio Técnico e Financeiro a Entidade";"600066";"2026.3.38.38101.400.2170.600066.6";"0,00";"3400000,00";"0,00";"0,00";"0,00"
"2023";"Secretaria do Trabalho, Emprego, Renda e Esporte";"SETRE";"Superintendência dos Desportos do Estado da Bahia";"SUDESB";"ME";"91910007";"2021 ";" Zé Neto";"Recuperação de Equipamento";"600020";"2023.3.21.21301.305.1009.600020.6";"0,00";"218674,00";"76082,65";"76082,65";"76082,65"
"2022";"Secretaria do Trabalho, Emprego, Renda e Esporte";"SETRE";"Assessoria de Planejamento e Gestão - SETRE";"APG";"ME";"40720004";"2021 ";" Tito";"Capacitação Social e Profissional";"600021";"2022.3.21.21101.308.1793.600021.6";"0,00";"450000,00";"450000,00";"450000,00";"450000,00"
"2023";"Secretaria do Trabalho, Emprego, Renda e Esporte";"SETRE";"Assessoria de Planejamento e Gestão - SETRE";"APG";"ME";"13310004";"2022 ";" Alice Portugal";"Apoio a Geração de Trabalho e Renda";"600027";"2023.3.21.21101.308.5917.600027.6";"0,00";"350000,00";"0,00";"0,00";"0,00"
"2025";"Secretaria de Desenvolvimento Urbano";"SEDUR";"Companhia de Desenvolvimento Urbano do Estado da Bahia";"CONDER";"ME";"91910004";"2022 ";" Zé Neto";"Requalificação de Equipamento Urbano";"600038";"2025.3.26.26401.419.5183.600038.6";"0,00";"1536250,00";"1023618,33";"1023618,33";"1023618,33"
"2023";"Secretaria de Turismo";"SETUR";"Superintendência de Fomento ao Turismo do Estado da Bahia";"SUFOTUR";"ME";"27510006";"2022 ";" Waldenor Perei";"Apoio a Evento de Interesse Turístico";"600025";"2023.3.32.32802.303.5893.600025.6";"0,00";"600000,00";"550000,00";"550000,00";"550000,00"
"2024";"Secretaria da Educação";"SEC";"Universidade Estadual de Feira de Santana";"UEFS";"ME";"24680012";"2022 ";" Lídice da Mata";"Infraestrutura em Unidade Universitária";"600031";"2024.3.11.11303.424.7867.600031.6";"0,00";"17052,00";"17052,00";"17052,00";"17052,00"
"2025";"Secretaria da Segurança Pública";"SSP";"Polícia Militar da Bahia";"PM/BA";"ME";"35680005";"2021 ";" Paulo Magalhãe";"Aquisição de Equipamento para o Sistema";"600018";"2025.3.20.20801.437.7877.600018.6";"0,00";"12700,00";"12543,13";"12543,13";"12543,13"
"2021";"Secretaria de Desenvolvimento Rural";"SDR";"Companhia de Desenvolvimento e Ação Regional";"CAR";"ME";"13390008";"2021 ";" Daniel Almeida";"Distribuição de Equipamento de Apoio";"600004";"2021.3.18.18401.304.1399.600004.6";"0,00";"215000,00";"0,00";"0,00";"0,00"
"2020";"Secretaria da Educação";"SEC";"Universidade do Estado da Bahia";"UNEB";"Ministério da Economia";"27510007";"2020";"Não Informado";"Infraestrutura em Unidade Universitária";"600002";"2020.3.11.11301.306.7867.600002.6";"0,00";"100000,00";"0,00";"0,00";"0,00"
"2026";"Secretaria de Desenvolvimento Urbano";"SEDUR";"Assessoria de Planejamento e Gestão - SEDUR";"APG";"ME";"91910007";"2021 ";" Zé Neto";"Implantação de Equipamento Urbano";"600020";"2026.3.26.26101.419.1158.600020.6";"0,00";"359662,00";"0,00";"0,00";"0,00"
"2023";"Secretaria de Desenvolvimento Urbano";"SEDUR";"Companhia de Desenvolvimento Urbano do Estado da Bahia";"CONDER";"ME";"13390010";"2022 ";" Daniel Almeida";"Implantação de Infraestrutura Viária";"600030";"2023.3.26.26401.305.1162.600030.6";"0,00";"600000,00";"0,00";"0,00";"0,00"
"2021";"Secretaria de Cultura";"SECULT";"Instituto do Patrimônio Artístico e Cultural da Bahia";"IPAC";"ME";"27500003";"2021 ";" Valmir Assunçã";"Requalificação de Equipamento Cultural";"600007";"2021.3.22.22301.302.7857.600007.6";"0,00";"500000,00";"0,00";"0,00";"0,00"
"2024";"Secretaria da Educação";"SEC";"Universidade do Estado da Bahia";"UNEB";"MGISP";"27500002";"2023";"Valmir Assunção";"Gestão Acadêmica de Curso";"600047";"2024.3.11.11301.424.2443.600047.6";"0,00";"1000000,00";"0,00";"0,00";"0,00"
"2022";"Secretaria da Educação";"SEC";"Assessoria de Planejamento e Gestão - SEC";"APG";"ME";"24680012";"2022 ";" Lídice da Mata";"Melhoria da Proficiência";"600031";"2022.3.11.11101.306.5266.600031.6";"0,00";"100000,00";"0,00";"0,00";"0,00"
"2025";"Secretaria de Promoção da Igualdade Racial e dos Povos e Comunidades Tradicionais";"SEPROMI";"Assessoria de Planejamento e Gestão - SEPROMI";"APG";"MF";"36940011";"2024 ";" Jorge Solla";"Apoio Técnico e Financeiro a Projeto";"600066";"2025.3.30.30101.426.3289.600066.6";"0,00";"0,00";"0,00";"0,00";"0,00"
"2024";"Secretaria de Cultura";"SECULT";"Assessoria de Planejamento e Gestão - SECULT";"APG";"MGISP";"24680011";"2023 ";" Lídice da Mata";"Funcionamento de Unidade Cultural";"600046";"2024.3.22.22101.406.6903.600046.6";"0,00";"102934,00";"0,00";"0,00";"0,00"
"2023";"Secretaria do Trabalho, Emprego, Renda e Esporte";"SETRE";"Superintendência dos Desportos do Estado da Bahia";"SUDESB";"ME";"13390008";"2021 ";" Daniel Almeida";"Promoção de Atividade de Esporte";"600004";"2023.3.21.21301.308.5793.600004.6";"0,00";"90632,00";"0,00";"0,00";"0,00"
"2025";"Secretaria de Justiça e Direitos Humanos";"SJDH";"Assessoria de Planejamento e Gestão - SJDH";"APG";"MF";"41660001";"2024";" Pastor Isidório";"Aparelhamento de Unidade do Poder Execut";"600062";"2025.3.38.38101.446.3194.600062.6";"0,00";"1730000,00";"773356,66";"153348,16";"153348,16"
"2026";"Secretaria do Trabalho, Emprego, Renda e Esporte";"SETRE";"Assessoria de Planejamento e Gestão - SETRE";"APG";"ME";"13310004";"2022 ";" Alice Portugal";"Apoio a Geração de Trabalho e Renda";"600027";"2026.3.21.21101.413.5917.600027.6";"0,00";"155743,00";"0,00";"0,00";"0,00"
"2023";"Secretaria de Desenvolvimento Urbano";"SEDUR";"Companhia de Desenvolvimento Urbano do Estado da Bahia";"CONDER";"ME";"27500006";"2022 ";" Valmir Assunçã";"Implantação de Equipamento Urbano";"600032";"2023.3.26.26401.305.1158.600032.6";"0,00";"500000,00";"0,00";"0,00";"0,00"
"2024";"Secretaria de Assistência e Desenvolvimento Social";"SEADES";"Assessoria de Planejamento e Gestão - SEADES";"APG";"MF";"91910001";"2023";" Zé Neto";"Aparelhamento de Central de Distribuição";"600056";"2024.3.39.39101.403.5445.600056.6";"0,00";"1330360,00";"1311110,64";"1311110,64";"1311110,64"
"2024";"Secretaria da Educação";"SEC";"Instituto de Radiodifusão Educativa da Bahia";"IRDEB";"MGISP";"36940005";"2023 ";" Jorge Solla";"Modernização tecnológica do IRDEB";"600053";"2024.3.11.11201.422.7536.600053.6";"0,00";"300000,00";"300000,00";"300000,00";"300000,00"
"2026";"Secretaria de Desenvolvimento Rural";"SDR";"Companhia de Desenvolvimento e Ação Regional";"CAR";"ME";"91910004";"2022 ";" Zé Neto";"Distribuição de Equipamento de Apoio";"600038";"2026.3.18.18401.417.1399.600038.6";"0,00";"110945,00";"0,00";"0,00";"0,00"
"2025";"Secretaria de Turismo";"SETUR";"Superintendência de Fomento ao Turismo do Estado da Bahia";"SUFOTUR";"MF";"91919910";"2024";" zé Neto";"Apoio a Evento de Interesse Turístico";"600057";"2025.3.32.32802.411.5893.600057.6";"0,00";"2980000,00";"2947500,00";"2787500,00";"2787500,00"
"2023";"Secretaria de Cultura";"SECULT";"Fundação Pedro Calmon - Centro de Memória e Arquivo Público da Bahia";"FPC-AP";"ME";"24680012";"2022 ";" Lídice da Mata";"Modernização de Órgão Público";"600031";"2023.3.22.22202.315.7950.600031.6";"0,00";"12853,00";"12662,69";"12662,69";"12662,69"
"2025";"Secretaria de Ciência, Tecnologia e Inovação";"SECTI";"Assessoria de Planejamento e Gestão - SECTI";"APG";"MF";"28710017";"2024 ";" Afonso Florenc";"Implantação de Espaço de Ciência";"600073";"2025.3.28.28101.405.5649.600073.6";"0,00";"2200000,00";"0,00";"0,00";"0,00"
"2026";"Secretaria de Infraestrutura";"SEINFRA";"Superintendência de Infraestrutura de Transportes da Bahia";"SIT";"MF";"35680004";"2024 ";"Paulo Magalhães";"Recuperação de Acesso";"600069";"2026.3.24.24801.432.7911.600069.6";"0,00";"400000,00";"0,00";"0,00";"0,00"
"2021";"Secretaria da Educação";"SEC";"Assessoria de Planejamento e Gestão - SEC";"APG";"ME";"27510004";"2021 ";" Waldenor Perei";"Projeto Escolas Culturais";"600009";"2021.3.11.11101.306.5258.600009.6";"0,00";"0,00";"0,00";"0,00";"0,00"
"2026";"Secretaria da Segurança Pública";"SSP";"Polícia Militar da Bahia";"PM/BA";"MF";"41280021";"2024";"Raimundo Costa";"Ampliação e Renovação da Frota";"600071";"2026.3.20.20801.437.7873.600071.6";"0,00";"150000,00";"0,00";"0,00";"0,00"
"2022";"Secretaria do Trabalho, Emprego, Renda e Esporte";"SETRE";"Superintendência dos Desportos do Estado da Bahia";"SUDESB";"ME";"91910004";"2022 ";" Zé Neto";"Promoção de Atividade de Esporte";"600038";"2022.3.21.21301.303.5779.600038.6";"0,00";"250000,00";"250000,00";"250000,00";"250000,00"
"2024";"Secretaria do Trabalho, Emprego, Renda e Esporte";"SETRE";"Superintendência dos Desportos do Estado da Bahia";"SUDESB";"MF";"24710002";"2023";"Sérgio Brito";"Construção de Equipamento";"600048";"2024.3.21.21301.414.7882.600048.6";"0,00";"450000,00";"0,00";"0,00";"0,00"
"2024";"Secretaria da Agricultura, Pecuária, Irrigação, Pesca e Aquicultura";"SEAGRI";"Bahia Pesca S/A";"BAHIAPESCA";"MAPA";"36940005";"2022 ";" Jorge Solla";"Distribuição de Equipamentos de Pesca";"600036";"2024.3.10.10501.417.5916.600036.6";"0,00";"64000,50";"64000,50";"44360,25";"44360,25"
"2025";"Secretaria de Justiça e Direitos Humanos";"SJDH";"Assessoria de Planejamento e Gestão - SJDH";"APG";"MGISP";"24680011";"2023 ";" Lídice da Mata";"Apoio a Entidade";"600046";"2025.3.38.38101.400.4095.600046.6";"0,00";"100000,00";"0,00";"0,00";"0,00"
"2023";"Secretaria da Agricultura, Pecuária, Irrigação, Pesca e Aquicultura";"SEAGRI";"Bahia Pesca S/A";"BAHIAPESCA";"ME";"36940001";"2021 ";" Jorge Solla";"Modernização de Órgão Público";"600006";"2023.3.10.10501.315.7950.600006.6";"0,00";"50000,00";"0,00";"0,00";"0,00"
"2025";"Secretaria da Agricultura, Pecuária, Irrigação, Pesca e Aquicultura";"SEAGRI";"Assessoria de Planejamento e Gestão - SEAGRI";"APG";"ME";"24680012";"2022 ";" Lídice da Mata";"Distribuição de Equipamento";"600031";"2025.3.10.10101.417.7385.600031.6";"0,00";"849000,00";"849000,00";"849000,00";"849000,00"
"2022";"Secretaria de Ciência, Tecnologia e Inovação";"SECTI";"Assessoria de Planejamento e Gestão - SECTI";"APG";"ME";"36940001";"2021 ";" Jorge Solla";"Implantação de Infraestrutura de Wi-Fi";"600006";"2022.3.28.28101.301.7917.600006.6";"0,00";"150000,00";"0,00";"0,00";"0,00"
"2025";"Secretaria do Trabalho, Emprego, Renda e Esporte";"SETRE";"Superintendência dos Desportos do Estado da Bahia";"SUDESB";"MF";"13390020";"2024 ";" Daniel Almeid";"Construção de Equipamento";"600063";"2025.3.21.21301.414.7882.600063.6";"0,00";"866000,00";"0,00";"0,00";"0,00"
"2025";"Secretaria de Ciência, Tecnologia e Inovação";"SECTI";"Assessoria de Planejamento e Gestão - SECTI";"APG";"MGISP";"13310020";"2023 ";" Alice Portugal";"Implantação de Espaço de Ciência";"600043";"2025.3.28.28101.405.5649.600043.6";"0,00";"400000,00";"0,00";"0,00";"0,00"
"2025";"Secretaria de Desenvolvimento Rural";"SDR";"Companhia de Desenvolvimento e Ação Regional";"CAR";"MF";"35680004";"2024 ";"Paulo Magalhães";"Distribuição de Equipamento de Apoio";"600069";"2025.3.18.18401.417.1399.600069.6";"0,00";"4385059,00";"3058054,35";"3058054,35";"3058054,35"
"2024";"Secretaria de Infraestrutura";"SEINFRA";"Superintendência de Infraestrutura de Transportes da Bahia";"SIT";"MAPA";"36940005";"2022 ";" Jorge Solla";"Recuperação de Acesso";"600036";"2024.3.24.24801.432.7911.600036.6";"0,00";"77283,00";"77000,00";"77000,00";"77000,00"
"2026";"Secretaria do Trabalho, Emprego, Renda e Esporte";"SETRE";"Assessoria de Planejamento e Gestão - SETRE";"APG";"MF";"13310007";"2024 ";" Alice Portugal";"Assistência Técnica a Empreendimento";"600060";"2026.3.21.21101.413.6672.600060.6";"0,00";"20000,00";"20000,00";"0,00";"0,00"
"2025";"Secretaria de Turismo";"SETUR";"Assessoria de Planejamento e Gestão - SETUR";"APG";"MGISP";"30510002";"2023 ";" Bacelar";"Recuperação de Infraestrutura Turística";"600040";"2025.3.32.32101.411.5491.600040.6";"0,00";"4000000,00";"1640247,28";"164679,04";"161520,37"
"2022";"Secretaria de Desenvolvimento Rural";"SDR";"Companhia de Desenvolvimento e Ação Regional";"CAR";"ME";"41280013";"2021 ";" Raimundo Costa";"Implantação de Infraestrutura Hídrica";"600015";"2022.3.18.18401.312.5040.600015.6";"0,00";"850000,00";"835508,97";"835508,97";"835508,97"
"2026";"Secretaria da Educação";"SEC";"Assessoria de Planejamento e Gestão - SEC";"APG";"MF";"41660001";"2024";" Pastor Isidório";"Aparelhamento de Unidade Escolar";"600062";"2026.3.11.11101.425.7744.600062.6";"0,00";"5225055,00";"0,00";"0,00";"0,00"
"2026";"Secretaria da Segurança Pública";"SSP";"Polícia Militar da Bahia";"PM/BA";"MF";"41230001";"2024";"Otto Fillho";"Aquisição de Equipamento de Informática";"600072";"2026.3.20.20801.437.7875.600072.6";"0,00";"58980,00";"0,00";"0,00";"0,00"
"2025";"Secretaria de Cultura";"SECULT";"Assessoria de Planejamento e Gestão - SECULT";"APG";"ME";"24680005";"2021 ";" Lídice da Mata";"Apoio Técnico a Empreendedores Criativos";"600005";"2025.3.22.22101.408.7032.600005.6";"0,00";"50000,00";"0,00";"0,00";"0,00"
"2021";"Secretaria de Desenvolvimento Rural";"SDR";"Companhia de Desenvolvimento e Ação Regional";"CAR";"ME";"27510007";"2020 ";" Waldenor Perei";"Apoio à Comercialização Produção Rural";"600002";"2021.3.18.18401.304.7838.600002.6";"0,00";"151372,00";"143232,00";"143232,00";"143232,00"
"2024";"Secretaria de Ciência, Tecnologia e Inovação";"SECTI";"Assessoria de Planejamento e Gestão - SECTI";"APG";"MGISP";"13310020";"2023 ";" Alice Portugal";"Implantação de Espaço de Ciência";"600043";"2024.3.28.28101.405.5649.600043.6";"0,00";"400000,00";"0,00";"0,00";"0,00"
"2022";"Secretaria da Segurança Pública";"SSP";"Assessoria de Planejamento e Gestão - SSP";"APG";"MAPA";"36940005";"2022 ";" Jorge Solla";"Reforma de Unidade do Sistema";"600036";"2022.3.20.20101.314.7880.600036.6";"0,00";"300000,00";"0,00";"0,00";"0,00"
"2023";"Secretaria de Desenvolvimento Rural";"SDR";"Companhia de Desenvolvimento e Ação Regional";"CAR";"ME";"41230001";"2022 ";" Otto Filho";"Distribuição de Equipamento de Apoio";"600026";"2023.3.18.18401.304.1399.600026.6";"0,00";"550000,00";"549909,08";"549909,08";"549909,08"
"2023";"Secretaria de Desenvolvimento Rural";"SDR";"Assessoria de Planejamento e Gestão - SDR";"APG";"ME";"30510006";"2022 ";" Bacelar";"Capacitação de Ator Rural";"600034";"2023.3.18.18101.304.7289.600034.6";"0,00";"150000,00";"0,00";"0,00";"0,00"
"2024";"Secretaria de Promoção da Igualdade Racial e dos Povos e Comunidades Tradicionais";"SEPROMI";"Assessoria de Planejamento e Gestão - SEPROMI";"APG";"MF";"13390020";"2024 ";" Daniel Almeid";"Apoio Técnico e Financeiro a Projeto";"600063";"2024.3.30.30101.426.3289.600063.6";"0,00";"350000,00";"350000,00";"350000,00";"350000,00"
"2022";"Secretaria do Trabalho, Emprego, Renda e Esporte";"SETRE";"Superintendência dos Desportos do Estado da Bahia";"SUDESB";"ME";"40720003";"2021 ";" Tito";"Construção de Equipamento";"600013";"2022.3.21.21301.305.7882.600013.6";"0,00";"1473417,00";"892398,04";"633131,23";"630422,28"
"2023";"Secretaria da Educação";"SEC";"Universidade Estadual de Feira de Santana";"UEFS";"ME";"13310004";"2022 ";" Alice Portugal";"Infraestrutura em Unidade Universitária";"600027";"2023.3.11.11303.306.7867.600027.6";"0,00";"100000,00";"0,00";"0,00";"0,00"
"2022";"Secretaria de Desenvolvimento Rural";"SDR";"Companhia de Desenvolvimento e Ação Regional";"CAR";"ME";"41900003";"2021 ";" Joseildo Ramos";"Distribuição de Equipamento de Apoio";"600019";"2022.3.18.18401.304.1399.600019.6";"0,00";"2170000,00";"2156147,58";"2156147,58";"2156147,58"
"2023";"Secretaria de Desenvolvimento Rural";"SDR";"Companhia de Desenvolvimento e Ação Regional";"CAR";"MF";"13620004";"2023";" Josias Gomes";"Distribuição de Equipamento de Apoio";"600045";"2023.3.18.18401.304.1399.600045.6";"0,00";"876989,00";"0,00";"0,00";"0,00"
"2026";"Secretaria de Ciência, Tecnologia e Inovação";"SECTI";"Assessoria de Planejamento e Gestão - SECTI";"APG";"MF";"24680017";"2024 ";" Lídice da Mata";"Promoção de Evento na Área de Ciência";"600065";"2026.3.28.28101.405.1600.600065.6";"0,00";"100000,00";"0,00";"0,00";"0,00"
"2023";"Secretaria do Trabalho, Emprego, Renda e Esporte";"SETRE";"Superintendência dos Desportos do Estado da Bahia";"SUDESB";"MAPA";"36940005";"2022 ";" Jorge Solla";"Recuperação de Equipamento";"600036";"2023.3.21.21301.305.1009.600036.6";"0,00";"500000,00";"0,00";"0,00";"0,00"
"2025";"Secretaria de Turismo";"SETUR";"Assessoria de Planejamento e Gestão - SETUR";"APG";"MTUR";"";"MTUR/09032025";"2-085849SETUR";"Apoio à Realização de Evento";"600171";"2025.3.32.32101.411.3701.600171.6";"0,00";"3205590,00";"0,00";"0,00";"0,00"
"2026";"Secretaria da Administração";"SAEB";"Superintendência de Atendimento ao Cidadão";"SAC";"MF";"41900005";"2024";"Joseildo Ramos";"Implantação de Unidade do SAC";"600064";"2026.3.9.9801.442.1340.600064.6";"0,00";"500000,00";"0,00";"0,00";"0,00"
"2026";"Secretaria de Desenvolvimento Rural";"SDR";"Assessoria de Planejamento e Gestão - SDR";"APG";"MIDR";"09032025-2-085767";"";"2025";"Distribuição de Equipamento de Apoio";"600155";"2026.3.18.18101.417.1399.600155.6";"0,00";"384112,00";"0,00";"0,00";"0,00"
"2026";"Secretaria de Desenvolvimento Rural";"SDR";"Assessoria de Planejamento e Gestão - SDR";"APG";"MDA";"09032025-076982 ";"";" 2025";"Distribuição de Equipamento de Apoio";"600089";"2026.3.18.18101.417.1399.600089.6";"0,00";"3078069,00";"0,00";"0,00";"0,00"
"2025";"Secretaria da Administração";"SAEB";"Superintendência de Atendimento ao Cidadão";"SAC";"MF";"41900005";"2024";"Joseildo Ramos";"Implantação de Unidade do SAC";"600064";"2025.3.9.9801.442.1340.600064.6";"0,00";"500000,00";"0,00";"0,00";"0,00"
"2021";"Secretaria da Educação";"SEC";"Fundo de Assistência Educacional";"FAED";"ME";"28710004";"2021 ";" Waldenor Perei";"Aparelhamento de Unidade Escolar";"600010";"2021.3.11.11601.306.7744.600010.6";"0,00";"50000,00";"0,00";"0,00";"0,00"
"2024";"Secretaria de Ciência, Tecnologia e Inovação";"SECTI";"Assessoria de Planejamento e Gestão - SECTI";"APG";"MAPA";"36940005";"2022 ";" Jorge Solla";"Implantação de Infraestrutura de Wi-Fi";"600036";"2024.3.28.28101.405.7917.600036.6";"0,00";"49486,00";"17335,02";"17335,02";"17335,02"
"2024";"Secretaria de Turismo";"SETUR";"Superintendência de Fomento ao Turismo do Estado da Bahia";"SUFOTUR";"MF";"41900001";"2023";" Joseildo Ramos";"Apoio a Evento de Interesse Turístico";"600050";"2024.3.32.32802.411.5893.600050.6";"0,00";"300000,00";"300000,00";"300000,00";"300000,00"
"2020";"Secretaria de Desenvolvimento Rural";"SDR";"Companhia de Desenvolvimento e Ação Regional";"CAR";"Ministério da Economia";"27510007";"2020";"Não Informado";"Distribuição de Equipamento de Apoio";"600002";"2020.3.18.18401.304.1399.600002.6";"0,00";"0,00";"0,00";"0,00";"0,00"
"2023";"Secretaria de Desenvolvimento Urbano";"SEDUR";"Assessoria de Planejamento e Gestão - SEDUR";"APG";"ME";"91910007";"2021 ";" Zé Neto";"Implantação de Equipamento Urbano";"600020";"2023.3.26.26101.305.1158.600020.6";"0,00";"250000,00";"0,00";"0,00";"0,00"
"2026";"Secretaria de Desenvolvimento Urbano";"SEDUR";"Assessoria de Planejamento e Gestão - SEDUR";"APG";"MF";"91919910";"2024";" zé Neto";"Implantação de Infraestrutura Viária";"600057";"2026.3.26.26101.419.1162.600057.6";"0,00";"6000000,00";"0,00";"0,00";"0,00"
"2026";"Secretaria de Ciência, Tecnologia e Inovação";"SECTI";"Assessoria de Planejamento e Gestão - SECTI";"APG";"MGISP";"24680011";"2023 ";" Lídice da Mata";"Implantação de Espaço de Ciência";"600046";"2026.3.28.28101.405.5649.600046.6";"0,00";"250000,00";"0,00";"0,00";"0,00"
"2025";"Secretaria de Desenvolvimento Rural";"SDR";"Companhia de Desenvolvimento e Ação Regional";"CAR";"ME";"40800012";"2022 ";" Jaques Wagner";"Distribuição de Equipamento de Apoio";"600028";"2025.3.18.18401.417.1399.600028.6";"0,00";"1859841,00";"1854210,94";"1854210,94";"1854210,94"
"2025";"Secretaria de Desenvolvimento Rural";"SDR";"Companhia de Desenvolvimento e Ação Regional";"CAR";"MDA";"09032025-2-088382";"";"2025";"Distribuição de Equipamento de Apoio";"600163";"2025.3.18.18401.417.1399.600163.6";"0,00";"0,00";"0,00";"0,00";"0,00"
"2024";"Secretaria de Desenvolvimento Urbano";"SEDUR";"Companhia de Desenvolvimento Urbano do Estado da Bahia";"CONDER";"ME";"91910004";"2022 ";" Zé Neto";"Implantação de Infraestrutura Viária";"600038";"2024.3.26.26401.419.1162.600038.6";"0,00";"700000,00";"0,00";"0,00";"0,00"
"2023";"Secretaria da Educação";"SEC";"Assessoria de Planejamento e Gestão - SEC";"APG";"ME";"91910007";"2021 ";" Zé Neto";"Aparelhamento de Unidade Escolar";"600020";"2023.3.11.11101.306.7744.600020.6";"0,00";"34750,00";"0,00";"0,00";"0,00"
"2024";"Secretaria de Justiça e Direitos Humanos";"SJDH";"Assessoria de Planejamento e Gestão - SJDH";"APG";"ME";"24680012";"2022 ";" Lídice da Mata";"Apoio Técnico e Financeiro a Entidade";"600031";"2024.3.38.38101.400.2170.600031.6";"0,00";"100000,00";"100000,00";"100000,00";"100000,00"
"2020";"Secretaria de Cultura";"SECULT";"Assessoria de Planejamento e Gestão - SECULT";"APG";"Ministério da Economia";"27510007";"2020";"Não Informado";"Realização de Evento Artístico-Cultural";"600002";"2020.3.22.22101.302.7986.600002.6";"0,00";"600000,00";"0,00";"0,00";"0,00"
"2023";"Secretaria de Desenvolvimento Rural";"SDR";"Companhia de Desenvolvimento e Ação Regional";"CAR";"ME";"91910004";"2022 ";" Zé Neto";"Distribuição de Equipamento de Apoio";"600038";"2023.3.18.18401.304.1399.600038.6";"0,00";"400678,00";"0,00";"0,00";"0,00"
"2023";"Secretaria da Agricultura, Pecuária, Irrigação, Pesca e Aquicultura";"SEAGRI";"Assessoria de Planejamento e Gestão - SEAGRI";"APG";"MAPA";"36940005";"2022 ";" Jorge Solla";"Distribuição de Equipamento";"600036";"2023.3.10.10101.304.7385.600036.6";"0,00";"1298494,00";"0,00";"0,00";"0,00"
"2025";"Secretaria de Desenvolvimento Rural";"SDR";"Companhia de Desenvolvimento e Ação Regional";"CAR";"MF";"27510001";"2024";"Waldenor Pereira";"Apoio a Evento da Agricultura Familiar";"600059";"2025.3.18.18401.417.7988.600059.6";"0,00";"50000,00";"0,00";"0,00";"0,00"
"2025";"Secretaria de Desenvolvimento Rural";"SDR";"Companhia de Desenvolvimento e Ação Regional";"CAR";"ME";"41900002";"2022 ";" Joseildo Ramos";"Implantação de Projeto de Apoio";"600023";"2025.3.18.18401.417.1926.600023.6";"0,00";"586737,00";"586737,00";"586737,00";"586737,00"
"2025";"Secretaria de Cultura";"SECULT";"Assessoria de Planejamento e Gestão - SECULT";"APG";"MF";"41280021";"2024";"Raimundo Costa";"Requalificação de Equipamento Cultural";"600071";"2025.3.22.22101.406.7857.600071.6";"0,00";"0,00";"0,00";"0,00";"0,00"
"2024";"Secretaria de Desenvolvimento Urbano";"SEDUR";"Assessoria de Planejamento e Gestão - SEDUR";"APG";"ME";"91910007";"2021 ";" Zé Neto";"Implantação de Equipamento Urbano";"600020";"2024.3.26.26101.419.1158.600020.6";"0,00";"1749999,00";"335099,74";"335099,74";"335099,74"
"2026";"Secretaria de Turismo";"SETUR";"Assessoria de Planejamento e Gestão - SETUR";"APG";"MTUR";"09032025-2-087124";"";"2025";"Apoio à Realização de Evento";"600166";"2026.3.32.32101.411.3701.600166.6";"0,00";"270763,00";"245000,00";"150000,00";"150000,00"
"2020";"Secretaria do Trabalho, Emprego, Renda e Esporte";"SETRE";"Superintendência dos Desportos do Estado da Bahia";"SUDESB";"Ministério da Economia";"27510007";"2020";"Não Informado";"Promoção de Atividade de Esporte";"600002";"2020.3.21.21301.308.5793.600002.6";"0,00";"300000,00";"284933,30";"284933,30";"284933,30"
"2022";"Secretaria de Ciência, Tecnologia e Inovação";"SECTI";"Assessoria de Planejamento e Gestão - SECTI";"APG";"ME";"27510004";"2021 ";" Waldenor Perei";"Implantação de Infraestrutura de Wi-Fi";"600009";"2022.3.28.28101.301.7917.600009.6";"0,00";"300000,00";"0,00";"0,00";"0,00"
"2025";"Secretaria de Desenvolvimento Rural";"SDR";"Assessoria de Planejamento e Gestão - SDR";"APG";"MDA";"09032025-2-088382";"";"2025";"Apoio a Evento da Agricultura Familiar";"600163";"2025.3.18.18101.417.7988.600163.6";"0,00";"0,00";"0,00";"0,00";"0,00"
"2024";"Secretaria do Trabalho, Emprego, Renda e Esporte";"SETRE";"Superintendência dos Desportos do Estado da Bahia";"SUDESB";"MF";"13620004";"2023";" Josias Gomes";"Promoção de Atividade de Esporte";"600045";"2024.3.21.21301.414.5793.600045.6";"0,00";"500000,00";"0,00";"0,00";"0,00"
"2025";"Secretaria de Promoção da Igualdade Racial e dos Povos e Comunidades Tradicionais";"SEPROMI";"Assessoria de Planejamento e Gestão - SEPROMI";"APG";"MGISP";"13310020";"2023 ";" Alice Portugal";"Municipalização e Territorialização PIR";"600043";"2025.3.30.30101.426.4034.600043.6";"0,00";"300000,00";"298666,00";"298666,00";"298666,00"
"2024";"Secretaria de Desenvolvimento Rural";"SDR";"Companhia de Desenvolvimento e Ação Regional";"CAR";"ME";"91910004";"2022 ";" Zé Neto";"Apoio a Evento da Agricultura Familiar";"600038";"2024.3.18.18401.417.7988.600038.6";"0,00";"100000,00";"0,00";"0,00";"0,00"
"2025";"Secretaria de Turismo";"SETUR";"Assessoria de Planejamento e Gestão - SETUR";"APG";"MF";"41900001";"2023";" Joseildo Ramos";"Apoio à Realização de Evento";"600050";"2025.3.32.32101.411.3701.600050.6";"0,00";"150000,00";"0,00";"0,00";"0,00"
"2022";"Secretaria da Educação";"SEC";"Assessoria de Planejamento e Gestão - SEC";"APG";"ME";"27510004";"2021 ";" Waldenor Perei";"Implantação de Quadras";"600009";"2022.3.11.11101.306.5262.600009.6";"0,00";"202996,00";"0,00";"0,00";"0,00"
"2025";"Secretaria de Cultura";"SECULT";"Assessoria de Planejamento e Gestão - SECULT";"APG";"ME";"40800012";"2022 ";" Jaques Wagner";"Apoio à Instituição Cultural";"600028";"2025.3.22.22101.406.2314.600028.6";"0,00";"400000,00";"0,00";"0,00";"0,00"
"2023";"Secretaria de Desenvolvimento Rural";"SDR";"Companhia de Desenvolvimento e Ação Regional";"CAR";"ME";"30510006";"2022 ";" Bacelar";"Assistência Técnica Agropecuária";"600034";"2023.3.18.18401.304.1398.600034.6";"0,00";"0,00";"0,00";"0,00";"0,00"
"2026";"Secretaria de Desenvolvimento Rural";"SDR";"Companhia de Desenvolvimento e Ação Regional";"CAR";"MF";"13310004";"2024 ";" Alice Portugal";"Distribuição de Equipamento de Apoio";"600058";"2026.3.18.18401.417.1399.600058.6";"0,00";"351622,00";"209575,18";"209575,18";"209575,18"
"2021";"Secretaria da Educação";"SEC";"Instituto de Radiodifusão Educativa da Bahia";"IRDEB";"ME";"36940001";"2021 ";" Jorge Solla";"Modernização tecnológica do IRDEB";"600006";"2021.3.11.11201.306.7536.600006.6";"0,00";"150000,00";"150000,00";"0,00";"0,00"
"2026";"Secretaria de Promoção da Igualdade Racial e dos Povos e Comunidades Tradicionais";"SEPROMI";"Assessoria de Planejamento e Gestão - SEPROMI";"APG";"MGISP";"13310020";"2023 ";" Alice Portugal";"Apoio Técnico e Financeiro a Projeto";"600043";"2026.3.30.30101.426.3289.600043.6";"0,00";"261839,00";"0,00";"0,00";"0,00"
"2026";"Secretaria de Turismo";"SETUR";"Assessoria de Planejamento e Gestão - SETUR";"APG";"MTUR";"09032025-078857 ";"";" 2025";"Apoio à Realização de Evento";"600128";"2026.3.32.32101.411.3701.600128.6";"0,00";"55000,00";"0,00";"0,00";"0,00"
"2025";"Secretaria da Educação";"SEC";"Universidade do Estado da Bahia";"UNEB";"MGISP";"27500002";"2023";"Valmir Assunção";"Gestão Acadêmica de Curso";"600047";"2025.3.11.11301.424.2443.600047.6";"0,00";"1000000,00";"87054,16";"87054,16";"83274,16"
"2026";"Secretaria da Agricultura, Pecuária, Irrigação, Pesca e Aquicultura";"SEAGRI";"Assessoria de Planejamento e Gestão - SEAGRI";"APG";"MF";"09032025-077446";"";"2025";"Implantação de Unidade Comercialização";"600104";"2026.3.10.10101.417.7244.600104.6";"0,00";"937130,00";"0,00";"0,00";"0,00"
"2022";"Secretaria de Políticas para as Mulheres";"SPM";"Assessoria de Planejamento e Gestão - SPM";"APG";"ME";"24680005";"2021 ";" Lídice da Mata";"Apoio a Projeto";"600005";"2022.3.34.34101.311.5558.600005.6";"0,00";"130000,00";"130000,00";"130000,00";"130000,00"
"2023";"Secretaria de Justiça e Direitos Humanos";"SJDH";"Fundação da Criança e do Adolescente";"FUNDAC";"ME";"27510007";"2020 ";" Waldenor Perei";"Funcionamento de Unidade de Atendimento";"600002";"2023.3.38.38201.300.4365.600002.6";"0,00";"60202,00";"60000,00";"60000,00";"60000,00"
"2021";"Secretaria do Trabalho, Emprego, Renda e Esporte";"SETRE";"Assessoria de Planejamento e Gestão - SETRE";"APG";"ME";"13390008";"2021 ";" Daniel Almeida";"Capacitação Social e Profissional";"600004";"2021.3.21.21101.308.1793.600004.6";"0,00";"150000,00";"0,00";"0,00";"0,00"
"2024";"Secretaria de Desenvolvimento Urbano";"SEDUR";"Assessoria de Planejamento e Gestão - SEDUR";"APG";"ME";"27510004";"2021 ";" Waldenor Perei";"Implantação de Infraestrutura Viária";"600009";"2024.3.26.26101.419.1162.600009.6";"0,00";"202997,00";"202997,00";"202997,00";"202997,00"
"2025";"Secretaria de Justiça e Direitos Humanos";"SJDH";"Assessoria de Planejamento e Gestão - SJDH";"APG";"MF";"24680017";"2024 ";" Lídice da Mata";"Apoio a Entidade";"600065";"2025.3.38.38101.400.4095.600065.6";"0,00";"400000,00";"0,00";"0,00";"0,00"
"2026";"Secretaria do Trabalho, Emprego, Renda e Esporte";"SETRE";"Assessoria de Planejamento e Gestão - SETRE";"APG";"MTE";"09032025-080430";"";"2025";"Capacitação Social e Profissional";"600093";"2026.3.21.21101.412.1793.600093.6";"0,00";"495000,00";"0,00";"0,00";"0,00"
"2025";"Secretaria da Educação";"SEC";"Assessoria de Planejamento e Gestão - SEC";"APG";"MF";"41900005";"2024";"Joseildo Ramos";"Aparelhamento de Unidade Escolar";"600064";"2025.3.11.11101.425.7744.600064.6";"0,00";"500000,00";"0,00";"0,00";"0,00"
"2022";"Secretaria de Ciência, Tecnologia e Inovação";"SECTI";"Assessoria de Planejamento e Gestão - SECTI";"APG";"ME";"27510006";"2022 ";" Waldenor Perei";"Implantação de Infraestrutura de Wi-Fi";"600025";"2022.3.28.28101.301.7917.600025.6";"0,00";"100000,00";"0,00";"0,00";"0,00"
"2025";"Secretaria do Trabalho, Emprego, Renda e Esporte";"SETRE";"Assessoria de Planejamento e Gestão - SETRE";"APG";"MF";"13310004";"2024 ";" Alice Portugal";"Ampliação e Renovação Frota de Veículos";"600058";"2025.3.21.21101.446.7850.600058.6";"0,00";"500000,00";"0,00";"0,00";"0,00"
"2025";"Secretaria de Cultura";"SECULT";"Assessoria de Planejamento e Gestão - SECULT";"APG";"MINC";"09032025-076989 ";"";" 2025";"Requalificação de Equipamento Cultural";"600115";"2025.3.22.22101.406.7857.600115.6";"0,00";"594000,00";"0,00";"0,00";"0,00"
"2021";"Secretaria de Desenvolvimento Rural";"SDR";"Companhia de Desenvolvimento e Ação Regional";"CAR";"ME";"41900003";"2021 ";" Joseildo Ramos";"Distribuição de Equipamento de Apoio";"600019";"2021.3.18.18401.304.1399.600019.6";"0,00";"2170000,00";"0,00";"0,00";"0,00"
"2022";"Secretaria de Justiça, Direitos Humanos e Desenvolvimento Social";"SJDHDS";"Assessoria de Planejamento e Gestão - SJDHDS";"APG";"ME";"27510006";"2022 ";" Waldenor Perei";"Apoio Técnico e Financeiro a Entidade";"600025";"2022.3.12.12101.300.2170.600025.6";"0,00";"490150,00";"490150,00";"490150,00";"490150,00"
"2024";"Secretaria de Justiça e Direitos Humanos";"SJDH";"Assessoria de Planejamento e Gestão - SJDH";"APG";"MF";"27510008";"2023";" Waldenor Preira";"Apoio Técnico e Financeiro a Entidade";"600042";"2024.3.38.38101.400.2170.600042.6";"0,00";"200000,00";"200000,00";"200000,00";"200000,00"
"2025";"Secretaria de Justiça e Direitos Humanos";"SJDH";"Assessoria de Planejamento e Gestão - SJDH";"APG";"ME";"24680005";"2021 ";" Lídice da Mata";"Apoio a Entidade";"600005";"2025.3.38.38101.400.4095.600005.6";"0,00";"10276,00";"0,00";"0,00";"0,00"
"2026";"Secretaria de Relações Institucionais";"SERIN";"Assessoria de Planejamento e Gestão - SERIN";"APG";"MF";"24680017";"2024 ";" Lídice da Mata";"Promoção de Caravana Itinerante";"600065";"2026.3.29.29101.440.3362.600065.6";"0,00";"50000,00";"0,00";"0,00";"0,00"
"2020";"Secretaria do Trabalho, Emprego, Renda e Esporte";"SETRE";"Superintendência dos Desportos do Estado da Bahia";"SUDESB";"Ministério da Economia";"27510007";"2020";"Não Informado";"Construção de Equipamento";"600002";"2020.3.21.21301.305.7882.600002.6";"0,00";"400000,00";"0,00";"0,00";"0,00"
"2025";"Secretaria de Desenvolvimento Urbano";"SEDUR";"Assessoria de Planejamento e Gestão - SEDUR";"APG";"MC";"";"MC/09032025";"076988";"Implantação de Infraestrutura Viária";"600082";"2025.3.26.26101.419.1162.600082.6";"0,00";"1485000,00";"0,00";"0,00";"0,00"
"2025";"Secretaria de Políticas para as Mulheres";"SPM";"Assessoria de Planejamento e Gestão - SPM";"APG";"ME";"13310003";"2021 ";" Alice Portugal";"Apoio ao Funcionamento de Atendimento";"600003";"2025.3.34.34101.429.4181.600003.6";"0,00";"3200,00";"0,00";"0,00";"0,00"
"2025";"Secretaria do Trabalho, Emprego, Renda e Esporte";"SETRE";"Superintendência dos Desportos do Estado da Bahia";"SUDESB";"MF";"28710017";"2024 ";" Afonso Florenc";"Construção de Equipamento";"600073";"2025.3.21.21301.414.7882.600073.6";"0,00";"1271585,00";"0,00";"0,00";"0,00"
"2021";"Secretaria do Trabalho, Emprego, Renda e Esporte";"SETRE";"Assessoria de Planejamento e Gestão - SETRE";"APG";"ME";"40720004";"2021 ";" Tito";"Capacitação Social e Profissional";"600021";"2021.3.21.21101.308.1793.600021.6";"0,00";"450000,00";"0,00";"0,00";"0,00"
"2025";"Secretaria de Cultura";"SECULT";"Fundação Pedro Calmon - Centro de Memória e Arquivo Público da Bahia";"FPC-AP";"ME";"24680012";"2022 ";" Lídice da Mata";"Realização de Evento Artístico-Cultural";"600031";"2025.3.22.22202.406.7986.600031.6";"0,00";"87390,00";"0,00";"0,00";"0,00"
"2022";"Secretaria do Trabalho, Emprego, Renda e Esporte";"SETRE";"Superintendência dos Desportos do Estado da Bahia";"SUDESB";"ME";"36940021";"2020 ";" Jorge Solla";"Implementação de Núcleo de Iniciação";"600000";"2022.3.21.21301.314.4565.600000.6";"0,00";"100000,00";"0,00";"0,00";"0,00"
"2024";"Secretaria de Cultura";"SECULT";"Assessoria de Planejamento e Gestão - SECULT";"APG";"ME";"24680005";"2021 ";" Lídice da Mata";"Apoio Técnico a Empreendedores Criativos";"600005";"2024.3.22.22101.408.7032.600005.6";"0,00";"50000,00";"0,00";"0,00";"0,00"
"2026";"Secretaria de Cultura";"SECULT";"Assessoria de Planejamento e Gestão - SECULT";"APG";"ME";"24680005";"2021 ";" Lídice da Mata";"Apoio Técnico a Empreendedores Criativos";"600005";"2026.3.22.22101.408.7032.600005.6";"0,00";"50000,00";"0,00";"0,00";"0,00"
"2026";"Secretaria de Assistência e Desenvolvimento Social";"SEADES";"Fundo Estadual de Assistência Social";"FEAS";"MGISP";"275000005";"2023";"Valmir Assunção";"Implementação da Gestão do SUAS";"600049";"2026.3.39.39601.402.2284.600049.6";"0,00";"344000,00";"0,00";"0,00";"0,00"
"2026";"Secretaria de Desenvolvimento Rural";"SDR";"Assessoria de Planejamento e Gestão - SDR";"APG";"MDA";"09032025-075520 ";"";" 2025";"Distribuição de Equipamento de Apoio";"600105";"2026.3.18.18101.417.1399.600105.6";"0,00";"1188000,00";"0,00";"0,00";"0,00"
"2024";"Secretaria do Trabalho, Emprego, Renda e Esporte";"SETRE";"Superintendência dos Desportos do Estado da Bahia";"SUDESB";"MGISP";"28710004";"2023";"Afonso Florence";"Apoio a Projeto de Infraestrutura Física";"600051";"2024.3.21.21301.414.7973.600051.6";"0,00";"900000,00";"0,00";"0,00";"0,00"
"2021";"Secretaria da Segurança Pública";"SSP";"Assessoria de Planejamento e Gestão - SSP";"APG";"ME";"36940001";"2021 ";" Jorge Solla";"Reforma de Unidade do Sistema";"600006";"2021.3.20.20101.314.7880.600006.6";"0,00";"300000,00";"0,00";"0,00";"0,00"
"2024";"Secretaria da Segurança Pública";"SSP";"Departamento de Polícia Técnica";"DPT";"MGISP";"36940005";"2023 ";" Jorge Solla";"Reforma de Unidade do Sistema";"600053";"2024.3.20.20102.437.7880.600053.6";"0,00";"300000,00";"208844,92";"208844,92";"208844,92"
"2026";"Secretaria de Desenvolvimento Urbano";"SEDUR";"Assessoria de Planejamento e Gestão - SEDUR";"APG";"ME";"36940001";"2021 ";" Jorge Solla";"Implantação de Infraestrutura Viária";"600006";"2026.3.26.26101.419.1162.600006.6";"0,00";"226080,00";"0,00";"0,00";"0,00"
"2023";"Secretaria da Agricultura, Pecuária, Irrigação, Pesca e Aquicultura";"SEAGRI";"Assessoria de Planejamento e Gestão - SEAGRI";"APG";"ME";"27510007";"2020 ";" Waldenor Perei";"Implantação de Unidade Comercialização";"600002";"2023.3.10.10101.304.7244.600002.6";"0,00";"219300,00";"0,00";"0,00";"0,00"
"2023";"Secretaria de Justiça e Direitos Humanos";"SJDH";"Assessoria de Planejamento e Gestão - SJDH";"APG";"ME";"24680012";"2022 ";" Lídice da Mata";"Apoio ao Neojibá";"600031";"2023.3.38.38101.300.6953.600031.6";"0,00";"100000,00";"0,00";"0,00";"0,00"
"2022";"Secretaria de Cultura";"SECULT";"Instituto do Patrimônio Artístico e Cultural da Bahia";"IPAC";"ME";"27500003";"2021 ";" Valmir Assunçã";"Requalificação de Equipamento Cultural";"600007";"2022.3.22.22301.302.7857.600007.6";"0,00";"500000,00";"0,00";"0,00";"0,00"
"2024";"Secretaria de Desenvolvimento Rural";"SDR";"Companhia de Desenvolvimento e Ação Regional";"CAR";"MF";"91910001";"2023";" Zé Neto";"Distribuição de Equipamento de Apoio";"600056";"2024.3.18.18401.417.1399.600056.6";"0,00";"4300000,00";"4284990,70";"4284990,70";"4284990,70"
"2025";"Secretaria do Trabalho, Emprego, Renda e Esporte";"SETRE";"Superintendência dos Desportos do Estado da Bahia";"SUDESB";"MF";"41280021";"2024";"Raimundo Costa";"Promoção de Atividade de Esporte";"600071";"2025.3.21.21301.414.5793.600071.6";"0,00";"600000,00";"600000,00";"600000,00";"600000,00"
"2024";"Secretaria do Trabalho, Emprego, Renda e Esporte";"SETRE";"Superintendência dos Desportos do Estado da Bahia";"SUDESB";"ME";"27510004";"2021 ";" Waldenor Perei";"Promoção de Atividade de Esporte";"600009";"2024.3.21.21301.414.5793.600009.6";"0,00";"17092,00";"17092,00";"17092,00";"17092,00"
"2026";"Secretaria de Desenvolvimento Rural";"SDR";"Assessoria de Planejamento e Gestão - SDR";"APG";"MDA";"09032025-2-087386";"";"2025";"Distribuição de Equipamento de Apoio";"600157";"2026.3.18.18101.417.1399.600157.6";"0,00";"297000,00";"0,00";"0,00";"0,00"
"2025";"Secretaria de Turismo";"SETUR";"Assessoria de Planejamento e Gestão - SETUR";"APG";"MDA";"09032025-076980 ";"";"2025";"Apoio à Realização de Evento";"600124";"2025.3.32.32101.411.3701.600124.6";"0,00";"3267000,00";"633000,00";"633000,00";"633000,00"
"2024";"Secretaria da Educação";"SEC";"Universidade Estadual do Sudoeste da Bahia";"UESB";"ME";"24680012";"2022 ";" Lídice da Mata";"Gestão das Ações de Ensino de Graduação";"600031";"2024.3.11.11302.424.6908.600031.6";"0,00";"55000,00";"8564,33";"8564,33";"8564,33"
"2025";"Secretaria da Segurança Pública";"SSP";"Corpo de Bombeiros Militar da Bahia";"CBMBA";"MF";"41280016";"2024";"Raimundo Costa";"Aquisição de Equipamento e Material";"600070";"2025.3.20.20803.437.1102.600070.6";"0,00";"76845,00";"75998,88";"75998,88";"75998,88"
"2024";"Secretaria de Cultura";"SECULT";"Instituto do Patrimônio Artístico e Cultural da Bahia";"IPAC";"ME";"30510006";"2022 ";" Bacelar";"Requalificação de Equipamento Cultural";"600034";"2024.3.22.22301.406.7857.600034.6";"0,00";"100000,00";"0,00";"0,00";"0,00"
"2024";"Secretaria de Políticas para as Mulheres";"SPM";"Assessoria de Planejamento e Gestão - SPM";"APG";"ME";"13310004";"2022 ";" Alice Portugal";"Apoio Técnico e Financeiro à Implantação";"600027";"2024.3.34.34101.429.5549.600027.6";"0,00";"100000,00";"0,00";"0,00";"0,00"
"2025";"Secretaria do Trabalho, Emprego, Renda e Esporte";"SETRE";"Superintendência dos Desportos do Estado da Bahia";"SUDESB";"ME";"13310003";"2021 ";" Alice Portugal";"Construção de Equipamento";"600003";"2025.3.21.21301.414.7882.600003.6";"0,00";"111398,00";"69657,96";"69657,96";"69657,96"
"2026";"Secretaria de Ciência, Tecnologia e Inovação";"SECTI";"Assessoria de Planejamento e Gestão - SECTI";"APG";"MGISP";"13310020";"2023 ";" Alice Portugal";"Implantação de Espaço de Ciência";"600043";"2026.3.28.28101.405.5649.600043.6";"0,00";"400000,00";"0,00";"0,00";"0,00"
"2025";"Secretaria de Cultura";"SECULT";"Fundação Pedro Calmon - Centro de Memória e Arquivo Público da Bahia";"FPC-AP";"MGISP";"24680011";"2023 ";" Lídice da Mata";"Apoio à Realização de Evento Cultural";"600046";"2025.3.22.22202.406.7980.600046.6";"0,00";"15000,00";"15000,00";"15000,00";"15000,00"
"2024";"Secretaria de Cultura";"SECULT";"Instituto do Patrimônio Artístico e Cultural da Bahia";"IPAC";"MF";"41280008";"2023";" Raimundo Costa";"Requalificação de Equipamento Cultural";"600041";"2024.3.22.22301.406.7857.600041.6";"0,00";"0,00";"0,00";"0,00";"0,00"
"2024";"Secretaria de Justiça e Direitos Humanos";"SJDH";"Assessoria de Planejamento e Gestão - SJDH";"APG";"ME";"13310004";"2022 ";" Alice Portugal";"Apoio ao Neojibá";"600027";"2024.3.38.38101.400.6953.600027.6";"0,00";"150000,00";"150000,00";"150000,00";"150000,00"
"2022";"Secretaria de Desenvolvimento Urbano";"SEDUR";"Assessoria de Planejamento e Gestão - SEDUR";"APG";"ME";"91910007";"2021 ";" Zé Neto";"Implantação de Infraestrutura Viária";"600020";"2022.3.26.26101.305.1162.600020.6";"0,00";"1500000,00";"0,00";"0,00";"0,00"
"2021";"Secretaria da Segurança Pública";"SSP";"Departamento de Polícia Técnica";"DPT";"ME";"27510007";"2020 ";" Waldenor Perei";"Reforma de Unidade do Sistema";"600002";"2021.3.20.20102.314.7880.600002.6";"0,00";"50000,00";"0,00";"0,00";"0,00"
"2025";"Secretaria do Trabalho, Emprego, Renda e Esporte";"SETRE";"Superintendência dos Desportos do Estado da Bahia";"SUDESB";"MF";"91919910";"2024";" zé Neto";"Implementação de Núcleo de Iniciação";"600057";"2025.3.21.21301.414.4997.600057.6";"0,00";"250000,00";"0,00";"0,00";"0,00"
"2022";"Secretaria de Infraestrutura";"SEINFRA";"Superintendência de Infraestrutura de Transportes da Bahia";"SIT";"ME";"35680004";"2021 ";" Paulo Magalhãe";"Recuperação de Acesso";"600017";"2022.3.24.24801.309.7911.600017.6";"0,00";"2000000,00";"2000000,00";"1982704,01";"1982704,01"
"2024";"Secretaria de Cultura";"SECULT";"Instituto do Patrimônio Artístico e Cultural da Bahia";"IPAC";"ME";"24680012";"2022 ";" Lídice da Mata";"Requalificação de Equipamento Cultural";"600031";"2024.3.22.22301.406.7857.600031.6";"0,00";"300000,00";"0,00";"0,00";"0,00"
"2026";"Secretaria da Agricultura, Pecuária, Irrigação, Pesca e Aquicultura";"SEAGRI";"Bahia Pesca S/A";"BAHIAPESCA";"ME";"36940001";"2021 ";" Jorge Solla";"Aparelhamento de Unidade do Poder Execut";"600006";"2026.3.10.10501.446.3194.600006.6";"0,00";"1352,00";"0,00";"0,00";"0,00"
"2025";"Secretaria de Desenvolvimento Urbano";"SEDUR";"Assessoria de Planejamento e Gestão - SEDUR";"APG";"ME";"27510006";"2022 ";" Waldenor Perei";"Implantação de Infraestrutura Viária";"600025";"2025.3.26.26101.419.1162.600025.6";"0,00";"100000,00";"0,00";"0,00";"0,00"
"2025";"Secretaria de Turismo";"SETUR";"Superintendência de Fomento ao Turismo do Estado da Bahia";"SUFOTUR";"MINC";"09032025-077149 ";"";" 2025";"Apoio a Evento de Interesse Turístico";"600103";"2025.3.32.32802.411.5893.600103.6";"0,00";"1930500,00";"0,00";"0,00";"0,00"
"2022";"Secretaria da Segurança Pública";"SSP";"Assessoria de Planejamento e Gestão - SSP";"APG";"ME";"36940001";"2021 ";" Jorge Solla";"Reforma de Unidade do Sistema";"600006";"2022.3.20.20101.314.7880.600006.6";"0,00";"300000,00";"0,00";"0,00";"0,00"
"2025";"Secretaria da Educação";"SEC";"Universidade Estadual do Sudoeste da Bahia";"UESB";"ME";"24680012";"2022 ";" Lídice da Mata";"Gestão das Ações de Ensino de Graduação";"600031";"2025.3.11.11302.424.6908.600031.6";"0,00";"46435,00";"12600,00";"12600,00";"12600,00"
"2026";"Secretaria de Desenvolvimento Rural";"SDR";"Assessoria de Planejamento e Gestão - SDR";"APG";"MF";"27510001";"2024";"Waldenor Pereira";"Distribuição de Equipamento de Apoio";"600059";"2026.3.18.18101.417.1399.600059.6";"0,00";"49999,00";"0,00";"0,00";"0,00"
"2024";"Secretaria de Desenvolvimento Rural";"SDR";"Companhia de Desenvolvimento e Ação Regional";"CAR";"ME";"91910004";"2022 ";" Zé Neto";"Distribuição de Equipamento de Apoio";"600038";"2024.3.18.18401.417.1399.600038.6";"0,00";"400678,00";"0,00";"0,00";"0,00"
"2025";"Secretaria do Trabalho, Emprego, Renda e Esporte";"SETRE";"Superintendência dos Desportos do Estado da Bahia";"SUDESB";"MGISP";"28710004";"2023";"Afonso Florence";"Requalificação de Equipamento Esportivo";"600051";"2025.3.21.21301.414.1009.600051.6";"0,00";"100000,00";"0,00";"0,00";"0,00"
"2022";"Secretaria de Desenvolvimento Urbano";"SEDUR";"Assessoria de Planejamento e Gestão - SEDUR";"APG";"ME";"36940021";"2020 ";" Jorge Solla";"Implantação de Infraestrutura Viária";"600000";"2022.3.26.26101.305.1162.600000.6";"0,00";"501,00";"0,00";"0,00";"0,00"
"2020";"Secretaria de Desenvolvimento Urbano";"SEDUR";"Assessoria de Planejamento e Gestão - SEDUR";"APG";"Ministério da Economia";"36940021";"2020";"Não Informado";"Implantação de Infraestrutura Viária";"600000";"2020.3.26.26101.305.1162.600000.6";"0,00";"1744995,00";"0,00";"0,00";"0,00"
"2022";"Secretaria de Desenvolvimento Rural";"SDR";"Companhia de Desenvolvimento e Ação Regional";"CAR";"ME";"91910007";"2021 ";" Zé Neto";"Apoio à Comercialização Produção Rural";"600020";"2022.3.18.18401.304.7838.600020.6";"0,00";"730000,00";"730000,00";"730000,00";"730000,00"
"2025";"Secretaria de Cultura";"SECULT";"Assessoria de Planejamento e Gestão - SECULT";"APG";"MGISP";"24680011";"2023 ";" Lídice da Mata";"Apoio à Instituição Cultural";"600046";"2025.3.22.22101.406.2314.600046.6";"0,00";"150000,00";"0,00";"0,00";"0,00"
"2023";"Secretaria da Educação";"SEC";"Universidade Estadual de Feira de Santana";"UEFS";"ME";"24680012";"2022 ";" Lídice da Mata";"Infraestrutura em Unidade Universitária";"600031";"2023.3.11.11303.306.7867.600031.6";"0,00";"17052,00";"0,00";"0,00";"0,00"
"2026";"Secretaria de Turismo";"SETUR";"Assessoria de Planejamento e Gestão - SETUR";"APG";"MTUR";"09032025-076436 ";"";" 2025";"Apoio à Realização de Evento";"600139";"2026.3.32.32101.411.3701.600139.6";"0,00";"2243906,00";"1730000,00";"1730000,00";"1730000,00"
"2025";"Secretaria de Desenvolvimento Urbano";"SEDUR";"Companhia de Desenvolvimento Urbano do Estado da Bahia";"CONDER";"MF";"40800017";"2023";" Jaques Wagner";"Requalificação de Equipamento Urbano";"600052";"2025.3.26.26401.419.5183.600052.6";"0,00";"391076,00";"391074,25";"391074,25";"391074,25"
"2022";"Secretaria da Educação";"SEC";"Assessoria de Planejamento e Gestão - SEC";"APG";"ME";"27510004";"2021 ";" Waldenor Perei";"Assistência Técnico-Financeira em Unidad";"600009";"2022.3.11.11101.306.6596.600009.6";"0,00";"0,00";"0,00";"0,00";"0,00"
"2024";"Secretaria da Agricultura, Pecuária, Irrigação, Pesca e Aquicultura";"SEAGRI";"Assessoria de Planejamento e Gestão - SEAGRI";"APG";"MGISP";"36940005";"2023 ";" Jorge Solla";"Distribuição de Equipamento";"600053";"2024.3.10.10101.417.7385.600053.6";"0,00";"200000,00";"200000,00";"122322,71";"122322,71"
"2025";"Secretaria de Justiça e Direitos Humanos";"SJDH";"Assessoria de Planejamento e Gestão - SJDH";"APG";"MF";"13310004";"2024 ";" Alice Portugal";"Apoio ao Neojibá";"600058";"2025.3.38.38101.400.6953.600058.6";"0,00";"180000,00";"180000,00";"180000,00";"180000,00"
"2023";"Secretaria de Desenvolvimento Rural";"SDR";"Companhia de Desenvolvimento e Ação Regional";"CAR";"ME";"28710004";"2022 ";" Afonso Florenc";"Distribuição de Equipamento de Apoio";"600033";"2023.3.18.18401.304.1399.600033.6";"0,00";"771302,00";"0,00";"0,00";"0,00"
"2026";"Secretaria de Desenvolvimento Rural";"SDR";"Assessoria de Planejamento e Gestão - SDR";"APG";"ME";"91910004";"2022 ";" Zé Neto";"Distribuição de Equipamento de Apoio";"600038";"2026.3.18.18101.417.1399.600038.6";"0,00";"184000,00";"0,00";"0,00";"0,00"
"2025";"Secretaria da Segurança Pública";"SSP";"Corpo de Bombeiros Militar da Bahia";"CBMBA";"MF";"41280016";"2024";"Raimundo Costa";"Prevenção e Atendimento a Sinistros";"600070";"2025.3.20.20803.437.2251.600070.6";"0,00";"0,00";"0,00";"0,00";"0,00"
"2022";"Secretaria do Trabalho, Emprego, Renda e Esporte";"SETRE";"Assessoria de Planejamento e Gestão - SETRE";"APG";"MAPA";"36940005";"2022 ";" Jorge Solla";"Apoio a Geração de Trabalho e Renda";"600036";"2022.3.21.21101.308.5917.600036.6";"0,00";"119682,00";"0,00";"0,00";"0,00"
"2025";"Secretaria do Planejamento";"SEPLAN";"Assessoria de Planejamento e Gestão - SEPLAN";"APG";"MGISP";"41660002";"2023";"Pastor Isidório";"Gestão do Sepege";"600054";"2025.3.17.17101.440.4042.600054.6";"0,00";"125000,00";"125000,00";"125000,00";"125000,00"
"2020";"Secretaria da Segurança Pública";"SSP";"Departamento de Polícia Técnica";"DPT";"Ministério da Economia";"27510007";"2020";"Não Informado";"Aquisição de Equipamento para o Sistema";"600002";"2020.3.20.20102.314.7877.600002.6";"0,00";"50000,00";"0,00";"0,00";"0,00"
"2026";"Secretaria de Cultura";"SECULT";"Instituto do Patrimônio Artístico e Cultural da Bahia";"IPAC";"ME";"30510006";"2022 ";" Bacelar";"Realização de Ação de Salvaguarda";"600034";"2026.3.22.22301.407.5521.600034.6";"0,00";"150000,00";"0,00";"0,00";"0,00"
"2025";"Secretaria da Agricultura, Pecuária, Irrigação, Pesca e Aquicultura";"SEAGRI";"Assessoria de Planejamento e Gestão - SEAGRI";"APG";"ME";"24680012";"2022 ";" Lídice da Mata";"Apoio a Evento para Atração de Investime";"600031";"2025.3.10.10101.417.3044.600031.6";"0,00";"114682,00";"0,00";"0,00";"0,00"
"2024";"Secretaria da Educação";"SEC";"Universidade do Estado da Bahia";"UNEB";"MF";"27510001";"2024";"Waldenor Pereira";"Educação do Campo e Desenvolvimento";"600059";"2024.3.11.11301.424.4048.600059.6";"0,00";"700000,00";"0,00";"0,00";"0,00"
"2025";"Secretaria de Cultura";"SECULT";"Instituto do Patrimônio Artístico e Cultural da Bahia";"IPAC";"ME";"27500003";"2021 ";" Valmir Assunçã";"Requalificação de Equipamento Cultural";"600007";"2025.3.22.22301.406.7857.600007.6";"0,00";"500000,00";"0,00";"0,00";"0,00"
"2026";"Secretaria de Turismo";"SETUR";"Superintendência de Fomento ao Turismo do Estado da Bahia";"SUFOTUR";"MTUR";"09032025-2-086688 ";"";" 2025";"Apoio a Evento de Interesse Turístico";"600160";"2026.3.32.32802.411.5893.600160.6";"0,00";"990000,00";"450000,00";"450000,00";"450000,00"
"2025";"Secretaria de Turismo";"SETUR";"Assessoria de Planejamento e Gestão - SETUR";"APG";"MTUR";"09032025-078291 ";"";" 2025";"Apoio à Realização de Evento";"600129";"2025.3.32.32101.411.3701.600129.6";"0,00";"2475000,00";"1345000,00";"760000,00";"760000,00"
"2022";"Secretaria de Cultura";"SECULT";"Assessoria de Planejamento e Gestão - SECULT";"APG";"ME";"27510007";"2020 ";" Waldenor Perei";"Realização de Evento Artístico-Cultural";"600002";"2022.3.22.22101.302.7986.600002.6";"0,00";"0,00";"0,00";"0,00";"0,00"
"2025";"Secretaria do Trabalho, Emprego, Renda e Esporte";"SETRE";"Superintendência dos Desportos do Estado da Bahia";"SUDESB";"MF";"13310007";"2024 ";" Alice Portugal";"Promoção de Atividade de Esporte";"600060";"2025.3.21.21301.414.5793.600060.6";"0,00";"380000,00";"380000,00";"380000,00";"380000,00"
"2024";"Secretaria de Desenvolvimento Rural";"SDR";"Assessoria de Planejamento e Gestão - SDR";"APG";"ME";"30510006";"2022 ";" Bacelar";"Capacitação de Ator Rural";"600034";"2024.3.18.18101.416.7289.600034.6";"0,00";"150000,00";"0,00";"0,00";"0,00"
"2023";"Secretaria de Desenvolvimento Rural";"SDR";"Companhia de Desenvolvimento e Ação Regional";"CAR";"ME";"91910004";"2022 ";" Zé Neto";"Apoio a Evento da Agricultura Familiar";"600038";"2023.3.18.18401.304.7988.600038.6";"0,00";"100000,00";"0,00";"0,00";"0,00"
"2025";"Secretaria de Promoção da Igualdade Racial e dos Povos e Comunidades Tradicionais";"SEPROMI";"Assessoria de Planejamento e Gestão - SEPROMI";"APG";"MGISP";"13310020";"2023 ";" Alice Portugal";"Apoio Técnico e Financeiro a Projeto";"600043";"2025.3.30.30101.426.3289.600043.6";"0,00";"283745,00";"0,00";"0,00";"0,00"
"2025";"Secretaria de Desenvolvimento Urbano";"SEDUR";"Assessoria de Planejamento e Gestão - SEDUR";"APG";"MF";"27510008";"2023";" Waldenor Preira";"Requalificação de Equipamento Urbano";"600042";"2025.3.26.26101.419.5183.600042.6";"0,00";"1401000,00";"1378637,26";"1378637,26";"1375813,77"
"2026";"Secretaria de Desenvolvimento Rural";"SDR";"Companhia de Desenvolvimento e Ação Regional";"CAR";"MF";"35680004";"2024 ";"Paulo Magalhães";"Distribuição de Equipamento de Apoio";"600069";"2026.3.18.18401.417.1399.600069.6";"0,00";"1327005,00";"703703,70";"703703,70";"703703,70"
"2023";"Secretaria de Cultura";"SECULT";"Instituto do Patrimônio Artístico e Cultural da Bahia";"IPAC";"ME";"27500003";"2021 ";" Valmir Assunçã";"Requalificação de Equipamento Cultural";"600007";"2023.3.22.22301.302.7857.600007.6";"0,00";"500000,00";"0,00";"0,00";"0,00"
"2021";"Secretaria da Educação";"SEC";"Assessoria de Planejamento e Gestão - SEC";"APG";"ME";"27510004";"2021 ";" Waldenor Perei";"Assistência Técnico-Financeira à Unidade";"600009";"2021.3.11.11101.306.6596.600009.6";"0,00";"450000,00";"0,00";"0,00";"0,00"
"2025";"Secretaria da Agricultura, Pecuária, Irrigação, Pesca e Aquicultura";"SEAGRI";"Bahia Pesca S/A";"BAHIAPESCA";"MF";"24710002";"2023";"Sérgio Brito";"Distribuição de Equipamentos de Pesca";"600048";"2025.3.10.10501.417.5916.600048.6";"0,00";"16191,00";"16000,00";"16000,00";"16000,00"
"2025";"Secretaria da Educação";"SEC";"Universidade Estadual do Sudoeste da Bahia";"UESB";"MCT";"09032025-077151 ";"";" 2025";"Infraestrutura em Unidade Universitária";"600120";"2025.3.11.11302.424.7867.600120.6";"0,00";"1283630,00";"0,00";"0,00";"0,00"
"2022";"Secretaria de Cultura";"SECULT";"Assessoria de Planejamento e Gestão - SECULT";"APG";"ME";"27510007";"2020 ";" Waldenor Perei";"Apoio às Filarmônicas";"600002";"2022.3.22.22101.302.3696.600002.6";"0,00";"100000,00";"0,00";"0,00";"0,00"
"2025";"Secretaria do Trabalho, Emprego, Renda e Esporte";"SETRE";"Superintendência dos Desportos do Estado da Bahia";"SUDESB";"MGISP";"13390011";"2023 ";" Daniel Almeida";"Requalificação de Equipamento Esportivo";"600039";"2025.3.21.21301.414.1009.600039.6";"0,00";"1079418,00";"1074716,68";"1074716,68";"1074716,68"
"2026";"Secretaria de Desenvolvimento Rural";"SDR";"Companhia de Desenvolvimento e Ação Regional";"CAR";"MF";"27510008";"2023";" Waldenor Preira";"Distribuição de Equipamento de Apoio";"600042";"2026.3.18.18401.417.1399.600042.6";"0,00";"47841,00";"47841,00";"47841,00";"47841,00"
"2025";"Secretaria de Desenvolvimento Rural";"SDR";"Companhia de Desenvolvimento e Ação Regional";"CAR";"MF";"41900005";"2024";"Joseildo Ramos";"Distribuição de Equipamento de Apoio";"600064";"2025.3.18.18401.417.1399.600064.6";"0,00";"2000000,00";"40019,00";"40019,00";"40019,00"
"2023";"Secretaria do Trabalho, Emprego, Renda e Esporte";"SETRE";"Superintendência dos Desportos do Estado da Bahia";"SUDESB";"ME";"13310003";"2021 ";" Alice Portugal";"Recuperação de Equipamento";"600003";"2023.3.21.21301.305.1009.600003.6";"0,00";"335291,00";"113928,08";"113928,08";"113928,08"
"2024";"Secretaria do Trabalho, Emprego, Renda e Esporte";"SETRE";"Assessoria de Planejamento e Gestão - SETRE";"APG";"ME";"36940021";"2020 ";" Jorge Solla";"Apoio a Geração de Trabalho e Renda";"600000";"2024.3.21.21101.413.5917.600000.6";"0,00";"100000,00";"100000,00";"100000,00";"100000,00"
"2026";"Secretaria de Desenvolvimento Urbano";"SEDUR";"Assessoria de Planejamento e Gestão - SEDUR";"APG";"ME";"91910007";"2021 ";" Zé Neto";"Implantação de Infraestrutura Viária";"600020";"2026.3.26.26101.419.1162.600020.6";"0,00";"798800,00";"0,00";"0,00";"0,00"
"2021";"Secretaria de Justiça, Direitos Humanos e Desenvolvimento Social";"SJDHDS";"Assessoria de Planejamento e Gestão - SJDHDS";"APG";"ME";"27510004";"2021 ";" Waldenor Perei";"Apoio Técnico e Financeiro a Entidade";"600009";"2021.3.12.12101.300.2170.600009.6";"0,00";"800000,00";"800000,00";"800000,00";"800000,00"
"2025";"Secretaria de Desenvolvimento Rural";"SDR";"Companhia de Desenvolvimento e Ação Regional";"CAR";"MF";"27510001";"2024";"Waldenor Pereira";"Distribuição de Equipamento de Apoio";"600059";"2025.3.18.18401.417.1399.600059.6";"0,00";"3137842,00";"3063537,38";"3063537,38";"3063537,38"
"2023";"Secretaria do Trabalho, Emprego, Renda e Esporte";"SETRE";"Assessoria de Planejamento e Gestão - SETRE";"APG";"MAPA";"36940005";"2022 ";" Jorge Solla";"Apoio a Geração de Trabalho e Renda";"600036";"2023.3.21.21101.308.5917.600036.6";"0,00";"119682,00";"0,00";"0,00";"0,00"
"2025";"Secretaria da Agricultura, Pecuária, Irrigação, Pesca e Aquicultura";"SEAGRI";"Assessoria de Planejamento e Gestão - SEAGRI";"APG";"MF";"41900001";"2023";" Joseildo Ramos";"Apoio a Evento para Atração de Investime";"600050";"2025.3.10.10101.417.3044.600050.6";"0,00";"0,00";"0,00";"0,00";"0,00"
"2022";"Secretaria de Cultura";"SECULT";"Fundação Pedro Calmon - Centro de Memória e Arquivo Público da Bahia";"FPC-AP";"ME";"27510007";"2020 ";" Waldenor Perei";"Realização de Evento Artístico-Cultural";"600002";"2022.3.22.22202.302.7986.600002.6";"0,00";"60011,00";"0,00";"0,00";"0,00"
"2021";"Secretaria da Educação";"SEC";"Instituto de Radiodifusão Educativa da Bahia";"IRDEB";"ME";"27510007";"2020 ";" Waldenor Perei";"Implantação de Sinal Digital em Estação";"600002";"2021.3.11.11201.306.7524.600002.6";"0,00";"150000,00";"150000,00";"150000,00";"150000,00"
"2024";"Secretaria de Cultura";"SECULT";"Instituto do Patrimônio Artístico e Cultural da Bahia";"IPAC";"ME";"30510006";"2022 ";" Bacelar";"Realização de Ação de Salvaguarda";"600034";"2024.3.22.22301.407.5521.600034.6";"0,00";"150000,00";"0,00";"0,00";"0,00"
"2025";"Secretaria de Justiça e Direitos Humanos";"SJDH";"Assessoria de Planejamento e Gestão - SJDH";"APG";"MF";"24680017";"2024 ";" Lídice da Mata";"Apoio Técnico e Financeiro a Entidade";"600065";"2025.3.38.38101.400.2170.600065.6";"0,00";"0,00";"0,00";"0,00";"0,00"
"2025";"Secretaria de Turismo";"SETUR";"Assessoria de Planejamento e Gestão - SETUR";"APG";"MF";"44620003";"2024";" Roberta Roma";"Apoio à Realização de Evento";"600078";"2025.3.32.32101.411.3701.600078.6";"0,00";"1000000,00";"1000000,00";"1000000,00";"1000000,00"
"2024";"Secretaria de Cultura";"SECULT";"Fundação Pedro Calmon - Centro de Memória e Arquivo Público da Bahia";"FPC-AP";"ME";"13310004";"2022 ";" Alice Portugal";"Funcionamento de Biblioteca e Arquivo";"600027";"2024.3.22.22202.406.4357.600027.6";"0,00";"200000,00";"150000,00";"150000,00";"150000,00"
"2024";"Secretaria de Desenvolvimento Urbano";"SEDUR";"Assessoria de Planejamento e Gestão - SEDUR";"APG";"MGISP";"36940005";"2023 ";" Jorge Solla";"Implantação de Infraestrutura Viária";"600053";"2024.3.26.26101.419.1162.600053.6";"0,00";"3604192,00";"700879,22";"700879,22";"700879,22"
"2021";"Secretaria de Desenvolvimento Urbano";"SEDUR";"Assessoria de Planejamento e Gestão - SEDUR";"APG";"ME";"36940001";"2021 ";" Jorge Solla";"Implantação de Infraestrutura Viária";"600006";"2021.3.26.26101.305.1162.600006.6";"0,00";"1800000,00";"0,00";"0,00";"0,00"
"2024";"Secretaria da Agricultura, Pecuária, Irrigação, Pesca e Aquicultura";"SEAGRI";"Assessoria de Planejamento e Gestão - SEAGRI";"APG";"MGISP";"41660002";"2023";"Pastor Isidório";"Apoio a Evento para Atração de Investime";"600054";"2024.3.10.10101.417.3044.600054.6";"0,00";"0,00";"0,00";"0,00";"0,00"
"2023";"Secretaria de Desenvolvimento Rural";"SDR";"Companhia de Desenvolvimento e Ação Regional";"CAR";"ME";"27450003";"2022 ";" José Nunes";"Distribuição de Equipamento de Apoio";"600037";"2023.3.18.18401.304.1399.600037.6";"0,00";"1200000,00";"595311,62";"595311,62";"595311,62"
"2024";"Secretaria da Administração";"SAEB";"Departamento Estadual de Trânsito";"DETRAN";"ME";"30510006";"2022 ";" Bacelar";"Implantação de Sinalização de Trânsito";"600034";"2024.3.9.9301.439.3450.600034.6";"0,00";"144706,00";"90442,60";"90442,60";"90442,60"
"2025";"Secretaria de Cultura";"SECULT";"Fundação Pedro Calmon - Centro de Memória e Arquivo Público da Bahia";"FPC-AP";"ME";"13310004";"2022 ";" Alice Portugal";"Funcionamento de Biblioteca e Arquivo";"600027";"2025.3.22.22202.406.4357.600027.6";"0,00";"50000,00";"50000,00";"50000,00";"50000,00"
"2021";"Secretaria da Agricultura, Pecuária, Irrigação, Pesca e Aquicultura";"SEAGRI";"Assessoria de Planejamento e Gestão - SEAGRI";"APG";"ME";"27510007";"2020 ";" Waldenor Perei";"Distribuição de Equipamento";"600002";"2021.3.10.10101.304.7385.600002.6";"0,00";"1794600,00";"1575300,00";"1575300,00";"1575300,00"
"2024";"Secretaria de Cultura";"SECULT";"Fundação Pedro Calmon - Centro de Memória e Arquivo Público da Bahia";"FPC-AP";"MGISP";"24680011";"2023 ";" Lídice da Mata";"Apoio à Realização de Evento Cultural";"600046";"2024.3.22.22202.406.7980.600046.6";"0,00";"220000,00";"180000,00";"180000,00";"180000,00"
"2025";"Secretaria de Desenvolvimento Rural";"SDR";"Assessoria de Planejamento e Gestão - SDR";"APG";"MF";"09032025-080434";"";"2025";"Distribuição de Equipamento de Apoio";"600107";"2025.3.18.18101.417.1399.600107.6";"0,00";"594000,00";"0,00";"0,00";"0,00"
"2024";"Secretaria de Desenvolvimento Rural";"SDR";"Companhia de Desenvolvimento e Ação Regional";"CAR";"MF";"43790002";"2024 ";" Gabriel Nunes";"Distribuição de Equipamento de Apoio";"600077";"2024.3.18.18401.417.1399.600077.6";"0,00";"2100000,00";"11844,76";"11844,76";"11844,76"
"2024";"Secretaria de Desenvolvimento Rural";"SDR";"Companhia de Desenvolvimento e Ação Regional";"CAR";"MF";"13620004";"2023";" Josias Gomes";"Distribuição de Equipamento de Apoio";"600045";"2024.3.18.18401.417.1399.600045.6";"0,00";"2000000,00";"1548272,67";"1548272,67";"1548272,67"
"2024";"Secretaria de Justiça e Direitos Humanos";"SJDH";"Assessoria de Planejamento e Gestão - SJDH";"APG";"MF";"41660001";"2024";" Pastor Isidório";"Apoio ao Neojibá";"600062";"2024.3.38.38101.400.6953.600062.6";"0,00";"1500000,00";"1499759,63";"1499759,63";"1499759,63"
"2025";"Secretaria de Turismo";"SETUR";"Superintendência de Fomento ao Turismo do Estado da Bahia";"SUFOTUR";"MTUR";"";"MTUR/09032025";"2-085766SUFOTUR";"Apoio a Evento de Interesse Turístico";"600170";"2025.3.32.32802.411.5893.600170.6";"0,00";"435500,00";"0,00";"0,00";"0,00"
"2022";"Secretaria da Educação";"SEC";"Universidade Estadual do Sudoeste da Bahia";"UESB";"ME";"27510006";"2022 ";" Waldenor Perei";"Construção de Espaço Físico";"600025";"2022.3.11.11302.306.7863.600025.6";"0,00";"400000,00";"400000,00";"0,00";"0,00"
"2025";"Secretaria de Desenvolvimento Rural";"SDR";"Assessoria de Planejamento e Gestão - SDR";"APG";"MF";"09032025-079308";"";"2025";"Distribuição de Equipamento de Apoio";"600092";"2025.3.18.18101.417.1399.600092.6";"0,00";"5336100,00";"0,00";"0,00";"0,00"
"2023";"Secretaria do Trabalho, Emprego, Renda e Esporte";"SETRE";"Superintendência dos Desportos do Estado da Bahia";"SUDESB";"ME";"91910004";"2022 ";" Zé Neto";"Construção de Equipamento";"600038";"2023.3.21.21301.305.7882.600038.6";"0,00";"400000,00";"0,00";"0,00";"0,00"
"2025";"Secretaria de Assistência e Desenvolvimento Social";"SEADES";"Fundo Estadual de Assistência Social";"FEAS";"MDS";"09032025-076983 ";"";" 2025";"Implementação de Ações de Gestão";"600083";"2025.3.39.39601.402.2284.600083.6";"0,00";"990000,00";"0,00";"0,00";"0,00"
"2025";"Secretaria de Ciência, Tecnologia e Inovação";"SECTI";"Assessoria de Planejamento e Gestão - SECTI";"APG";"MGISP";"24680011";"2023 ";" Lídice da Mata";"Implantação de Espaço de Ciência";"600046";"2025.3.28.28101.405.5649.600046.6";"0,00";"250000,00";"0,00";"0,00";"0,00"
"2025";"Secretaria de Cultura";"SECULT";"Fundação Pedro Calmon - Centro de Memória e Arquivo Público da Bahia";"FPC-AP";"MGISP";"24680011";"2023 ";" Lídice da Mata";"Realização de Evento Artístico-Cultural";"600046";"2025.3.22.22202.406.7986.600046.6";"0,00";"105000,00";"105000,00";"105000,00";"105000,00"
"2022";"Secretaria de Desenvolvimento Rural";"SDR";"Companhia de Desenvolvimento e Ação Regional";"CAR";"ME";"24680012";"2022 ";" Lídice da Mata";"Distribuição de Equipamento de Apoio";"600031";"2022.3.18.18401.304.1399.600031.6";"0,00";"1000000,00";"999995,02";"999995,02";"999995,02"
"2023";"Secretaria da Agricultura, Pecuária, Irrigação, Pesca e Aquicultura";"SEAGRI";"Bahia Pesca S/A";"BAHIAPESCA";"MGISP";"36940005";"2023 ";" Jorge Solla";"Distribuição de Equipamentos de Pesca";"600053";"2023.3.10.10501.304.5916.600053.6";"0,00";"185340,00";"168333,00";"168333,00";"168333,00"
"2025";"Secretaria de Turismo";"SETUR";"Superintendência de Fomento ao Turismo do Estado da Bahia";"SUFOTUR";"MF";"13310007";"2024 ";" Alice Portugal";"Apoio a Evento de Interesse Turístico";"600060";"2025.3.32.32802.411.5893.600060.6";"0,00";"200000,00";"200000,00";"200000,00";"200000,00"
"2026";"Secretaria de Ciência, Tecnologia e Inovação";"SECTI";"Assessoria de Planejamento e Gestão - SECTI";"APG";"MF";"28710017";"2024 ";" Afonso Florenc";"Implantação de Espaço de Ciência";"600073";"2026.3.28.28101.405.5649.600073.6";"0,00";"2200000,00";"0,00";"0,00";"0,00"
"2025";"Secretaria de Desenvolvimento Rural";"SDR";"Companhia de Desenvolvimento e Ação Regional";"CAR";"MF";"27510008";"2023";" Waldenor Preira";"Distribuição de Equipamento de Apoio";"600042";"2025.3.18.18401.417.1399.600042.6";"0,00";"353841,00";"306000,00";"306000,00";"306000,00"
"2024";"Secretaria de Promoção da Igualdade Racial e dos Povos e Comunidades Tradicionais";"SEPROMI";"Assessoria de Planejamento e Gestão - SEPROMI";"APG";"MGISP";"24680011";"2023 ";" Lídice da Mata";"Apoio Técnico e Financeiro a Projeto";"600046";"2024.3.30.30101.426.3289.600046.6";"0,00";"100000,00";"100000,00";"100000,00";"100000,00"
"2024";"Secretaria da Agricultura, Pecuária, Irrigação, Pesca e Aquicultura";"SEAGRI";"Assessoria de Planejamento e Gestão - SEAGRI";"APG";"ME";"24680012";"2022 ";" Lídice da Mata";"Distribuição de Equipamento";"600031";"2024.3.10.10101.417.7385.600031.6";"0,00";"885000,00";"36000,00";"0,00";"0,00"
"2021";"Secretaria de Ciência, Tecnologia e Inovação";"SECTI";"Assessoria de Planejamento e Gestão - SECTI";"APG";"ME";"36940001";"2021 ";" Jorge Solla";"Implantação de Infraestrutura de Wi-Fi";"600006";"2021.3.28.28101.301.7917.600006.6";"0,00";"150000,00";"0,00";"0,00";"0,00"
"2025";"Secretaria do Trabalho, Emprego, Renda e Esporte";"SETRE";"Superintendência dos Desportos do Estado da Bahia";"SUDESB";"MF";"91910001";"2023";" Zé Neto";"Requalificação de Equipamento Esportivo";"600056";"2025.3.21.21301.414.1009.600056.6";"0,00";"2000000,00";"0,00";"0,00";"0,00"
"2025";"Secretaria de Infraestrutura";"SEINFRA";"Superintendência de Infraestrutura de Transportes da Bahia";"SIT";"ME";"35680005";"2021 ";" Paulo Magalhãe";"Recuperação de Acesso";"600018";"2025.3.24.24801.432.7911.600018.6";"0,00";"400000,00";"0,00";"0,00";"0,00"
"2024";"Secretaria da Agricultura, Pecuária, Irrigação, Pesca e Aquicultura";"SEAGRI";"Bahia Pesca S/A";"BAHIAPESCA";"MF";"24710002";"2023";"Sérgio Brito";"Distribuição de Equipamentos de Pesca";"600048";"2024.3.10.10501.417.5916.600048.6";"0,00";"300000,00";"283809,21";"228645,69";"228645,69"
"2026";"Secretaria de Turismo";"SETUR";"Superintendência de Fomento ao Turismo do Estado da Bahia";"SUFOTUR";"MTUR";"09032025-2-087352 ";"";" 2025";"Apoio a Evento de Interesse Turístico";"600167";"2026.3.32.32802.411.5893.600167.6";"0,00";"396000,00";"120000,00";"0,00";"0,00"
"2021";"Secretaria da Educação";"SEC";"Universidade Estadual do Sudoeste da Bahia";"UESB";"ME";"27510004";"2021 ";" Waldenor Perei";"Construção de Espaço Físico";"600009";"2021.3.11.11302.306.7863.600009.6";"0,00";"500000,00";"0,00";"0,00";"0,00"
"2024";"Secretaria de Infraestrutura";"SEINFRA";"Superintendência de Infraestrutura de Transportes da Bahia";"SIT";"ME";"36940021";"2020 ";" Jorge Solla";"Recuperação de Acesso";"600000";"2024.3.24.24801.432.7911.600000.6";"0,00";"17549,00";"11524,53";"11524,53";"11524,53"
"2024";"Secretaria da Agricultura, Pecuária, Irrigação, Pesca e Aquicultura";"SEAGRI";"Bahia Pesca S/A";"BAHIAPESCA";"MGISP";"36940005";"2023 ";" Jorge Solla";"Aparelhamento de Unidade do Poder Execut";"600053";"2024.3.10.10501.446.3194.600053.6";"0,00";"17007,00";"16770,00";"16770,00";"16770,00"
"2025";"Secretaria de Desenvolvimento Rural";"SDR";"Companhia de Desenvolvimento e Ação Regional";"CAR";"MF";"91919910";"2024";" zé Neto";"Distribuição de Equipamento de Apoio";"600057";"2025.3.18.18401.417.1399.600057.6";"0,00";"3666554,00";"3581998,29";"3581998,29";"3581998,29"
"2023";"Secretaria do Trabalho, Emprego, Renda e Esporte";"SETRE";"Assessoria de Planejamento e Gestão - SETRE";"APG";"ME";"24680005";"2021 ";" Lídice da Mata";"Capacitação Social e Profissional";"600005";"2023.3.21.21101.308.1793.600005.6";"0,00";"60000,00";"0,00";"0,00";"0,00"
"2026";"Secretaria do Trabalho, Emprego, Renda e Esporte";"SETRE";"Assessoria de Planejamento e Gestão - SETRE";"APG";"MF";"13310004";"2024 ";" Alice Portugal";"Ampliação e Renovação Frota de Veículos";"600058";"2026.3.21.21101.446.7850.600058.6";"0,00";"500000,00";"0,00";"0,00";"0,00"
"2023";"Secretaria de Desenvolvimento Rural";"SDR";"Companhia de Desenvolvimento e Ação Regional";"CAR";"ME";"41900002";"2022 ";" Joseildo Ramos";"Implantação de Projeto de Apoio";"600023";"2023.3.18.18401.304.1926.600023.6";"0,00";"1040000,00";"0,00";"0,00";"0,00"
"2021";"Secretaria da Agricultura, Pecuária, Irrigação, Pesca e Aquicultura";"SEAGRI";"Bahia Pesca S/A";"BAHIAPESCA";"ME";"41280013";"2021 ";" Raimundo Costa";"Distribuição de Equipamentos de Pesca";"600015";"2021.3.10.10501.304.5916.600015.6";"0,00";"150000,00";"147492,00";"147492,00";"0,00"
"2024";"Secretaria do Trabalho, Emprego, Renda e Esporte";"SETRE";"Superintendência dos Desportos do Estado da Bahia";"SUDESB";"ME";"91910004";"2022 ";" Zé Neto";"Requalificação de Equipamento Esportivo";"600038";"2024.3.21.21301.414.1009.600038.6";"0,00";"400000,00";"0,00";"0,00";"0,00"
"2021";"Secretaria de Promoção da Igualdade Racial";"SEPROMI";"Assessoria de Planejamento e Gestão - SEPROMI";"APG";"ME";"27500003";"2021 ";" Valmir Assunçã";"Apoio Técnico e Financeiro a Projeto";"600007";"2021.3.30.30101.307.5713.600007.6";"0,00";"1000000,00";"529129,99";"21129,99";"21129,99"
"2025";"Secretaria do Trabalho, Emprego, Renda e Esporte";"SETRE";"Assessoria de Planejamento e Gestão - SETRE";"APG";"MF";"36940011";"2024 ";" Jorge Solla";"Assistência Técnica a Empreendimento";"600066";"2025.3.21.21101.413.6672.600066.6";"0,00";"200000,00";"200000,00";"200000,00";"200000,00"
"2025";"Secretaria de Infraestrutura";"SEINFRA";"Superintendência de Infraestrutura de Transportes da Bahia";"SIT";"MF";"24710002";"2023";"Sérgio Brito";"Recuperação de Acesso";"600048";"2025.3.24.24801.432.7911.600048.6";"0,00";"6007605,00";"115067,55";"115067,55";"115067,55"
"2022";"Secretaria de Desenvolvimento Rural";"SDR";"Companhia de Desenvolvimento e Ação Regional";"CAR";"ME";"40800012";"2022 ";" Jaques Wagner";"Distribuição de Equipamento de Apoio";"600028";"2022.3.18.18401.304.1399.600028.6";"0,00";"1500000,00";"1500000,00";"1500000,00";"1500000,00"
"2024";"Secretaria de Turismo";"SETUR";"Superintendência de Fomento ao Turismo do Estado da Bahia";"SUFOTUR";"MF";"27510001";"2024";"Waldenor Pereira";"Apoio a Evento de Interesse Turístico";"600059";"2024.3.32.32802.411.5893.600059.6";"0,00";"1900000,00";"825000,00";"750000,00";"750000,00"
"2026";"Secretaria de Turismo";"SETUR";"Assessoria de Planejamento e Gestão - SETUR";"APG";"MTUR";"09032025-078291 ";"";" 2025";"Apoio à Realização de Evento";"600129";"2026.3.32.32101.411.3701.600129.6";"0,00";"1130000,00";"1080000,00";"430000,00";"430000,00"
